question,answer,contexts,ground_truth,user_input,retrieved_contexts,response,reference,context_recall,context_precision,answer_relevancy,faithfulness
"Trời hôm nay đang mưa lạnh, em lo quá không biết trẻ sơ sinh được định nghĩa là trẻ trong độ tuổi nào nhỉ","Mẹ ơi, chào mẹ! Trẻ sơ sinh được định nghĩa là trẻ trong độ tuổi từ khi sinh ra cho đến 28 ngày tuổi. Đây là giai đoạn quan trọng của sự phát triển của trẻ, khi mà hệ miễn dịch chưa được hoàn thiện và khả năng phòng vệ với các tác nhân gây nhiễm trùng còn hạn chế.

Vậy, mẹ có thể yên tâm vì bé của mẹ vẫn còn trong giai đoạn sơ sinh. Tuy nhiên, mẹ cần chú ý chăm sóc và bảo vệ bé khỏi các tác nhân gây hại, đặc biệt là trong thời tiết mưa lạnh như hôm nay.

Mẹ có thể hỏi thêm về cách chăm sóc và bảo vệ bé trong thời tiết mưa lạnh không?","['Trẻ dưới 2 tuổi có nên tẩy giun không?\nHỏi\nBé em được 11 tháng tuổi, cận nặng 8,8kg, hiện bé mới đi tiêu và có ra giun kim, em muốn hỏi xem hiện nay bé đã xổ giun được chưa và nếu được thì sử dụng thuốc loại gì, liều dùng ra sao. Em cảm ơn\nTrần Bảo Ngọc\nTrả lời\nĐối với trẻ em, chỉ nên bắt đầu tẩy giun định kỳ khi trẻ được 2 tuổi trở lên. Trong trường hợp trẻ dưới 2 tuổi, nếu phát hiện hoặc nghi ngờ nhiễm giun sán thì nên đưa trẻ đi khám và làm xét nghiệm tầm soát, đến khi đã có bằng chứng chính xác của việc nhiễm giun sán thì trẻ sẽ được điều trị theo sự hướng dẫn của bác sĩ. Trẻ cần bắt đầu tẩy giun định kỳ mỗi 6 tháng một lần.\nBác sĩ nội trú Dương Văn Sỹ - Bác sĩ Nội trú Nhi, Khoa Nhi - Sơ sinh - Bệnh viện Đa khoa Quốc tế Vinmec Hải Phòng', 'Câu hỏi: Nhiễm trùng mắt ở trẻ sơ sinh là gì?. Trả lời: Trẻ sơ sinh được tính từ lúc sinh ra cho đến 28 ngày tuổi. Trẻ ở giai đoạn này có hệ miễn dịch chưa được hoàn thiện nên khả năng phòng vệ với các tác nhân gây nhiễm trùng còn rất hạn chế, trong đó bao gồm các nhân tố gây ra nhiễm trùng mắt.\nMột trong những loại nhiễm trùng mắt mà trẻ sơ sinh hay gặp đó là bị viêm kết mạc. Viêm kết mạc là bệnh lý xảy ra do mắt của trẻ bị nhiễm trùng, bị kích ứng hoặc tắc tuyến lệ. Trẻ bị viêm kết mạc thường có thói quen dụi vào mắt do ngứa làm cho mắt đỏ và bị sưng. Nếu không được chăm sóc và điều trị đúng cách và kịp thời, viêm kết mạc có thể làm cho trẻ bị mù mắt..', 'Mặc dù, trẻ có thể chưa biết lật cho đến khoảng 5 tháng, nhưng tốt nhất bạn nên giữ tay và hỗ trợ em bé trong quá trình hoạt động này ngay từ đầu. Bạn nên chú ý, không để trẻ trên giường khi không có người trông coi hoặc bất kỳ bề mặt cao nào khác. Bởi vì lần lăn lộn đầu tiên của trẻ có thể dẫn đến chấn thương nghiêm trọng.\nNếu trẻ vẫn chưa biết cách lật bằng cách này hay cách khác khi được khoảng 6 tháng tuổi, đồng thời bé cũng chưa chuyển sang ngồi và thay vào đó cố gắng bò và lăn. Lúc này bạn có thể nói chuyện với bác sĩ nhi khoa để tìm ra nguyên nhân và biện pháp hỗ trợ bé.\nTrẻ sơ sinh phát triển các kỹ năng khác nhau. Ở một số trẻ, một số kỹ năng của chúng có thể phát triển nhanh hơn so với những trẻ khác. Và một số trẻ không bao giờ thực sự có khả năng lăn lộn và lật. Tuy nhiên, đối với trẻ sinh non thì bạn nên nhớ rằng trẻ sinh non có thể đạt được mốc này và các mốc khác muộn hơn so với các bạn cùng tuổi.\nCha mẹ nên đưa trẻ đến gặp bác sĩ chuyên khoa khi trẻ có những dấu hiệu bất thường \nEm bé của bạn đã phát triển các cơ ở chân, cổ, lưng và cánh tay trong khi tập lăn. Giờ đây, bé sẽ vận hành các cơ đó khi bé học cách ngồi và bò. Hầu hết trẻ sơ sinh đã thành thạo việc ngồi d', 'Cuốn sách SỨC KHỎE này sẽ đề cập đến những nội dung sau: Những thông tin trong bộ tài liệu này dành cho những người làm cha, làm mẹ hoặc những người nam giới hay phụ nữ làm nhiệm vụ chăm sóc trẻ. Khi chúng tôi sử dụng từ “bé” có nghĩa là áp dụng cho các em bé trai và gái trong lứa tuổi từ 0-3, từ “trẻ” áp dụng cho trẻ em nói chung và lứa tuổi từ 3-8. Khi chúng tôi sử dụng từ “bạn” hoặc “cha mẹ” có ng- hĩa là áp dụng cho “bố” hoặc “mẹ” hoặc bất cứ người nào chăm sóc trẻ. Nếu bạn có trách nhiệm chăm sóc một đứa trẻ, bạn có vai trò làm cha mẹ hết sức quan trọng. Bạn có thể vận dụng linh hoạt các tình huống và nội dung trong tài liệu này cho phù hợp với đặc điểm của trẻ để đạt hiệu quả. Ghi chú: • Làm thế nào để nhận ra dấu hiệu khi trẻ bị bệnh • Các cách xử lý khi gặp các bệnh phổ biến ở trẻ • Làm thế nào để giữ an toàn cho trẻ và phòng tránh thương tích ở trẻ • Làm thế nào để phát hiện và xử lý tình huống khi trẻ bị bạo hành', 'Câu hỏi: Nhiệt miệng ở trẻ dưới 1 tuổi là gì? . Trả lời: Nhiệt miệng là một bệnh lý thường gặp ở vùng niêm mạc miệng. Bệnh đặc trưng bởi các vết loét có hình tròn hay oval, xung quanh có quầng đỏ, đáy vết loét có giả mạc màu vàng hoặc xám trắng. Nhiệt miệng không chỉ xảy ra ở người lớn mà còn gặp rất nhiều ở trẻ nhỏ dưới 1 tuổi và cả trẻ sơ sinh.\nỞ trẻ nhỏ, nhiệt miệng không gây nguy hiểm đến sức khỏe nhưng khiến trẻ khó chịu, đau, thậm chí có thể sốt, quấy khóc và bỏ bú bỏ ăn, nếu kéo dài sẽ ảnh hưởng đến tình trạng cân nặng của trẻ do bị giảm ăn uống. Bởi vậy, cần phát hiện sớm tình trạng này ở trẻ nhỏ để có thể điều trị kịp thời..']",Trẻ sơ sinh là trẻ từ khi lọt lòng mẹ đến 28 ngày tuổi.,"Trời hôm nay đang mưa lạnh, em lo quá không biết trẻ sơ sinh được định nghĩa là trẻ trong độ tuổi nào nhỉ","['Trẻ dưới 2 tuổi có nên tẩy giun không?\nHỏi\nBé em được 11 tháng tuổi, cận nặng 8,8kg, hiện bé mới đi tiêu và có ra giun kim, em muốn hỏi xem hiện nay bé đã xổ giun được chưa và nếu được thì sử dụng thuốc loại gì, liều dùng ra sao. Em cảm ơn\nTrần Bảo Ngọc\nTrả lời\nĐối với trẻ em, chỉ nên bắt đầu tẩy giun định kỳ khi trẻ được 2 tuổi trở lên. Trong trường hợp trẻ dưới 2 tuổi, nếu phát hiện hoặc nghi ngờ nhiễm giun sán thì nên đưa trẻ đi khám và làm xét nghiệm tầm soát, đến khi đã có bằng chứng chính xác của việc nhiễm giun sán thì trẻ sẽ được điều trị theo sự hướng dẫn của bác sĩ. Trẻ cần bắt đầu tẩy giun định kỳ mỗi 6 tháng một lần.\nBác sĩ nội trú Dương Văn Sỹ - Bác sĩ Nội trú Nhi, Khoa Nhi - Sơ sinh - Bệnh viện Đa khoa Quốc tế Vinmec Hải Phòng', 'Câu hỏi: Nhiễm trùng mắt ở trẻ sơ sinh là gì?. Trả lời: Trẻ sơ sinh được tính từ lúc sinh ra cho đến 28 ngày tuổi. Trẻ ở giai đoạn này có hệ miễn dịch chưa được hoàn thiện nên khả năng phòng vệ với các tác nhân gây nhiễm trùng còn rất hạn chế, trong đó bao gồm các nhân tố gây ra nhiễm trùng mắt.\nMột trong những loại nhiễm trùng mắt mà trẻ sơ sinh hay gặp đó là bị viêm kết mạc. Viêm kết mạc là bệnh lý xảy ra do mắt của trẻ bị nhiễm trùng, bị kích ứng hoặc tắc tuyến lệ. Trẻ bị viêm kết mạc thường có thói quen dụi vào mắt do ngứa làm cho mắt đỏ và bị sưng. Nếu không được chăm sóc và điều trị đúng cách và kịp thời, viêm kết mạc có thể làm cho trẻ bị mù mắt..', 'Mặc dù, trẻ có thể chưa biết lật cho đến khoảng 5 tháng, nhưng tốt nhất bạn nên giữ tay và hỗ trợ em bé trong quá trình hoạt động này ngay từ đầu. Bạn nên chú ý, không để trẻ trên giường khi không có người trông coi hoặc bất kỳ bề mặt cao nào khác. Bởi vì lần lăn lộn đầu tiên của trẻ có thể dẫn đến chấn thương nghiêm trọng.\nNếu trẻ vẫn chưa biết cách lật bằng cách này hay cách khác khi được khoảng 6 tháng tuổi, đồng thời bé cũng chưa chuyển sang ngồi và thay vào đó cố gắng bò và lăn. Lúc này bạn có thể nói chuyện với bác sĩ nhi khoa để tìm ra nguyên nhân và biện pháp hỗ trợ bé.\nTrẻ sơ sinh phát triển các kỹ năng khác nhau. Ở một số trẻ, một số kỹ năng của chúng có thể phát triển nhanh hơn so với những trẻ khác. Và một số trẻ không bao giờ thực sự có khả năng lăn lộn và lật. Tuy nhiên, đối với trẻ sinh non thì bạn nên nhớ rằng trẻ sinh non có thể đạt được mốc này và các mốc khác muộn hơn so với các bạn cùng tuổi.\nCha mẹ nên đưa trẻ đến gặp bác sĩ chuyên khoa khi trẻ có những dấu hiệu bất thường \nEm bé của bạn đã phát triển các cơ ở chân, cổ, lưng và cánh tay trong khi tập lăn. Giờ đây, bé sẽ vận hành các cơ đó khi bé học cách ngồi và bò. Hầu hết trẻ sơ sinh đã thành thạo việc ngồi d', 'Cuốn sách SỨC KHỎE này sẽ đề cập đến những nội dung sau: Những thông tin trong bộ tài liệu này dành cho những người làm cha, làm mẹ hoặc những người nam giới hay phụ nữ làm nhiệm vụ chăm sóc trẻ. Khi chúng tôi sử dụng từ “bé” có nghĩa là áp dụng cho các em bé trai và gái trong lứa tuổi từ 0-3, từ “trẻ” áp dụng cho trẻ em nói chung và lứa tuổi từ 3-8. Khi chúng tôi sử dụng từ “bạn” hoặc “cha mẹ” có ng- hĩa là áp dụng cho “bố” hoặc “mẹ” hoặc bất cứ người nào chăm sóc trẻ. Nếu bạn có trách nhiệm chăm sóc một đứa trẻ, bạn có vai trò làm cha mẹ hết sức quan trọng. Bạn có thể vận dụng linh hoạt các tình huống và nội dung trong tài liệu này cho phù hợp với đặc điểm của trẻ để đạt hiệu quả. Ghi chú: • Làm thế nào để nhận ra dấu hiệu khi trẻ bị bệnh • Các cách xử lý khi gặp các bệnh phổ biến ở trẻ • Làm thế nào để giữ an toàn cho trẻ và phòng tránh thương tích ở trẻ • Làm thế nào để phát hiện và xử lý tình huống khi trẻ bị bạo hành', 'Câu hỏi: Nhiệt miệng ở trẻ dưới 1 tuổi là gì? . Trả lời: Nhiệt miệng là một bệnh lý thường gặp ở vùng niêm mạc miệng. Bệnh đặc trưng bởi các vết loét có hình tròn hay oval, xung quanh có quầng đỏ, đáy vết loét có giả mạc màu vàng hoặc xám trắng. Nhiệt miệng không chỉ xảy ra ở người lớn mà còn gặp rất nhiều ở trẻ nhỏ dưới 1 tuổi và cả trẻ sơ sinh.\nỞ trẻ nhỏ, nhiệt miệng không gây nguy hiểm đến sức khỏe nhưng khiến trẻ khó chịu, đau, thậm chí có thể sốt, quấy khóc và bỏ bú bỏ ăn, nếu kéo dài sẽ ảnh hưởng đến tình trạng cân nặng của trẻ do bị giảm ăn uống. Bởi vậy, cần phát hiện sớm tình trạng này ở trẻ nhỏ để có thể điều trị kịp thời..']","Mẹ ơi, chào mẹ! Trẻ sơ sinh được định nghĩa là trẻ trong độ tuổi từ khi sinh ra cho đến 28 ngày tuổi. Đây là giai đoạn quan trọng của sự phát triển của trẻ, khi mà hệ miễn dịch chưa được hoàn thiện và khả năng phòng vệ với các tác nhân gây nhiễm trùng còn hạn chế.

Vậy, mẹ có thể yên tâm vì bé của mẹ vẫn còn trong giai đoạn sơ sinh. Tuy nhiên, mẹ cần chú ý chăm sóc và bảo vệ bé khỏi các tác nhân gây hại, đặc biệt là trong thời tiết mưa lạnh như hôm nay.

Mẹ có thể hỏi thêm về cách chăm sóc và bảo vệ bé trong thời tiết mưa lạnh không?",Trẻ sơ sinh là trẻ từ khi lọt lòng mẹ đến 28 ngày tuổi.,1.0,0.499999999975,0.5899515703739449,0.5
"Đang vội chuẩn bị đi chợ thì tự nhiên nhớ ra, trong ngày đầu sau sinh, cần giữ ấm cho trẻ bằng cách nào vậy ạ","Mẹ ạ, trong ngày đầu sau sinh, để giữ ấm cho trẻ, mẹ có thể sử dụng các biện pháp sau:

- Đặt trẻ lên bụng mẹ: Sau khi thai sổ, mẹ hãy đặt trẻ lên bụng mình, đầu nằm nghiêng giữa hai bầu vú, ngực áp vào ngực mẹ, tay để sang hai bên. Điều này sẽ giúp giữ ấm cho trẻ và tạo cảm giác an toàn cho trẻ.

- Sử dụng khăn ấm: Mẹ có thể sử dụng khăn ấm để che lưng cho trẻ, giúp giữ ấm cho trẻ.

- Đội mũ cho trẻ: Mẹ có thể đội mũ cho trẻ để giữ ấm cho đầu trẻ.

- Sử dụng áo ấm của mẹ: Nếu trời lạnh, mẹ có thể sử dụng áo ấm của mình để che phủ cho trẻ, giúp giữ ấm cho trẻ.

- Sử dụng khăn bông ấm: Mẹ có thể sử dụng khăn bông ấm để đắp bên ngoài cho cả mẹ và con, giúp giữ ấm cho cả hai.

Tóm lại, mẹ có thể sử dụng các biện pháp trên để giữ ấm cho trẻ trong ngày đầu sau sinh.","['NHẬN BIẾT VÀ XỬ TRÍ CÁC BỆNH Ở TRẺ BẠN NÊN LÀM GÌ KHI NGHĨ RẰNG TRẺ ĐANG BỊ ỐM? Nếu bạn cho rằng trẻ có thể đang bị ốm, bạn hãy: • Cho bú mẹ nhiều hơn nếu trẻ chưa cai sữa • Khuyến khích trẻ nghỉ ngơi • Đo nhiệt độ cho trẻ • Nếu da của trẻ, nóng, đừng đắp thêm chăn cho trẻ, hãy chườm khăn ấm vào nách hoặc bẹn của trẻ • Khuyến khích trẻ uống thêm nước, nước trái cây, sinh tố Thông thường, trên đây là tất cả những gì cần làm. Tuy nhiên đôi khi trẻ trở nên mệt hơn và có biểu hiện các dấu hiệu bệnh khác, bạn cần phải đưa trẻ đến cơ sở y tế để khám bệnh. 23', 'Nếu bà mẹ có sốt và vú có các biểu hiện sưng, nóng, đỏ, đau; nứt núm vú,… bà mẹ đến ngay cơ sở y tế chuyên khoa để các bác sĩ hướng dẫn cách chăm sóc và điều trị nếu có viêm nhiễm.\nSữa mẹ vắt ra, cho ngay vào lọ chứa có nắp đậy hoặc túi bảo quản chuyên dụng, ghi ngày vắt sữa và bảo quản ngay vào tủ lạnh.\nMỗi túi/ lọ chứa sữa chỉ chứa vừa lượng sữa cho mỗi lần bú, tránh lãng phí sữa và đảm bảo vệ sinh, khi rã đông thuận tiện hơn.\nKhông đổ sữa đầy túi/ lọ chứa sữa (để lại một khoảng trống nhỏ), vì khi sữa đông sẽ tăng thể tích, có thể gây vỡ túi/ lọ.\n- Cách bảo quản:\nNgăn đá tủ lạnh thông thường\xa0\xa0 : \xa0\xa0\xa0\xa0\xa0\xa0\xa0\xa0\xa0\xa0\xa0\xa0\xa0\xa0 03 tháng\nNgăn mát tủ lạnh (<= 4 độ C)\xa0\xa0 : \xa0\xa0\xa0\xa0\xa0\xa0\xa0\xa0\xa0\xa0\xa0\xa0\xa0\xa0 03 ngày\nNhiệt độ phòng (từ 19 độ đến 26 độ C): \xa0\xa003 giờ\n- Cách sử dụng sữa mẹ sau bảo quản:\nLấy sữa từ tủ lạnh, rã đông bằng cách cho vào ngăn mát tủ lạnh\nKhi sử dụng, làm ấm sữa bằng cách đặt bình chứa sữa vào một tô nước nóng. Không làm nóng sữa mẹ bằng cách đun sôi hoặc cho vào lò vi sóng\nNên cho trẻ ăn bằng cốc và thìa\n- Không nên:\nKhông tái đông lại sữa sau khi đã rã đông\nKhông pha sữa rã đông với sữa mới vắt\nTrong những ngày đầu sau sanh, trẻ sơ sinh phải dần thích nghi với môi trường bên ngoài; phản xạ thở, bú,', 'Câu hỏi: Phòng ngừa nhiệt miệng cho trẻ dưới 1 tuổi như thế nào?. Trả lời: Để phòng tránh nguy cơ bị nhiệt miệng cho trẻ dưới 1 tuổi, bố mẹ cần lưu ý những điều sau:\n- Chăm sóc bé chu đáo, luôn theo dõi và quan sát các dấu hiệu cơ thể bất thường để phát hiện kịp thời tình trạng của trẻ.\n- Bổ sung đầy đủ chất dinh dưỡng cho trẻ, xây dựng một chế độ dinh dưỡng khoa học phù hợp theo độ tuổi của trẻ.\n- Vệ sinh răng miệng đúng cách và thường xuyên cho trẻ. Lưu ý không sử dụng các loại dụng cụ hay khăn cứng dày để vệ sinh miệng cho bé vì dễ gây tổn thương niêm mạc miệng, tạo nguy cơ hình thành nhiệt miệng.\n- Giai đoạn dưới 1 tuổi, các bé đang rất tò mò khám phá thế giới xung quanh nên thường có xu hướng cảm nhận các vật bằng việc đưa đồ vào miệng ngậm. Bố mẹ hãy đảm bảo rằng tất cả những đồ quanh bé đều được vệ sinh đúng cách, không có vật sắc nhọn và dễ gây tổn thương. Đồ chơi, quần áo, đồ dùng của bé đều phải được lựa chọn kỹ về mặt chất liệu với tiêu chí an toàn.\n- Tùy theo độ tuổi của bé để bố mẹ cân nhắc việc bổ sung cho trẻ vitamin từ các loại nước hoa quả tự nhiên.\nNói chung, nhiệt miệng tuy không gây ảnh hưởng đến sức khỏe của trẻ nhưng khiến trẻ đau và quấy khóc, thậm chí bỏ ăn.', 'Sức khỏe của mẹ trong ngày đầu tiên sau sinh cũng sẽ còn rất yếu nên mọi việc chăm sóc sau sinh con sẽ nhờ cậy vào người thân, mẹ cần được theo dõi tình trạng huyết áp, mạch và ra máu sản dịch đảm bảo sức khỏe.\nNgày thứ 2 sau sinh\nSang ngày thứ 2, có những lúc trẻ sẽ không ngủ nữa mà mở mắt nhìn chăm chăm vào mặt người đối diện, tuy nhiên trẻ chỉ nhìn được trong khoảng từ 15 - 25cm, trẻ sẽ bắt đầu có xu hướng khóc nhiều và đòi bú mẹ, để đảm bảo trẻ luôn no thì thì cứ cách khoảng 2 tiếng cho trẻ bú một lần và hãy nhớ cho trẻ bú đúng tư thế để tránh sặc sữa, lúc này dạ dày của trẻ vẫn còn nhỏ nên chỉ cần cho trẻ bú theo nhu cầu là đủ.\nTrong quá trình chăm sóc sau sinh con đến ngày thứ 2 thì ngoài việc cho ăn, mẹ cũng cần chú ý đến tã của trẻ vì lúc này trẻ có thể làm ướt tã nhiều hơn, khi bị ướt quá thì có khi bé sẽ khóc.\nNgày thứ 3 sau sinh\nĐến ngày thứ 2 sau sinh, trẻ có thể có những biểu hiện giúp mẹ có thể biết được rằng trẻ đang bị đói như khóc hoặc dúi đầu vào ngực của mẹ....trẻ cũng sẽ ti mẹ nhịp nhàng và sâu hơn. Khi được gần gũi với mẹ thì trẻ sẽ vui hơn, trẻ quen được mẹ cưng nựng và nhận ra mẹ bởi giọng nói từ những tháng ngày còn trong bụng.\nDo trẻ đã ăn được nhiều hơn nê', 'cho sổ vai sau. Ở thì này dễ rách tầng sinh môn, vì vậy phải giữ tầng sinh môn tốt và cho vai sổ từ từ. 5.3.3. Đỡ thân, mông và chi. - Khi đã sổ xong hai vai, bỏ tay giữ tầng sinh môn để thân thai nhi sổ và khi thân ra ngoài thì bắt lấy hai bàn chân, 5.4. Tiếp xúc da kề da ngay sau đẻ. Sau khi thai sổ, đánh giá nhanh tình trạng trẻ. Nếu trẻ khóc hoặc trương lực cơ tốt thì đặt trẻ lên bụng mẹ. - Nhanh chóng, vừa lau khô trẻ theo trình tự (lau mắt, mặt, đầu, ngực, bụng, tay, chân, mông…) vừa đánh giá nhanh toàn trạng chung của trẻ theo thường qui. - Bỏ khăn đã lau khô cho trẻ - Đặt trẻ nằm sấp tiếp xúc da kề da trên bụng mẹ, đầu nằm nghiêng giữa hai bầu vú, ngựcáp vào ngực mẹ, tay để sang hai bên. Dùng 1 khăn khô, sạch để che lưng cho trẻ. Đội mũ cho trẻ. Nếu trời lạnh có thể dùng thêm áo ấm của mẹ hoặc khăn bông ấm đắp bên ngoài cho cả mẹ và con. - Hướng dẫn và hỗ trợ người mẹ ôm ấp, vuốt ve trẻ. Chú ý: Chỉ kẹp cắt rốn ngay nếu trẻ cần phải hồi sức']",Giữ ấm cho trẻ bằng cách cho nằm cùng mẹ.,"Đang vội chuẩn bị đi chợ thì tự nhiên nhớ ra, trong ngày đầu sau sinh, cần giữ ấm cho trẻ bằng cách nào vậy ạ","['NHẬN BIẾT VÀ XỬ TRÍ CÁC BỆNH Ở TRẺ BẠN NÊN LÀM GÌ KHI NGHĨ RẰNG TRẺ ĐANG BỊ ỐM? Nếu bạn cho rằng trẻ có thể đang bị ốm, bạn hãy: • Cho bú mẹ nhiều hơn nếu trẻ chưa cai sữa • Khuyến khích trẻ nghỉ ngơi • Đo nhiệt độ cho trẻ • Nếu da của trẻ, nóng, đừng đắp thêm chăn cho trẻ, hãy chườm khăn ấm vào nách hoặc bẹn của trẻ • Khuyến khích trẻ uống thêm nước, nước trái cây, sinh tố Thông thường, trên đây là tất cả những gì cần làm. Tuy nhiên đôi khi trẻ trở nên mệt hơn và có biểu hiện các dấu hiệu bệnh khác, bạn cần phải đưa trẻ đến cơ sở y tế để khám bệnh. 23', 'Nếu bà mẹ có sốt và vú có các biểu hiện sưng, nóng, đỏ, đau; nứt núm vú,… bà mẹ đến ngay cơ sở y tế chuyên khoa để các bác sĩ hướng dẫn cách chăm sóc và điều trị nếu có viêm nhiễm.\nSữa mẹ vắt ra, cho ngay vào lọ chứa có nắp đậy hoặc túi bảo quản chuyên dụng, ghi ngày vắt sữa và bảo quản ngay vào tủ lạnh.\nMỗi túi/ lọ chứa sữa chỉ chứa vừa lượng sữa cho mỗi lần bú, tránh lãng phí sữa và đảm bảo vệ sinh, khi rã đông thuận tiện hơn.\nKhông đổ sữa đầy túi/ lọ chứa sữa (để lại một khoảng trống nhỏ), vì khi sữa đông sẽ tăng thể tích, có thể gây vỡ túi/ lọ.\n- Cách bảo quản:\nNgăn đá tủ lạnh thông thường\xa0\xa0 : \xa0\xa0\xa0\xa0\xa0\xa0\xa0\xa0\xa0\xa0\xa0\xa0\xa0\xa0 03 tháng\nNgăn mát tủ lạnh (<= 4 độ C)\xa0\xa0 : \xa0\xa0\xa0\xa0\xa0\xa0\xa0\xa0\xa0\xa0\xa0\xa0\xa0\xa0 03 ngày\nNhiệt độ phòng (từ 19 độ đến 26 độ C): \xa0\xa003 giờ\n- Cách sử dụng sữa mẹ sau bảo quản:\nLấy sữa từ tủ lạnh, rã đông bằng cách cho vào ngăn mát tủ lạnh\nKhi sử dụng, làm ấm sữa bằng cách đặt bình chứa sữa vào một tô nước nóng. Không làm nóng sữa mẹ bằng cách đun sôi hoặc cho vào lò vi sóng\nNên cho trẻ ăn bằng cốc và thìa\n- Không nên:\nKhông tái đông lại sữa sau khi đã rã đông\nKhông pha sữa rã đông với sữa mới vắt\nTrong những ngày đầu sau sanh, trẻ sơ sinh phải dần thích nghi với môi trường bên ngoài; phản xạ thở, bú,', 'Câu hỏi: Phòng ngừa nhiệt miệng cho trẻ dưới 1 tuổi như thế nào?. Trả lời: Để phòng tránh nguy cơ bị nhiệt miệng cho trẻ dưới 1 tuổi, bố mẹ cần lưu ý những điều sau:\n- Chăm sóc bé chu đáo, luôn theo dõi và quan sát các dấu hiệu cơ thể bất thường để phát hiện kịp thời tình trạng của trẻ.\n- Bổ sung đầy đủ chất dinh dưỡng cho trẻ, xây dựng một chế độ dinh dưỡng khoa học phù hợp theo độ tuổi của trẻ.\n- Vệ sinh răng miệng đúng cách và thường xuyên cho trẻ. Lưu ý không sử dụng các loại dụng cụ hay khăn cứng dày để vệ sinh miệng cho bé vì dễ gây tổn thương niêm mạc miệng, tạo nguy cơ hình thành nhiệt miệng.\n- Giai đoạn dưới 1 tuổi, các bé đang rất tò mò khám phá thế giới xung quanh nên thường có xu hướng cảm nhận các vật bằng việc đưa đồ vào miệng ngậm. Bố mẹ hãy đảm bảo rằng tất cả những đồ quanh bé đều được vệ sinh đúng cách, không có vật sắc nhọn và dễ gây tổn thương. Đồ chơi, quần áo, đồ dùng của bé đều phải được lựa chọn kỹ về mặt chất liệu với tiêu chí an toàn.\n- Tùy theo độ tuổi của bé để bố mẹ cân nhắc việc bổ sung cho trẻ vitamin từ các loại nước hoa quả tự nhiên.\nNói chung, nhiệt miệng tuy không gây ảnh hưởng đến sức khỏe của trẻ nhưng khiến trẻ đau và quấy khóc, thậm chí bỏ ăn.', 'Sức khỏe của mẹ trong ngày đầu tiên sau sinh cũng sẽ còn rất yếu nên mọi việc chăm sóc sau sinh con sẽ nhờ cậy vào người thân, mẹ cần được theo dõi tình trạng huyết áp, mạch và ra máu sản dịch đảm bảo sức khỏe.\nNgày thứ 2 sau sinh\nSang ngày thứ 2, có những lúc trẻ sẽ không ngủ nữa mà mở mắt nhìn chăm chăm vào mặt người đối diện, tuy nhiên trẻ chỉ nhìn được trong khoảng từ 15 - 25cm, trẻ sẽ bắt đầu có xu hướng khóc nhiều và đòi bú mẹ, để đảm bảo trẻ luôn no thì thì cứ cách khoảng 2 tiếng cho trẻ bú một lần và hãy nhớ cho trẻ bú đúng tư thế để tránh sặc sữa, lúc này dạ dày của trẻ vẫn còn nhỏ nên chỉ cần cho trẻ bú theo nhu cầu là đủ.\nTrong quá trình chăm sóc sau sinh con đến ngày thứ 2 thì ngoài việc cho ăn, mẹ cũng cần chú ý đến tã của trẻ vì lúc này trẻ có thể làm ướt tã nhiều hơn, khi bị ướt quá thì có khi bé sẽ khóc.\nNgày thứ 3 sau sinh\nĐến ngày thứ 2 sau sinh, trẻ có thể có những biểu hiện giúp mẹ có thể biết được rằng trẻ đang bị đói như khóc hoặc dúi đầu vào ngực của mẹ....trẻ cũng sẽ ti mẹ nhịp nhàng và sâu hơn. Khi được gần gũi với mẹ thì trẻ sẽ vui hơn, trẻ quen được mẹ cưng nựng và nhận ra mẹ bởi giọng nói từ những tháng ngày còn trong bụng.\nDo trẻ đã ăn được nhiều hơn nê', 'cho sổ vai sau. Ở thì này dễ rách tầng sinh môn, vì vậy phải giữ tầng sinh môn tốt và cho vai sổ từ từ. 5.3.3. Đỡ thân, mông và chi. - Khi đã sổ xong hai vai, bỏ tay giữ tầng sinh môn để thân thai nhi sổ và khi thân ra ngoài thì bắt lấy hai bàn chân, 5.4. Tiếp xúc da kề da ngay sau đẻ. Sau khi thai sổ, đánh giá nhanh tình trạng trẻ. Nếu trẻ khóc hoặc trương lực cơ tốt thì đặt trẻ lên bụng mẹ. - Nhanh chóng, vừa lau khô trẻ theo trình tự (lau mắt, mặt, đầu, ngực, bụng, tay, chân, mông…) vừa đánh giá nhanh toàn trạng chung của trẻ theo thường qui. - Bỏ khăn đã lau khô cho trẻ - Đặt trẻ nằm sấp tiếp xúc da kề da trên bụng mẹ, đầu nằm nghiêng giữa hai bầu vú, ngựcáp vào ngực mẹ, tay để sang hai bên. Dùng 1 khăn khô, sạch để che lưng cho trẻ. Đội mũ cho trẻ. Nếu trời lạnh có thể dùng thêm áo ấm của mẹ hoặc khăn bông ấm đắp bên ngoài cho cả mẹ và con. - Hướng dẫn và hỗ trợ người mẹ ôm ấp, vuốt ve trẻ. Chú ý: Chỉ kẹp cắt rốn ngay nếu trẻ cần phải hồi sức']","Mẹ ạ, trong ngày đầu sau sinh, để giữ ấm cho trẻ, mẹ có thể sử dụng các biện pháp sau:

- Đặt trẻ lên bụng mẹ: Sau khi thai sổ, mẹ hãy đặt trẻ lên bụng mình, đầu nằm nghiêng giữa hai bầu vú, ngực áp vào ngực mẹ, tay để sang hai bên. Điều này sẽ giúp giữ ấm cho trẻ và tạo cảm giác an toàn cho trẻ.

- Sử dụng khăn ấm: Mẹ có thể sử dụng khăn ấm để che lưng cho trẻ, giúp giữ ấm cho trẻ.

- Đội mũ cho trẻ: Mẹ có thể đội mũ cho trẻ để giữ ấm cho đầu trẻ.

- Sử dụng áo ấm của mẹ: Nếu trời lạnh, mẹ có thể sử dụng áo ấm của mình để che phủ cho trẻ, giúp giữ ấm cho trẻ.

- Sử dụng khăn bông ấm: Mẹ có thể sử dụng khăn bông ấm để đắp bên ngoài cho cả mẹ và con, giúp giữ ấm cho cả hai.

Tóm lại, mẹ có thể sử dụng các biện pháp trên để giữ ấm cho trẻ trong ngày đầu sau sinh.",Giữ ấm cho trẻ bằng cách cho nằm cùng mẹ.,1.0,0.19999999998,0.6748014216376306,0.125
"Em thấy trên mạng bảo sinh xong nên tắm liền cho mát, nhưng bà nội lại cấm, thực ra sau khi sinh bao lâu thì mới được tắm hoặc rửa cho trẻ","Mẹ ạ, sau khi sinh, trẻ sơ sinh thường có lớp sáp và nước ối phủ trên người, đây là lớp màng bảo vệ bé từ trong bụng mẹ. Việc tắm sạch lớp màng này ngay lập tức sau sinh sẽ khiến cho da bé bị khô hơn. Vì vậy, theo khuyến cáo của các bác sĩ, trẻ sơ sinh nên được tắm khi đã đạt được 24-48 giờ sau sinh.

Trong thời gian này, mẹ có thể thực hiện các bước vệ sinh cơ bản cho bé, như lau người bằng nước ấm, thay băng vệ sinh và vệ sinh bộ phận sinh dục sạch sẽ. Tuy nhiên, tắm cho bé nên được thực hiện khi đã đạt được 24-48 giờ sau sinh, để tránh làm thay đổi đột ngột nhiệt độ cơ thể bé và gây ra các vấn đề sức khỏe.

Mẹ có thể tham khảo thêm tài liệu của Bệnh viện Đa khoa Quốc tế Vinmec, trong đó có hướng dẫn về cách tắm cho trẻ sơ sinh an toàn và hiệu quả.","['Hướng dẫn về lần thay tã đầu tiên của bé\nNhiệm vụ thay tã không phải là công việc yêu thích của hầu hết mọi người khi chăm sóc em bé và cũng cần rất nhiều thời gian để thực hiện. Với những ai chưa từng thay tã cho trẻ bao giờ, công việc này sẽ trở nên khó khăn hơn bao giờ hết.\nHầu hết trẻ sơ sinh cần thay 6 đến 10 chiếc tã mỗi ngày trong vài tháng đầu tiên. Sau đó 4 đến 6 chiếc tã mỗi ngày cho đến khi trẻ tập ngồi bô lúc 2 hoặc 3 tuổi. Như vậy số lần bạn phải thay tã cho bé là rất nhiều.\nCó sẵn đầy đủ đồ dùng phù hợp là chìa khóa để làm cho quá trình thay tã dễ dàng hơn cho bạn và an toàn hơn cho bé. Chắc chắn bạn sẽ không muốn bị dính chất thải của bé lên người. Và bạn không bao giờ muốn rời xa bé khi bé đang trên bàn thay đồ. Vì vậy, để tránh mất thời gian và tránh việc bạn phải chạy đi lấy đồ giữa chừng, cách tốt nhất bạn nên lên kế hoạch trước. Luôn chuẩn bị sẵn sàng đầy đủ mọi thứ là một phương châm tốt khi thay tã cho trẻ.\nMột số bậc cha mẹ có khu vực thay tã tối ưu với mọi tiện ích có thể có trong nhà của họ, trong khi những người khác thích thay tã trên một tấm chăn trên sàn nhà, hoặc trên giường của họ.\nDù bạn thay tã cho bé ở đâu, bạn cũng cần chuẩn bị các vật dụng sau đâ', '95 - Chỉ khi nào cảm thấy sức khỏe đã ổn định, không còn đau đ ớn, tâm lý cũng đã s ẵn sàng và có c ảm h ứng cho chuyện “yêu” thì mới có thể quan hệ trở lạ Bà mẹ phải làm th ế nào để đảm bảo bé có th ể ăn sữa mẹ trong thời gian đi làm? - Vắt sữa: bằng tay hoặc bằng máy - Bảo qu ản s ữa: ở nhiệt đ ộ thường trong 8 gi ờ, ngăn mát tủ lạnh trong 48 giờ, ngăn đông tủ lạnh trong một tháng. - Trước khi cho bé ăn s ữa bảo quản cần phải được làm ấm trở lại Trẻ sau sinh sẽ được tắm khi nào? - Trẻ sinh ra thư ờng có l ớp sáp và nư ớc ối ph ủ trên người, đây là l ớp màng b ảo vệ bé từ trong bụng mẹ nên khi bé ra đ ời, lớp màng này v ẫn còn gi ữ nguyên chất làm m ềm da và mi ễn dịch cho bé. Vi ệc tắm sạch lớp màng này ngay lập tức sau sinh s ẽ khiến cho da bé b ị khô hơn. Lớp màng này giúp bé ch ống lại cá c vi khu ẩn, nấm, thậm chí là b ệnh viêm phổi hay viêm màng não trên da trong vòng 24h - Bên cạnh đó, nếu ngay khi v ừa ra đời bé đã đư ợc đưa đi tắm sẽ làm thay đ ổi đột ngột nhiệt độ cơ thể bé, dễ khiến bé hoảng sợ và khóc. Việc bé khóc vì cảm giác sợ có thể sản', '70 - Sau 24h sau sinh, thường các hộ sinh là người tắm cho trẻ trước. Sau đó khi ra vi ện mẹ hoặc là những người thân sẽ là ngư ời thư ờng xuyên ph ải t ắm r ửa v ệ sinh cho các tr ẻ. Trước khi tăm ph ải chu ẩn b ị đầy đ ủ đồ dùng như tã , b ỉm, quần áo, khăn lau. Nên tắm bé mỗi ngày - Chuẩn bị nước tắm ấm vừa đủ cho trẻ, (không quá 37 độ, có thể dùng đo nhiệt độ để đảm bảo nhiệt độ phù hợp cho bé) - Đổ nước vào chậu tắm - Cởi bỏ áo tã mũ, rồi quấn bé trong khăn bông l ớn, chỉ chừa phần đầu và mặt - Dùng khăn v ải màn th ấm nước ấm lau sạch mí m ắt, khóe mắt từ trong ra ngoài, lau mi ệng, sau tai và dư ới cằm rồi lau rửa mặt - Gội đầu bằng dầu gội dành riêng cho tr ẻ. Tránh để xà phòng rơi vào mắt và nước vào tai trẻ - Tăm mình dùng s ữa t ắm giành cho tr ẻ để tắm, làm sạch các ếp gấp, nhưng không làm ư ớt rốn, lau bàn tay và bàn chân và các kẽ ngón - Tắm vùng sinh dục và hậu môn sau cùng. Ở trẻ gái lau vùng sinh dục từ trước ra sau', 'Cách điều trị bệnh viêm da cơ địa trẻ 3 tháng tuổi\nHỏi\nChào bác sĩ ạ. Bé nhà em được 3 tháng tuổi rồi ạ. Bé nhà em có nổi nốt sần khắp người. Em có mang bé đi khám thì bác sĩ họ bảo bị viêm da cơ địa. Em xin hỏi cách điều trị bệnh viêm da cơ địa trẻ 3 tháng tuổi. Mong bác sĩ giải đáp cho em.\nThanh (1997)\nTrả lời\nChào em, về cách điều trị bệnh viêm da cơ địa trẻ 3 tháng tuổi, bác sĩ xin trả lời như sau:\nEm nên đưa bé đến gặp bác sĩ để thăm khám, chẩn đoán và điều trị thích hợp. Ngoài ra điều kiện khí hậu và môi trường ảnh hưởng rất nhiều đến làn da nhạy cảm của bé.\nEm nên cho bé ở môi trường thoáng mát, sạch sẽ, bật điều hòa ở nhiệt độ mát mẻ, tránh nóng, ẩm.\nVệ sinh máy lạnh định kỳ.\nHạn chế quấn trùm quá nhiều khăn, áo, vớ.\nThay ga, gối thường xuyên.\nKhông sử dụng nước xả vải để giặt đồ cho bé, phơi quần áo bé ngoài nắng, tránh phơi qua đêm dễ bị ẩm mốc.\nKhông dùng phấn rôm dễ gây dị ứng.\nNếu cần tư vấn thêm, em có thể đăng ký khám cho bé tại các bệnh viện thuộc Hệ thống Y tế Vinmec để được giải đáp kỹ hơn.\nCảm ơn em đã đặt câu hỏi tới Vinmec. Trân trọng\nĐược giải đáp bởi Bác sĩ Nguyễn Thái Ngọc Châu - Bác sĩ khoa Nhi - Bệnh viện Đa khoa Quốc tế Vinmec Phú Quốc.\nCác nội dung tư vấ', '+ Nguy cơ nhiễm khuẩn bộ phận sinh dục liên quan đến vệ sinh chưa đảm bảo - Giải thích cho sản phụ hiểu tầm quan trọng của việc đảm bảo vệ sinh - Hướng dẫn cho sản phụ về chế độ vệ sinh: + Ngày thứ 2 sau đẻ lau người bằng nước ấm. Nếu trời nóng có thể tắm bằng cách dội nước, khô ng ngâm trong bồn nước để tắm vì lúc này cổ tử cung còn mở dễ nhiễm trùng. Khi tắm phải tắm nhanh, tắm chỗ kín gió. + Mặc quần áo rộng rãi, mặc bằng vải mềm, thoáng mát về mùa hè ấm về mùa đông. + Hướng dẫn bệnh nhân thay băng vệ sinh (4-6 lần/ ngày, mỗi lần cách nhau 4 - 6 giờ), vệ sinh bộ phận sinh dục sạch sẽ, lau khô mỗi khi thay băng vệ sinh, tiểu tiện, đại tiện. - Hướng dẫn sản phụ đi lại nhẹ nhàng, khoảng 4 - 6 lần/ ngày, mỗi lần khoảng 10-15 phút để chống bế sản dịch. - Hướng dẫn bà mẹ cho trẻ bú tích cực để kích thích sự co hồi tử cung phòng bế sản dịch. - Hướng dẫn sản phụ báo lại với nhân viên y tế khi phát hiện các dấu hiệu bất thường như: Đau bụng tăng lên, sản dịch có mùi hôi, ngứa rát tại bộ phận sinh dục... - Theo dõi nhiệt độ 2 lần/ ngày. - Theo dõi chiều cao từ cung, đánh gi á mật độ của tử cung, di động củ a tử cung hay sờ nắn tử cung xem có đau hay không đau. - Theo dõi sản dịch về: số l']",Không tắm hoặc rửa cho trẻ trong 6 giờ đầu sau sinh.,"Em thấy trên mạng bảo sinh xong nên tắm liền cho mát, nhưng bà nội lại cấm, thực ra sau khi sinh bao lâu thì mới được tắm hoặc rửa cho trẻ","['Hướng dẫn về lần thay tã đầu tiên của bé\nNhiệm vụ thay tã không phải là công việc yêu thích của hầu hết mọi người khi chăm sóc em bé và cũng cần rất nhiều thời gian để thực hiện. Với những ai chưa từng thay tã cho trẻ bao giờ, công việc này sẽ trở nên khó khăn hơn bao giờ hết.\nHầu hết trẻ sơ sinh cần thay 6 đến 10 chiếc tã mỗi ngày trong vài tháng đầu tiên. Sau đó 4 đến 6 chiếc tã mỗi ngày cho đến khi trẻ tập ngồi bô lúc 2 hoặc 3 tuổi. Như vậy số lần bạn phải thay tã cho bé là rất nhiều.\nCó sẵn đầy đủ đồ dùng phù hợp là chìa khóa để làm cho quá trình thay tã dễ dàng hơn cho bạn và an toàn hơn cho bé. Chắc chắn bạn sẽ không muốn bị dính chất thải của bé lên người. Và bạn không bao giờ muốn rời xa bé khi bé đang trên bàn thay đồ. Vì vậy, để tránh mất thời gian và tránh việc bạn phải chạy đi lấy đồ giữa chừng, cách tốt nhất bạn nên lên kế hoạch trước. Luôn chuẩn bị sẵn sàng đầy đủ mọi thứ là một phương châm tốt khi thay tã cho trẻ.\nMột số bậc cha mẹ có khu vực thay tã tối ưu với mọi tiện ích có thể có trong nhà của họ, trong khi những người khác thích thay tã trên một tấm chăn trên sàn nhà, hoặc trên giường của họ.\nDù bạn thay tã cho bé ở đâu, bạn cũng cần chuẩn bị các vật dụng sau đâ', '95 - Chỉ khi nào cảm thấy sức khỏe đã ổn định, không còn đau đ ớn, tâm lý cũng đã s ẵn sàng và có c ảm h ứng cho chuyện “yêu” thì mới có thể quan hệ trở lạ Bà mẹ phải làm th ế nào để đảm bảo bé có th ể ăn sữa mẹ trong thời gian đi làm? - Vắt sữa: bằng tay hoặc bằng máy - Bảo qu ản s ữa: ở nhiệt đ ộ thường trong 8 gi ờ, ngăn mát tủ lạnh trong 48 giờ, ngăn đông tủ lạnh trong một tháng. - Trước khi cho bé ăn s ữa bảo quản cần phải được làm ấm trở lại Trẻ sau sinh sẽ được tắm khi nào? - Trẻ sinh ra thư ờng có l ớp sáp và nư ớc ối ph ủ trên người, đây là l ớp màng b ảo vệ bé từ trong bụng mẹ nên khi bé ra đ ời, lớp màng này v ẫn còn gi ữ nguyên chất làm m ềm da và mi ễn dịch cho bé. Vi ệc tắm sạch lớp màng này ngay lập tức sau sinh s ẽ khiến cho da bé b ị khô hơn. Lớp màng này giúp bé ch ống lại cá c vi khu ẩn, nấm, thậm chí là b ệnh viêm phổi hay viêm màng não trên da trong vòng 24h - Bên cạnh đó, nếu ngay khi v ừa ra đời bé đã đư ợc đưa đi tắm sẽ làm thay đ ổi đột ngột nhiệt độ cơ thể bé, dễ khiến bé hoảng sợ và khóc. Việc bé khóc vì cảm giác sợ có thể sản', '70 - Sau 24h sau sinh, thường các hộ sinh là người tắm cho trẻ trước. Sau đó khi ra vi ện mẹ hoặc là những người thân sẽ là ngư ời thư ờng xuyên ph ải t ắm r ửa v ệ sinh cho các tr ẻ. Trước khi tăm ph ải chu ẩn b ị đầy đ ủ đồ dùng như tã , b ỉm, quần áo, khăn lau. Nên tắm bé mỗi ngày - Chuẩn bị nước tắm ấm vừa đủ cho trẻ, (không quá 37 độ, có thể dùng đo nhiệt độ để đảm bảo nhiệt độ phù hợp cho bé) - Đổ nước vào chậu tắm - Cởi bỏ áo tã mũ, rồi quấn bé trong khăn bông l ớn, chỉ chừa phần đầu và mặt - Dùng khăn v ải màn th ấm nước ấm lau sạch mí m ắt, khóe mắt từ trong ra ngoài, lau mi ệng, sau tai và dư ới cằm rồi lau rửa mặt - Gội đầu bằng dầu gội dành riêng cho tr ẻ. Tránh để xà phòng rơi vào mắt và nước vào tai trẻ - Tăm mình dùng s ữa t ắm giành cho tr ẻ để tắm, làm sạch các ếp gấp, nhưng không làm ư ớt rốn, lau bàn tay và bàn chân và các kẽ ngón - Tắm vùng sinh dục và hậu môn sau cùng. Ở trẻ gái lau vùng sinh dục từ trước ra sau', 'Cách điều trị bệnh viêm da cơ địa trẻ 3 tháng tuổi\nHỏi\nChào bác sĩ ạ. Bé nhà em được 3 tháng tuổi rồi ạ. Bé nhà em có nổi nốt sần khắp người. Em có mang bé đi khám thì bác sĩ họ bảo bị viêm da cơ địa. Em xin hỏi cách điều trị bệnh viêm da cơ địa trẻ 3 tháng tuổi. Mong bác sĩ giải đáp cho em.\nThanh (1997)\nTrả lời\nChào em, về cách điều trị bệnh viêm da cơ địa trẻ 3 tháng tuổi, bác sĩ xin trả lời như sau:\nEm nên đưa bé đến gặp bác sĩ để thăm khám, chẩn đoán và điều trị thích hợp. Ngoài ra điều kiện khí hậu và môi trường ảnh hưởng rất nhiều đến làn da nhạy cảm của bé.\nEm nên cho bé ở môi trường thoáng mát, sạch sẽ, bật điều hòa ở nhiệt độ mát mẻ, tránh nóng, ẩm.\nVệ sinh máy lạnh định kỳ.\nHạn chế quấn trùm quá nhiều khăn, áo, vớ.\nThay ga, gối thường xuyên.\nKhông sử dụng nước xả vải để giặt đồ cho bé, phơi quần áo bé ngoài nắng, tránh phơi qua đêm dễ bị ẩm mốc.\nKhông dùng phấn rôm dễ gây dị ứng.\nNếu cần tư vấn thêm, em có thể đăng ký khám cho bé tại các bệnh viện thuộc Hệ thống Y tế Vinmec để được giải đáp kỹ hơn.\nCảm ơn em đã đặt câu hỏi tới Vinmec. Trân trọng\nĐược giải đáp bởi Bác sĩ Nguyễn Thái Ngọc Châu - Bác sĩ khoa Nhi - Bệnh viện Đa khoa Quốc tế Vinmec Phú Quốc.\nCác nội dung tư vấ', '+ Nguy cơ nhiễm khuẩn bộ phận sinh dục liên quan đến vệ sinh chưa đảm bảo - Giải thích cho sản phụ hiểu tầm quan trọng của việc đảm bảo vệ sinh - Hướng dẫn cho sản phụ về chế độ vệ sinh: + Ngày thứ 2 sau đẻ lau người bằng nước ấm. Nếu trời nóng có thể tắm bằng cách dội nước, khô ng ngâm trong bồn nước để tắm vì lúc này cổ tử cung còn mở dễ nhiễm trùng. Khi tắm phải tắm nhanh, tắm chỗ kín gió. + Mặc quần áo rộng rãi, mặc bằng vải mềm, thoáng mát về mùa hè ấm về mùa đông. + Hướng dẫn bệnh nhân thay băng vệ sinh (4-6 lần/ ngày, mỗi lần cách nhau 4 - 6 giờ), vệ sinh bộ phận sinh dục sạch sẽ, lau khô mỗi khi thay băng vệ sinh, tiểu tiện, đại tiện. - Hướng dẫn sản phụ đi lại nhẹ nhàng, khoảng 4 - 6 lần/ ngày, mỗi lần khoảng 10-15 phút để chống bế sản dịch. - Hướng dẫn bà mẹ cho trẻ bú tích cực để kích thích sự co hồi tử cung phòng bế sản dịch. - Hướng dẫn sản phụ báo lại với nhân viên y tế khi phát hiện các dấu hiệu bất thường như: Đau bụng tăng lên, sản dịch có mùi hôi, ngứa rát tại bộ phận sinh dục... - Theo dõi nhiệt độ 2 lần/ ngày. - Theo dõi chiều cao từ cung, đánh gi á mật độ của tử cung, di động củ a tử cung hay sờ nắn tử cung xem có đau hay không đau. - Theo dõi sản dịch về: số l']","Mẹ ạ, sau khi sinh, trẻ sơ sinh thường có lớp sáp và nước ối phủ trên người, đây là lớp màng bảo vệ bé từ trong bụng mẹ. Việc tắm sạch lớp màng này ngay lập tức sau sinh sẽ khiến cho da bé bị khô hơn. Vì vậy, theo khuyến cáo của các bác sĩ, trẻ sơ sinh nên được tắm khi đã đạt được 24-48 giờ sau sinh.

Trong thời gian này, mẹ có thể thực hiện các bước vệ sinh cơ bản cho bé, như lau người bằng nước ấm, thay băng vệ sinh và vệ sinh bộ phận sinh dục sạch sẽ. Tuy nhiên, tắm cho bé nên được thực hiện khi đã đạt được 24-48 giờ sau sinh, để tránh làm thay đổi đột ngột nhiệt độ cơ thể bé và gây ra các vấn đề sức khỏe.

Mẹ có thể tham khảo thêm tài liệu của Bệnh viện Đa khoa Quốc tế Vinmec, trong đó có hướng dẫn về cách tắm cho trẻ sơ sinh an toàn và hiệu quả.",Không tắm hoặc rửa cho trẻ trong 6 giờ đầu sau sinh.,0.0,0.0,0.6888555914492362,0.9
"Em stress quá vì chồng đi công tác, không biết trẻ nên được bú mẹ lần đầu vào thời điểm nào sau sinh để em cố gắng đúng giờ","Mẹ ơi, chúc mừng mẹ có bé khỏe mạnh! Giai đoạn này mẹ cần chú ý chăm sóc rốn và tử cung.

Về tình trạng rốn bé sưng đỏ, mẹ có thể sử dụng cồn 90 độ để vệ sinh rốn. Tuy nhiên, nếu rốn bé không cải thiện sau khi sử dụng cồn, mẹ nên đưa bé đến bệnh viện để được kiểm tra và điều trị.

Về tình trạng bé 2 tuần tuổi, mẹ đang cho con bú, bị nứt ti ta đau. Điều này có thể do mẹ chưa cho con bú đúng cách hoặc bé chưa ngậm bắt vú đúng. Mẹ có thể thử cho bé bú từ bên vú lành để kích thích phản xạ oxytocin giúp sữa lưu thông.

Về tình trạng bé có tưa miệng trắng ở lưỡi, điều này không nguy hiểm nhưng mẹ nên đưa bé đến bệnh viện để được kiểm tra và điều trị. Tưa miệng trắng ở lưỡi có thể do bé chưa được vệ sinh lưỡi đúng cách hoặc do bé bị nhiễm trùng.

Về việc mẹ stress quá vì chồng đi công tác, mẹ không cần phải lo lắng về việc trẻ nên được bú mẹ lần đầu vào thời điểm nào sau sinh. Trẻ sơ sinh gần như ngủ suốt ngày đêm, chỉ thức dậy để bú (khoảng 2 đến 3 giờ bú một lần). Thông thường, không cần phải đánh thức trẻ sơ sinh dậy để cho bú, nhưng cũng không nên để bé ngủ quá lâu >3 giờ mà không cho bú.

Mẹ có thể thử cho bé bú vào thời điểm mà mẹ cảm thấy thoải mái và không quá căng thẳng. Mẹ cũng có thể sử dụng máy hút sữa để vắt sữa và thiết lập nguồn sữa sau này cho bé.

Hy vọng những thông tin trên sẽ giúp mẹ có thể chăm sóc bé một cách tốt nhất!

 *Lưu ý: Mẹ nên đưa bé đến cơ sở y tế để được thăm khám trực tiếp.*","['Điều kiện 8 Khuyến khích cho trẻ bú mẹ theo nhu cầu. Bú theo nhu cầu là cho trẻ bú bất cứ khi nào trẻ hoặc bà mẹ muốn, không hạn chế thời gian và số lần bú. • Giúp bà mẹ biết cách nhận biết các dấu hiệu muốn bú của trẻ để cho trẻ bú ngay không nên chờ đến khi trẻ khóc hay mệt mới cho trẻ bú • Hãy để trẻ bú bao lâu tuỳ thích và giúp trẻ ngậm bắt vú đúng. • Cho trẻ bú hết từng bên vú để nhận được sữa cuối có nhiều chất béo. Sau đó chuyển sang vú bên kia nếu trẻ còn muốn bú.', 'Yếu tố tâm lý cũng ảnh hưởng trực tiếp đến việc sản xuất sữa mẹ, nếu mẹ quá căng thẳng sẽ làm chậm quá trình sản sinh oxytocin – một loại hormone có nhiệm vụ kích thích vú tiết sữa. Tình trạng này thường gặp ở những chị em lần đầu làm mẹ khi chưa thích nghi với cuộc sống có thêm thành viên mới.\nCho con bú thì có bị tắc ống dẫn sữa không?\nNhiều mẹ lầm tưởng rằng chỉ những trường hợp không cho con bú sữa mẹ mới gặp tình trạng tắc tuyến sữa. Trên thực tế, có nhiều nguyên nhân dẫn đến tình trạng này, trong đó phải kể đến việc mẹ không cho con bú thường xuyên hoặc mẹ cho con bú không đúng cách, bé ngậm bắt vú sai hoặc mẹ không hút hết sữa còn sót lại ra ngoài dẫn đến sữa còn ứ đọng trong bầu ngực gây tắc nghẽn.\nMẹ có thể bị tắc tia sữa ngay sau sinh hoặc trong thời gian nuôi con bằng sữa mẹ \nBiểu hiện khi bị tắc tia sữa sau sinh\nBác sĩ Khánh Quyên cho biết, tình trạng tia sữa bị tắc có thể xảy ra bất cứ lúc nào dù mẹ mới bắt đầu cho con bú hoặc đã cho con bú được một thời gian. Vì thế, mẹ cần lưu ý những dấu hiệu dưới đây để nhận biết sớm tình trạng tắc tia sữa và can thiệp điều trị kịp thời, bao gồm: (3)\nKhông tiết sữa hoặc tiết sữa rất ít, kể cả khi mẹ chủ động vắt sữa.\nNgực càng lúc ', 'Câu hỏi: Con tôi thường thức ban đêm, ngủ vào ban ngày, vậy bé có gì bất thường không?. Trả lời: Giấc ngủ của trẻ sơ sinh là điều rất được các mẹ quan tâm, vì nó có ảnh hưởng trực tiếp đến sức khỏe của trẻ. Trẻ sơ sinh thay đổi môi trường  từ trong bụng mẹ ra môi trường tự nhiên bên ngoài, đồng thời trẻ cũng chưa phân biệt được ngày và đêm, nên có những trẻ sẽ ngủ nhiều vào ban ngày và thức giấc nhiều hơn vào ban đêm.\nTrẻ sơ sinh gần như ngủ suốt ngày đêm, chỉ thức dậy để bú (khoảng 2 đến 3 giờ bú một lần). Thông thường, không cần phải đánh thức trẻ sơ sinh dậy để cho bú, nhưng cũng không nên để bé ngủ quá lâu >3 giờ mà không cho bú..', 'Điều trị tắc ống dẫn sữa và viêm vú Cải thiện sự lưu thông sữa ở phần vú bị bệnh là giải pháp quan trọng nhất trong điều trị. • Tìm nguyên nhân để xử trí cho đúng • Cho trẻ bú thường xuyên • Xoa bóp nhẹ nhàng bầu vú trong khi trẻ bú • Dùng khăn ấm đắp lên bầu vú giữa các bữa bú. • Nên bắt đầu cho trẻ bú từ bên vú lành kích thích phản xạ oxytocin giúp sữa lưu thông. • Dùng bơm hút vắt sữa ra, nếu để sữa đọng lại sẽ gây áp xe vú. • Tắc ống dẫn sữa và viêm vú sẽ cải thiện trong vòng 1 ngày khi sữa được lưu thông. • Có thể điều trị kháng sinh, chống viêm và nghỉ ngơi', 'Hướng dẫn các bà mẹ cách cho con bú và duy trì nguồn sữa ngay cả khi bà mẹ phải xa con • Giúp bà mẹ nhận biết và cho trẻ bú ngay khi trẻ có dấu hiệu chứng tỏ trẻ muốn bú. • Trẻ khoẻ mạnh, đủ tháng thường không cần thức ăn hoặc đồ uống gì trước khi bà mẹ cho trẻ bú, vì vậy trẻ có thể chờ mẹ trong một vài giờ. • Dành nhiều thời gian giúp các bà mẹ cho con bú thành công ngay trong bữa bú đầu tiên • Giúp bà mẹ tin rằng sữa mẹ là quan trọng và thực sự giúp ích cho trẻ. • Giúp bà mẹ vắt sữa để thiết lập và duy trì nguồn sữa sau này cho trẻ. • Hướng dẫn và tạo điều kiện cho bà mẹ thực hiện tốt cho trẻ bú trong trường hợp sinh mổ Điều kiện 5']",Cho trẻ bú mẹ ngay trong vòng 1 giờ đầu sau sinh và cho bú theo nhu cầu của trẻ.,"Em stress quá vì chồng đi công tác, không biết trẻ nên được bú mẹ lần đầu vào thời điểm nào sau sinh để em cố gắng đúng giờ","['Điều kiện 8 Khuyến khích cho trẻ bú mẹ theo nhu cầu. Bú theo nhu cầu là cho trẻ bú bất cứ khi nào trẻ hoặc bà mẹ muốn, không hạn chế thời gian và số lần bú. • Giúp bà mẹ biết cách nhận biết các dấu hiệu muốn bú của trẻ để cho trẻ bú ngay không nên chờ đến khi trẻ khóc hay mệt mới cho trẻ bú • Hãy để trẻ bú bao lâu tuỳ thích và giúp trẻ ngậm bắt vú đúng. • Cho trẻ bú hết từng bên vú để nhận được sữa cuối có nhiều chất béo. Sau đó chuyển sang vú bên kia nếu trẻ còn muốn bú.', 'Yếu tố tâm lý cũng ảnh hưởng trực tiếp đến việc sản xuất sữa mẹ, nếu mẹ quá căng thẳng sẽ làm chậm quá trình sản sinh oxytocin – một loại hormone có nhiệm vụ kích thích vú tiết sữa. Tình trạng này thường gặp ở những chị em lần đầu làm mẹ khi chưa thích nghi với cuộc sống có thêm thành viên mới.\nCho con bú thì có bị tắc ống dẫn sữa không?\nNhiều mẹ lầm tưởng rằng chỉ những trường hợp không cho con bú sữa mẹ mới gặp tình trạng tắc tuyến sữa. Trên thực tế, có nhiều nguyên nhân dẫn đến tình trạng này, trong đó phải kể đến việc mẹ không cho con bú thường xuyên hoặc mẹ cho con bú không đúng cách, bé ngậm bắt vú sai hoặc mẹ không hút hết sữa còn sót lại ra ngoài dẫn đến sữa còn ứ đọng trong bầu ngực gây tắc nghẽn.\nMẹ có thể bị tắc tia sữa ngay sau sinh hoặc trong thời gian nuôi con bằng sữa mẹ \nBiểu hiện khi bị tắc tia sữa sau sinh\nBác sĩ Khánh Quyên cho biết, tình trạng tia sữa bị tắc có thể xảy ra bất cứ lúc nào dù mẹ mới bắt đầu cho con bú hoặc đã cho con bú được một thời gian. Vì thế, mẹ cần lưu ý những dấu hiệu dưới đây để nhận biết sớm tình trạng tắc tia sữa và can thiệp điều trị kịp thời, bao gồm: (3)\nKhông tiết sữa hoặc tiết sữa rất ít, kể cả khi mẹ chủ động vắt sữa.\nNgực càng lúc ', 'Câu hỏi: Con tôi thường thức ban đêm, ngủ vào ban ngày, vậy bé có gì bất thường không?. Trả lời: Giấc ngủ của trẻ sơ sinh là điều rất được các mẹ quan tâm, vì nó có ảnh hưởng trực tiếp đến sức khỏe của trẻ. Trẻ sơ sinh thay đổi môi trường  từ trong bụng mẹ ra môi trường tự nhiên bên ngoài, đồng thời trẻ cũng chưa phân biệt được ngày và đêm, nên có những trẻ sẽ ngủ nhiều vào ban ngày và thức giấc nhiều hơn vào ban đêm.\nTrẻ sơ sinh gần như ngủ suốt ngày đêm, chỉ thức dậy để bú (khoảng 2 đến 3 giờ bú một lần). Thông thường, không cần phải đánh thức trẻ sơ sinh dậy để cho bú, nhưng cũng không nên để bé ngủ quá lâu >3 giờ mà không cho bú..', 'Điều trị tắc ống dẫn sữa và viêm vú Cải thiện sự lưu thông sữa ở phần vú bị bệnh là giải pháp quan trọng nhất trong điều trị. • Tìm nguyên nhân để xử trí cho đúng • Cho trẻ bú thường xuyên • Xoa bóp nhẹ nhàng bầu vú trong khi trẻ bú • Dùng khăn ấm đắp lên bầu vú giữa các bữa bú. • Nên bắt đầu cho trẻ bú từ bên vú lành kích thích phản xạ oxytocin giúp sữa lưu thông. • Dùng bơm hút vắt sữa ra, nếu để sữa đọng lại sẽ gây áp xe vú. • Tắc ống dẫn sữa và viêm vú sẽ cải thiện trong vòng 1 ngày khi sữa được lưu thông. • Có thể điều trị kháng sinh, chống viêm và nghỉ ngơi', 'Hướng dẫn các bà mẹ cách cho con bú và duy trì nguồn sữa ngay cả khi bà mẹ phải xa con • Giúp bà mẹ nhận biết và cho trẻ bú ngay khi trẻ có dấu hiệu chứng tỏ trẻ muốn bú. • Trẻ khoẻ mạnh, đủ tháng thường không cần thức ăn hoặc đồ uống gì trước khi bà mẹ cho trẻ bú, vì vậy trẻ có thể chờ mẹ trong một vài giờ. • Dành nhiều thời gian giúp các bà mẹ cho con bú thành công ngay trong bữa bú đầu tiên • Giúp bà mẹ tin rằng sữa mẹ là quan trọng và thực sự giúp ích cho trẻ. • Giúp bà mẹ vắt sữa để thiết lập và duy trì nguồn sữa sau này cho trẻ. • Hướng dẫn và tạo điều kiện cho bà mẹ thực hiện tốt cho trẻ bú trong trường hợp sinh mổ Điều kiện 5']","Mẹ ơi, chúc mừng mẹ có bé khỏe mạnh! Giai đoạn này mẹ cần chú ý chăm sóc rốn và tử cung.

Về tình trạng rốn bé sưng đỏ, mẹ có thể sử dụng cồn 90 độ để vệ sinh rốn. Tuy nhiên, nếu rốn bé không cải thiện sau khi sử dụng cồn, mẹ nên đưa bé đến bệnh viện để được kiểm tra và điều trị.

Về tình trạng bé 2 tuần tuổi, mẹ đang cho con bú, bị nứt ti ta đau. Điều này có thể do mẹ chưa cho con bú đúng cách hoặc bé chưa ngậm bắt vú đúng. Mẹ có thể thử cho bé bú từ bên vú lành để kích thích phản xạ oxytocin giúp sữa lưu thông.

Về tình trạng bé có tưa miệng trắng ở lưỡi, điều này không nguy hiểm nhưng mẹ nên đưa bé đến bệnh viện để được kiểm tra và điều trị. Tưa miệng trắng ở lưỡi có thể do bé chưa được vệ sinh lưỡi đúng cách hoặc do bé bị nhiễm trùng.

Về việc mẹ stress quá vì chồng đi công tác, mẹ không cần phải lo lắng về việc trẻ nên được bú mẹ lần đầu vào thời điểm nào sau sinh. Trẻ sơ sinh gần như ngủ suốt ngày đêm, chỉ thức dậy để bú (khoảng 2 đến 3 giờ bú một lần). Thông thường, không cần phải đánh thức trẻ sơ sinh dậy để cho bú, nhưng cũng không nên để bé ngủ quá lâu >3 giờ mà không cho bú.

Mẹ có thể thử cho bé bú vào thời điểm mà mẹ cảm thấy thoải mái và không quá căng thẳng. Mẹ cũng có thể sử dụng máy hút sữa để vắt sữa và thiết lập nguồn sữa sau này cho bé.

Hy vọng những thông tin trên sẽ giúp mẹ có thể chăm sóc bé một cách tốt nhất!

 *Lưu ý: Mẹ nên đưa bé đến cơ sở y tế để được thăm khám trực tiếp.*",Cho trẻ bú mẹ ngay trong vòng 1 giờ đầu sau sinh và cho bú theo nhu cầu của trẻ.,0.5,0.36666666664833336,0.24146457921881523,0.9333333333333333
"Hàng xóm vừa đẻ xong bị sốt, em sợ quá, tại cơ sở y tế, trẻ sơ sinh cần được tiêm các loại vắc xin nào ngay để em tránh cho con","Mẹ ơi, chúc mừng mẹ có bé khỏe mạnh! Giai đoạn này mẹ cần chú ý chăm sóc rốn và tử cung.

Về tình trạng rốn bé sưng đỏ, mẹ có thể sử dụng cồn 90 độ lau nhẹ nhàng để giảm sưng và ngăn ngừa nhiễm trùng. Tuy nhiên, nếu tình trạng rốn không cải thiện hoặc có dấu hiệu nhiễm trùng nghiêm trọng, mẹ nên đưa bé đến cơ sở y tế để được kiểm tra và điều trị kịp thời.

Về tình trạng nứt ti ta đau khi cho con bú, mẹ có thể sử dụng kem dưỡng da lành tính để giảm đau và ngăn ngừa nhiễm trùng. Mẹ cũng có thể thử sử dụng thuốc Atopiclair dạng lotion để giảm đau và ngăn ngừa nhiễm trùng.

Về tình trạng tưa miệng trắng ở lưỡi của bé, đây là một tình trạng phổ biến ở trẻ sơ sinh. Mẹ không cần lo lắng quá nhiều, vì tình trạng này thường tự khỏi sau một vài ngày. Tuy nhiên, nếu tình trạng tưa miệng không cải thiện hoặc có dấu hiệu nhiễm trùng nghiêm trọng, mẹ nên đưa bé đến cơ sở y tế để được kiểm tra và điều trị kịp thời.

Về việc tiêm vắc xin cho bé, mẹ có thể tham khảo thông tin chi tiết tại cơ sở y tế địa phương. Tiêm chủng giúp trẻ phòng chống các bệnh nguy hiểm và bảo vệ trẻ khỏi các bệnh bạch hầu, ho gà, uốn ván, sởi, quai bị, bại liệt, rubella, nhiễm khuẩn Hib, thuỷ đậu, các bệnh do phế cầu khuẩn gây ra và viêm màng não.

Về việc hàng xóm vừa đẻ xong bị sốt, mẹ không cần lo lắng quá nhiều. Tuy nhiên, nếu mẹ lo lắng về việc lây nhiễm bệnh, mẹ có thể tham khảo thông tin chi tiết tại cơ sở y tế địa phương.","['CHĂM SÓC TRẺ CHĂM SÓC TRẺ • Trẻ cần được tiêm chủng theo chương trình tiêm chủng mở rộng tại các cơ sở y tế. Hãy tham khảo thông tin chi tiết tại cơ sở y tế địa phương • Tiêm chủng giúp trẻ phòng chống các bệnh nguy hiểm • Từ 6 tháng cho đến khi 5 tuổi, cứ 6 tháng một lần, trẻ nên được bổ sung viên uống Vitamin-A tại trạm y tế hoặc cơ sở y tế tại địa phương Hãy đảm bảo trẻ được tiêm chủng đầy đủ và theo đúng lịch • Tiêm chủng giúp bảo vệ trẻ khỏi các bệnh bạch hầu, ho gà, uốn ván, sởi, quai bị, bại liệt, rubella, nhiễm khuẩn Hib (gây viêm màng não mủ, viêm họng, viêm phế quản phổi,..), thuỷ đậu, các bệnh do phế cầu khuẩn gây ra và viêm màng não (nhiễm trùng não mô cầu) HÃY ĐẢM BẢO TRẺ ĐƯỢC TIÊM CHỦNG ĐẦY ĐỦ 16', 'và: \uf02b Soi, cấy tìm song cầu lậu Gram (-). \uf02b Xác định xem trẻ chỉ bị viêm mắt hay còn bị nhiễm khuẩn huyết, viêm khớp hay kèm viêm màng não. - Xử trí: \uf02b Nếu mẹ bị bệnh lậu chưa được điều trị ổn định thì tiêm dự phòng cho trẻ 1 liều duy nhất ceftriazon 25-50 mg/kg, tiêm bắp (tổng liều không quá 125 mg) \uf02b Nếu trẻ chỉ bị viêm mắt thì chỉ cần dùng 1 liều ceftriazon duy nhất 25-50 mg/kg, tiêm bắp hay tĩnh mạch (không cần thiết phải dùng kháng sinh nhỏ mắt). \uf02b Nếu trẻ có triệu chứng nhiễm khuẩn toàn thân nặng hoặc điều trị 2 ngày không đỡ: chuyển tuyến trên, cho tiêm 1 liều kháng sinh như trên trước khi chuyển. 4.3. Tuyến tỉnh: Xử trí như tuyến huyện và: - Chẩn đoán sớm mức độ nhiễm khuẩn do lậu cầu dựa vào lâm sàng và các xét nghiệm (vi khuẩn, sinh hóa…). - Xử trí: \uf02b Chẩn đoán và điều trị như tuyến huyện nếu chỉ bị lậu mắt.', '87 - Tắm cho trẻ mỗi gày kèm theo sử dụng kem dưỡng da lành tính để duy trì độ ẩm và cân bằng da; - Chọn sữa tắm có độ pH phù hợp, không kích ứng và không chứa chất tẩy rửa; - Tránh các yếu tố nguy cơ như khí hậu khô, bụi, lông động vật, phấn hoa - Mẹ cho con bú nên ăn những t hực phẩm chứa chất chống oxy hóa làm tăng sức đề kháng của da Viêm rốn Biểu hiện - Ngay tại chân rốn của trẻ sơ sinh bị đỏ và sưng + Tại vùng r ốn tr ẻ sơ sinh có ti ết ra ch ất d ịch m ủ có mùi hôi hoặc rốn vẫn còn ướt sau khi rụng + Đỏ vùng da xung quanh rốn + Rốn chảy máu - Trẻ bị sốt cao trên 37,5 đ ộ C, bé th ở nhanh (nhịp thở trên 60 lần/ phút), bé bị vàng da - Trẻ quấy khóc Phân độ nhiễm trùng rốn theo Tổ chức Y tế Thế giới - Mức độ nhiễm trùng nhẹ: Tình trạng sưng, đỏ chỉ diễn ra ngay tại chân rốn trẻ sơ sinh.', 'Chủ đề: Drug. Tiêu đề: Trẻ em, phụ nữ có thai và cho con bú. Từ khoá: Atopiclair. Câu hỏi: Là thuốc dùng bôi da Atopiclair có thể sử dụng an toàn cho trẻ sơ sinh dưới 2 tuổi không?. Trả lời: Thuốc Atopiclair có thể dùng cho trẻ sơ sinh, trẻ nhỏ dưới 2 tuổi.. Ngữ cảnh: Atopiclair có thể sử dụng an toàn cho trẻ sơ sinh, trẻ nhỏ dưới 2 tuổi. Atopiclair dạng lotion an toàn cho trẻ em và mẹ cho con bú. Trước khi sử dụng bất cứ thuốc nào trong thời kỳ này, bạn cũng cần hỏi ý kiến bác sĩ, dược sĩ để đảm bảo an toàn.', 'Chủ đề: Disease. Tiêu đề: Triệu chứng của bệnh lậu? - Trẻ sơ sinh. Từ khoá: Lậu. Câu hỏi: Trẻ sơ sinh bị lây nhiễm bệnh lậu từ mẹ có triệu chứng gì?. Trả lời: Trẻ sơ sinh bị lây nhiễm bệnh lậu từ mẹ có triệu chứng viêm kết mạc với các dấu hiệu mắt đỏ và đóng mủ.. Ngữ cảnh: Phụ nữ mang thai nếu không được phát hiện và điều trị bệnh lậu thì có thể lây nhiễm vi khuẩn lậu cho trẻ trong khi sinh. Dấu hiệu gợi ý trẻ sinh ra bị lây nhiễm bệnh lậu từ mẹ là viêm kết mạc với các triệu chứng mắt đỏ và đóng mủ. Ngoài ra, trường hợp nghiêm trọng hơn, trẻ sơ sinh có thể bị nhiễm trùng máu, viêm não, viêm màng não do vi khuẩn lậu.']","Trẻ cần được tiêm bắp vitamin K1, tiêm phòng Lao(BCG) và viêm gan B.","Hàng xóm vừa đẻ xong bị sốt, em sợ quá, tại cơ sở y tế, trẻ sơ sinh cần được tiêm các loại vắc xin nào ngay để em tránh cho con","['CHĂM SÓC TRẺ CHĂM SÓC TRẺ • Trẻ cần được tiêm chủng theo chương trình tiêm chủng mở rộng tại các cơ sở y tế. Hãy tham khảo thông tin chi tiết tại cơ sở y tế địa phương • Tiêm chủng giúp trẻ phòng chống các bệnh nguy hiểm • Từ 6 tháng cho đến khi 5 tuổi, cứ 6 tháng một lần, trẻ nên được bổ sung viên uống Vitamin-A tại trạm y tế hoặc cơ sở y tế tại địa phương Hãy đảm bảo trẻ được tiêm chủng đầy đủ và theo đúng lịch • Tiêm chủng giúp bảo vệ trẻ khỏi các bệnh bạch hầu, ho gà, uốn ván, sởi, quai bị, bại liệt, rubella, nhiễm khuẩn Hib (gây viêm màng não mủ, viêm họng, viêm phế quản phổi,..), thuỷ đậu, các bệnh do phế cầu khuẩn gây ra và viêm màng não (nhiễm trùng não mô cầu) HÃY ĐẢM BẢO TRẺ ĐƯỢC TIÊM CHỦNG ĐẦY ĐỦ 16', 'và: \uf02b Soi, cấy tìm song cầu lậu Gram (-). \uf02b Xác định xem trẻ chỉ bị viêm mắt hay còn bị nhiễm khuẩn huyết, viêm khớp hay kèm viêm màng não. - Xử trí: \uf02b Nếu mẹ bị bệnh lậu chưa được điều trị ổn định thì tiêm dự phòng cho trẻ 1 liều duy nhất ceftriazon 25-50 mg/kg, tiêm bắp (tổng liều không quá 125 mg) \uf02b Nếu trẻ chỉ bị viêm mắt thì chỉ cần dùng 1 liều ceftriazon duy nhất 25-50 mg/kg, tiêm bắp hay tĩnh mạch (không cần thiết phải dùng kháng sinh nhỏ mắt). \uf02b Nếu trẻ có triệu chứng nhiễm khuẩn toàn thân nặng hoặc điều trị 2 ngày không đỡ: chuyển tuyến trên, cho tiêm 1 liều kháng sinh như trên trước khi chuyển. 4.3. Tuyến tỉnh: Xử trí như tuyến huyện và: - Chẩn đoán sớm mức độ nhiễm khuẩn do lậu cầu dựa vào lâm sàng và các xét nghiệm (vi khuẩn, sinh hóa…). - Xử trí: \uf02b Chẩn đoán và điều trị như tuyến huyện nếu chỉ bị lậu mắt.', '87 - Tắm cho trẻ mỗi gày kèm theo sử dụng kem dưỡng da lành tính để duy trì độ ẩm và cân bằng da; - Chọn sữa tắm có độ pH phù hợp, không kích ứng và không chứa chất tẩy rửa; - Tránh các yếu tố nguy cơ như khí hậu khô, bụi, lông động vật, phấn hoa - Mẹ cho con bú nên ăn những t hực phẩm chứa chất chống oxy hóa làm tăng sức đề kháng của da Viêm rốn Biểu hiện - Ngay tại chân rốn của trẻ sơ sinh bị đỏ và sưng + Tại vùng r ốn tr ẻ sơ sinh có ti ết ra ch ất d ịch m ủ có mùi hôi hoặc rốn vẫn còn ướt sau khi rụng + Đỏ vùng da xung quanh rốn + Rốn chảy máu - Trẻ bị sốt cao trên 37,5 đ ộ C, bé th ở nhanh (nhịp thở trên 60 lần/ phút), bé bị vàng da - Trẻ quấy khóc Phân độ nhiễm trùng rốn theo Tổ chức Y tế Thế giới - Mức độ nhiễm trùng nhẹ: Tình trạng sưng, đỏ chỉ diễn ra ngay tại chân rốn trẻ sơ sinh.', 'Chủ đề: Drug. Tiêu đề: Trẻ em, phụ nữ có thai và cho con bú. Từ khoá: Atopiclair. Câu hỏi: Là thuốc dùng bôi da Atopiclair có thể sử dụng an toàn cho trẻ sơ sinh dưới 2 tuổi không?. Trả lời: Thuốc Atopiclair có thể dùng cho trẻ sơ sinh, trẻ nhỏ dưới 2 tuổi.. Ngữ cảnh: Atopiclair có thể sử dụng an toàn cho trẻ sơ sinh, trẻ nhỏ dưới 2 tuổi. Atopiclair dạng lotion an toàn cho trẻ em và mẹ cho con bú. Trước khi sử dụng bất cứ thuốc nào trong thời kỳ này, bạn cũng cần hỏi ý kiến bác sĩ, dược sĩ để đảm bảo an toàn.', 'Chủ đề: Disease. Tiêu đề: Triệu chứng của bệnh lậu? - Trẻ sơ sinh. Từ khoá: Lậu. Câu hỏi: Trẻ sơ sinh bị lây nhiễm bệnh lậu từ mẹ có triệu chứng gì?. Trả lời: Trẻ sơ sinh bị lây nhiễm bệnh lậu từ mẹ có triệu chứng viêm kết mạc với các dấu hiệu mắt đỏ và đóng mủ.. Ngữ cảnh: Phụ nữ mang thai nếu không được phát hiện và điều trị bệnh lậu thì có thể lây nhiễm vi khuẩn lậu cho trẻ trong khi sinh. Dấu hiệu gợi ý trẻ sinh ra bị lây nhiễm bệnh lậu từ mẹ là viêm kết mạc với các triệu chứng mắt đỏ và đóng mủ. Ngoài ra, trường hợp nghiêm trọng hơn, trẻ sơ sinh có thể bị nhiễm trùng máu, viêm não, viêm màng não do vi khuẩn lậu.']","Mẹ ơi, chúc mừng mẹ có bé khỏe mạnh! Giai đoạn này mẹ cần chú ý chăm sóc rốn và tử cung.

Về tình trạng rốn bé sưng đỏ, mẹ có thể sử dụng cồn 90 độ lau nhẹ nhàng để giảm sưng và ngăn ngừa nhiễm trùng. Tuy nhiên, nếu tình trạng rốn không cải thiện hoặc có dấu hiệu nhiễm trùng nghiêm trọng, mẹ nên đưa bé đến cơ sở y tế để được kiểm tra và điều trị kịp thời.

Về tình trạng nứt ti ta đau khi cho con bú, mẹ có thể sử dụng kem dưỡng da lành tính để giảm đau và ngăn ngừa nhiễm trùng. Mẹ cũng có thể thử sử dụng thuốc Atopiclair dạng lotion để giảm đau và ngăn ngừa nhiễm trùng.

Về tình trạng tưa miệng trắng ở lưỡi của bé, đây là một tình trạng phổ biến ở trẻ sơ sinh. Mẹ không cần lo lắng quá nhiều, vì tình trạng này thường tự khỏi sau một vài ngày. Tuy nhiên, nếu tình trạng tưa miệng không cải thiện hoặc có dấu hiệu nhiễm trùng nghiêm trọng, mẹ nên đưa bé đến cơ sở y tế để được kiểm tra và điều trị kịp thời.

Về việc tiêm vắc xin cho bé, mẹ có thể tham khảo thông tin chi tiết tại cơ sở y tế địa phương. Tiêm chủng giúp trẻ phòng chống các bệnh nguy hiểm và bảo vệ trẻ khỏi các bệnh bạch hầu, ho gà, uốn ván, sởi, quai bị, bại liệt, rubella, nhiễm khuẩn Hib, thuỷ đậu, các bệnh do phế cầu khuẩn gây ra và viêm màng não.

Về việc hàng xóm vừa đẻ xong bị sốt, mẹ không cần lo lắng quá nhiều. Tuy nhiên, nếu mẹ lo lắng về việc lây nhiễm bệnh, mẹ có thể tham khảo thông tin chi tiết tại cơ sở y tế địa phương.","Trẻ cần được tiêm bắp vitamin K1, tiêm phòng Lao(BCG) và viêm gan B.",0.0,0.0,0.49209231653466806,0.3
"Con em khóc lắm chắc do lạnh, nhưng em muốn hỏi chính quy gia đình cần theo dõi những bộ phận nào của trẻ sơ sinh tại nhà vậy ạ","Mẹ ơi, chúc mừng bạn đã có bé khỏe mạnh! Giai đoạn này, mẹ cần chú ý chăm sóc rốn và tử cung. Tuy nhiên, bạn cũng cần theo dõi các bộ phận khác của bé để đảm bảo sức khỏe của con.

Theo tài liệu, khi bé mới sinh, mẹ cần theo dõi các dấu hiệu sau:

- Rốn: Không rỉ máu, không sưng đỏ quá mức.
- Tử cung: Không có dấu hiệu chảy máu hoặc đau đớn.
- Tiêu hóa: Không có dấu hiệu tiêu chảy hoặc nôn mửa.
- Nước tiểu: Không có dấu hiệu mất nước hoặc nước tiểu ít.
- Thể trạng: Không có dấu hiệu mệt mỏi, buồn ngủ hoặc khó đánh thức.

Ngoài ra, mẹ cũng cần theo dõi các dấu hiệu khác như:

- Khóc liên miên hoặc khóc khó dỗ.
- Rất buồn ngủ hoặc cáu kỉnh.
- Khó đánh thức khỏi giấc ngủ.
- Không hoạt động hoặc chậm chạp.
- Không thức dậy để ăn.
- Bú kém.
- Nôn mửa.

Nếu mẹ phát hiện bất kỳ dấu hiệu nào trên, hãy liên hệ với bác sĩ ngay lập tức để được tư vấn và chăm sóc.

Hãy nhớ, mẹ là người quan trọng nhất trong cuộc sống của bé, và việc theo dõi sức khỏe của con là trách nhiệm của mẹ.","['Hướng dẫn bà mẹ nuôi con nhỏ khi trẻ khóc nhiều • Đối với bà mẹ không đủ sữa, cần tìm nguyên nhân trẻ khóc để có thể giúp bà mẹ. • Chấp nhận những cảm nghĩ của bà mẹ về lý do làm trẻ khóc và về phản ứng của trẻ. • Cố gắng tìm hiểu các áp lực của gia đình đối với bà mẹ và những cảm nghĩ của họ về lý do trẻ khóc. • Đánh giá một bữa bú để kiểm tra tư thế bú • Đánh giá tình trạng và sự phát triển của trẻ và xem trẻ có bị bệnh hoặc bị đau không. • Hướng dẫn cho bà mẹ cách bế khi trẻ khóc: bế trẻ sát vào lòng, xoa lưng nhẹ nhàng và xoa bụng trẻ.', 'Chủ đề: Disease. Tiêu đề: Thời điểm nên đi khám bệnh - Trẻ sơ sinh và trẻ nhỏ. Từ khoá: Viêm dạ dày ruột do virus. Câu hỏi: Làm thế nào để biết trẻ sơ sinh có bị mất nước hay không?. Trả lời: Bạn cần theo dõi lượng nước trẻ uống và lượng nước tiểu của trẻ.. Ngữ cảnh: Nếu như con bạn trong độ tuổi sơ sinh và trẻ nhỏ, bạn hãy liên hệ với bác sĩ ngay, nếu: - Sốt từ 39°C trở lên.\n- Vẻ mặt trẻ lừ đừ hay khóc khó dỗ.\n- Đi tiêu ra phân lẫn máu.\n- Có dấu hiệu mất nước. Nếu trẻ có dấu hiệu mất nước, bạn cần theo dõi lượng nước trẻ uống và lượng nước tiểu của trẻ.\n- Nếu con bạn là trẻ sơ sinh, bé có thể nôn do nhiều nguyên nhân. Và một số trong đó cần có sự chăm sóc của nhân viên y tế. Hãy gọi ngay cho bác sĩ, nếu trẻ sơ sinh có những dấu hiệu báo sau đây: - Nôn kéo dài trong vài giờ.\n- Không có tã ướt trong 6 giờ liên tục.\n- Tiêu phân có máu hoặc tiêu chảy nặng.\n- Khô miệng hay khóc nhiều nhưng không có nước mắt.\n- Ngủ bất thường, hay khó đánh thức bé dậy.', 'Chủ đề: Disease. Tiêu đề: Dấu hiệu viêm màng não. Từ khoá: Viêm màng não. Câu hỏi: Những dấu hiệu nào có thể xảy ra ở những người trên 2 tuổi bị viêm màng não?. Trả lời: Sốt cao đột ngột, cổ cứng, nhức đầu dữ dội, buồn nôn hoặc nôn mửa, nhầm lẫn hoặc mất tập trung, co giật, buồn ngủ hoặc lú lẫn, nhạy cảm với ánh sáng, không thèm ăn hay khát nước, phát ban da trong một số trường hợp, chẳng hạn như viêm màng não mô cầu.. Ngữ cảnh: Các triệu chứng có thể xảy ra ở bất kỳ ai trên 2 tuổi bao gồm:3 - Sốt cao đột ngột.\n- Cổ cứng.\n- Nhức đầu dữ dội.\n- Buồn nôn hoặc nôn mửa.\n- Nhầm lẫn hoặc khó tập trung.\n- Co giật.\n- Buồn ngủ hoặc khó đánh thức.\n- Nhạy cảm với ánh sáng.\n- Không thèm ăn hay khát nước.\n- Phát ban da trong một số trường hợp, chẳng hạn như viêm màng não mô cầu. Ở trẻ nhỏ và trẻ sơ sinh có thêm có thêm các dấu hiệu sau:3 - Sốt cao.\n- Khóc liên miên.\n- Rất buồn ngủ hoặc cáu kỉnh.\n- Khó đánh thức khỏi giấc ngủ.\n- Không hoạt động hoặc chậm chạp.\n- Không thức dậy để ăn.\n- Bú kém.\n- Nôn mửa.\n- Một chỗ phình ra ở phần mềm trên đỉnh đầu của em bé.\n- Cứng trong cơ thể và cổ.', '7 Bàn giao việc chăm sóc đến khoa hậu sản • Nhân viên bàn giao việc chăm sóc khi chuyển từ phòng sanh: • Kiểm tra thông tin bé dựa vào thông tin mẹ với nhân viên nhận • Đánh giá và ghi hồ sơ theo dõi trẻ sơ sinh – như hướng dẫn • Kiểm tra giới tính bé (dựa vào tóm tắt lúc sinh), rốn (không rỉ máu) và những lý do tiếp tục theo dõi bé như: Strep nhóm B, ối lẫn phân su hoặc ối vỡ sớm • Hồ sơ bàn giao có ghi nhận sự theo dõi mẹ và biểu đồ kiểm tra trẻ sơ sinh với 2 chữ kí của nhân viên (ngày tháng, thời gian, tên, chữ kí) Đến khoa hậu sản Nhập và hướng dẫn tại khoa hậu sản • Thông báo cho sản phụ biết khi tiếp xúc lần đầu tiên tại khoa hậu sản về các dấu hiệu và triệu chứng chủ yếu đe dọa tính mạng • Hướng dẫn sản phụ cách liên hệ ngay với nữ hộ sinh hay gọi trợ giúp khẩn cấp nếu có bất kì các dấu hiệu và triệu chứng xuất hiện', 'Câu hỏi: Khi nào thì cha mẹ nên tìm sự giúp đỡ từ những người có chuyên môn thay vì dạy trẻ chậm nói tại nhà?. Trả lời: Theo Viện Hàn lâm Thần kinh học của Mỹ, có 5 dấu hiệu cờ đỏ( dấu hiệu cảnh báo) của trẻ mà khi phát hiện, cha mẹ cần sớm đưa trẻ đến thăm khám tại các cơ sở có chuyên môn. Đó là:\n- Không bi bô, không biết dùng cử chỉ, ra dấu vào khoảng 12 tháng\n- Không biết nói từ đơn khi 16 tháng\n- Không biết đáp lại khi được gọi tên\n- Không tự nói được câu có 2 từ khi 24 tháng\n- Mất kỹ năng ngôn ngữ hoặc xã hội ở bất kỳ độ tuổi nào..']","Gia đình và bà mẹ cần theo dõi về nhịp thở, màu da, rốn, bàn chân, tiểu tiện và
phân su của trẻ.","Con em khóc lắm chắc do lạnh, nhưng em muốn hỏi chính quy gia đình cần theo dõi những bộ phận nào của trẻ sơ sinh tại nhà vậy ạ","['Hướng dẫn bà mẹ nuôi con nhỏ khi trẻ khóc nhiều • Đối với bà mẹ không đủ sữa, cần tìm nguyên nhân trẻ khóc để có thể giúp bà mẹ. • Chấp nhận những cảm nghĩ của bà mẹ về lý do làm trẻ khóc và về phản ứng của trẻ. • Cố gắng tìm hiểu các áp lực của gia đình đối với bà mẹ và những cảm nghĩ của họ về lý do trẻ khóc. • Đánh giá một bữa bú để kiểm tra tư thế bú • Đánh giá tình trạng và sự phát triển của trẻ và xem trẻ có bị bệnh hoặc bị đau không. • Hướng dẫn cho bà mẹ cách bế khi trẻ khóc: bế trẻ sát vào lòng, xoa lưng nhẹ nhàng và xoa bụng trẻ.', 'Chủ đề: Disease. Tiêu đề: Thời điểm nên đi khám bệnh - Trẻ sơ sinh và trẻ nhỏ. Từ khoá: Viêm dạ dày ruột do virus. Câu hỏi: Làm thế nào để biết trẻ sơ sinh có bị mất nước hay không?. Trả lời: Bạn cần theo dõi lượng nước trẻ uống và lượng nước tiểu của trẻ.. Ngữ cảnh: Nếu như con bạn trong độ tuổi sơ sinh và trẻ nhỏ, bạn hãy liên hệ với bác sĩ ngay, nếu: - Sốt từ 39°C trở lên.\n- Vẻ mặt trẻ lừ đừ hay khóc khó dỗ.\n- Đi tiêu ra phân lẫn máu.\n- Có dấu hiệu mất nước. Nếu trẻ có dấu hiệu mất nước, bạn cần theo dõi lượng nước trẻ uống và lượng nước tiểu của trẻ.\n- Nếu con bạn là trẻ sơ sinh, bé có thể nôn do nhiều nguyên nhân. Và một số trong đó cần có sự chăm sóc của nhân viên y tế. Hãy gọi ngay cho bác sĩ, nếu trẻ sơ sinh có những dấu hiệu báo sau đây: - Nôn kéo dài trong vài giờ.\n- Không có tã ướt trong 6 giờ liên tục.\n- Tiêu phân có máu hoặc tiêu chảy nặng.\n- Khô miệng hay khóc nhiều nhưng không có nước mắt.\n- Ngủ bất thường, hay khó đánh thức bé dậy.', 'Chủ đề: Disease. Tiêu đề: Dấu hiệu viêm màng não. Từ khoá: Viêm màng não. Câu hỏi: Những dấu hiệu nào có thể xảy ra ở những người trên 2 tuổi bị viêm màng não?. Trả lời: Sốt cao đột ngột, cổ cứng, nhức đầu dữ dội, buồn nôn hoặc nôn mửa, nhầm lẫn hoặc mất tập trung, co giật, buồn ngủ hoặc lú lẫn, nhạy cảm với ánh sáng, không thèm ăn hay khát nước, phát ban da trong một số trường hợp, chẳng hạn như viêm màng não mô cầu.. Ngữ cảnh: Các triệu chứng có thể xảy ra ở bất kỳ ai trên 2 tuổi bao gồm:3 - Sốt cao đột ngột.\n- Cổ cứng.\n- Nhức đầu dữ dội.\n- Buồn nôn hoặc nôn mửa.\n- Nhầm lẫn hoặc khó tập trung.\n- Co giật.\n- Buồn ngủ hoặc khó đánh thức.\n- Nhạy cảm với ánh sáng.\n- Không thèm ăn hay khát nước.\n- Phát ban da trong một số trường hợp, chẳng hạn như viêm màng não mô cầu. Ở trẻ nhỏ và trẻ sơ sinh có thêm có thêm các dấu hiệu sau:3 - Sốt cao.\n- Khóc liên miên.\n- Rất buồn ngủ hoặc cáu kỉnh.\n- Khó đánh thức khỏi giấc ngủ.\n- Không hoạt động hoặc chậm chạp.\n- Không thức dậy để ăn.\n- Bú kém.\n- Nôn mửa.\n- Một chỗ phình ra ở phần mềm trên đỉnh đầu của em bé.\n- Cứng trong cơ thể và cổ.', '7 Bàn giao việc chăm sóc đến khoa hậu sản • Nhân viên bàn giao việc chăm sóc khi chuyển từ phòng sanh: • Kiểm tra thông tin bé dựa vào thông tin mẹ với nhân viên nhận • Đánh giá và ghi hồ sơ theo dõi trẻ sơ sinh – như hướng dẫn • Kiểm tra giới tính bé (dựa vào tóm tắt lúc sinh), rốn (không rỉ máu) và những lý do tiếp tục theo dõi bé như: Strep nhóm B, ối lẫn phân su hoặc ối vỡ sớm • Hồ sơ bàn giao có ghi nhận sự theo dõi mẹ và biểu đồ kiểm tra trẻ sơ sinh với 2 chữ kí của nhân viên (ngày tháng, thời gian, tên, chữ kí) Đến khoa hậu sản Nhập và hướng dẫn tại khoa hậu sản • Thông báo cho sản phụ biết khi tiếp xúc lần đầu tiên tại khoa hậu sản về các dấu hiệu và triệu chứng chủ yếu đe dọa tính mạng • Hướng dẫn sản phụ cách liên hệ ngay với nữ hộ sinh hay gọi trợ giúp khẩn cấp nếu có bất kì các dấu hiệu và triệu chứng xuất hiện', 'Câu hỏi: Khi nào thì cha mẹ nên tìm sự giúp đỡ từ những người có chuyên môn thay vì dạy trẻ chậm nói tại nhà?. Trả lời: Theo Viện Hàn lâm Thần kinh học của Mỹ, có 5 dấu hiệu cờ đỏ( dấu hiệu cảnh báo) của trẻ mà khi phát hiện, cha mẹ cần sớm đưa trẻ đến thăm khám tại các cơ sở có chuyên môn. Đó là:\n- Không bi bô, không biết dùng cử chỉ, ra dấu vào khoảng 12 tháng\n- Không biết nói từ đơn khi 16 tháng\n- Không biết đáp lại khi được gọi tên\n- Không tự nói được câu có 2 từ khi 24 tháng\n- Mất kỹ năng ngôn ngữ hoặc xã hội ở bất kỳ độ tuổi nào..']","Mẹ ơi, chúc mừng bạn đã có bé khỏe mạnh! Giai đoạn này, mẹ cần chú ý chăm sóc rốn và tử cung. Tuy nhiên, bạn cũng cần theo dõi các bộ phận khác của bé để đảm bảo sức khỏe của con.

Theo tài liệu, khi bé mới sinh, mẹ cần theo dõi các dấu hiệu sau:

- Rốn: Không rỉ máu, không sưng đỏ quá mức.
- Tử cung: Không có dấu hiệu chảy máu hoặc đau đớn.
- Tiêu hóa: Không có dấu hiệu tiêu chảy hoặc nôn mửa.
- Nước tiểu: Không có dấu hiệu mất nước hoặc nước tiểu ít.
- Thể trạng: Không có dấu hiệu mệt mỏi, buồn ngủ hoặc khó đánh thức.

Ngoài ra, mẹ cũng cần theo dõi các dấu hiệu khác như:

- Khóc liên miên hoặc khóc khó dỗ.
- Rất buồn ngủ hoặc cáu kỉnh.
- Khó đánh thức khỏi giấc ngủ.
- Không hoạt động hoặc chậm chạp.
- Không thức dậy để ăn.
- Bú kém.
- Nôn mửa.

Nếu mẹ phát hiện bất kỳ dấu hiệu nào trên, hãy liên hệ với bác sĩ ngay lập tức để được tư vấn và chăm sóc.

Hãy nhớ, mẹ là người quan trọng nhất trong cuộc sống của bé, và việc theo dõi sức khỏe của con là trách nhiệm của mẹ.","Gia đình và bà mẹ cần theo dõi về nhịp thở, màu da, rốn, bàn chân, tiểu tiện và
phân su của trẻ.",1.0,0.99999999995,0.539535527660826,0.7368421052631579
"Người ta bảo cho ăn thêm nước trắng cũng là bú mẹ, thế nào là nuôi con bằng sữa mẹ hoàn toàn chuẩn y khoa vậy ạ","Mẹ ạ, theo Tổ chức Y tế Thế giới (WHO), nuôi con bằng sữa mẹ hoàn toàn là khi trẻ chỉ nhận được sữa mẹ, không có bất kỳ thức ăn hoặc chất lỏng bổ sung nào, ngay cả nước. Điều này có nghĩa là mẹ cần cho con bú thường xuyên và đủ để đáp ứng nhu cầu dinh dưỡng của bé.

Sữa mẹ chứa hơn 80% là nước, nên mẹ không cần cho con uống nước riêng biệt. Thay vào đó, mẹ có thể cho con bú thường xuyên để đáp ứng nhu cầu nước của bé. Điều này cũng giúp bảo vệ bé khỏi nguy cơ nhiễm trùng và đảm bảo rằng bé nhận được đủ chất dinh dưỡng.

Khi cho con bú, mẹ cần đảm bảo rằng bé đang bú sữa mẹ hoàn toàn, không có bất kỳ thức ăn hoặc chất lỏng bổ sung nào. Điều này có nghĩa là mẹ cần tránh cho con uống nước, sữa ngoài, hoặc bất kỳ chất lỏng nào khác.

Nếu mẹ cho con bú đúng cách và thường xuyên, bé sẽ nhận được đủ chất dinh dưỡng và nước cần thiết để phát triển khỏe mạnh.","['Tại sao chúng ta không cần cho trẻ sơ sinh dưới 6 tháng tuổi uống nước?\nNhiều gia đình có thói quen cho bé uống thêm nước khi bú, hoặc bổ sung nước cho bé sau các cữ bú để bé đỡ khát hoặc để tráng miệng cho bé. Điều này nghe có vẻ hợp lý, nhưng sự thật đây là điều không tốt cho bé sơ sinh dưới 6 tháng tuổi.\nCho trẻ sơ sinh uống nước khiến bé có nguy cơ bị tiêu chảy và suy dinh dưỡng\nNguồn nước có thể không sạch và khiến bé bị nhiễm trùng.\nBên cạnh đó, dạ dày của trẻ sơ sinh có dung tích nhỏ, việc cho bé uống thêm nước sẽ làm cho bé bị no và bú mẹ ít đi, hoặc ngưng bú sữa mẹ, từ đó bé kém hấp thu chất dinh dưỡng dẫn đến tình trạng suy dinh dưỡng. Cho bé uống thêm nước sau mỗi cử bú dễ khiến bé bị ọc hay bị sặc. Mặt khác, nếu các bà mẹ cho con uống nước thay vì bú cũng sẽ khiến mẹ dần ít sữa trong tương lai.\nSữa mẹ có hơn 80% là nước:\nSữa mẹ chứa hơn 80% là nước, đặc biệt là sữa đầu dòng (sữa đầu mỗi cử bú). Do đó, bất cứ khi nào người mẹ cảm thấy con mình khát, mẹ có thể cho con bú. Điều này sẽ thỏa mãn “cơn khát” của bé và tiếp tục bảo vệ bé khỏi nguy cơ nhiễm trùng. Bé không cần nước trước khi được 6 tháng tuổi, ngay cả trong điều kiện khí hậu nóng. Đây cũng là một trong những lý ', '| 217 TƯ VẤN NUÔI CON BẰNG SỮA MẸ Sữa mẹ là nguồn dinh dưỡng quý giá nh ất giúp cho tr ẻ sơ sinh chống lại bệnh tật đồng thời tăng cường sức khỏe và sự phát triển của trẻ. Theo ước tính của Tổ chức Y tế Thế giới: 22% các trường hợp tử vong ở trẻ sơ sinh có thể phòng tránh được nếu được bú sữa mẹ sớm trong vòng 1 gi ờ đầu sau sinh, 13% tr ẻ dưới 5 tuổi bị tử vong có thể ngăn chặn được nếu được bú sữa mẹ hoàn toàn. 1. Khi mang thai. - Giải thích: lợi ích của bú mẹ; Giải thích: thế nào là bú sữa mẹ sớm và bú sữa mẹ hoàn toàn và lợi ích của nó - Hỏi kinh nghiệm nuôi con bằng sữa mẹ. - Giải thích tầm quan trọng của việc chăm sóc vú và núm vú, xin phép khám. - Tạo niềm tin là tất cả bà mẹ đều có thể nuôi con bằng sữa mẹ. 2. Ngay sau đẻ. - Thực hiện tiếp xúc da kề da ngay sau đẻ để giúp trẻ được bú sữa mẹ sớm (trong vòng 90 phút sau đẻ). Cho con nằm cạnh mẹ: \uf02b Mẹ dễ chăm sóc,theo dõi con. \uf02b Trẻ ít khóc hơn. \uf02b Thời gian bú mẹ được lâu hơn. - Tư vấn về lợi ích của việc cho bú sớm: \uf02b Lợi ích của sữa non. \uf02b Sữa về sớm hơn. \uf02b Trẻ tăng cân tốt hơn. \uf02b Ít bị cương tắc sữa. \uf02b Không vắt bỏ sữa non, cần cho con bú cả sữa non. - Hướng dẫn bà mẹ cho con bú đúng: Trẻ ngậm bắt vú đúng (Miệng trẻ mở rộng', 'Lợi ích của nuôi con bằng sữa mẹ NCBSM • Giúp tăng cường tình cảm mẹ con, bảo đảm sự phát triển của trẻ • Giúp chậm có thai trở lại • Bảo vệ sức khỏe bà mẹ \uf06c Chi phí thấp hơn so với nuôi nhân tạo Sữa mẹ • Là nguồn dinh dưỡng hoàn hảo • Dễ tiêu hóa, sử dụng hiệu quả • Phòng ngừa các bệnh nhiễm khuẩn', 'Yếu tố tâm lý cũng ảnh hưởng trực tiếp đến việc sản xuất sữa mẹ, nếu mẹ quá căng thẳng sẽ làm chậm quá trình sản sinh oxytocin – một loại hormone có nhiệm vụ kích thích vú tiết sữa. Tình trạng này thường gặp ở những chị em lần đầu làm mẹ khi chưa thích nghi với cuộc sống có thêm thành viên mới.\nCho con bú thì có bị tắc ống dẫn sữa không?\nNhiều mẹ lầm tưởng rằng chỉ những trường hợp không cho con bú sữa mẹ mới gặp tình trạng tắc tuyến sữa. Trên thực tế, có nhiều nguyên nhân dẫn đến tình trạng này, trong đó phải kể đến việc mẹ không cho con bú thường xuyên hoặc mẹ cho con bú không đúng cách, bé ngậm bắt vú sai hoặc mẹ không hút hết sữa còn sót lại ra ngoài dẫn đến sữa còn ứ đọng trong bầu ngực gây tắc nghẽn.\nMẹ có thể bị tắc tia sữa ngay sau sinh hoặc trong thời gian nuôi con bằng sữa mẹ \nBiểu hiện khi bị tắc tia sữa sau sinh\nBác sĩ Khánh Quyên cho biết, tình trạng tia sữa bị tắc có thể xảy ra bất cứ lúc nào dù mẹ mới bắt đầu cho con bú hoặc đã cho con bú được một thời gian. Vì thế, mẹ cần lưu ý những dấu hiệu dưới đây để nhận biết sớm tình trạng tắc tia sữa và can thiệp điều trị kịp thời, bao gồm: (3)\nKhông tiết sữa hoặc tiết sữa rất ít, kể cả khi mẹ chủ động vắt sữa.\nNgực càng lúc ', 'Nuôi dưỡng trẻ sinh thấp cân (1) Nuôi con bằng sữa mẹ cho trẻ sinh thấp cân có thể bú mẹ • Cho trẻ bú mẹ ngay sau sinh càng sớm càng tốt. • Trẻ sinh thấp cân thường bú yếu nên mỗi lần trẻ chỉ bú được ít sữa, vì vậy cần cho trẻ bú theo nhu cầu và thường xuyên hơn. • Trong những ngày đầu sau sinh, bà mẹ cho trẻ tập bú nhưng vẫn kết hợp vắt sữa và cho trẻ ăn bằng cốc, thìa để giúp trẻ tập phản xạ mút, nuốt sữa vừa đảm bảo trẻ nhận đủ lượng sữa cần thiết. • Tuyệt đối không nên cho trẻ bú bằng bình với núm vú giả vì sẽ làm cho trẻ quen bú vú giả bỏ bú mẹ sau này. • Cán bộ y tế cần hướng dẫn bà mẹ kỹ năng vắt sữa và cho trẻ ăn bằng cốc.']","Cho trẻ bú hoàn toàn bằng sữa mẹ mà không cần ăn thêm bất cứ thứ gì
khác, kể cả nước tráng miệng sau khi bú. Cho trẻ bú theo nhu cầu cả ngày
lẫn đêm.","Người ta bảo cho ăn thêm nước trắng cũng là bú mẹ, thế nào là nuôi con bằng sữa mẹ hoàn toàn chuẩn y khoa vậy ạ","['Tại sao chúng ta không cần cho trẻ sơ sinh dưới 6 tháng tuổi uống nước?\nNhiều gia đình có thói quen cho bé uống thêm nước khi bú, hoặc bổ sung nước cho bé sau các cữ bú để bé đỡ khát hoặc để tráng miệng cho bé. Điều này nghe có vẻ hợp lý, nhưng sự thật đây là điều không tốt cho bé sơ sinh dưới 6 tháng tuổi.\nCho trẻ sơ sinh uống nước khiến bé có nguy cơ bị tiêu chảy và suy dinh dưỡng\nNguồn nước có thể không sạch và khiến bé bị nhiễm trùng.\nBên cạnh đó, dạ dày của trẻ sơ sinh có dung tích nhỏ, việc cho bé uống thêm nước sẽ làm cho bé bị no và bú mẹ ít đi, hoặc ngưng bú sữa mẹ, từ đó bé kém hấp thu chất dinh dưỡng dẫn đến tình trạng suy dinh dưỡng. Cho bé uống thêm nước sau mỗi cử bú dễ khiến bé bị ọc hay bị sặc. Mặt khác, nếu các bà mẹ cho con uống nước thay vì bú cũng sẽ khiến mẹ dần ít sữa trong tương lai.\nSữa mẹ có hơn 80% là nước:\nSữa mẹ chứa hơn 80% là nước, đặc biệt là sữa đầu dòng (sữa đầu mỗi cử bú). Do đó, bất cứ khi nào người mẹ cảm thấy con mình khát, mẹ có thể cho con bú. Điều này sẽ thỏa mãn “cơn khát” của bé và tiếp tục bảo vệ bé khỏi nguy cơ nhiễm trùng. Bé không cần nước trước khi được 6 tháng tuổi, ngay cả trong điều kiện khí hậu nóng. Đây cũng là một trong những lý ', '| 217 TƯ VẤN NUÔI CON BẰNG SỮA MẸ Sữa mẹ là nguồn dinh dưỡng quý giá nh ất giúp cho tr ẻ sơ sinh chống lại bệnh tật đồng thời tăng cường sức khỏe và sự phát triển của trẻ. Theo ước tính của Tổ chức Y tế Thế giới: 22% các trường hợp tử vong ở trẻ sơ sinh có thể phòng tránh được nếu được bú sữa mẹ sớm trong vòng 1 gi ờ đầu sau sinh, 13% tr ẻ dưới 5 tuổi bị tử vong có thể ngăn chặn được nếu được bú sữa mẹ hoàn toàn. 1. Khi mang thai. - Giải thích: lợi ích của bú mẹ; Giải thích: thế nào là bú sữa mẹ sớm và bú sữa mẹ hoàn toàn và lợi ích của nó - Hỏi kinh nghiệm nuôi con bằng sữa mẹ. - Giải thích tầm quan trọng của việc chăm sóc vú và núm vú, xin phép khám. - Tạo niềm tin là tất cả bà mẹ đều có thể nuôi con bằng sữa mẹ. 2. Ngay sau đẻ. - Thực hiện tiếp xúc da kề da ngay sau đẻ để giúp trẻ được bú sữa mẹ sớm (trong vòng 90 phút sau đẻ). Cho con nằm cạnh mẹ: \uf02b Mẹ dễ chăm sóc,theo dõi con. \uf02b Trẻ ít khóc hơn. \uf02b Thời gian bú mẹ được lâu hơn. - Tư vấn về lợi ích của việc cho bú sớm: \uf02b Lợi ích của sữa non. \uf02b Sữa về sớm hơn. \uf02b Trẻ tăng cân tốt hơn. \uf02b Ít bị cương tắc sữa. \uf02b Không vắt bỏ sữa non, cần cho con bú cả sữa non. - Hướng dẫn bà mẹ cho con bú đúng: Trẻ ngậm bắt vú đúng (Miệng trẻ mở rộng', 'Lợi ích của nuôi con bằng sữa mẹ NCBSM • Giúp tăng cường tình cảm mẹ con, bảo đảm sự phát triển của trẻ • Giúp chậm có thai trở lại • Bảo vệ sức khỏe bà mẹ \uf06c Chi phí thấp hơn so với nuôi nhân tạo Sữa mẹ • Là nguồn dinh dưỡng hoàn hảo • Dễ tiêu hóa, sử dụng hiệu quả • Phòng ngừa các bệnh nhiễm khuẩn', 'Yếu tố tâm lý cũng ảnh hưởng trực tiếp đến việc sản xuất sữa mẹ, nếu mẹ quá căng thẳng sẽ làm chậm quá trình sản sinh oxytocin – một loại hormone có nhiệm vụ kích thích vú tiết sữa. Tình trạng này thường gặp ở những chị em lần đầu làm mẹ khi chưa thích nghi với cuộc sống có thêm thành viên mới.\nCho con bú thì có bị tắc ống dẫn sữa không?\nNhiều mẹ lầm tưởng rằng chỉ những trường hợp không cho con bú sữa mẹ mới gặp tình trạng tắc tuyến sữa. Trên thực tế, có nhiều nguyên nhân dẫn đến tình trạng này, trong đó phải kể đến việc mẹ không cho con bú thường xuyên hoặc mẹ cho con bú không đúng cách, bé ngậm bắt vú sai hoặc mẹ không hút hết sữa còn sót lại ra ngoài dẫn đến sữa còn ứ đọng trong bầu ngực gây tắc nghẽn.\nMẹ có thể bị tắc tia sữa ngay sau sinh hoặc trong thời gian nuôi con bằng sữa mẹ \nBiểu hiện khi bị tắc tia sữa sau sinh\nBác sĩ Khánh Quyên cho biết, tình trạng tia sữa bị tắc có thể xảy ra bất cứ lúc nào dù mẹ mới bắt đầu cho con bú hoặc đã cho con bú được một thời gian. Vì thế, mẹ cần lưu ý những dấu hiệu dưới đây để nhận biết sớm tình trạng tắc tia sữa và can thiệp điều trị kịp thời, bao gồm: (3)\nKhông tiết sữa hoặc tiết sữa rất ít, kể cả khi mẹ chủ động vắt sữa.\nNgực càng lúc ', 'Nuôi dưỡng trẻ sinh thấp cân (1) Nuôi con bằng sữa mẹ cho trẻ sinh thấp cân có thể bú mẹ • Cho trẻ bú mẹ ngay sau sinh càng sớm càng tốt. • Trẻ sinh thấp cân thường bú yếu nên mỗi lần trẻ chỉ bú được ít sữa, vì vậy cần cho trẻ bú theo nhu cầu và thường xuyên hơn. • Trong những ngày đầu sau sinh, bà mẹ cho trẻ tập bú nhưng vẫn kết hợp vắt sữa và cho trẻ ăn bằng cốc, thìa để giúp trẻ tập phản xạ mút, nuốt sữa vừa đảm bảo trẻ nhận đủ lượng sữa cần thiết. • Tuyệt đối không nên cho trẻ bú bằng bình với núm vú giả vì sẽ làm cho trẻ quen bú vú giả bỏ bú mẹ sau này. • Cán bộ y tế cần hướng dẫn bà mẹ kỹ năng vắt sữa và cho trẻ ăn bằng cốc.']","Mẹ ạ, theo Tổ chức Y tế Thế giới (WHO), nuôi con bằng sữa mẹ hoàn toàn là khi trẻ chỉ nhận được sữa mẹ, không có bất kỳ thức ăn hoặc chất lỏng bổ sung nào, ngay cả nước. Điều này có nghĩa là mẹ cần cho con bú thường xuyên và đủ để đáp ứng nhu cầu dinh dưỡng của bé.

Sữa mẹ chứa hơn 80% là nước, nên mẹ không cần cho con uống nước riêng biệt. Thay vào đó, mẹ có thể cho con bú thường xuyên để đáp ứng nhu cầu nước của bé. Điều này cũng giúp bảo vệ bé khỏi nguy cơ nhiễm trùng và đảm bảo rằng bé nhận được đủ chất dinh dưỡng.

Khi cho con bú, mẹ cần đảm bảo rằng bé đang bú sữa mẹ hoàn toàn, không có bất kỳ thức ăn hoặc chất lỏng bổ sung nào. Điều này có nghĩa là mẹ cần tránh cho con uống nước, sữa ngoài, hoặc bất kỳ chất lỏng nào khác.

Nếu mẹ cho con bú đúng cách và thường xuyên, bé sẽ nhận được đủ chất dinh dưỡng và nước cần thiết để phát triển khỏe mạnh.","Cho trẻ bú hoàn toàn bằng sữa mẹ mà không cần ăn thêm bất cứ thứ gì
khác, kể cả nước tráng miệng sau khi bú. Cho trẻ bú theo nhu cầu cả ngày
lẫn đêm.",0.5,0.99999999998,0.6144273835295724,0.8181818181818182
"Em vừa xong bình sữa lỡ quên rửa tay, sợ lây vi khuẩn, trước khi bế hoặc cho trẻ bú, người chăm sóc cần làm gì ạ","Cảm ơn mẹ đã hỏi. Theo tài liệu, trước khi bế hoặc cho trẻ bú, người chăm sóc cần rửa tay sạch sẽ bằng xà phòng và nước. Rửa tay sạch có nghĩa là rửa tay bằng xà phòng, chà xát hai tay vào nhau để xà phòng được phủ đều khắp các bề mặt và rửa tay lại bằng nước sạch, theo quy trình rửa tay 6 bước của Bộ Y tế.

Mẹ có thể tham khảo tài liệu ""Rửa tay là biện pháp nhanh và dễ dàng để giúp trẻ sạch sẽ và an toàn khỏi vi khuẩn"" để biết thêm thông tin về cách rửa tay đúng cách.","['Câu hỏi: Cách dùng thuốc nhỏ tai cho trẻ sơ sinh?. Trả lời: Cách dùng thuốc nhỏ tai cho trẻ sơ sinh gồm:\n- Rửa tay sạch bằng dung dịch sát khuẩn, xà phòng;\n- Giữ trẻ ở vị trí phù hợp;\n- Lắc nhẹ lọ thuốc nhỏ tai cho trẻ em;\n- Kéo phần dái tai xuống để ống tai mở rộng;\n- Nhỏ/xịt trực tiếp thuốc vào tai (có thể 1 hoặc cả 2 tai).\nSau khi nhỏ xong lau đầu vòi rồi đậy nắp lọ thuốc..', 'CHĂM SÓC TRẺ G I Ú P T R Ẻ G I Ữ G Ì N V Ệ S I N H Rửa tay là biện pháp nhanh và dễ dàng để giúp trẻ sạch sẽ và an toàn khỏi vi khuẩn. Rửa tay sạch có nghĩa là rửa tay bằng xà phòng, chà xát hai tay vào nhau để xà phòng được phủ đều khắp các bề mặt và rửa tay lại bằng nước sạch, theo quy trình rửa tay 6 bước của Bộ Y tế. Hãy dạy trẻ rửa tay: • Trước bữa ăn chính và bữa ăn nhẹ • Sau khi đi vệ sinh • Sau khi đi chơi bên ngoài về • Sau khi chơi với động vật và vật nuôi Rửa tay của bạn và của trẻ là cách tốt nhất để phòng tránh bệnh tật Cha mẹ nên rửa tay trước khi chuẩn bị thức ăn và cho trẻ ăn (cả khi cho trẻ bú). Cha mẹ nên rửa tay sau khi thay tã, bỉm hoặc giúp trẻ đi vệ sinh, bản thân đi vệ sinh, chuẩn bị thức ăn (đặc biệt là thịt, cá sống), lau hoặc hỉ mũi trẻ và hỉ mũi mình, chăm sóc trẻ ốm hoặc xử lý vật nuôi hoặc động vật. 18', 'Chuẩn bị vắt sữa Chuẩn bị dụng cụ đựng sữa • Chọn một chiếc cốc, ly, lọ hoặc bình đựng có miệng rộng. • Rửa cốc bằng xà phòng và nước (Bà mẹ có thể chuẩn bị từ hôm trước). • Rót nước sôi vào cốc và để trong vài phút. Nước đang sôi sẽ tiêu diệt hầu hết các vi khuẩn. Khi đã sẵn sàng vắt sữa thì đổ nước đi. Kích thích phản xạ oxytocin trước khi vắt sữa • Phản xạ oxytocin rất quan trọng giúp tống sữa ra ngoài. • Khi bà mẹ vắt sữa, phản xạ oxytocin không thể hoạt động tốt bằng khi trẻ bú. Bà mẹ cần biết cách hỗ trợ cho phản xạ oxytocin, nếu không bà mẹ sẽ gặp khó khăn trong việc vắt sữa.', 'Câu hỏi: Cách phòng bệnh tay chân miệng hiệu quả?. Trả lời: Bệnh Tay Chân Miệng hiện nay vẫn chưa có thuốc điều trị đặc hiệu và không phải là bệnh có thể miễn nhiễm suốt đời. Vì vậy, việc nâng cao nhận thức và chủ động phòng bệnh là chìa khóa quan trọng giúp bảo vệ trẻ trước nguy cơ tái nhiễm và những biến chứng không mong muốn. Các biện pháp phòng bệnh bao gồm:\nVệ sinh cá nhân, rửa tay thường xuyên bằng xà phòng, đặc biệt sau khi ho, hắt hơi hoặc xì mũi, thay tã, đi vệ sinh...\nLàm sạch và nên khử trùng các bề mặt hay đồ dùng thường xuyên tiếp xúc, vệ sinh đồ chơi, vật dụng của trẻ.\nKhông cho trẻ tiếp xúc với người đang bệnh.\nGiữ sạch môi trường sống.\nTránh chạm vào mắt, mũi, miệng khi tay chưa rửa.\nDạy và tập cho trẻ không đưa tay, đồ vật vào miệng.\nVắc xin: hiện nay chưa phổ biến..', '| 13 CÁC NGUYÊN TẮC VÔ KHUẨN TRONG DỊCH VỤ CHĂM SÓC SỨC KHỎE SINH SẢN 1. Môi trường sạch ở các phòng kỹ thuật. - Trong cơ sở y tế, phòng kỹ thuật phải được ưu tiên ở nơi sạch sẽ, khô ráo, xa các nơi dễ lây nhiễm như nhà bếp, nhà vệ sinh công cộng, khoa lây... - Phòng kỹ thuật phải có nền và tường không thấm nước để có thể rửa bằng nước và xà phòng, có hệ thống kín dẫn nước thải. - Phòng kỹ thuật không dùng quạt trần, có quạt bàn hoặc điều hòa nhiệt độ. Các cửa sổ phải lắp kính, cao hơn sàn nhà 1,5 m, nếu không có cửa kính phải có lưới hoặc màn để tránh ruồi muỗi bay vào phòng. - Những lúc không làm kỹ th uật, phòng phải đóng cửa kín không ai được ra vào. Tuyệt đối không làm việc khác trong phòng kỹ thuật. - Sau mỗi ca thủ thuật phải thay tấm lót bàn thủ thuật, lau chùi sạch sẽ tấm trải bàn rồi mới sử dụng tiếp. - Phòng phẫu thuật: mọi đồ vật trong phòng phải l uôn sạch, tiến hành lau chùi thường xuyên. 2. Khách hàng (người sử dụng các dịch vụ chăm sóc SKSS). 2.1. Trước khi làm thủ thuật, phẫu thuật. - Trước khi làm thủ thuật và phẫu thuật, khách hàng tắm rửa, thay quần áo sạch. - Đi tiểu hoặc làm rỗng bàng quang. - Cán bộ y tế kiểm tra lại một lần nữa trước khi phẫu thuật xem vùng ']",Rửa tay bằng xà phòng và nước sạch.,"Em vừa xong bình sữa lỡ quên rửa tay, sợ lây vi khuẩn, trước khi bế hoặc cho trẻ bú, người chăm sóc cần làm gì ạ","['Câu hỏi: Cách dùng thuốc nhỏ tai cho trẻ sơ sinh?. Trả lời: Cách dùng thuốc nhỏ tai cho trẻ sơ sinh gồm:\n- Rửa tay sạch bằng dung dịch sát khuẩn, xà phòng;\n- Giữ trẻ ở vị trí phù hợp;\n- Lắc nhẹ lọ thuốc nhỏ tai cho trẻ em;\n- Kéo phần dái tai xuống để ống tai mở rộng;\n- Nhỏ/xịt trực tiếp thuốc vào tai (có thể 1 hoặc cả 2 tai).\nSau khi nhỏ xong lau đầu vòi rồi đậy nắp lọ thuốc..', 'CHĂM SÓC TRẺ G I Ú P T R Ẻ G I Ữ G Ì N V Ệ S I N H Rửa tay là biện pháp nhanh và dễ dàng để giúp trẻ sạch sẽ và an toàn khỏi vi khuẩn. Rửa tay sạch có nghĩa là rửa tay bằng xà phòng, chà xát hai tay vào nhau để xà phòng được phủ đều khắp các bề mặt và rửa tay lại bằng nước sạch, theo quy trình rửa tay 6 bước của Bộ Y tế. Hãy dạy trẻ rửa tay: • Trước bữa ăn chính và bữa ăn nhẹ • Sau khi đi vệ sinh • Sau khi đi chơi bên ngoài về • Sau khi chơi với động vật và vật nuôi Rửa tay của bạn và của trẻ là cách tốt nhất để phòng tránh bệnh tật Cha mẹ nên rửa tay trước khi chuẩn bị thức ăn và cho trẻ ăn (cả khi cho trẻ bú). Cha mẹ nên rửa tay sau khi thay tã, bỉm hoặc giúp trẻ đi vệ sinh, bản thân đi vệ sinh, chuẩn bị thức ăn (đặc biệt là thịt, cá sống), lau hoặc hỉ mũi trẻ và hỉ mũi mình, chăm sóc trẻ ốm hoặc xử lý vật nuôi hoặc động vật. 18', 'Chuẩn bị vắt sữa Chuẩn bị dụng cụ đựng sữa • Chọn một chiếc cốc, ly, lọ hoặc bình đựng có miệng rộng. • Rửa cốc bằng xà phòng và nước (Bà mẹ có thể chuẩn bị từ hôm trước). • Rót nước sôi vào cốc và để trong vài phút. Nước đang sôi sẽ tiêu diệt hầu hết các vi khuẩn. Khi đã sẵn sàng vắt sữa thì đổ nước đi. Kích thích phản xạ oxytocin trước khi vắt sữa • Phản xạ oxytocin rất quan trọng giúp tống sữa ra ngoài. • Khi bà mẹ vắt sữa, phản xạ oxytocin không thể hoạt động tốt bằng khi trẻ bú. Bà mẹ cần biết cách hỗ trợ cho phản xạ oxytocin, nếu không bà mẹ sẽ gặp khó khăn trong việc vắt sữa.', 'Câu hỏi: Cách phòng bệnh tay chân miệng hiệu quả?. Trả lời: Bệnh Tay Chân Miệng hiện nay vẫn chưa có thuốc điều trị đặc hiệu và không phải là bệnh có thể miễn nhiễm suốt đời. Vì vậy, việc nâng cao nhận thức và chủ động phòng bệnh là chìa khóa quan trọng giúp bảo vệ trẻ trước nguy cơ tái nhiễm và những biến chứng không mong muốn. Các biện pháp phòng bệnh bao gồm:\nVệ sinh cá nhân, rửa tay thường xuyên bằng xà phòng, đặc biệt sau khi ho, hắt hơi hoặc xì mũi, thay tã, đi vệ sinh...\nLàm sạch và nên khử trùng các bề mặt hay đồ dùng thường xuyên tiếp xúc, vệ sinh đồ chơi, vật dụng của trẻ.\nKhông cho trẻ tiếp xúc với người đang bệnh.\nGiữ sạch môi trường sống.\nTránh chạm vào mắt, mũi, miệng khi tay chưa rửa.\nDạy và tập cho trẻ không đưa tay, đồ vật vào miệng.\nVắc xin: hiện nay chưa phổ biến..', '| 13 CÁC NGUYÊN TẮC VÔ KHUẨN TRONG DỊCH VỤ CHĂM SÓC SỨC KHỎE SINH SẢN 1. Môi trường sạch ở các phòng kỹ thuật. - Trong cơ sở y tế, phòng kỹ thuật phải được ưu tiên ở nơi sạch sẽ, khô ráo, xa các nơi dễ lây nhiễm như nhà bếp, nhà vệ sinh công cộng, khoa lây... - Phòng kỹ thuật phải có nền và tường không thấm nước để có thể rửa bằng nước và xà phòng, có hệ thống kín dẫn nước thải. - Phòng kỹ thuật không dùng quạt trần, có quạt bàn hoặc điều hòa nhiệt độ. Các cửa sổ phải lắp kính, cao hơn sàn nhà 1,5 m, nếu không có cửa kính phải có lưới hoặc màn để tránh ruồi muỗi bay vào phòng. - Những lúc không làm kỹ th uật, phòng phải đóng cửa kín không ai được ra vào. Tuyệt đối không làm việc khác trong phòng kỹ thuật. - Sau mỗi ca thủ thuật phải thay tấm lót bàn thủ thuật, lau chùi sạch sẽ tấm trải bàn rồi mới sử dụng tiếp. - Phòng phẫu thuật: mọi đồ vật trong phòng phải l uôn sạch, tiến hành lau chùi thường xuyên. 2. Khách hàng (người sử dụng các dịch vụ chăm sóc SKSS). 2.1. Trước khi làm thủ thuật, phẫu thuật. - Trước khi làm thủ thuật và phẫu thuật, khách hàng tắm rửa, thay quần áo sạch. - Đi tiểu hoặc làm rỗng bàng quang. - Cán bộ y tế kiểm tra lại một lần nữa trước khi phẫu thuật xem vùng ']","Cảm ơn mẹ đã hỏi. Theo tài liệu, trước khi bế hoặc cho trẻ bú, người chăm sóc cần rửa tay sạch sẽ bằng xà phòng và nước. Rửa tay sạch có nghĩa là rửa tay bằng xà phòng, chà xát hai tay vào nhau để xà phòng được phủ đều khắp các bề mặt và rửa tay lại bằng nước sạch, theo quy trình rửa tay 6 bước của Bộ Y tế.

Mẹ có thể tham khảo tài liệu ""Rửa tay là biện pháp nhanh và dễ dàng để giúp trẻ sạch sẽ và an toàn khỏi vi khuẩn"" để biết thêm thông tin về cách rửa tay đúng cách.",Rửa tay bằng xà phòng và nước sạch.,1.0,0.6791666666496875,0.6838647624227101,1.0
"Em mất ngủ 2 ngày nay, lo lắng thái quá, liệt kê giúp em các dấu hiệu nguy hiểm ở trẻ sơ sinh cần đi khám ngay được không","Mẹ ơi, chúc mừng mẹ có bé khỏe mạnh! Giai đoạn này mẹ cần chú ý chăm sóc rốn và tử cung.

Về câu hỏi của mẹ, các dấu hiệu nguy hiểm ở trẻ sơ sinh cần đi khám ngay bao gồm:

- Trẻ sơ sinh nôn ói nhiều, bú kém, bỏ bú
- Nôn ói kéo dài hơn 24 giờ
- Dịch ói có màu bất thường: có máu (đỏ hoặc nâu) hoặc màu vàng xanh (dịch mật)
- Dấu hiệu mất nước vừa đến nặng: khô môi miệng, khóc không có nước mắt, mắt trũng, tiểu ít hoặc không đi tiểu trong 6-8 giờ đối với trẻ lớn hoặc tã không ướt trong 4-6 giờ đối với trẻ nhỏ
- Đau bụng nhiều
- Đi tiêu ra máu
- Sốt ≥ 38,5 độ C trong 3 ngày, hoặc sốt cao > 39 độ C
- Bé li bì, lừ đừ hoặc kích thích, quấy khóc bất thường
- Co giật.

Mẹ nên chú ý quan sát các dấu hiệu này và đưa bé đến khám bác sĩ ngay nếu có bất kỳ dấu hiệu nào trên.","['Câu hỏi: Cần đưa trẻ đi khám ngay khi nào?. Trả lời: Khi trẻ có một trong các dấu hiệu nguy hiểm sau:\n- Trẻ sơ sinh nôn ói nhiều, bú kém, bỏ bú\n- Nôn ói kéo dài hơn 24 giờ\n- Dịch ói có màu bất thường: có máu (đỏ hoặc nâu) hoặc màu vàng xanh (dịch mật)\n- Dấu hiệu mất nước vừa đến nặng: khô môi miệng, khóc không có nước mắt, mắt trũng, tiểu ít hoặc không đi tiểu trong 6-8 giờ đối với trẻ lớn hoặc tã không ướt trong 4-6 giờ đối với trẻ nhỏ\n- Đau bụng nhiều\n- Đi tiêu ra máu\n- Sốt ≥ 38,5 độ C trong 3 ngày, hoặc sốt cao > 39 độ C\n- Bé li bì, lừ đừ hoặc kích thích, quấy khóc bất thường\n- Co giật.', 'Caffein trong cà phê có thể khiến bé mất ngủ và khó chịu \nChocolate cũng chứa caffeine nên sẽ có ảnh hưởng tương tự như cà phê lên giấc ngủ của bé. Nếu bé có dấu hiệu mất ngủ và quấy khóc khi bạn ăn chocolate thì bạn hãy tạm ngưng món này một thời gian.\nNhững đồ uống có cồn như rượu bia có thể ảnh hưởng tới quá trình cho con bú của bạn nên chắc chắn không nằm trong thực đơn cho phụ nữ sau sinh. Cồn có thể khiến bé thiếu tỉnh táo, mệt mỏi và tăng cân bất thường. Hơn nữa, rượu bia cũng có thể làm giảm đáng kể lượng sữa của bạn.\nĐậu phộng là thực phẩm rất dễ gây các phản ứng dị ứng và những phản ứng này thường rất nghiêm trọng như nổi mề đay, khó thở, tiêu chảy... Vậy nên bạn hãy cẩn thận tránh những món có đậu phộng khi đang trong thời gian cho con bú để phòng trường hợp bé bị dị ứng đậu phộng.\nĂn quá cay không hề tốt cho sức khỏe, ngay cả khi bạn chưa có con và không quan tâm sau sinh nên ăn gì và kiêng gì. Ăn thực phẩm cay không những có thể kích ứng hệ tiêu hóa của bạn mà còn có thể gây tác động xấu đến ruột và chất lượng máu của bé.\nKhi mới sinh và đang cho con bú, bạn nên tránh xa những món ăn nhiều dầu mỡ vì những món này sẽ khiến bạn bị tích mỡ xấu. Việc này không chỉ ảnh hưởn', 'Câu hỏi: Cho trẻ uống thuốc gì khi nôn ói?. Trả lời: Vì nôn ói là một phản ứng có lợi, giúp cơ thể loại bỏ yếu tố gây bệnh, các chất có hại. Do đó, chỉ nên dùng các thuốc chống nôn khi trẻ nôn ói quá nhiều gây nguy cơ mất nước hoặc dùng để giảm say tàu xe. Tuy nhiên những loại thuốc này cần được bác sĩ chỉ định, không nên tự ý dùng cho trẻ..', 'Trung tâm Sản và Hỗ trợ Sinh sản - Bệnh viện Đa khoa Vinmec Đà Nẵng \nĐăng ký khám \nMặc dù vết mổ gây đau đớn rất nhiều nhưng sản phụ không nên nằm một chỗ quá lâu. Nếu không vận động sau sinh mổ có thể dẫn đến táo bón, tăng nguy cơ hình thành các cục máu đông ở chân tay, phổi bị ứ đọng hoặc các biến chứng như dính ruột, viêm tắc tĩnh mạch...\nNgười nhà nên dìu sản phụ ngồi dậy và đi lại nhẹ nhàng trong phòng. Chú ý theo dõi sản phụ sát sao vì lúc này sức khỏe sản phụ vẫn chưa hồi phục, mất máu quá nhiều trong cuộc phẫu thuật có thể khiến sản phụ bị choáng, chóng mặt, dễ tụt huyết áp dẫn đến té, vấp ngã, ngất.\nCho sản phụ ăn cháo đặc, uống nhiều nước lọc ấm, nước trái cây, ăn nhiều hoa quả để tránh bị táo bón.\nNgày thứ ba sau mổ, sản phụ nên tập đi lại trong phòng và ngoài hành lang, tăng thời gian tập và quãng đường đi lại.\nLúc này, có thể cho sản phụ ăn cơm, vẫn nên uống từ 2 - 2,5 lít nước trong ngày.\nTừ ngày thứ 4 trở đi, sức khỏe sản phụ đã dần hồi phục, có thể cho sản phụ ăn uống bình thường, chú ý bổ sung đa dạng các loại thực phẩm để bổ sung đầy đủ các chất dinh dưỡng. Hạn chế các thực phẩm có thể gây tiêu chảy, lồi sẹo như: thịt bò, thịt gà, rau muống...\nTuần đầu tiên sau mổ', 'Vàng da sơ sinh có nguy hiểm không?\nĐa số các trường hợp vàng da ở trẻ sơ sinh đều nhẹ và tự khỏi sau 7-10 ngày, khi chất bilirubin được đào thải hết qua phân và nước tiểu. Tuy nhiên, có một số trường hợp vàng da nặng do chất bilirubin tăng quá cao và thấm vào não (y học gọi là vàng da nhân). Tình trạng này rất nguy hiểm, có thể làm cho trẻ bị hôn mê, co giật, dẫn đến tử vong hoặc di chứng tâm thần vận động vĩnh viễn.\nLàm thế nào để phát hiện vàng da?\nChứng vàng da rất dễ nhận biết bằng mắt thường ở nơi có đủ ánh sáng. Vì vậy, hằng ngày, các bà mẹ cần quan sát màu da toàn thân của trẻ ở nơi sáng. Trong trường hợp khó nhận biết (da trẻ đỏ hồng hoặc đen), nên ấn nhẹ ngón tay cái lên da trẻ trong vài giây, sau đó buông ra; nếu trẻ bị vàng da, nơi ấn ngón tay sẽ có màu vàng rõ rệt.\nKhi trẻ có biểu hiện nghi là vàng da, cần đưa đến bác sĩ để kiểm tra.\nỞ trẻ đủ tháng, bình thường thì vàng da được coi là sinh lý khi có đủ các tiêu chuẩn sau:\nXuất hiện sau 24 giờ tuổi.\nHết trong vòng 1 tuần với trẻ đủ tháng và 2 tuần đối với trẻ non tháng.\nMức độ vàng da nhẹ (chỉ vàng da vùng mặt, cổ, ngực và vùng bụng phía trên rốn).\nVàng da đơn thuần, không kết hợp các triệu chứng bất thường khác (thiếu ']","Sau khi trẻ sinh ra, bà mẹ và gia đình cần theo dõi và phát hiện sớm các dấu hiệu nguy hiểm ở trẻ sơ sinh (trẻ từ khi sinh ra cho đến 28 ngày tuổi) như: Bú kém hoặc bỏ bú, ngủ li bì khó đánh thức, Thở khác thường (thở chậm dưới 40 lần hoặc thở nhanh trên 60 lần trong 1 phút, co rút lồng ngực, cánh mũi phập phồng, khò khè), Sốt cao (trên 38,5 độ C) hoặc hạ nhiệt độ (dưới 36 độ C), co cứng hoặc co giật,  mắt sưng đỏ hoặc có mủ nhiều, rốn sưng đỏ hoặc chảy mủ, Da vàng sau đẻ 24 giờ hoặc kéo dài hơn 2 tuần hoặc da vàng đậm, Nôn liên tục, bụng chướng, Đi ỉa nhiều nước, nhiều lần hơn bình thường, Trẻ không đái, ỉa sau 24 giờ sau khi sinh.","Em mất ngủ 2 ngày nay, lo lắng thái quá, liệt kê giúp em các dấu hiệu nguy hiểm ở trẻ sơ sinh cần đi khám ngay được không","['Câu hỏi: Cần đưa trẻ đi khám ngay khi nào?. Trả lời: Khi trẻ có một trong các dấu hiệu nguy hiểm sau:\n- Trẻ sơ sinh nôn ói nhiều, bú kém, bỏ bú\n- Nôn ói kéo dài hơn 24 giờ\n- Dịch ói có màu bất thường: có máu (đỏ hoặc nâu) hoặc màu vàng xanh (dịch mật)\n- Dấu hiệu mất nước vừa đến nặng: khô môi miệng, khóc không có nước mắt, mắt trũng, tiểu ít hoặc không đi tiểu trong 6-8 giờ đối với trẻ lớn hoặc tã không ướt trong 4-6 giờ đối với trẻ nhỏ\n- Đau bụng nhiều\n- Đi tiêu ra máu\n- Sốt ≥ 38,5 độ C trong 3 ngày, hoặc sốt cao > 39 độ C\n- Bé li bì, lừ đừ hoặc kích thích, quấy khóc bất thường\n- Co giật.', 'Caffein trong cà phê có thể khiến bé mất ngủ và khó chịu \nChocolate cũng chứa caffeine nên sẽ có ảnh hưởng tương tự như cà phê lên giấc ngủ của bé. Nếu bé có dấu hiệu mất ngủ và quấy khóc khi bạn ăn chocolate thì bạn hãy tạm ngưng món này một thời gian.\nNhững đồ uống có cồn như rượu bia có thể ảnh hưởng tới quá trình cho con bú của bạn nên chắc chắn không nằm trong thực đơn cho phụ nữ sau sinh. Cồn có thể khiến bé thiếu tỉnh táo, mệt mỏi và tăng cân bất thường. Hơn nữa, rượu bia cũng có thể làm giảm đáng kể lượng sữa của bạn.\nĐậu phộng là thực phẩm rất dễ gây các phản ứng dị ứng và những phản ứng này thường rất nghiêm trọng như nổi mề đay, khó thở, tiêu chảy... Vậy nên bạn hãy cẩn thận tránh những món có đậu phộng khi đang trong thời gian cho con bú để phòng trường hợp bé bị dị ứng đậu phộng.\nĂn quá cay không hề tốt cho sức khỏe, ngay cả khi bạn chưa có con và không quan tâm sau sinh nên ăn gì và kiêng gì. Ăn thực phẩm cay không những có thể kích ứng hệ tiêu hóa của bạn mà còn có thể gây tác động xấu đến ruột và chất lượng máu của bé.\nKhi mới sinh và đang cho con bú, bạn nên tránh xa những món ăn nhiều dầu mỡ vì những món này sẽ khiến bạn bị tích mỡ xấu. Việc này không chỉ ảnh hưởn', 'Câu hỏi: Cho trẻ uống thuốc gì khi nôn ói?. Trả lời: Vì nôn ói là một phản ứng có lợi, giúp cơ thể loại bỏ yếu tố gây bệnh, các chất có hại. Do đó, chỉ nên dùng các thuốc chống nôn khi trẻ nôn ói quá nhiều gây nguy cơ mất nước hoặc dùng để giảm say tàu xe. Tuy nhiên những loại thuốc này cần được bác sĩ chỉ định, không nên tự ý dùng cho trẻ..', 'Trung tâm Sản và Hỗ trợ Sinh sản - Bệnh viện Đa khoa Vinmec Đà Nẵng \nĐăng ký khám \nMặc dù vết mổ gây đau đớn rất nhiều nhưng sản phụ không nên nằm một chỗ quá lâu. Nếu không vận động sau sinh mổ có thể dẫn đến táo bón, tăng nguy cơ hình thành các cục máu đông ở chân tay, phổi bị ứ đọng hoặc các biến chứng như dính ruột, viêm tắc tĩnh mạch...\nNgười nhà nên dìu sản phụ ngồi dậy và đi lại nhẹ nhàng trong phòng. Chú ý theo dõi sản phụ sát sao vì lúc này sức khỏe sản phụ vẫn chưa hồi phục, mất máu quá nhiều trong cuộc phẫu thuật có thể khiến sản phụ bị choáng, chóng mặt, dễ tụt huyết áp dẫn đến té, vấp ngã, ngất.\nCho sản phụ ăn cháo đặc, uống nhiều nước lọc ấm, nước trái cây, ăn nhiều hoa quả để tránh bị táo bón.\nNgày thứ ba sau mổ, sản phụ nên tập đi lại trong phòng và ngoài hành lang, tăng thời gian tập và quãng đường đi lại.\nLúc này, có thể cho sản phụ ăn cơm, vẫn nên uống từ 2 - 2,5 lít nước trong ngày.\nTừ ngày thứ 4 trở đi, sức khỏe sản phụ đã dần hồi phục, có thể cho sản phụ ăn uống bình thường, chú ý bổ sung đa dạng các loại thực phẩm để bổ sung đầy đủ các chất dinh dưỡng. Hạn chế các thực phẩm có thể gây tiêu chảy, lồi sẹo như: thịt bò, thịt gà, rau muống...\nTuần đầu tiên sau mổ', 'Vàng da sơ sinh có nguy hiểm không?\nĐa số các trường hợp vàng da ở trẻ sơ sinh đều nhẹ và tự khỏi sau 7-10 ngày, khi chất bilirubin được đào thải hết qua phân và nước tiểu. Tuy nhiên, có một số trường hợp vàng da nặng do chất bilirubin tăng quá cao và thấm vào não (y học gọi là vàng da nhân). Tình trạng này rất nguy hiểm, có thể làm cho trẻ bị hôn mê, co giật, dẫn đến tử vong hoặc di chứng tâm thần vận động vĩnh viễn.\nLàm thế nào để phát hiện vàng da?\nChứng vàng da rất dễ nhận biết bằng mắt thường ở nơi có đủ ánh sáng. Vì vậy, hằng ngày, các bà mẹ cần quan sát màu da toàn thân của trẻ ở nơi sáng. Trong trường hợp khó nhận biết (da trẻ đỏ hồng hoặc đen), nên ấn nhẹ ngón tay cái lên da trẻ trong vài giây, sau đó buông ra; nếu trẻ bị vàng da, nơi ấn ngón tay sẽ có màu vàng rõ rệt.\nKhi trẻ có biểu hiện nghi là vàng da, cần đưa đến bác sĩ để kiểm tra.\nỞ trẻ đủ tháng, bình thường thì vàng da được coi là sinh lý khi có đủ các tiêu chuẩn sau:\nXuất hiện sau 24 giờ tuổi.\nHết trong vòng 1 tuần với trẻ đủ tháng và 2 tuần đối với trẻ non tháng.\nMức độ vàng da nhẹ (chỉ vàng da vùng mặt, cổ, ngực và vùng bụng phía trên rốn).\nVàng da đơn thuần, không kết hợp các triệu chứng bất thường khác (thiếu ']","Mẹ ơi, chúc mừng mẹ có bé khỏe mạnh! Giai đoạn này mẹ cần chú ý chăm sóc rốn và tử cung.

Về câu hỏi của mẹ, các dấu hiệu nguy hiểm ở trẻ sơ sinh cần đi khám ngay bao gồm:

- Trẻ sơ sinh nôn ói nhiều, bú kém, bỏ bú
- Nôn ói kéo dài hơn 24 giờ
- Dịch ói có màu bất thường: có máu (đỏ hoặc nâu) hoặc màu vàng xanh (dịch mật)
- Dấu hiệu mất nước vừa đến nặng: khô môi miệng, khóc không có nước mắt, mắt trũng, tiểu ít hoặc không đi tiểu trong 6-8 giờ đối với trẻ lớn hoặc tã không ướt trong 4-6 giờ đối với trẻ nhỏ
- Đau bụng nhiều
- Đi tiêu ra máu
- Sốt ≥ 38,5 độ C trong 3 ngày, hoặc sốt cao > 39 độ C
- Bé li bì, lừ đừ hoặc kích thích, quấy khóc bất thường
- Co giật.

Mẹ nên chú ý quan sát các dấu hiệu này và đưa bé đến khám bác sĩ ngay nếu có bất kỳ dấu hiệu nào trên.","Sau khi trẻ sinh ra, bà mẹ và gia đình cần theo dõi và phát hiện sớm các dấu hiệu nguy hiểm ở trẻ sơ sinh (trẻ từ khi sinh ra cho đến 28 ngày tuổi) như: Bú kém hoặc bỏ bú, ngủ li bì khó đánh thức, Thở khác thường (thở chậm dưới 40 lần hoặc thở nhanh trên 60 lần trong 1 phút, co rút lồng ngực, cánh mũi phập phồng, khò khè), Sốt cao (trên 38,5 độ C) hoặc hạ nhiệt độ (dưới 36 độ C), co cứng hoặc co giật,  mắt sưng đỏ hoặc có mủ nhiều, rốn sưng đỏ hoặc chảy mủ, Da vàng sau đẻ 24 giờ hoặc kéo dài hơn 2 tuần hoặc da vàng đậm, Nôn liên tục, bụng chướng, Đi ỉa nhiều nước, nhiều lần hơn bình thường, Trẻ không đái, ỉa sau 24 giờ sau khi sinh.",1.0,0.699999999965,0.6495293350990259,0.8
"Đang nấu ăn thì nghe con khóc, em run quá, cách xử trí tại nhà khi trẻ sơ sinh bị sốt cao là làm gì ạ","Mẹ ơi, khi trẻ sơ sinh bị sốt cao, cần được chăm sóc và xử trí ngay lập tức để tránh các biến chứng nghiêm trọng. Dưới đây là một số bước cần thực hiện:

1. **Kiểm tra nhiệt độ**: Sử dụng nhiệt kế để đo nhiệt độ cơ thể của bé. Nếu nhiệt độ trên 38 độ C, bé đã bị sốt.
2. **Tắm bằng nước ấm**: Tắm bằng nước ấm có thể giúp hạ nhiệt độ cơ thể của bé. Tuy nhiên, cần lưu ý không tắm quá lâu hoặc quá nóng, vì điều này có thể làm tăng nhiệt độ cơ thể.
3. **Sử dụng thuốc hạ sốt**: Có thể sử dụng thuốc hạ sốt như paracetamol hoặc ibuprofen để giảm nhiệt độ cơ thể của bé. Tuy nhiên, cần tuân thủ liều lượng và hướng dẫn của bác sĩ.
4. **Cung cấp đủ nước**: Đảm bảo bé được cung cấp đủ nước để tránh mất nước do sốt.
5. **Tìm kiếm sự giúp đỡ**: Nếu bé có các triệu chứng nghiêm trọng như khó thở, co giật, hoặc sốt cao kéo dài, cần tìm kiếm sự giúp đỡ của bác sĩ ngay lập tức.

Lưu ý: Không nên tự ý sử dụng thuốc hoặc thực hiện các biện pháp điều trị mà không có sự hướng dẫn của bác sĩ.

Về tình trạng rốn bé sưng đỏ, sử dụng cồn 90 độ có thể không phù hợp. Cồn 90 độ có thể gây kích ứng da và làm tăng nguy cơ nhiễm trùng. Thay vào đó, có thể sử dụng nước muối sinh lý hoặc nước ấm để vệ sinh rốn.

Về tình trạng nứt ti ta đau, có thể sử dụng kem bôi hoặc thuốc mỡ để giảm đau và kích ứng.

Về tình trạng tưa miệng trắng ở lưỡi, có thể là do nhiễm trùng hoặc kích ứng. Cần tìm kiếm sự giúp đỡ của bác sĩ để được chẩn đoán và điều trị thích hợp.

Hy vọng những thông tin trên sẽ giúp mẹ chăm sóc bé tốt hơn!

 *Lưu ý: Mẹ nên đưa bé đến cơ sở y tế để được thăm khám trực tiếp.*","['82 Sốt ít xảy ra đ ối với trẻ sơ sinh. Thông thư ờng, trẻ sơ sinh bị sốt khi nhiệt độ (được đo ở tai và trán trư ớc) lớn hơn 38 đ ộ C. Ngoài ra tr ẻ sơ sinh b ị sốt cũng có nh ững tri ệu chứng khác như bú ít, m ệt mỏi, bé hay qu ấy khóc, cáu k ỉnh và cũng c ần quan sát thêm các tri ệu chứng đi kèm ếu thấy bé rét run, xu ất huyết, co giật, khó thở, người tím tái, li bì… nên nhanh chóng đưa tr ẻ đến bệnh viện để được kiểm tra và điều trị kịp thời. Nguyên nhân - Trẻ bị sốt do vi khuẩn: viêm phổi, đường tiết niệu, tai hoặc các nhiễm khuẩn máu hay viêm màng não - Trẻ sơ sinh bị sốt virus, siêu vi: sốt xuất huyết… - Trẻ bị sốt sau khi tiêm phòng - Trẻ bị sốt do ăn mặc quá ấm hoặc dành quá nhiều thời gian bên ngoài trong một ngày nắng nóng Xử trí – Chăm sóc: - Tắm bằng nước ấm Khi tắm bằng nước ấm, nước sẽ bốc hơi t ừ làn da c ủa bé và sẽ giúp thân nhiệt hạ xuống. Ngoài ra, tắm còn giúp bé cảm thấy thoải mái và dễ chịu hơn rất nhiều. Điều quan trọng', 'XỬ LÝ CÁC VẤN ĐỀ VỀ HÀNH VI QUẤY KHÓC (ĐỐI VỚI TRẺ NHỎ) ĐIỀU GÌ ĐANG XẢY RA? “Tôi biết là bé đang quấy khóc, nhưng không biết vì sao? Tôi có thể làm gì đây?” TẠI SAO ĐIỀU NÀY LẠI XẢY RA? Khóc là một cách để em bé thể hiện rằng bé đang cần một điều gì đó. Đôi khi bạn rất khó biết được rằng bé cần gì, ví dụ trường hợp bé khóc dạ đề. Các lý do phổ biến khiến em bé quấy khóc là: • Đói • Sợ hãi • Bị đau • Bị lạnh • Môi trường xung quanh có quá nhiều tiếng ồn hoặc bé bị phấn khích quá mức BẠN CÓ THỂ LÀM GÌ? Bế bé lên sẽ không làm ""hư"" bé. Tốt nhất là bạn nên đến với bé khi bé khóc. Đừng để bé khó chịu quá lâu, bé sẽ không thể bình tĩnh lại được. Hãy cố tìm hiểu bé cần gì và giúp bé. Để xoa dịu em bé đang quấy khóc, bạn hãy thử những cách sau: • Cho bé bú • Ôm bé trong tư thế úp người bé vào vai của bạn • Ôm bé đi bộ vòng quanh • Đung đưa bé • Nói chuyện với bé • Hát cho bé nghe 38', 'Chủ đề: Drug. Tiêu đề: Tác dụng phụ của Benzyl benzoate - Cách xử trí2. Từ khoá: Benzyl benzoate. Câu hỏi: Nên làm gì khi có phản ứng dị ứng với thuốc Benzyl benzoate?. Trả lời: Ngừng bôi thuốc và tham khảo ý kiến bác sĩ để được tư vấn thuốc thay thế phù hợp.. Ngữ cảnh: - Nên hòa loãng thuốc khi dùng cho trẻ nhỏ và trẻ em để tránh kích ứng da (thường pha loãng 60 ml hoặc 90 ml thuốc Benzyl benzoate 25% thành 120 ml hoặc 180 ml bằng nước sạch, lắc đều trước khi dùng).\n- Ngừng bôi thuốc khi có phản ứng dị ứng.\n- Có thể dùng các thuốc ghẻ khác thay thế để tránh kích ứng da. Thuốc được khuyến cáo là có hiệu quả và an toàn là Permethrin 5% bôi tại chỗ, có thể dùng Crotamiton 10% hoặc Lindan 1% (Không nên dùng cho phụ nữ có thai, phụ nữ cho con bú, trẻ em dưới 2 tuổi và các trường hợp viêm da tiến triển vì làm tăng độ hấp thu qua da và dẫn đến nguy cơ ngộ độc).', 'Chủ đề: Disease. Tiêu đề: Xử trí bệnh tại nhà có được không? Khi nào cần gặp bác sĩ?. Từ khoá: Hội chứng Patau. Câu hỏi: Cha mẹ có thể tự ý xử trí bệnh tại nhà cho trẻ khi nào?. Trả lời: Cha mẹ không được tự ý xử trí bệnh tại nhà cho trẻ, trừ khi được sự cho phép và hướng dẫn kĩ lưỡng từ bác sĩ.. Ngữ cảnh: Hội chứng Patau là một bệnh bẩm sinh xuất hiện ngay từ trong quá trình mang thai. Dẫn đến nhiều vấn đề nghiêm trọng về sức khỏe cho sức khỏe của thai nhi cũng như trẻ sơ sinh. Do đó, bệnh không thể được xử trí tại nhà, mà cần có sự theo dõi sát sao của các cán bộ nhân viên y tế tại bệnh viện để có thể xử trí kịp thời. Chính vì lý do này, cha mẹ không được tự ý xử trí bệnh tại nhà cho trẻ; trừ khi được sự cho phép và hướng dẫn kĩ lưỡng từ bác sĩ.', 'Cách điều trị bệnh viêm da cơ địa trẻ 3 tháng tuổi\nHỏi\nChào bác sĩ ạ. Bé nhà em được 3 tháng tuổi rồi ạ. Bé nhà em có nổi nốt sần khắp người. Em có mang bé đi khám thì bác sĩ họ bảo bị viêm da cơ địa. Em xin hỏi cách điều trị bệnh viêm da cơ địa trẻ 3 tháng tuổi. Mong bác sĩ giải đáp cho em.\nThanh (1997)\nTrả lời\nChào em, về cách điều trị bệnh viêm da cơ địa trẻ 3 tháng tuổi, bác sĩ xin trả lời như sau:\nEm nên đưa bé đến gặp bác sĩ để thăm khám, chẩn đoán và điều trị thích hợp. Ngoài ra điều kiện khí hậu và môi trường ảnh hưởng rất nhiều đến làn da nhạy cảm của bé.\nEm nên cho bé ở môi trường thoáng mát, sạch sẽ, bật điều hòa ở nhiệt độ mát mẻ, tránh nóng, ẩm.\nVệ sinh máy lạnh định kỳ.\nHạn chế quấn trùm quá nhiều khăn, áo, vớ.\nThay ga, gối thường xuyên.\nKhông sử dụng nước xả vải để giặt đồ cho bé, phơi quần áo bé ngoài nắng, tránh phơi qua đêm dễ bị ẩm mốc.\nKhông dùng phấn rôm dễ gây dị ứng.\nNếu cần tư vấn thêm, em có thể đăng ký khám cho bé tại các bệnh viện thuộc Hệ thống Y tế Vinmec để được giải đáp kỹ hơn.\nCảm ơn em đã đặt câu hỏi tới Vinmec. Trân trọng\nĐược giải đáp bởi Bác sĩ Nguyễn Thái Ngọc Châu - Bác sĩ khoa Nhi - Bệnh viện Đa khoa Quốc tế Vinmec Phú Quốc.\nCác nội dung tư vấ']","Lau người bằng khăn ấm, đắp khăn ấm để hạ nhiệt và đưa ngay đến cơ sở y tế.","Đang nấu ăn thì nghe con khóc, em run quá, cách xử trí tại nhà khi trẻ sơ sinh bị sốt cao là làm gì ạ","['82 Sốt ít xảy ra đ ối với trẻ sơ sinh. Thông thư ờng, trẻ sơ sinh bị sốt khi nhiệt độ (được đo ở tai và trán trư ớc) lớn hơn 38 đ ộ C. Ngoài ra tr ẻ sơ sinh b ị sốt cũng có nh ững tri ệu chứng khác như bú ít, m ệt mỏi, bé hay qu ấy khóc, cáu k ỉnh và cũng c ần quan sát thêm các tri ệu chứng đi kèm ếu thấy bé rét run, xu ất huyết, co giật, khó thở, người tím tái, li bì… nên nhanh chóng đưa tr ẻ đến bệnh viện để được kiểm tra và điều trị kịp thời. Nguyên nhân - Trẻ bị sốt do vi khuẩn: viêm phổi, đường tiết niệu, tai hoặc các nhiễm khuẩn máu hay viêm màng não - Trẻ sơ sinh bị sốt virus, siêu vi: sốt xuất huyết… - Trẻ bị sốt sau khi tiêm phòng - Trẻ bị sốt do ăn mặc quá ấm hoặc dành quá nhiều thời gian bên ngoài trong một ngày nắng nóng Xử trí – Chăm sóc: - Tắm bằng nước ấm Khi tắm bằng nước ấm, nước sẽ bốc hơi t ừ làn da c ủa bé và sẽ giúp thân nhiệt hạ xuống. Ngoài ra, tắm còn giúp bé cảm thấy thoải mái và dễ chịu hơn rất nhiều. Điều quan trọng', 'XỬ LÝ CÁC VẤN ĐỀ VỀ HÀNH VI QUẤY KHÓC (ĐỐI VỚI TRẺ NHỎ) ĐIỀU GÌ ĐANG XẢY RA? “Tôi biết là bé đang quấy khóc, nhưng không biết vì sao? Tôi có thể làm gì đây?” TẠI SAO ĐIỀU NÀY LẠI XẢY RA? Khóc là một cách để em bé thể hiện rằng bé đang cần một điều gì đó. Đôi khi bạn rất khó biết được rằng bé cần gì, ví dụ trường hợp bé khóc dạ đề. Các lý do phổ biến khiến em bé quấy khóc là: • Đói • Sợ hãi • Bị đau • Bị lạnh • Môi trường xung quanh có quá nhiều tiếng ồn hoặc bé bị phấn khích quá mức BẠN CÓ THỂ LÀM GÌ? Bế bé lên sẽ không làm ""hư"" bé. Tốt nhất là bạn nên đến với bé khi bé khóc. Đừng để bé khó chịu quá lâu, bé sẽ không thể bình tĩnh lại được. Hãy cố tìm hiểu bé cần gì và giúp bé. Để xoa dịu em bé đang quấy khóc, bạn hãy thử những cách sau: • Cho bé bú • Ôm bé trong tư thế úp người bé vào vai của bạn • Ôm bé đi bộ vòng quanh • Đung đưa bé • Nói chuyện với bé • Hát cho bé nghe 38', 'Chủ đề: Drug. Tiêu đề: Tác dụng phụ của Benzyl benzoate - Cách xử trí2. Từ khoá: Benzyl benzoate. Câu hỏi: Nên làm gì khi có phản ứng dị ứng với thuốc Benzyl benzoate?. Trả lời: Ngừng bôi thuốc và tham khảo ý kiến bác sĩ để được tư vấn thuốc thay thế phù hợp.. Ngữ cảnh: - Nên hòa loãng thuốc khi dùng cho trẻ nhỏ và trẻ em để tránh kích ứng da (thường pha loãng 60 ml hoặc 90 ml thuốc Benzyl benzoate 25% thành 120 ml hoặc 180 ml bằng nước sạch, lắc đều trước khi dùng).\n- Ngừng bôi thuốc khi có phản ứng dị ứng.\n- Có thể dùng các thuốc ghẻ khác thay thế để tránh kích ứng da. Thuốc được khuyến cáo là có hiệu quả và an toàn là Permethrin 5% bôi tại chỗ, có thể dùng Crotamiton 10% hoặc Lindan 1% (Không nên dùng cho phụ nữ có thai, phụ nữ cho con bú, trẻ em dưới 2 tuổi và các trường hợp viêm da tiến triển vì làm tăng độ hấp thu qua da và dẫn đến nguy cơ ngộ độc).', 'Chủ đề: Disease. Tiêu đề: Xử trí bệnh tại nhà có được không? Khi nào cần gặp bác sĩ?. Từ khoá: Hội chứng Patau. Câu hỏi: Cha mẹ có thể tự ý xử trí bệnh tại nhà cho trẻ khi nào?. Trả lời: Cha mẹ không được tự ý xử trí bệnh tại nhà cho trẻ, trừ khi được sự cho phép và hướng dẫn kĩ lưỡng từ bác sĩ.. Ngữ cảnh: Hội chứng Patau là một bệnh bẩm sinh xuất hiện ngay từ trong quá trình mang thai. Dẫn đến nhiều vấn đề nghiêm trọng về sức khỏe cho sức khỏe của thai nhi cũng như trẻ sơ sinh. Do đó, bệnh không thể được xử trí tại nhà, mà cần có sự theo dõi sát sao của các cán bộ nhân viên y tế tại bệnh viện để có thể xử trí kịp thời. Chính vì lý do này, cha mẹ không được tự ý xử trí bệnh tại nhà cho trẻ; trừ khi được sự cho phép và hướng dẫn kĩ lưỡng từ bác sĩ.', 'Cách điều trị bệnh viêm da cơ địa trẻ 3 tháng tuổi\nHỏi\nChào bác sĩ ạ. Bé nhà em được 3 tháng tuổi rồi ạ. Bé nhà em có nổi nốt sần khắp người. Em có mang bé đi khám thì bác sĩ họ bảo bị viêm da cơ địa. Em xin hỏi cách điều trị bệnh viêm da cơ địa trẻ 3 tháng tuổi. Mong bác sĩ giải đáp cho em.\nThanh (1997)\nTrả lời\nChào em, về cách điều trị bệnh viêm da cơ địa trẻ 3 tháng tuổi, bác sĩ xin trả lời như sau:\nEm nên đưa bé đến gặp bác sĩ để thăm khám, chẩn đoán và điều trị thích hợp. Ngoài ra điều kiện khí hậu và môi trường ảnh hưởng rất nhiều đến làn da nhạy cảm của bé.\nEm nên cho bé ở môi trường thoáng mát, sạch sẽ, bật điều hòa ở nhiệt độ mát mẻ, tránh nóng, ẩm.\nVệ sinh máy lạnh định kỳ.\nHạn chế quấn trùm quá nhiều khăn, áo, vớ.\nThay ga, gối thường xuyên.\nKhông sử dụng nước xả vải để giặt đồ cho bé, phơi quần áo bé ngoài nắng, tránh phơi qua đêm dễ bị ẩm mốc.\nKhông dùng phấn rôm dễ gây dị ứng.\nNếu cần tư vấn thêm, em có thể đăng ký khám cho bé tại các bệnh viện thuộc Hệ thống Y tế Vinmec để được giải đáp kỹ hơn.\nCảm ơn em đã đặt câu hỏi tới Vinmec. Trân trọng\nĐược giải đáp bởi Bác sĩ Nguyễn Thái Ngọc Châu - Bác sĩ khoa Nhi - Bệnh viện Đa khoa Quốc tế Vinmec Phú Quốc.\nCác nội dung tư vấ']","Mẹ ơi, khi trẻ sơ sinh bị sốt cao, cần được chăm sóc và xử trí ngay lập tức để tránh các biến chứng nghiêm trọng. Dưới đây là một số bước cần thực hiện:

1. **Kiểm tra nhiệt độ**: Sử dụng nhiệt kế để đo nhiệt độ cơ thể của bé. Nếu nhiệt độ trên 38 độ C, bé đã bị sốt.
2. **Tắm bằng nước ấm**: Tắm bằng nước ấm có thể giúp hạ nhiệt độ cơ thể của bé. Tuy nhiên, cần lưu ý không tắm quá lâu hoặc quá nóng, vì điều này có thể làm tăng nhiệt độ cơ thể.
3. **Sử dụng thuốc hạ sốt**: Có thể sử dụng thuốc hạ sốt như paracetamol hoặc ibuprofen để giảm nhiệt độ cơ thể của bé. Tuy nhiên, cần tuân thủ liều lượng và hướng dẫn của bác sĩ.
4. **Cung cấp đủ nước**: Đảm bảo bé được cung cấp đủ nước để tránh mất nước do sốt.
5. **Tìm kiếm sự giúp đỡ**: Nếu bé có các triệu chứng nghiêm trọng như khó thở, co giật, hoặc sốt cao kéo dài, cần tìm kiếm sự giúp đỡ của bác sĩ ngay lập tức.

Lưu ý: Không nên tự ý sử dụng thuốc hoặc thực hiện các biện pháp điều trị mà không có sự hướng dẫn của bác sĩ.

Về tình trạng rốn bé sưng đỏ, sử dụng cồn 90 độ có thể không phù hợp. Cồn 90 độ có thể gây kích ứng da và làm tăng nguy cơ nhiễm trùng. Thay vào đó, có thể sử dụng nước muối sinh lý hoặc nước ấm để vệ sinh rốn.

Về tình trạng nứt ti ta đau, có thể sử dụng kem bôi hoặc thuốc mỡ để giảm đau và kích ứng.

Về tình trạng tưa miệng trắng ở lưỡi, có thể là do nhiễm trùng hoặc kích ứng. Cần tìm kiếm sự giúp đỡ của bác sĩ để được chẩn đoán và điều trị thích hợp.

Hy vọng những thông tin trên sẽ giúp mẹ chăm sóc bé tốt hơn!

 *Lưu ý: Mẹ nên đưa bé đến cơ sở y tế để được thăm khám trực tiếp.*","Lau người bằng khăn ấm, đắp khăn ấm để hạ nhiệt và đưa ngay đến cơ sở y tế.",0.3333333333333333,0.9999999999,0.7142964227860755,0.47058823529411764
"Chị họ em bảo sữa non bẩn lắm phải vắt bỏ, em thấy buồn, sữa non là gì và có lợi ích như thế nào thật sự ạ","Mẹ ơi, chúc mừng bạn đã có bé khỏe mạnh! Giai đoạn này, bạn cần chú ý chăm sóc rốn và tử cung cho bé.

Về vấn đề sữa non, sữa non là sữa đầu tiên được tiết ra sau khi sinh, thường trong 2-3 ngày đầu. Sữa non có màu vàng nhạt hoặc trong, sánh đặc và có nhiều năng lượng, chất đạm, vitamin A, kháng thể và tế bào bạch cầu. Sữa non có tác dụng xổ nhẹ giúp trẻ thải phân su và là thức ăn tốt nhất cho trẻ trong tuần đầu.

Sữa non không phải là sữa bẩn, mà là sữa đầu tiên được tiết ra để giúp trẻ thích nghi với môi trường mới. Sữa non có nhiều lợi ích cho trẻ, bao gồm:

- Cung cấp năng lượng và chất dinh dưỡng cho trẻ
- Giúp trẻ thích nghi với môi trường mới
- Cung cấp kháng thể và tế bào bạch cầu để giúp trẻ chống lại bệnh tật
- Giúp trẻ thải phân su

Vì vậy, bạn không cần vắt bỏ sữa non. Thay vào đó, bạn nên cho trẻ bú sữa non để tận dụng các lợi ích của nó. Nếu bạn không thể cho trẻ bú sữa non, bạn có thể trữ sữa non để sử dụng sau này.

Về vấn đề rốn sưng đỏ, bạn có thể sử dụng cồn 90 độ để vệ sinh rốn. Tuy nhiên, nếu rốn sưng đỏ và có dấu hiệu nhiễm trùng, bạn nên tham khảo ý kiến của bác sĩ.

Về vấn đề nứt ti ta đau, bạn có thể sử dụng các sản phẩm hỗ trợ để giảm đau và ngăn ngừa nứt ti ta. Bạn cũng có thể tham khảo ý kiến của bác sĩ để được tư vấn cụ thể.

Về vấn đề tưa miệng trắng ở lưỡi, đây là một tình trạng phổ biến ở trẻ sơ sinh. Bạn có thể sử dụng các sản phẩm hỗ trợ để giảm đau và ngăn ngừa tưa miệng. Bạn cũng có thể tham khảo ý kiến của bác sĩ để được tư vấn cụ thể.

Hy vọng thông tin này sẽ giúp bạn hiểu rõ hơn về sữa non và các vấn đề liên quan. Nếu bạn có bất kỳ câu hỏi nào khác, hãy cho tôi biết!","['Cho trẻ ăn sữa mẹ đã vắt ra • Rã đông sữa: Đưa sữa lên ngăn mát tủ lạnh cho đỡ đông sau đó để ở nhiệt độ thường cho tan hết đá, lắc đều sữa rồi làm nóng sữa. • Làm nóng sữa: Ngâm bình sữa trong nước nóng vài phút khi sữa ấm lên là được. Không đun sôi sữa, không làm nóng sữa bằng lò vi sóng . • Cho trẻ ăn bằng cốc và thìa sẽ tốt hơn cho trẻ bú bằng bình và núm vú giả. Ưu điểm của việc cho trẻ ăn bằng thìa và cốc là: – Dễ dàng vệ sinh sạch sẽ sau mỗi lần ăn; – Tránh cho trẻ thích bú bình mà bỏ bú mẹ; – Tránh hiện tượng dị ứng do vú cao su không đảm bảo chất lượng', 'Chủ đề: Medicine. Tiêu đề: Giới thiệu về Cây Sữa - Mô tả toàn cây Sữa. Từ khoá: Cây sữa. Câu hỏi: Bộ phận nào của cây Sữa được sử dụng làm thuốc?. Trả lời: Vỏ thân cây Sữa đã cạo bỏ lớp bần, phơi hoặc sấy khô được sử dụng làm thuốc.. Ngữ cảnh: Cây Sữa là loài thực vật thân gỗ, chiều cao trung bình từ 15 – 30m. Thân cây tròn, thẳng, vỏ ngoài có màu nâu, nứt nẻ và bên trong chứa nhiều nhựa trắng. Cành và lá của cây mọc vòng. Phiến lá có hình bầu dục dài, mặt dưới mờ, mặt trên bóng nhẵn, các gân song song nhau, nổi rõ trên phiên lá. Lá rộng 5.5 – 6.5cm, dài 8 – 22cm. Hoa mọc thành từng cụm, thường mọc ở đầu cành, hoa màu trắng xám hoặc xanh nhạt và có mùi thơm đặc trưng. Mùi hoa sữa nghe thoang thoảng có cảm giác dễ chịu nhưng khi đứng gần, mùi hoa có thể xộc vào mũi và gây khó chịu với những người có cơ địa nhạy cảm. Quả gồm hai đại dài 25- 50cm, gầy, mọc thõng xuống, màu nâu, có gân dọc. Hạt nhiều, nhỏ dẹt, hai đầu tròn hoặc cụt, dài 7mm, rộng 2,5mm, trên mặt có lông màu nâu nhạt. Quả già tự tách làm 2 mảnh. Hạt có túm lông, phát tán nhờ gió. Bộ phận dùng làm thuốc: Vỏ thân đã cạo bỏ lớp bần phơi hay sấy khô của cây Sữa (Alstonia scholaris (L.) R.Br.)', 'ĐẶC TÍNH CỦA SỮA NON \uf0fc Bài tiết trong vài ngày đầu sau đẻ. \uf0fc Sữa non sánh đặc có màu vàng nhạt hoặc trong \uf0fc Nhiều năng lượng, chất đạm, nhiều vitamin A, kháng thể và tế bào bạch cầu \uf0fc Có tác dụng xổ nhẹ giúp trẻ thải phân su \uf0fc Là thức ăn tốt nhất cho trẻ trong tuần đầu, đã có sẵn ở vú mẹ ngay khi sinh • Tại sao phải cho trẻ bú mẹ sớm sau đẻ? Không nên cho ăn thức ăn khác trước khi bú mẹ bữa đầu tiên?', '46 - Giúp bà m ẹ làm cho núm vú dài hơn ra k ết hợp với vắt sữa cho trẻ ăn bằng cốc, vắt sữa trực tiếp vào miệng trẻ. - Xây dựng niềm tin cho bà mẹ, giải thích rằng trẻ bú từ vú chứ không phải từ núm vú. - Ngoài ra có th ể dùng sản phẩm hỗ trợ để núm vú nhô lên: Cốc dẻo, miếng bảo vệ núm vú MASSAGE VÚ Để đảm bảo cung cấp cho trẻ một nguồn sữa dồi dào và đủ dinh dưỡng thì ngoài ch ế độ dinh dưỡng có lợi cho tuyến sữa thì vi ệc massage ng ực m ột cách thư ờng xuyên cũng là một giải pháp kích thích tuyến sữa của bà mẹ tiết ra sữa Lưu ý khi massage ngực - Trước khi massage, bà m ẹ cần v ệ sinh tay b ằng gel tuyệt trùng hay s ử dụng xà bông. B ởi việc vệ sinh tay không sạch có thể ảnh hưởng tới sức khỏe của trẻ - Không sử dụng bất kỳ một loại dầu massage nào b ởi chúng có thể ảnh hưởng tới trẻ khi bú mẹ. - Tránh massage m ạnh hay nh ững đ ộng tác ấn sâu. Thay vào đó, hãy massage một cách nhẹ nhàng và thư giãn. 6 bước đơn giản Massage ngực cho bà mẹ.', 'Bảo quản sữa mẹ đã vắt như thế nào?\nMục lục\nTrước khi vắt sữa mẹ\nBảo quản sữa mẹ sau khi vắt sữa\nĐiều kiện bảo quản sữa mẹ mới vắt tốt nhất\nLưu ý khi cất trữ sữa mẹ\nLưu ý khi đông lạnh sữa mẹ\nSữa mẹ đã rã đông có mùi hoặc trông khác với sữa mẹ tươi không?\nNuôi con bằng sữa mẹ trữ đông\nVệ sinh an toàn các vật dụng cho trẻ sơ sinh và thiết bị hút sữa\nBạn đang nuôi con bằng sữa mẹ và chuẩn đi làm trở lại, muốn linh hoạt trong việc cho con bú bạn có thể cân nhắc vắt sữa cho con bằng tay hoặc sử dụng thiết bị hút sữa. Và khi bạn bắt đầu vắt sữa, điều quan trọng là phải biết cách bảo quản sữa đã vắt ra như thế nào để đảm bảo chất lượng sữa mẹ, tránh lãng phí, giúp mẹ tự tin duy trì nguồn sữa mẹ để nuôi con sau khoảng thời gian nghỉ hậu sản trở lại với công việc và đảm bảo an toàn cho trẻ. Một số lưu ý bảo quản sữa mẹ đã vắt như sau:\nTrước khi vắt sữa mẹ\nRửa tay sạch bằng xà phòng và nước. Nếu không có xà phòng và nước, hãy sử dụng dung dịch khử trùng tay có chứa ít nhất 60% cồn.\nCác mẹ có thể vắt sữa bằng tay hoặc bằng máy hút sữa bằng tay hoặc bằng điện.\nNếu sử dụng máy hút sữa, hãy kiểm tra các bộ phận máy hút và đường ống đảm bảo sạch sẽ. Thay thế các ống dây hút đã bị bẩn, mốc.\nNếu s']","Sữa non là sữa tiết ra trong vài ngày đầu sau sinh, có nhiều chất dinh
dưỡng và giúp bảo vệ trẻ không bị bệnh tật.","Chị họ em bảo sữa non bẩn lắm phải vắt bỏ, em thấy buồn, sữa non là gì và có lợi ích như thế nào thật sự ạ","['Cho trẻ ăn sữa mẹ đã vắt ra • Rã đông sữa: Đưa sữa lên ngăn mát tủ lạnh cho đỡ đông sau đó để ở nhiệt độ thường cho tan hết đá, lắc đều sữa rồi làm nóng sữa. • Làm nóng sữa: Ngâm bình sữa trong nước nóng vài phút khi sữa ấm lên là được. Không đun sôi sữa, không làm nóng sữa bằng lò vi sóng . • Cho trẻ ăn bằng cốc và thìa sẽ tốt hơn cho trẻ bú bằng bình và núm vú giả. Ưu điểm của việc cho trẻ ăn bằng thìa và cốc là: – Dễ dàng vệ sinh sạch sẽ sau mỗi lần ăn; – Tránh cho trẻ thích bú bình mà bỏ bú mẹ; – Tránh hiện tượng dị ứng do vú cao su không đảm bảo chất lượng', 'Chủ đề: Medicine. Tiêu đề: Giới thiệu về Cây Sữa - Mô tả toàn cây Sữa. Từ khoá: Cây sữa. Câu hỏi: Bộ phận nào của cây Sữa được sử dụng làm thuốc?. Trả lời: Vỏ thân cây Sữa đã cạo bỏ lớp bần, phơi hoặc sấy khô được sử dụng làm thuốc.. Ngữ cảnh: Cây Sữa là loài thực vật thân gỗ, chiều cao trung bình từ 15 – 30m. Thân cây tròn, thẳng, vỏ ngoài có màu nâu, nứt nẻ và bên trong chứa nhiều nhựa trắng. Cành và lá của cây mọc vòng. Phiến lá có hình bầu dục dài, mặt dưới mờ, mặt trên bóng nhẵn, các gân song song nhau, nổi rõ trên phiên lá. Lá rộng 5.5 – 6.5cm, dài 8 – 22cm. Hoa mọc thành từng cụm, thường mọc ở đầu cành, hoa màu trắng xám hoặc xanh nhạt và có mùi thơm đặc trưng. Mùi hoa sữa nghe thoang thoảng có cảm giác dễ chịu nhưng khi đứng gần, mùi hoa có thể xộc vào mũi và gây khó chịu với những người có cơ địa nhạy cảm. Quả gồm hai đại dài 25- 50cm, gầy, mọc thõng xuống, màu nâu, có gân dọc. Hạt nhiều, nhỏ dẹt, hai đầu tròn hoặc cụt, dài 7mm, rộng 2,5mm, trên mặt có lông màu nâu nhạt. Quả già tự tách làm 2 mảnh. Hạt có túm lông, phát tán nhờ gió. Bộ phận dùng làm thuốc: Vỏ thân đã cạo bỏ lớp bần phơi hay sấy khô của cây Sữa (Alstonia scholaris (L.) R.Br.)', 'ĐẶC TÍNH CỦA SỮA NON \uf0fc Bài tiết trong vài ngày đầu sau đẻ. \uf0fc Sữa non sánh đặc có màu vàng nhạt hoặc trong \uf0fc Nhiều năng lượng, chất đạm, nhiều vitamin A, kháng thể và tế bào bạch cầu \uf0fc Có tác dụng xổ nhẹ giúp trẻ thải phân su \uf0fc Là thức ăn tốt nhất cho trẻ trong tuần đầu, đã có sẵn ở vú mẹ ngay khi sinh • Tại sao phải cho trẻ bú mẹ sớm sau đẻ? Không nên cho ăn thức ăn khác trước khi bú mẹ bữa đầu tiên?', '46 - Giúp bà m ẹ làm cho núm vú dài hơn ra k ết hợp với vắt sữa cho trẻ ăn bằng cốc, vắt sữa trực tiếp vào miệng trẻ. - Xây dựng niềm tin cho bà mẹ, giải thích rằng trẻ bú từ vú chứ không phải từ núm vú. - Ngoài ra có th ể dùng sản phẩm hỗ trợ để núm vú nhô lên: Cốc dẻo, miếng bảo vệ núm vú MASSAGE VÚ Để đảm bảo cung cấp cho trẻ một nguồn sữa dồi dào và đủ dinh dưỡng thì ngoài ch ế độ dinh dưỡng có lợi cho tuyến sữa thì vi ệc massage ng ực m ột cách thư ờng xuyên cũng là một giải pháp kích thích tuyến sữa của bà mẹ tiết ra sữa Lưu ý khi massage ngực - Trước khi massage, bà m ẹ cần v ệ sinh tay b ằng gel tuyệt trùng hay s ử dụng xà bông. B ởi việc vệ sinh tay không sạch có thể ảnh hưởng tới sức khỏe của trẻ - Không sử dụng bất kỳ một loại dầu massage nào b ởi chúng có thể ảnh hưởng tới trẻ khi bú mẹ. - Tránh massage m ạnh hay nh ững đ ộng tác ấn sâu. Thay vào đó, hãy massage một cách nhẹ nhàng và thư giãn. 6 bước đơn giản Massage ngực cho bà mẹ.', 'Bảo quản sữa mẹ đã vắt như thế nào?\nMục lục\nTrước khi vắt sữa mẹ\nBảo quản sữa mẹ sau khi vắt sữa\nĐiều kiện bảo quản sữa mẹ mới vắt tốt nhất\nLưu ý khi cất trữ sữa mẹ\nLưu ý khi đông lạnh sữa mẹ\nSữa mẹ đã rã đông có mùi hoặc trông khác với sữa mẹ tươi không?\nNuôi con bằng sữa mẹ trữ đông\nVệ sinh an toàn các vật dụng cho trẻ sơ sinh và thiết bị hút sữa\nBạn đang nuôi con bằng sữa mẹ và chuẩn đi làm trở lại, muốn linh hoạt trong việc cho con bú bạn có thể cân nhắc vắt sữa cho con bằng tay hoặc sử dụng thiết bị hút sữa. Và khi bạn bắt đầu vắt sữa, điều quan trọng là phải biết cách bảo quản sữa đã vắt ra như thế nào để đảm bảo chất lượng sữa mẹ, tránh lãng phí, giúp mẹ tự tin duy trì nguồn sữa mẹ để nuôi con sau khoảng thời gian nghỉ hậu sản trở lại với công việc và đảm bảo an toàn cho trẻ. Một số lưu ý bảo quản sữa mẹ đã vắt như sau:\nTrước khi vắt sữa mẹ\nRửa tay sạch bằng xà phòng và nước. Nếu không có xà phòng và nước, hãy sử dụng dung dịch khử trùng tay có chứa ít nhất 60% cồn.\nCác mẹ có thể vắt sữa bằng tay hoặc bằng máy hút sữa bằng tay hoặc bằng điện.\nNếu sử dụng máy hút sữa, hãy kiểm tra các bộ phận máy hút và đường ống đảm bảo sạch sẽ. Thay thế các ống dây hút đã bị bẩn, mốc.\nNếu s']","Mẹ ơi, chúc mừng bạn đã có bé khỏe mạnh! Giai đoạn này, bạn cần chú ý chăm sóc rốn và tử cung cho bé.

Về vấn đề sữa non, sữa non là sữa đầu tiên được tiết ra sau khi sinh, thường trong 2-3 ngày đầu. Sữa non có màu vàng nhạt hoặc trong, sánh đặc và có nhiều năng lượng, chất đạm, vitamin A, kháng thể và tế bào bạch cầu. Sữa non có tác dụng xổ nhẹ giúp trẻ thải phân su và là thức ăn tốt nhất cho trẻ trong tuần đầu.

Sữa non không phải là sữa bẩn, mà là sữa đầu tiên được tiết ra để giúp trẻ thích nghi với môi trường mới. Sữa non có nhiều lợi ích cho trẻ, bao gồm:

- Cung cấp năng lượng và chất dinh dưỡng cho trẻ
- Giúp trẻ thích nghi với môi trường mới
- Cung cấp kháng thể và tế bào bạch cầu để giúp trẻ chống lại bệnh tật
- Giúp trẻ thải phân su

Vì vậy, bạn không cần vắt bỏ sữa non. Thay vào đó, bạn nên cho trẻ bú sữa non để tận dụng các lợi ích của nó. Nếu bạn không thể cho trẻ bú sữa non, bạn có thể trữ sữa non để sử dụng sau này.

Về vấn đề rốn sưng đỏ, bạn có thể sử dụng cồn 90 độ để vệ sinh rốn. Tuy nhiên, nếu rốn sưng đỏ và có dấu hiệu nhiễm trùng, bạn nên tham khảo ý kiến của bác sĩ.

Về vấn đề nứt ti ta đau, bạn có thể sử dụng các sản phẩm hỗ trợ để giảm đau và ngăn ngừa nứt ti ta. Bạn cũng có thể tham khảo ý kiến của bác sĩ để được tư vấn cụ thể.

Về vấn đề tưa miệng trắng ở lưỡi, đây là một tình trạng phổ biến ở trẻ sơ sinh. Bạn có thể sử dụng các sản phẩm hỗ trợ để giảm đau và ngăn ngừa tưa miệng. Bạn cũng có thể tham khảo ý kiến của bác sĩ để được tư vấn cụ thể.

Hy vọng thông tin này sẽ giúp bạn hiểu rõ hơn về sữa non và các vấn đề liên quan. Nếu bạn có bất kỳ câu hỏi nào khác, hãy cho tôi biết!","Sữa non là sữa tiết ra trong vài ngày đầu sau sinh, có nhiều chất dinh
dưỡng và giúp bảo vệ trẻ không bị bệnh tật.",1.0,0.47777777776185176,0.43303914517903047,0.8846153846153846
"Em bị sứt mũi cảm cúm nhưng vẫn cố bú, em nghe nói cho con bú ngay trong vòng một giờ đầu sau sinh có lợi gì cho người mẹ có đúng không ạ","Chào mẹ, tôi hiểu rằng mẹ đang gặp một số vấn đề khi cho con bú. Trước hết, tôi muốn khuyên mẹ nên cho con bú ngay trong vòng một giờ đầu sau sinh vì điều này có nhiều lợi ích cho cả mẹ và bé. Khi cho con bú ngay sau sinh, mẹ sẽ giúp bé nhận được kháng thể tự nhiên từ sữa mẹ, giúp bé chống lại các bệnh nhiễm trùng và tăng cường hệ miễn dịch.

Về tình trạng rốn bé sưng đỏ, mẹ có thể sử dụng cồn 90 độ lau nhẹ nhàng để giảm viêm và ngăn ngừa nhiễm trùng. Tuy nhiên, nếu tình trạng rốn không cải thiện sau khi sử dụng cồn, mẹ nên đưa bé đến bệnh viện để được kiểm tra và điều trị.

Về tình trạng nứt núm vú, mẹ nên tránh cho con bú khi đang có tổn thương núm vú. Thay vào đó, mẹ có thể vắt bỏ sữa và chờ đợi cho đến khi nứt núm vú được điều trị ổn định. Sau đó, mẹ có thể tiếp tục cho con bú.

Về tình trạng tưa miệng trắng ở lưỡi của bé, điều này không phải là một tình trạng nguy hiểm. Tuy nhiên, mẹ nên đưa bé đến bệnh viện để được kiểm tra và điều trị. Bé có thể cần được sử dụng thuốc hoặc các biện pháp khác để điều trị tình trạng này.

Cuối cùng, mẹ nên lưu ý rằng tắc tia sữa có thể xảy ra bất cứ lúc nào, dù mẹ mới bắt đầu cho con bú hoặc đã cho con bú được một thời gian. Nếu mẹ nhận thấy bất kỳ dấu hiệu nào của tắc tia sữa, mẹ nên đưa bé đến bệnh viện để được kiểm tra và điều trị.

Hy vọng những thông tin này sẽ giúp mẹ hiểu rõ hơn về các vấn đề liên quan đến cho con bú. Nếu mẹ có bất kỳ câu hỏi nào khác, hãy cho tôi biết!","['Chủ đề: Drug. Tiêu đề: Phụ nữ có thai và mẹ cho con bú có uống được Agi-Ery?. Từ khoá: Agi-Ery. Câu hỏi: Mẹ cho con bú có có thể sử dụng liệu trình Agi-Ery không?. Trả lời: Erythromycin có thể tiết vào sữa mẹ, nhưng hiện chưa có ghi nhận về các tác dụng không mong muốn ở trẻ em bú sữa mẹ có Erythromycin.. Ngữ cảnh: - Thời kỳ mang thai: Erythromycin qua được nhau thai, nhưng hiện chưa có ghi nhận về tác dụng không mong muốn của Erythromycin stearat.\n- Thời kỳ cho con bú: Erythromycin có thể tiết vào sữa mẹ. Nhưng hiện cũng chưa có ghi nhận về tác dụng không mong muốn ở trẻ em bú sữa mẹ có Erythromycin.', 'Không cho con bú khi mẹ có tổn thương núm vú (nứt núm vú..) và con đang có tổn thương ở miệng: tưa miệng, viêm lợi...Cần vắt bỏ sữa đến khi điều trị ổn định tiếp tục cho con bú mẹ trở lại 7. Tư vấn về việc nuôi con bằng sữa mẹ ở trẻ có mẹ nhiễm HIV: Đối với bà mẹ bị nhiễm HIV cần: - Tư vấn để nguời mẹ chọn cách nuôi dưỡng phù hợp: - Tư vấn về lợi ích của sữa mẹ và nguy cơ lây truyền HIV sang con. - Tư vấn về dùng sữa thay thế và các nguy cơ mắc bệnh nếu dùng sữa thay thế không đúng cách - Tư vấn khuyến cáo chung về nuôi dưỡng trẻ theo tuổi * Nếu người mẹ nhiễm HIV chọn cách nuôi con bằng sữa mẹ cần: - Nuôi bằng sữa mẹ hoàn toàn, tuyệt đối không nuôi hỗn hợp. - Tư vấn: tư thế bú, cách ngậm bắt vú đúng, xử trí nứt núm vú, viêm vú.', 'đến: \uf02b Có kinh trở lại. \uf02b Trẻ ăn những thức ăn khác ngoài sữa mẹ. \uf02b Những khó khăn trong việc cho bú để có hướng dẫn giúp đỡ. \uf02b Sử dụng thuốc trong thời kỳ cho con bú. \uf02b Mới bị những bệnh nhiễm khuẩn như viêm gan do virus (vàng da, vàng mắ t), HIV mới được phát hiện... \uf02b Thảo luận về thời điểm bắt đầu BPTT khác. 3.2. Thời điểm thực hiện. Bắt đầu ngay sau khi sinh. 3.3. Qui trình thực hiện. - Cho bé bú sau sinh càng sớm càng tốt. - Cho bú đúng cách.', 'Nuôi dưỡng trẻ sinh thấp cân (1) Nuôi con bằng sữa mẹ cho trẻ sinh thấp cân có thể bú mẹ • Cho trẻ bú mẹ ngay sau sinh càng sớm càng tốt. • Trẻ sinh thấp cân thường bú yếu nên mỗi lần trẻ chỉ bú được ít sữa, vì vậy cần cho trẻ bú theo nhu cầu và thường xuyên hơn. • Trong những ngày đầu sau sinh, bà mẹ cho trẻ tập bú nhưng vẫn kết hợp vắt sữa và cho trẻ ăn bằng cốc, thìa để giúp trẻ tập phản xạ mút, nuốt sữa vừa đảm bảo trẻ nhận đủ lượng sữa cần thiết. • Tuyệt đối không nên cho trẻ bú bằng bình với núm vú giả vì sẽ làm cho trẻ quen bú vú giả bỏ bú mẹ sau này. • Cán bộ y tế cần hướng dẫn bà mẹ kỹ năng vắt sữa và cho trẻ ăn bằng cốc.', 'Yếu tố tâm lý cũng ảnh hưởng trực tiếp đến việc sản xuất sữa mẹ, nếu mẹ quá căng thẳng sẽ làm chậm quá trình sản sinh oxytocin – một loại hormone có nhiệm vụ kích thích vú tiết sữa. Tình trạng này thường gặp ở những chị em lần đầu làm mẹ khi chưa thích nghi với cuộc sống có thêm thành viên mới.\nCho con bú thì có bị tắc ống dẫn sữa không?\nNhiều mẹ lầm tưởng rằng chỉ những trường hợp không cho con bú sữa mẹ mới gặp tình trạng tắc tuyến sữa. Trên thực tế, có nhiều nguyên nhân dẫn đến tình trạng này, trong đó phải kể đến việc mẹ không cho con bú thường xuyên hoặc mẹ cho con bú không đúng cách, bé ngậm bắt vú sai hoặc mẹ không hút hết sữa còn sót lại ra ngoài dẫn đến sữa còn ứ đọng trong bầu ngực gây tắc nghẽn.\nMẹ có thể bị tắc tia sữa ngay sau sinh hoặc trong thời gian nuôi con bằng sữa mẹ \nBiểu hiện khi bị tắc tia sữa sau sinh\nBác sĩ Khánh Quyên cho biết, tình trạng tia sữa bị tắc có thể xảy ra bất cứ lúc nào dù mẹ mới bắt đầu cho con bú hoặc đã cho con bú được một thời gian. Vì thế, mẹ cần lưu ý những dấu hiệu dưới đây để nhận biết sớm tình trạng tắc tia sữa và can thiệp điều trị kịp thời, bao gồm: (3)\nKhông tiết sữa hoặc tiết sữa rất ít, kể cả khi mẹ chủ động vắt sữa.\nNgực càng lúc ']","Giúp mẹ con gắn bó tình cảm, động tác mút vú làm cho sữa mẹ về nhanh hơn, tử cung co hồi tốt và giảm nguy cơ chảy máu cho bà mẹ.","Em bị sứt mũi cảm cúm nhưng vẫn cố bú, em nghe nói cho con bú ngay trong vòng một giờ đầu sau sinh có lợi gì cho người mẹ có đúng không ạ","['Chủ đề: Drug. Tiêu đề: Phụ nữ có thai và mẹ cho con bú có uống được Agi-Ery?. Từ khoá: Agi-Ery. Câu hỏi: Mẹ cho con bú có có thể sử dụng liệu trình Agi-Ery không?. Trả lời: Erythromycin có thể tiết vào sữa mẹ, nhưng hiện chưa có ghi nhận về các tác dụng không mong muốn ở trẻ em bú sữa mẹ có Erythromycin.. Ngữ cảnh: - Thời kỳ mang thai: Erythromycin qua được nhau thai, nhưng hiện chưa có ghi nhận về tác dụng không mong muốn của Erythromycin stearat.\n- Thời kỳ cho con bú: Erythromycin có thể tiết vào sữa mẹ. Nhưng hiện cũng chưa có ghi nhận về tác dụng không mong muốn ở trẻ em bú sữa mẹ có Erythromycin.', 'Không cho con bú khi mẹ có tổn thương núm vú (nứt núm vú..) và con đang có tổn thương ở miệng: tưa miệng, viêm lợi...Cần vắt bỏ sữa đến khi điều trị ổn định tiếp tục cho con bú mẹ trở lại 7. Tư vấn về việc nuôi con bằng sữa mẹ ở trẻ có mẹ nhiễm HIV: Đối với bà mẹ bị nhiễm HIV cần: - Tư vấn để nguời mẹ chọn cách nuôi dưỡng phù hợp: - Tư vấn về lợi ích của sữa mẹ và nguy cơ lây truyền HIV sang con. - Tư vấn về dùng sữa thay thế và các nguy cơ mắc bệnh nếu dùng sữa thay thế không đúng cách - Tư vấn khuyến cáo chung về nuôi dưỡng trẻ theo tuổi * Nếu người mẹ nhiễm HIV chọn cách nuôi con bằng sữa mẹ cần: - Nuôi bằng sữa mẹ hoàn toàn, tuyệt đối không nuôi hỗn hợp. - Tư vấn: tư thế bú, cách ngậm bắt vú đúng, xử trí nứt núm vú, viêm vú.', 'đến: \uf02b Có kinh trở lại. \uf02b Trẻ ăn những thức ăn khác ngoài sữa mẹ. \uf02b Những khó khăn trong việc cho bú để có hướng dẫn giúp đỡ. \uf02b Sử dụng thuốc trong thời kỳ cho con bú. \uf02b Mới bị những bệnh nhiễm khuẩn như viêm gan do virus (vàng da, vàng mắ t), HIV mới được phát hiện... \uf02b Thảo luận về thời điểm bắt đầu BPTT khác. 3.2. Thời điểm thực hiện. Bắt đầu ngay sau khi sinh. 3.3. Qui trình thực hiện. - Cho bé bú sau sinh càng sớm càng tốt. - Cho bú đúng cách.', 'Nuôi dưỡng trẻ sinh thấp cân (1) Nuôi con bằng sữa mẹ cho trẻ sinh thấp cân có thể bú mẹ • Cho trẻ bú mẹ ngay sau sinh càng sớm càng tốt. • Trẻ sinh thấp cân thường bú yếu nên mỗi lần trẻ chỉ bú được ít sữa, vì vậy cần cho trẻ bú theo nhu cầu và thường xuyên hơn. • Trong những ngày đầu sau sinh, bà mẹ cho trẻ tập bú nhưng vẫn kết hợp vắt sữa và cho trẻ ăn bằng cốc, thìa để giúp trẻ tập phản xạ mút, nuốt sữa vừa đảm bảo trẻ nhận đủ lượng sữa cần thiết. • Tuyệt đối không nên cho trẻ bú bằng bình với núm vú giả vì sẽ làm cho trẻ quen bú vú giả bỏ bú mẹ sau này. • Cán bộ y tế cần hướng dẫn bà mẹ kỹ năng vắt sữa và cho trẻ ăn bằng cốc.', 'Yếu tố tâm lý cũng ảnh hưởng trực tiếp đến việc sản xuất sữa mẹ, nếu mẹ quá căng thẳng sẽ làm chậm quá trình sản sinh oxytocin – một loại hormone có nhiệm vụ kích thích vú tiết sữa. Tình trạng này thường gặp ở những chị em lần đầu làm mẹ khi chưa thích nghi với cuộc sống có thêm thành viên mới.\nCho con bú thì có bị tắc ống dẫn sữa không?\nNhiều mẹ lầm tưởng rằng chỉ những trường hợp không cho con bú sữa mẹ mới gặp tình trạng tắc tuyến sữa. Trên thực tế, có nhiều nguyên nhân dẫn đến tình trạng này, trong đó phải kể đến việc mẹ không cho con bú thường xuyên hoặc mẹ cho con bú không đúng cách, bé ngậm bắt vú sai hoặc mẹ không hút hết sữa còn sót lại ra ngoài dẫn đến sữa còn ứ đọng trong bầu ngực gây tắc nghẽn.\nMẹ có thể bị tắc tia sữa ngay sau sinh hoặc trong thời gian nuôi con bằng sữa mẹ \nBiểu hiện khi bị tắc tia sữa sau sinh\nBác sĩ Khánh Quyên cho biết, tình trạng tia sữa bị tắc có thể xảy ra bất cứ lúc nào dù mẹ mới bắt đầu cho con bú hoặc đã cho con bú được một thời gian. Vì thế, mẹ cần lưu ý những dấu hiệu dưới đây để nhận biết sớm tình trạng tắc tia sữa và can thiệp điều trị kịp thời, bao gồm: (3)\nKhông tiết sữa hoặc tiết sữa rất ít, kể cả khi mẹ chủ động vắt sữa.\nNgực càng lúc ']","Chào mẹ, tôi hiểu rằng mẹ đang gặp một số vấn đề khi cho con bú. Trước hết, tôi muốn khuyên mẹ nên cho con bú ngay trong vòng một giờ đầu sau sinh vì điều này có nhiều lợi ích cho cả mẹ và bé. Khi cho con bú ngay sau sinh, mẹ sẽ giúp bé nhận được kháng thể tự nhiên từ sữa mẹ, giúp bé chống lại các bệnh nhiễm trùng và tăng cường hệ miễn dịch.

Về tình trạng rốn bé sưng đỏ, mẹ có thể sử dụng cồn 90 độ lau nhẹ nhàng để giảm viêm và ngăn ngừa nhiễm trùng. Tuy nhiên, nếu tình trạng rốn không cải thiện sau khi sử dụng cồn, mẹ nên đưa bé đến bệnh viện để được kiểm tra và điều trị.

Về tình trạng nứt núm vú, mẹ nên tránh cho con bú khi đang có tổn thương núm vú. Thay vào đó, mẹ có thể vắt bỏ sữa và chờ đợi cho đến khi nứt núm vú được điều trị ổn định. Sau đó, mẹ có thể tiếp tục cho con bú.

Về tình trạng tưa miệng trắng ở lưỡi của bé, điều này không phải là một tình trạng nguy hiểm. Tuy nhiên, mẹ nên đưa bé đến bệnh viện để được kiểm tra và điều trị. Bé có thể cần được sử dụng thuốc hoặc các biện pháp khác để điều trị tình trạng này.

Cuối cùng, mẹ nên lưu ý rằng tắc tia sữa có thể xảy ra bất cứ lúc nào, dù mẹ mới bắt đầu cho con bú hoặc đã cho con bú được một thời gian. Nếu mẹ nhận thấy bất kỳ dấu hiệu nào của tắc tia sữa, mẹ nên đưa bé đến bệnh viện để được kiểm tra và điều trị.

Hy vọng những thông tin này sẽ giúp mẹ hiểu rõ hơn về các vấn đề liên quan đến cho con bú. Nếu mẹ có bất kỳ câu hỏi nào khác, hãy cho tôi biết!","Giúp mẹ con gắn bó tình cảm, động tác mút vú làm cho sữa mẹ về nhanh hơn, tử cung co hồi tốt và giảm nguy cơ chảy máu cho bà mẹ.",1.0,0.4166666666458333,0.4491351454283876,0.3333333333333333
"Em bị sỏi thận từ trước, đang uống thuốc đông y, những trường hợp nào bà mẹ không nên cho con bú mà phải dùng sữa thay thế ạ","Cảm ơn mẹ đã hỏi. Theo tài liệu, có một số trường hợp mẹ không nên cho con bú mà phải dùng sữa thay thế, bao gồm:

- Trẻ có mẹ bị bệnh nặng không thể cho trẻ bú sữa hoặc vắt sữa được (Tài liệu 3)
- Trẻ có mẹ đang bị chiếu tia xạ hoặc phải dùng thuốc chống chỉ định cho con bú (như các thuốc kháng giáp trạng, thuốc chống ung thư) (Tài liệu 3)
- Trẻ có mẹ bị nhiễm HIV (trừ trường hợp bà mẹ đã được tư vấn và lựa chọn cách nuôi con bằng sữa mẹ) (Tài liệu 3)
- Trẻ mắc các bệnh chuyển hoá không dung nạp được sữa mẹ (Tài liệu 3)

Về trường hợp của mẹ, nếu mẹ bị sỏi thận và đang uống thuốc đông y, thì mẹ không thuộc vào các trường hợp trên. Tuy nhiên, mẹ nên tham khảo ý kiến của bác sĩ để được tư vấn về việc cho con bú và sử dụng sữa thay thế nếu cần thiết.

Ngoài ra, mẹ cũng nên lưu ý rằng việc cho con bú có thể giúp mẹ giảm nguy cơ mắc bệnh sỏi thận, vì sữa mẹ chứa các chất giúp ngăn ngừa sự hình thành sỏi thận. Vì vậy, mẹ nên cố gắng cho con bú nếu có thể.

 *Lưu ý: Mẹ nên đưa bé đến cơ sở y tế để được thăm khám trực tiếp.*","['Trước khi cho bé bú, mẹ nên dùng khăn ấm để chườm ấm bầu ngực. Đồng thời, massage nhẹ nhàng bầu ngực từ trên xuống dưới và từ ngoài vào trong để lưu thông sữa tốt hơn.\nNên xoa bóp đầu ti nhẹ nhàng theo vòng tròn nhằm kích thích và khơi thông tia sữa.\nCho bé bú ở bên ngực bị tắc trước, sau đó mới chuyển sang bên ngực còn lại.\nSau khi bé bú xong, mẹ nên hút hết sữa còn lại ra ngoài bằng tay hoặc máy hút sữa chuyên dụng để đảm bảo sữa không còn dư trong bầu ngực gây ứ đọng.\nMẹ nên mặc áo ngực thoải mái hoặc hạn chế mặc áo ngực để bầu ngực được thông thoáng hơn, là cách giúp sữa được lưu thông dễ dàng hơn.\nCó thể bạn quan tâm: Tắc tia sữa chườm nóng hay lạnh thì tốt hơn\n“Tuy nhiên, đối với những trường hợp tắc tia sữa lâu ngày dẫn đến tình trạng viêm tuyến vú hoặc áp xe vú, mẹ cần thăm khám sớm để được bác sĩ hướng dẫn phương pháp điều trị phù hợp như rạch thoát mủ hoặc sử dụng kháng sinh”, bác sĩ Khánh Quyên nhấn mạnh.\nTrung tâm Sản Phụ khoa Hệ thống Bệnh viện Đa khoa Tâm Anh quy tụ đội ngũ chuyên gia Sản Phụ khoa giỏi chuyên môn, giàu kinh nghiệm, sở hữu hệ thống máy móc hiện đại, phác đồ thăm khám và điều trị cá thể hóa, tùy vào từng tổn thương cụ thể mà có phác đồ điều trị riêng bi', 'Chủ đề: Disease. Tiêu đề: Phương pháp điều trị đối với các dạng đái tháo đường - Điều trị dùng thuốc cho từng phân loại đái tháo đường. Từ khoá: Đái tháo đường. Câu hỏi: Trong trường hợp mắc bệnh tiểu đường típ 1, phương pháp điều trị chính là gì?. Trả lời: Phương pháp điều trị chính trong tiểu đường típ 1 là sử dụng insulin thông qua tiêm hàng ngày hoặc bơm insulin.. Ngữ cảnh: Đái tháo đường típ 1 Trong tiểu đường típ 1, cơ thể bệnh nhân thiếu insulin một cách tuyệt đối. Vì vậy, việc sử dụng insulin thông qua tiêm hàng ngày hoặc bơm insulin là phương pháp điều trị chính. Bên cạnh đó, bác sĩ điều trị cũng sẽ hướng dẫn bệnh nhân tính lượng calo nạp vào, và lượng insulin cần thiết để kiểm soát lượng calo đó. Ghép tụy có thể là một lựa chọn thứ hai cho các bệnh nhân đái tháo đường típ 1. Việc cấy ghép tuyến tụy thành công giúp loại bỏ nhu cầu điều trị bằng insulin. Tuy nhiên, không phải lúc nào các ca cấy ghép cũng thành công – và những quy trình này tiềm ẩn nhiều rủi ro. Người bệnh sẽ cần dùng thuốc ức chế miễn dịch trong suốt phần đời còn lại của mình, để ngăn chặn quá trình thải ghép. Những loại thuốc này có thể gây tác dụng phụ nghiêm trọng, đó là lý do tại sao cấy ghép thường chỉ', '• Không cho trẻ sơ sinh bất cứ đồ ăn thức uống gì ngoài sữa mẹ, trừ khi có chỉ định của y tế • Các trường hợp chỉ định cho trẻ ăn sữa thay thế sữa mẹ: – Trẻ có mẹ bị bệnh nặng không thể cho trẻ bú sữa hoặc vắt sữa được – Trẻ có mẹ đang bị chiếu tia xạ hoặc phải dùng thuốc chống chỉ định cho con bú (như các thuốc kháng giáp trạng, thuốc chống ung thư). – Trẻ có mẹ bị nhiễm HIV (trừ trường hợp bà mẹ đã được tư vấn và lựa chọn cách nuôi con bằng sữa mẹ). – Trẻ mắc các bệnh chuyển hoá không dung nạp được sữa mẹ Điều kiện 6', '- Về đầu vú, huớng dẫn sản phụ cho trẻ bú tích cực. - Thực hiện y lệnh thuốc tăng co. - Kiểm tra khối cầu an toàn, theo dõi sản dịch (số lượng, màu sắc tính chất), 30 phút/lần trong 2 giờ đầu sau đẻ. - Theo dõi sự co hồi tử cung về mật độ, chiều cao tử cung trên khớp vệ. Theo dõi sản dịch về số lượng, màu sắc, tính chất 1 giờ/ lần trong 3 giờ tiếp theo; 3 giờ/ lần trong 6 giờ tiếp theo; 6 giờ/ lần trong 12 tiếp theo - Theo dõi mạch, huyết áp, sắc mặt, màu da và niêm mạc 1 giờ/ lần trong 2 giờ tiếp theo, 3 giờ/ lần trong 6 giờ tiếp theo; 6 giờ/ lần trong 12 tiếp theo ………………………………………………………………………………. + Nguy cơ bí tiểu sau đẻ - Giải thích cho sản phụ về nguy cơ, hậu quả của bí tiểu - Khuyên sản phụ đi tiểu sớm và không nên nhịn tiểu. - Vệ sinh bộ phận sinh dục bằng nước ấm... - Hướng dẫn sản phụ uống đủ nước khoảng 1.5-2 lít nước/ ngày. - Nếu thăm khám thấy có cầu bàng quang và sản phụ không đi tiểu được hướng dẫn sản phụ xoa và ngồi xông bằng nước ấm. - Hướng dẫn sản phụ phải thấm khô vết khâu sau khi đại, tiểu tiện. - Theo dõi, phát hiện sớm những trường hợp có bí tiểu để xử trí kịp thời. ………………………………………………………………………………. + Chế độ dinh dưỡng của sản phụ chưa đảm bảo liên quan đến sản p', 'Một số trẻ có thể bị rụng rốn chỉ trong tuần đầu sau sinh, tuy nhiên cũng có trẻ kéo dài đến 15 ngày \nChăm sóc bà mẹ trong tuần đầu tiên sau sinh phải bao gồm: Chế độ ăn uống hàng ngày, sức khỏe chung, tình trạng sốt, có rỉ nước hoặc són phân không, đại tiện và tiểu tiện, có đau bụng và sản dịch như nào, tình trạng đau, tiết sữa, vú cương, có đủ sữa hay không, trạng thái tinh thần như thế nào...\nKhông chỉ trẻ mà mẹ cũng cần được chăm sóc sau sinh, được hướng dẫn vệ sinh cơ thể hàng ngày để tránh viêm nhiễm. Sau sinh từ 2 - 3 ngày thì mẹ có thể tắm nhanh bằng nước ấm, mẹ cần chú ý chăm sóc vú để có thể cho con bú hoàn toàn bằng sữa mẹ, nếu bị tắc tia sữa thì cần xử lý để tránh tình trạng viêm vú, áp xe vú.\nTrong khoảng thời gian chu sinh này, tuyệt đối không cho trẻ ăn bất kỳ thức ăn hay nước uống gì khác. Vết khâu tầng sinh môn nếu có thì cần phải rửa sạch âm hộ sau khi đi đại tiện và tiểu tiện rồi thấm khô.\nMẹ sau sinh cũng cần có chế độ ăn uống và sinh hoạt sao cho hợp lý, không cần phải quá kiêng khem mà phải đảm bảo đủ các chất để có sữa cho con bú, mẹ cần nhờ người nhà trông bé để ngủ đủ 8 giờ mỗi ngày.\nDù là sinh thường hay sinh mổ thì mẹ cũng cần phải vận động đi lại sớm sau']","Bà mẹ có bệnh phải dùng thuốc như ung thư, thuốc về thần kinh, bẹ mẹ có bệnh: suy tim, lao phổi, nhiễm trùng hoặc áp xe vú, bà mẹ bị nghiễm HIV hay xét nghiệm đang nghi ngờ HIV, trẻ có dị tật ở miệng mà không thể bú được.","Em bị sỏi thận từ trước, đang uống thuốc đông y, những trường hợp nào bà mẹ không nên cho con bú mà phải dùng sữa thay thế ạ","['Trước khi cho bé bú, mẹ nên dùng khăn ấm để chườm ấm bầu ngực. Đồng thời, massage nhẹ nhàng bầu ngực từ trên xuống dưới và từ ngoài vào trong để lưu thông sữa tốt hơn.\nNên xoa bóp đầu ti nhẹ nhàng theo vòng tròn nhằm kích thích và khơi thông tia sữa.\nCho bé bú ở bên ngực bị tắc trước, sau đó mới chuyển sang bên ngực còn lại.\nSau khi bé bú xong, mẹ nên hút hết sữa còn lại ra ngoài bằng tay hoặc máy hút sữa chuyên dụng để đảm bảo sữa không còn dư trong bầu ngực gây ứ đọng.\nMẹ nên mặc áo ngực thoải mái hoặc hạn chế mặc áo ngực để bầu ngực được thông thoáng hơn, là cách giúp sữa được lưu thông dễ dàng hơn.\nCó thể bạn quan tâm: Tắc tia sữa chườm nóng hay lạnh thì tốt hơn\n“Tuy nhiên, đối với những trường hợp tắc tia sữa lâu ngày dẫn đến tình trạng viêm tuyến vú hoặc áp xe vú, mẹ cần thăm khám sớm để được bác sĩ hướng dẫn phương pháp điều trị phù hợp như rạch thoát mủ hoặc sử dụng kháng sinh”, bác sĩ Khánh Quyên nhấn mạnh.\nTrung tâm Sản Phụ khoa Hệ thống Bệnh viện Đa khoa Tâm Anh quy tụ đội ngũ chuyên gia Sản Phụ khoa giỏi chuyên môn, giàu kinh nghiệm, sở hữu hệ thống máy móc hiện đại, phác đồ thăm khám và điều trị cá thể hóa, tùy vào từng tổn thương cụ thể mà có phác đồ điều trị riêng bi', 'Chủ đề: Disease. Tiêu đề: Phương pháp điều trị đối với các dạng đái tháo đường - Điều trị dùng thuốc cho từng phân loại đái tháo đường. Từ khoá: Đái tháo đường. Câu hỏi: Trong trường hợp mắc bệnh tiểu đường típ 1, phương pháp điều trị chính là gì?. Trả lời: Phương pháp điều trị chính trong tiểu đường típ 1 là sử dụng insulin thông qua tiêm hàng ngày hoặc bơm insulin.. Ngữ cảnh: Đái tháo đường típ 1 Trong tiểu đường típ 1, cơ thể bệnh nhân thiếu insulin một cách tuyệt đối. Vì vậy, việc sử dụng insulin thông qua tiêm hàng ngày hoặc bơm insulin là phương pháp điều trị chính. Bên cạnh đó, bác sĩ điều trị cũng sẽ hướng dẫn bệnh nhân tính lượng calo nạp vào, và lượng insulin cần thiết để kiểm soát lượng calo đó. Ghép tụy có thể là một lựa chọn thứ hai cho các bệnh nhân đái tháo đường típ 1. Việc cấy ghép tuyến tụy thành công giúp loại bỏ nhu cầu điều trị bằng insulin. Tuy nhiên, không phải lúc nào các ca cấy ghép cũng thành công – và những quy trình này tiềm ẩn nhiều rủi ro. Người bệnh sẽ cần dùng thuốc ức chế miễn dịch trong suốt phần đời còn lại của mình, để ngăn chặn quá trình thải ghép. Những loại thuốc này có thể gây tác dụng phụ nghiêm trọng, đó là lý do tại sao cấy ghép thường chỉ', '• Không cho trẻ sơ sinh bất cứ đồ ăn thức uống gì ngoài sữa mẹ, trừ khi có chỉ định của y tế • Các trường hợp chỉ định cho trẻ ăn sữa thay thế sữa mẹ: – Trẻ có mẹ bị bệnh nặng không thể cho trẻ bú sữa hoặc vắt sữa được – Trẻ có mẹ đang bị chiếu tia xạ hoặc phải dùng thuốc chống chỉ định cho con bú (như các thuốc kháng giáp trạng, thuốc chống ung thư). – Trẻ có mẹ bị nhiễm HIV (trừ trường hợp bà mẹ đã được tư vấn và lựa chọn cách nuôi con bằng sữa mẹ). – Trẻ mắc các bệnh chuyển hoá không dung nạp được sữa mẹ Điều kiện 6', '- Về đầu vú, huớng dẫn sản phụ cho trẻ bú tích cực. - Thực hiện y lệnh thuốc tăng co. - Kiểm tra khối cầu an toàn, theo dõi sản dịch (số lượng, màu sắc tính chất), 30 phút/lần trong 2 giờ đầu sau đẻ. - Theo dõi sự co hồi tử cung về mật độ, chiều cao tử cung trên khớp vệ. Theo dõi sản dịch về số lượng, màu sắc, tính chất 1 giờ/ lần trong 3 giờ tiếp theo; 3 giờ/ lần trong 6 giờ tiếp theo; 6 giờ/ lần trong 12 tiếp theo - Theo dõi mạch, huyết áp, sắc mặt, màu da và niêm mạc 1 giờ/ lần trong 2 giờ tiếp theo, 3 giờ/ lần trong 6 giờ tiếp theo; 6 giờ/ lần trong 12 tiếp theo ………………………………………………………………………………. + Nguy cơ bí tiểu sau đẻ - Giải thích cho sản phụ về nguy cơ, hậu quả của bí tiểu - Khuyên sản phụ đi tiểu sớm và không nên nhịn tiểu. - Vệ sinh bộ phận sinh dục bằng nước ấm... - Hướng dẫn sản phụ uống đủ nước khoảng 1.5-2 lít nước/ ngày. - Nếu thăm khám thấy có cầu bàng quang và sản phụ không đi tiểu được hướng dẫn sản phụ xoa và ngồi xông bằng nước ấm. - Hướng dẫn sản phụ phải thấm khô vết khâu sau khi đại, tiểu tiện. - Theo dõi, phát hiện sớm những trường hợp có bí tiểu để xử trí kịp thời. ………………………………………………………………………………. + Chế độ dinh dưỡng của sản phụ chưa đảm bảo liên quan đến sản p', 'Một số trẻ có thể bị rụng rốn chỉ trong tuần đầu sau sinh, tuy nhiên cũng có trẻ kéo dài đến 15 ngày \nChăm sóc bà mẹ trong tuần đầu tiên sau sinh phải bao gồm: Chế độ ăn uống hàng ngày, sức khỏe chung, tình trạng sốt, có rỉ nước hoặc són phân không, đại tiện và tiểu tiện, có đau bụng và sản dịch như nào, tình trạng đau, tiết sữa, vú cương, có đủ sữa hay không, trạng thái tinh thần như thế nào...\nKhông chỉ trẻ mà mẹ cũng cần được chăm sóc sau sinh, được hướng dẫn vệ sinh cơ thể hàng ngày để tránh viêm nhiễm. Sau sinh từ 2 - 3 ngày thì mẹ có thể tắm nhanh bằng nước ấm, mẹ cần chú ý chăm sóc vú để có thể cho con bú hoàn toàn bằng sữa mẹ, nếu bị tắc tia sữa thì cần xử lý để tránh tình trạng viêm vú, áp xe vú.\nTrong khoảng thời gian chu sinh này, tuyệt đối không cho trẻ ăn bất kỳ thức ăn hay nước uống gì khác. Vết khâu tầng sinh môn nếu có thì cần phải rửa sạch âm hộ sau khi đi đại tiện và tiểu tiện rồi thấm khô.\nMẹ sau sinh cũng cần có chế độ ăn uống và sinh hoạt sao cho hợp lý, không cần phải quá kiêng khem mà phải đảm bảo đủ các chất để có sữa cho con bú, mẹ cần nhờ người nhà trông bé để ngủ đủ 8 giờ mỗi ngày.\nDù là sinh thường hay sinh mổ thì mẹ cũng cần phải vận động đi lại sớm sau']","Cảm ơn mẹ đã hỏi. Theo tài liệu, có một số trường hợp mẹ không nên cho con bú mà phải dùng sữa thay thế, bao gồm:

- Trẻ có mẹ bị bệnh nặng không thể cho trẻ bú sữa hoặc vắt sữa được (Tài liệu 3)
- Trẻ có mẹ đang bị chiếu tia xạ hoặc phải dùng thuốc chống chỉ định cho con bú (như các thuốc kháng giáp trạng, thuốc chống ung thư) (Tài liệu 3)
- Trẻ có mẹ bị nhiễm HIV (trừ trường hợp bà mẹ đã được tư vấn và lựa chọn cách nuôi con bằng sữa mẹ) (Tài liệu 3)
- Trẻ mắc các bệnh chuyển hoá không dung nạp được sữa mẹ (Tài liệu 3)

Về trường hợp của mẹ, nếu mẹ bị sỏi thận và đang uống thuốc đông y, thì mẹ không thuộc vào các trường hợp trên. Tuy nhiên, mẹ nên tham khảo ý kiến của bác sĩ để được tư vấn về việc cho con bú và sử dụng sữa thay thế nếu cần thiết.

Ngoài ra, mẹ cũng nên lưu ý rằng việc cho con bú có thể giúp mẹ giảm nguy cơ mắc bệnh sỏi thận, vì sữa mẹ chứa các chất giúp ngăn ngừa sự hình thành sỏi thận. Vì vậy, mẹ nên cố gắng cho con bú nếu có thể.

 *Lưu ý: Mẹ nên đưa bé đến cơ sở y tế để được thăm khám trực tiếp.*","Bà mẹ có bệnh phải dùng thuốc như ung thư, thuốc về thần kinh, bẹ mẹ có bệnh: suy tim, lao phổi, nhiễm trùng hoặc áp xe vú, bà mẹ bị nghiễm HIV hay xét nghiệm đang nghi ngờ HIV, trẻ có dị tật ở miệng mà không thể bú được.",1.0,0.0,0.6966119660951398,0.6923076923076923
"Bà nội bảo bế nghiêng bé mới đúng, nhưng em thấy mỏi tay, tư thế bú đúng là như thế nào theo bác sĩ ạ","Mẹ ạ, tư thế bú đúng là rất quan trọng để giúp mẹ và bé có một trải nghiệm bú sữa tốt nhất. Theo bác sĩ, tư thế bú đúng bao gồm:

- Mẹ ngồi thoải mái và thẳng lưng
- Bé được đặt ở tư thế ngồi hoặc nằm, với đầu được nâng cao hơn cơ thể
- Mẹ đặt môi dưới của mình vào môi trên của bé, tạo thành một vòng tròn
- Bé được đặt gần mẹ, để mẹ có thể dễ dàng bú sữa
- Mẹ nên bú sữa từ từ và đều đặn, để giúp bé có thể bú sữa một cách thoải mái

Tư thế bế nghiêng như bà nội bảo bế có thể gây ra nhiều vấn đề cho mẹ và bé, bao gồm:

- Mẹ có thể bị mỏi tay và đau lưng
- Bé có thể bị khó thở hoặc khó bú sữa
- Mẹ có thể không thể bú sữa một cách thoải mái và đều đặn

Vì vậy, mẹ nên tránh tư thế bế nghiêng và thay vào đó sử dụng tư thế bú đúng như trên. Nếu mẹ cần giúp đỡ hoặc có bất kỳ câu hỏi nào, mẹ có thể liên hệ với bác sĩ hoặc các chuyên gia y tế khác.","['Tập thói quen hút sữa thường xuyên: Ngoài việc cho con bú đúng cữ và bú thường xuyên, mẹ cần hút sữa đều đặn mỗi lần sau khi bé bú no để đảm bảo sữa không bị ứ đọng, sữa mới luôn được sản xuất.\nThực hiện lối sống khoa học: Mẹ cần xây dựng lối sống khoa học bằng việc ăn uống đầy đủ dinh dưỡng, bổ sung đầy đủ các nhóm chất, nghỉ ngơi hợp lý, tránh căng thẳng hoặc mệt mỏi kéo dài ảnh hưởng đến việc tiết sữa.\nUống đủ nước: Mẹ nên uống đủ lượng nước khuyến cáo mỗi ngày để giúp sữa được sản xuất nhiều hơn, nhờ đó khơi thông tuyến sữa tốt hơn.\nHạn chế những tác động lên bầu ngực: Mẹ không nên mặc áo ngực quá ngực, không nằm sấp khi ngủ và cần hạn chế những tác động mạnh lên bầu ngực.\nTập luyện thể dục thể thao nhẹ nhàng: Mẹ có thể tham khảo các bộ môn nhẹ nhàng với phụ nữ sau sinh như yoga, kegel, đi bộ… ngoài việc hỗ trợ hoạt động sản xuất sữa mẹ, cải thiện sắc vóc còn mang đến nhiều lợi ích sức khỏe khác.', 'Nhiều bà mẹ trong quá trình nuôi con, bế con, cho con bú không đúng tư thế. Đứng, ngồi hoặc nằm trong tư thế lệch suốt một thời gian dài cũng có thể là nguyên nhân dẫn đến đau nhức mỏi lưng.\nTrắc nghiệm: Đau lưng sau sinh mổ và những điều cần biết Sau sinh mổ, bà mẹ không chỉ đau đớn với vết khâu bụng dưới mà còn đối mặt với những cơn đau lưng. Mức độ đau lưng sau sinh mổ theo thống kê chiếm đến hơn 70% các trường hợp. Trả lời nhanh 5 câu hỏi trắc nghiệm sau sẽ giúp bạn có thêm kiến thức để hạn chế tình trạng này. \nNội dung trắc nghiệm được tham vấn chuyên môn cùng Thạc sĩ, Bác sĩ chuyên khoa II, Tạ Quốc Bản , chuyên khoa Sản phụ khoa , Trung tâm Sản và Hỗ trợ Sinh sản - Bệnh viện Đa khoa Vinmec Đà Nẵng \nTạ Quốc Bản \nThạc sĩ, Bác sĩ chuyên khoa II, \nSản phụ khoa \nTrung tâm Sản và Hỗ trợ Sinh sản - Bệnh viện Đa khoa Vinmec Đà Nẵng \nĐăng ký khám \nPhụ nữ sau sinh rất dễ bị nhiễm lạnh do tổn thương khí huyết. Nếu không giữ ấm cơ thể, để gió lạnh lùa vào có thể gây đau lưng, đau nhức xương khớp toàn thân.\nSau khi, nếu mẹ phải làm việc liên tục, cúi xuống thay tã, tắm rửa, bế bé, nấu cơm, giặt giũ nhiều, ít được nghỉ ngơi cũng dễ gây mỏi lưng, đau lưng, nhất là khi cơ thể còn chưa hồi ph', 'Tại sao chúng ta không cần cho trẻ sơ sinh dưới 6 tháng tuổi uống nước?\nNhiều gia đình có thói quen cho bé uống thêm nước khi bú, hoặc bổ sung nước cho bé sau các cữ bú để bé đỡ khát hoặc để tráng miệng cho bé. Điều này nghe có vẻ hợp lý, nhưng sự thật đây là điều không tốt cho bé sơ sinh dưới 6 tháng tuổi.\nCho trẻ sơ sinh uống nước khiến bé có nguy cơ bị tiêu chảy và suy dinh dưỡng\nNguồn nước có thể không sạch và khiến bé bị nhiễm trùng.\nBên cạnh đó, dạ dày của trẻ sơ sinh có dung tích nhỏ, việc cho bé uống thêm nước sẽ làm cho bé bị no và bú mẹ ít đi, hoặc ngưng bú sữa mẹ, từ đó bé kém hấp thu chất dinh dưỡng dẫn đến tình trạng suy dinh dưỡng. Cho bé uống thêm nước sau mỗi cử bú dễ khiến bé bị ọc hay bị sặc. Mặt khác, nếu các bà mẹ cho con uống nước thay vì bú cũng sẽ khiến mẹ dần ít sữa trong tương lai.\nSữa mẹ có hơn 80% là nước:\nSữa mẹ chứa hơn 80% là nước, đặc biệt là sữa đầu dòng (sữa đầu mỗi cử bú). Do đó, bất cứ khi nào người mẹ cảm thấy con mình khát, mẹ có thể cho con bú. Điều này sẽ thỏa mãn “cơn khát” của bé và tiếp tục bảo vệ bé khỏi nguy cơ nhiễm trùng. Bé không cần nước trước khi được 6 tháng tuổi, ngay cả trong điều kiện khí hậu nóng. Đây cũng là một trong những lý ', 'NHỮNG VẤN ĐỀ PHỔ BIẾN NHỮNG VẤN ĐỀ PHỔ BIẾN HỘI CHỨNG QUẤY KHÓC Ở TRẺ SƠ SINH (KHÓC DẠ ĐỀ) Bé khóc dạ đề: • Bé khóc và khóc trong thời gian dài, dường như không có cách nào có thể trấn an bé, bất kể bạn làm gì • Bé khóc như vậy kéo dài hàng giờ đồng hồ mỗi ngày, thường vào buổi đêm Tất cả các em bé đều khóc, một số bé khóc nhiều hơn các bé khác. Quấy khóc là một xu hướng bình thường đối với tất cả các bé. Quấy khóc thường bắt đầu từ khoảng 02 tuần sau sinh, và sau đó bé khóc thường xuyên hơn. Bé quấy khóc nhiều nhất ở giai đoạn 2 tháng tuổi và sau đó bắt đầu giảm dần. Khóc dạ dề cũng theo xu hướng như vậy nhưng cường độ mạnh hơn rất nhiều. Khóc dạ đề rất khó để xử lý. Bạn có thể cảm thấy rất bất lực, vô vọng và cực kỳ, cực kỳ mệt mỏi. Hãy tự nhắc nhở bản thân rằng khóc dạ đề là hiện tượng bình thường và không kéo dài mãi mãi. Bạn cũng có thể cảm thấy tức giận. Nếu bạn e ngại rằng mình có thể làm đau bé, hãy để bé ở nơi an toàn như trong cũi. Tạm rời xa bé vài phút cho đến khi bạn bình tĩnh lại và kiểm soát được bản thân. Đừng đổ lỗi cho bản thân mình hay cho em bé. Không ai thực sự biết nguyên nhân của khóc dạ đề là gì hoặc vì sao có những em bé khóc dạ đề trong khi có những em bé ', 'NHỮNG VẤN ĐỀ PHỔ BIẾN CẦN PHẢI LÀM GÌ Cố gắng thử nhiều cách khác nhau để làm dịu và trấn an em bé. Thử da kề da, bế bé, lắc lư, đi lại, ôm ấp, hát hoặc cho bé ăn. Tìm ai đó giúp đỡ. Khi bé khóc dạ đề, bé sẽ cần năng lượng và sự kiên nhẫn của bạn. Hãy cố gắng nghỉ ngơi khi bé ngưng khóc để bạn không bị kiệt sức. 27']","Mẹ nằm hoặc ngồi ở tư thế thoải mái, có thể dùng gối hay chăn gấp kê dưới đầu bé nếu bà mẹ nằm hoặc để dưới cánh tay nếu bà mẹ ngồi. Mặt trẻ hướng vào vú mẹ, mũi trẻ đối diện với núm vú, măt mẹ nhìn vào bé. Toàn thân trẻ sát vào người mẹ, đầu-thân-mông trẻ trên đường thẳng.","Bà nội bảo bế nghiêng bé mới đúng, nhưng em thấy mỏi tay, tư thế bú đúng là như thế nào theo bác sĩ ạ","['Tập thói quen hút sữa thường xuyên: Ngoài việc cho con bú đúng cữ và bú thường xuyên, mẹ cần hút sữa đều đặn mỗi lần sau khi bé bú no để đảm bảo sữa không bị ứ đọng, sữa mới luôn được sản xuất.\nThực hiện lối sống khoa học: Mẹ cần xây dựng lối sống khoa học bằng việc ăn uống đầy đủ dinh dưỡng, bổ sung đầy đủ các nhóm chất, nghỉ ngơi hợp lý, tránh căng thẳng hoặc mệt mỏi kéo dài ảnh hưởng đến việc tiết sữa.\nUống đủ nước: Mẹ nên uống đủ lượng nước khuyến cáo mỗi ngày để giúp sữa được sản xuất nhiều hơn, nhờ đó khơi thông tuyến sữa tốt hơn.\nHạn chế những tác động lên bầu ngực: Mẹ không nên mặc áo ngực quá ngực, không nằm sấp khi ngủ và cần hạn chế những tác động mạnh lên bầu ngực.\nTập luyện thể dục thể thao nhẹ nhàng: Mẹ có thể tham khảo các bộ môn nhẹ nhàng với phụ nữ sau sinh như yoga, kegel, đi bộ… ngoài việc hỗ trợ hoạt động sản xuất sữa mẹ, cải thiện sắc vóc còn mang đến nhiều lợi ích sức khỏe khác.', 'Nhiều bà mẹ trong quá trình nuôi con, bế con, cho con bú không đúng tư thế. Đứng, ngồi hoặc nằm trong tư thế lệch suốt một thời gian dài cũng có thể là nguyên nhân dẫn đến đau nhức mỏi lưng.\nTrắc nghiệm: Đau lưng sau sinh mổ và những điều cần biết Sau sinh mổ, bà mẹ không chỉ đau đớn với vết khâu bụng dưới mà còn đối mặt với những cơn đau lưng. Mức độ đau lưng sau sinh mổ theo thống kê chiếm đến hơn 70% các trường hợp. Trả lời nhanh 5 câu hỏi trắc nghiệm sau sẽ giúp bạn có thêm kiến thức để hạn chế tình trạng này. \nNội dung trắc nghiệm được tham vấn chuyên môn cùng Thạc sĩ, Bác sĩ chuyên khoa II, Tạ Quốc Bản , chuyên khoa Sản phụ khoa , Trung tâm Sản và Hỗ trợ Sinh sản - Bệnh viện Đa khoa Vinmec Đà Nẵng \nTạ Quốc Bản \nThạc sĩ, Bác sĩ chuyên khoa II, \nSản phụ khoa \nTrung tâm Sản và Hỗ trợ Sinh sản - Bệnh viện Đa khoa Vinmec Đà Nẵng \nĐăng ký khám \nPhụ nữ sau sinh rất dễ bị nhiễm lạnh do tổn thương khí huyết. Nếu không giữ ấm cơ thể, để gió lạnh lùa vào có thể gây đau lưng, đau nhức xương khớp toàn thân.\nSau khi, nếu mẹ phải làm việc liên tục, cúi xuống thay tã, tắm rửa, bế bé, nấu cơm, giặt giũ nhiều, ít được nghỉ ngơi cũng dễ gây mỏi lưng, đau lưng, nhất là khi cơ thể còn chưa hồi ph', 'Tại sao chúng ta không cần cho trẻ sơ sinh dưới 6 tháng tuổi uống nước?\nNhiều gia đình có thói quen cho bé uống thêm nước khi bú, hoặc bổ sung nước cho bé sau các cữ bú để bé đỡ khát hoặc để tráng miệng cho bé. Điều này nghe có vẻ hợp lý, nhưng sự thật đây là điều không tốt cho bé sơ sinh dưới 6 tháng tuổi.\nCho trẻ sơ sinh uống nước khiến bé có nguy cơ bị tiêu chảy và suy dinh dưỡng\nNguồn nước có thể không sạch và khiến bé bị nhiễm trùng.\nBên cạnh đó, dạ dày của trẻ sơ sinh có dung tích nhỏ, việc cho bé uống thêm nước sẽ làm cho bé bị no và bú mẹ ít đi, hoặc ngưng bú sữa mẹ, từ đó bé kém hấp thu chất dinh dưỡng dẫn đến tình trạng suy dinh dưỡng. Cho bé uống thêm nước sau mỗi cử bú dễ khiến bé bị ọc hay bị sặc. Mặt khác, nếu các bà mẹ cho con uống nước thay vì bú cũng sẽ khiến mẹ dần ít sữa trong tương lai.\nSữa mẹ có hơn 80% là nước:\nSữa mẹ chứa hơn 80% là nước, đặc biệt là sữa đầu dòng (sữa đầu mỗi cử bú). Do đó, bất cứ khi nào người mẹ cảm thấy con mình khát, mẹ có thể cho con bú. Điều này sẽ thỏa mãn “cơn khát” của bé và tiếp tục bảo vệ bé khỏi nguy cơ nhiễm trùng. Bé không cần nước trước khi được 6 tháng tuổi, ngay cả trong điều kiện khí hậu nóng. Đây cũng là một trong những lý ', 'NHỮNG VẤN ĐỀ PHỔ BIẾN NHỮNG VẤN ĐỀ PHỔ BIẾN HỘI CHỨNG QUẤY KHÓC Ở TRẺ SƠ SINH (KHÓC DẠ ĐỀ) Bé khóc dạ đề: • Bé khóc và khóc trong thời gian dài, dường như không có cách nào có thể trấn an bé, bất kể bạn làm gì • Bé khóc như vậy kéo dài hàng giờ đồng hồ mỗi ngày, thường vào buổi đêm Tất cả các em bé đều khóc, một số bé khóc nhiều hơn các bé khác. Quấy khóc là một xu hướng bình thường đối với tất cả các bé. Quấy khóc thường bắt đầu từ khoảng 02 tuần sau sinh, và sau đó bé khóc thường xuyên hơn. Bé quấy khóc nhiều nhất ở giai đoạn 2 tháng tuổi và sau đó bắt đầu giảm dần. Khóc dạ dề cũng theo xu hướng như vậy nhưng cường độ mạnh hơn rất nhiều. Khóc dạ đề rất khó để xử lý. Bạn có thể cảm thấy rất bất lực, vô vọng và cực kỳ, cực kỳ mệt mỏi. Hãy tự nhắc nhở bản thân rằng khóc dạ đề là hiện tượng bình thường và không kéo dài mãi mãi. Bạn cũng có thể cảm thấy tức giận. Nếu bạn e ngại rằng mình có thể làm đau bé, hãy để bé ở nơi an toàn như trong cũi. Tạm rời xa bé vài phút cho đến khi bạn bình tĩnh lại và kiểm soát được bản thân. Đừng đổ lỗi cho bản thân mình hay cho em bé. Không ai thực sự biết nguyên nhân của khóc dạ đề là gì hoặc vì sao có những em bé khóc dạ đề trong khi có những em bé ', 'NHỮNG VẤN ĐỀ PHỔ BIẾN CẦN PHẢI LÀM GÌ Cố gắng thử nhiều cách khác nhau để làm dịu và trấn an em bé. Thử da kề da, bế bé, lắc lư, đi lại, ôm ấp, hát hoặc cho bé ăn. Tìm ai đó giúp đỡ. Khi bé khóc dạ đề, bé sẽ cần năng lượng và sự kiên nhẫn của bạn. Hãy cố gắng nghỉ ngơi khi bé ngưng khóc để bạn không bị kiệt sức. 27']","Mẹ ạ, tư thế bú đúng là rất quan trọng để giúp mẹ và bé có một trải nghiệm bú sữa tốt nhất. Theo bác sĩ, tư thế bú đúng bao gồm:

- Mẹ ngồi thoải mái và thẳng lưng
- Bé được đặt ở tư thế ngồi hoặc nằm, với đầu được nâng cao hơn cơ thể
- Mẹ đặt môi dưới của mình vào môi trên của bé, tạo thành một vòng tròn
- Bé được đặt gần mẹ, để mẹ có thể dễ dàng bú sữa
- Mẹ nên bú sữa từ từ và đều đặn, để giúp bé có thể bú sữa một cách thoải mái

Tư thế bế nghiêng như bà nội bảo bế có thể gây ra nhiều vấn đề cho mẹ và bé, bao gồm:

- Mẹ có thể bị mỏi tay và đau lưng
- Bé có thể bị khó thở hoặc khó bú sữa
- Mẹ có thể không thể bú sữa một cách thoải mái và đều đặn

Vì vậy, mẹ nên tránh tư thế bế nghiêng và thay vào đó sử dụng tư thế bú đúng như trên. Nếu mẹ cần giúp đỡ hoặc có bất kỳ câu hỏi nào, mẹ có thể liên hệ với bác sĩ hoặc các chuyên gia y tế khác.","Mẹ nằm hoặc ngồi ở tư thế thoải mái, có thể dùng gối hay chăn gấp kê dưới đầu bé nếu bà mẹ nằm hoặc để dưới cánh tay nếu bà mẹ ngồi. Mặt trẻ hướng vào vú mẹ, mũi trẻ đối diện với núm vú, măt mẹ nhìn vào bé. Toàn thân trẻ sát vào người mẹ, đầu-thân-mông trẻ trên đường thẳng.",1.0,0.3333333333,0.311034277288998,0.08333333333333333
" Con em hay buồn ngủ khi bú, dấu hiệu nào cho thấy trẻ bú tốt vậy ạ","Mẹ ơi, chúc mừng mẹ có bé khỏe mạnh! Giai đoạn này mẹ cần chú ý chăm sóc rốn và tử cung.

Về câu hỏi của mẹ, dấu hiệu cho thấy trẻ bú tốt là:

- Trẻ ngậm bắt vú đúng và bú mạnh mẽ.
- Trẻ không khóc hoặc khóc ít khi bú.
- Trẻ có biểu hiện thỏa mãn và dễ chịu sau khi bú.
- Trẻ có sữa chảy ra ngoài khi bú.

Về dấu hiệu buồn ngủ khi bú, có thể là do trẻ đã bú đủ sữa hoặc đã quá no. Tuy nhiên, nếu trẻ buồn ngủ quá mức hoặc có biểu hiện bất thường khác, mẹ nên kiểm tra lại và liên hệ với bác sĩ nếu cần.

Về tình trạng rốn bé sưng đỏ, mẹ nên sử dụng cồn 90 độ lau nhẹ nhàng để tránh gây tổn thương cho rốn. Nếu tình trạng không cải thiện, mẹ nên đưa bé đến cơ sở y tế khám và điều trị.

Về tình trạng nứt ti ta đau khi cho con bú, mẹ nên đổi ngực khi cho con bú và hạn chế dùng sữa công thức khi trẻ chưa được 6 tháng tuổi. Nếu trẻ không bú, mẹ hãy vắt sữa ra bình cho trẻ.

Về tình trạng tưa miệng trắng ở lưỡi, mẹ nên đưa bé đến cơ sở y tế khám và điều trị. Tưa miệng trắng ở lưỡi có thể là do nhiễm trùng hoặc các vấn đề khác, và cần được điều trị kịp thời để tránh gây hại cho sức khỏe của bé.

Hy vọng thông tin này sẽ giúp mẹ chăm sóc bé tốt hơn!","['Điều kiện 8 Khuyến khích cho trẻ bú mẹ theo nhu cầu. Bú theo nhu cầu là cho trẻ bú bất cứ khi nào trẻ hoặc bà mẹ muốn, không hạn chế thời gian và số lần bú. • Giúp bà mẹ biết cách nhận biết các dấu hiệu muốn bú của trẻ để cho trẻ bú ngay không nên chờ đến khi trẻ khóc hay mệt mới cho trẻ bú • Hãy để trẻ bú bao lâu tuỳ thích và giúp trẻ ngậm bắt vú đúng. • Cho trẻ bú hết từng bên vú để nhận được sữa cuối có nhiều chất béo. Sau đó chuyển sang vú bên kia nếu trẻ còn muốn bú.', 'Hướng dẫn các bà mẹ cách cho con bú và duy trì nguồn sữa ngay cả khi bà mẹ phải xa con • Giúp bà mẹ nhận biết và cho trẻ bú ngay khi trẻ có dấu hiệu chứng tỏ trẻ muốn bú. • Trẻ khoẻ mạnh, đủ tháng thường không cần thức ăn hoặc đồ uống gì trước khi bà mẹ cho trẻ bú, vì vậy trẻ có thể chờ mẹ trong một vài giờ. • Dành nhiều thời gian giúp các bà mẹ cho con bú thành công ngay trong bữa bú đầu tiên • Giúp bà mẹ tin rằng sữa mẹ là quan trọng và thực sự giúp ích cho trẻ. • Giúp bà mẹ vắt sữa để thiết lập và duy trì nguồn sữa sau này cho trẻ. • Hướng dẫn và tạo điều kiện cho bà mẹ thực hiện tốt cho trẻ bú trong trường hợp sinh mổ Điều kiện 5', '75 - Tắm cho trẻ hàng ngày bằng nước ấm và massage nhẹ nhàng để trẻ thấy thoải mái và dễ chịu, giảm quấy khóc. Việc này còn hỗ trợ quá trình lưu thông máu ở trẻ rất hiệu quả. - Khi trẻ không ngừng khóc, dù đã làm m ọi cách ho ặc trẻ vẫn tiếp tục khóc thét, âm s ắc cao ho ặc rên r ỉ dai dẳng, phải đưa đ ến cơ s ở y t ế khám và đi ều tr ị loại tr ừ các t ổn thương ở trẻ Bỏ bú Nguyên nhân - Cơ thể trẻ đang thay đổi sinh lý - Vấn đề về bệnh lý khiến trẻ quấy khóc bỏ bú đột ngột - Trẻ quấy khóc bỏ bú vì mẹ cho uống sữa công thức - Trẻ không có tâm lý thoải mái khi bú Xử trí – Chăm sóc - Cho trẻ bú trong phòng có ánh sáng nh ẹ để kích thích sự quan sát của trẻ. Từ đó, trẻ bị phân tâm mà bú ngoan hơn. - Đổi ngực khi cho con bú - Mẹ nên hạn chế dùng sữa công thức khi trẻ chưa được 6 tháng tuổi. Nếu trẻ không bú, hướng dẫn mẹ hãy vắt sữa ra bình cho trẻ. - Thay đổi tư thế bú cho trẻ', 'Nuôi con khi trẻ không chịu bú mẹ (1) Các dấu hiệu nhận biết trẻ không chịu bú mẹ • Trẻ ngậm bắt vú nhưng không bú hoặc bú rất yếu. • Trẻ khóc và không bú mặc dù bà mẹ đã cố gắng cho trẻ bú. • Trẻ bú một lúc rồi nhả vú ra và khóc. Trẻ có thể làm như thế vài lần trong một bữa bú.', '-\xa0\xa0\xa0\xa0\xa0\xa0\xa0\xa0 Khuyến khích các mẹ ngồi cho con bú, nhằm giúp trẻ ngậm bắt vú đúng và mẹ dễ quan sát trẻ .\n-\xa0\xa0\xa0\xa0\xa0\xa0\xa0\xa0 Sau khi cho trẻ bú, mẹ bế trẻ đầu cao, vỗ nhẹ vào lưng (vùng giữa hai xương bả vai), giúp cho trẻ ợ hơi trước khi đặt trẻ nằm.\n-\xa0\xa0\xa0\xa0\xa0\xa0\xa0\xa0 Đặt trẻ nằm tư thế đầu nghiêng sang một bên, nếu có ọc sữa sẽ dễ chảy ra ngoài, tránh sữa chảy vào mũi gây sặc sữa.\n-\xa0\xa0\xa0\xa0\xa0\xa0\xa0\xa0 Phòng nuôi trẻ phải để đèn đủ sáng, nhằm thuận tiện cho việc chăm sóc và theo dõi trẻ (thay tã, cho bú, theo dõi trẻ sau bú\xa0 …)\n-\xa0\xa0\xa0\xa0\xa0\xa0\xa0\xa0 Trong quá trình chăm sóc trẻ, nếu bà mẹ và thân nhân phát hiện các dấu hiệu bất thường (trẻ thở khó, khóc quấy, tím, sặc .\xa0 .), liên hệ ngay với nhân viên y tế gần nhất hoặc Bác sĩ, Nữ hộ sinh tại Phòng trực.']","Miệng trẻ mở rộng ngậm sâu vào quầng thâm vú mẹ, môi dưới trẻ trễ xuống và thấy lưỡi của trẻ giữa bầu vú và môi dưới, trẻ bú dài hơi và sâu. Cằm của trẻ chuyển động theo mỗi lần mút, người mẹ không thấy đau ở đầu vú."," Con em hay buồn ngủ khi bú, dấu hiệu nào cho thấy trẻ bú tốt vậy ạ","['Điều kiện 8 Khuyến khích cho trẻ bú mẹ theo nhu cầu. Bú theo nhu cầu là cho trẻ bú bất cứ khi nào trẻ hoặc bà mẹ muốn, không hạn chế thời gian và số lần bú. • Giúp bà mẹ biết cách nhận biết các dấu hiệu muốn bú của trẻ để cho trẻ bú ngay không nên chờ đến khi trẻ khóc hay mệt mới cho trẻ bú • Hãy để trẻ bú bao lâu tuỳ thích và giúp trẻ ngậm bắt vú đúng. • Cho trẻ bú hết từng bên vú để nhận được sữa cuối có nhiều chất béo. Sau đó chuyển sang vú bên kia nếu trẻ còn muốn bú.', 'Hướng dẫn các bà mẹ cách cho con bú và duy trì nguồn sữa ngay cả khi bà mẹ phải xa con • Giúp bà mẹ nhận biết và cho trẻ bú ngay khi trẻ có dấu hiệu chứng tỏ trẻ muốn bú. • Trẻ khoẻ mạnh, đủ tháng thường không cần thức ăn hoặc đồ uống gì trước khi bà mẹ cho trẻ bú, vì vậy trẻ có thể chờ mẹ trong một vài giờ. • Dành nhiều thời gian giúp các bà mẹ cho con bú thành công ngay trong bữa bú đầu tiên • Giúp bà mẹ tin rằng sữa mẹ là quan trọng và thực sự giúp ích cho trẻ. • Giúp bà mẹ vắt sữa để thiết lập và duy trì nguồn sữa sau này cho trẻ. • Hướng dẫn và tạo điều kiện cho bà mẹ thực hiện tốt cho trẻ bú trong trường hợp sinh mổ Điều kiện 5', '75 - Tắm cho trẻ hàng ngày bằng nước ấm và massage nhẹ nhàng để trẻ thấy thoải mái và dễ chịu, giảm quấy khóc. Việc này còn hỗ trợ quá trình lưu thông máu ở trẻ rất hiệu quả. - Khi trẻ không ngừng khóc, dù đã làm m ọi cách ho ặc trẻ vẫn tiếp tục khóc thét, âm s ắc cao ho ặc rên r ỉ dai dẳng, phải đưa đ ến cơ s ở y t ế khám và đi ều tr ị loại tr ừ các t ổn thương ở trẻ Bỏ bú Nguyên nhân - Cơ thể trẻ đang thay đổi sinh lý - Vấn đề về bệnh lý khiến trẻ quấy khóc bỏ bú đột ngột - Trẻ quấy khóc bỏ bú vì mẹ cho uống sữa công thức - Trẻ không có tâm lý thoải mái khi bú Xử trí – Chăm sóc - Cho trẻ bú trong phòng có ánh sáng nh ẹ để kích thích sự quan sát của trẻ. Từ đó, trẻ bị phân tâm mà bú ngoan hơn. - Đổi ngực khi cho con bú - Mẹ nên hạn chế dùng sữa công thức khi trẻ chưa được 6 tháng tuổi. Nếu trẻ không bú, hướng dẫn mẹ hãy vắt sữa ra bình cho trẻ. - Thay đổi tư thế bú cho trẻ', 'Nuôi con khi trẻ không chịu bú mẹ (1) Các dấu hiệu nhận biết trẻ không chịu bú mẹ • Trẻ ngậm bắt vú nhưng không bú hoặc bú rất yếu. • Trẻ khóc và không bú mặc dù bà mẹ đã cố gắng cho trẻ bú. • Trẻ bú một lúc rồi nhả vú ra và khóc. Trẻ có thể làm như thế vài lần trong một bữa bú.', '-\xa0\xa0\xa0\xa0\xa0\xa0\xa0\xa0 Khuyến khích các mẹ ngồi cho con bú, nhằm giúp trẻ ngậm bắt vú đúng và mẹ dễ quan sát trẻ .\n-\xa0\xa0\xa0\xa0\xa0\xa0\xa0\xa0 Sau khi cho trẻ bú, mẹ bế trẻ đầu cao, vỗ nhẹ vào lưng (vùng giữa hai xương bả vai), giúp cho trẻ ợ hơi trước khi đặt trẻ nằm.\n-\xa0\xa0\xa0\xa0\xa0\xa0\xa0\xa0 Đặt trẻ nằm tư thế đầu nghiêng sang một bên, nếu có ọc sữa sẽ dễ chảy ra ngoài, tránh sữa chảy vào mũi gây sặc sữa.\n-\xa0\xa0\xa0\xa0\xa0\xa0\xa0\xa0 Phòng nuôi trẻ phải để đèn đủ sáng, nhằm thuận tiện cho việc chăm sóc và theo dõi trẻ (thay tã, cho bú, theo dõi trẻ sau bú\xa0 …)\n-\xa0\xa0\xa0\xa0\xa0\xa0\xa0\xa0 Trong quá trình chăm sóc trẻ, nếu bà mẹ và thân nhân phát hiện các dấu hiệu bất thường (trẻ thở khó, khóc quấy, tím, sặc .\xa0 .), liên hệ ngay với nhân viên y tế gần nhất hoặc Bác sĩ, Nữ hộ sinh tại Phòng trực.']","Mẹ ơi, chúc mừng mẹ có bé khỏe mạnh! Giai đoạn này mẹ cần chú ý chăm sóc rốn và tử cung.

Về câu hỏi của mẹ, dấu hiệu cho thấy trẻ bú tốt là:

- Trẻ ngậm bắt vú đúng và bú mạnh mẽ.
- Trẻ không khóc hoặc khóc ít khi bú.
- Trẻ có biểu hiện thỏa mãn và dễ chịu sau khi bú.
- Trẻ có sữa chảy ra ngoài khi bú.

Về dấu hiệu buồn ngủ khi bú, có thể là do trẻ đã bú đủ sữa hoặc đã quá no. Tuy nhiên, nếu trẻ buồn ngủ quá mức hoặc có biểu hiện bất thường khác, mẹ nên kiểm tra lại và liên hệ với bác sĩ nếu cần.

Về tình trạng rốn bé sưng đỏ, mẹ nên sử dụng cồn 90 độ lau nhẹ nhàng để tránh gây tổn thương cho rốn. Nếu tình trạng không cải thiện, mẹ nên đưa bé đến cơ sở y tế khám và điều trị.

Về tình trạng nứt ti ta đau khi cho con bú, mẹ nên đổi ngực khi cho con bú và hạn chế dùng sữa công thức khi trẻ chưa được 6 tháng tuổi. Nếu trẻ không bú, mẹ hãy vắt sữa ra bình cho trẻ.

Về tình trạng tưa miệng trắng ở lưỡi, mẹ nên đưa bé đến cơ sở y tế khám và điều trị. Tưa miệng trắng ở lưỡi có thể là do nhiễm trùng hoặc các vấn đề khác, và cần được điều trị kịp thời để tránh gây hại cho sức khỏe của bé.

Hy vọng thông tin này sẽ giúp mẹ chăm sóc bé tốt hơn!","Miệng trẻ mở rộng ngậm sâu vào quầng thâm vú mẹ, môi dưới trẻ trễ xuống và thấy lưỡi của trẻ giữa bầu vú và môi dưới, trẻ bú dài hơi và sâu. Cằm của trẻ chuyển động theo mỗi lần mút, người mẹ không thấy đau ở đầu vú.",1.0,0.94999999997625,0.6983578486637279,0.4666666666666667
" Em đang định cắm sạc điện thoại để vắt sữa, sữa mẹ vắt ra có thể bảo quản ở nhiệt độ thường trong bao lâu vậy ạ","Mẹ ạ, theo tài liệu, sữa mẹ vắt ra có thể bảo quản ở nhiệt độ thường (19 - 26°C) trong khoảng 4 tiếng. Tuy nhiên, có thể để từ 6-8 tiếng. Nếu mẹ muốn bảo quản lâu hơn, có thể cho vào tủ lạnh hoặc đông lạnh.","['Bảo quản sữa mẹ đã vắt như thế nào?\nMục lục\nTrước khi vắt sữa mẹ\nBảo quản sữa mẹ sau khi vắt sữa\nĐiều kiện bảo quản sữa mẹ mới vắt tốt nhất\nLưu ý khi cất trữ sữa mẹ\nLưu ý khi đông lạnh sữa mẹ\nSữa mẹ đã rã đông có mùi hoặc trông khác với sữa mẹ tươi không?\nNuôi con bằng sữa mẹ trữ đông\nVệ sinh an toàn các vật dụng cho trẻ sơ sinh và thiết bị hút sữa\nBạn đang nuôi con bằng sữa mẹ và chuẩn đi làm trở lại, muốn linh hoạt trong việc cho con bú bạn có thể cân nhắc vắt sữa cho con bằng tay hoặc sử dụng thiết bị hút sữa. Và khi bạn bắt đầu vắt sữa, điều quan trọng là phải biết cách bảo quản sữa đã vắt ra như thế nào để đảm bảo chất lượng sữa mẹ, tránh lãng phí, giúp mẹ tự tin duy trì nguồn sữa mẹ để nuôi con sau khoảng thời gian nghỉ hậu sản trở lại với công việc và đảm bảo an toàn cho trẻ. Một số lưu ý bảo quản sữa mẹ đã vắt như sau:\nTrước khi vắt sữa mẹ\nRửa tay sạch bằng xà phòng và nước. Nếu không có xà phòng và nước, hãy sử dụng dung dịch khử trùng tay có chứa ít nhất 60% cồn.\nCác mẹ có thể vắt sữa bằng tay hoặc bằng máy hút sữa bằng tay hoặc bằng điện.\nNếu sử dụng máy hút sữa, hãy kiểm tra các bộ phận máy hút và đường ống đảm bảo sạch sẽ. Thay thế các ống dây hút đã bị bẩn, mốc.\nNếu s', 'Bảo quản sữa mẹ đã vắt ra Nơi bảo quản Nhiệt độ Thời gian bảo quản \uf0b7 Ở nhiệt độ phòng 19 - 26°C \uf0b7 Tốt nhất 4 tiếng (có thể để từ 6-8 tiếng) \uf0b7 Trong ngăn mát tủ lạnh <4°C \uf0b7 Tốt nhất 4 ngày (có thể để tới 8 ngày) \uf0b7 Trong ngăn đá tủ lạnh -18 đến -20°C \uf0b7 Tốt nhất 6 tháng (có thể để tới 12 tháng)', '50 - Có thể làm ẩm chụp vú đ ể tăng độ mút, kín khít. B ắt đầu hút v ới áp l ực chân không cao nh ất mà bà m ẹ vẫn thấy thoải mái. - Massage ngực trước và trong khi hút đ ể giúp sữa dễ chảy ra. Có th ể hút s ữa c ả hai bên vú cùng m ột lúc đ ể rút ngắn thời gian vắt sữa. BẢO QUẢN SỮA MẸ SAU KHI VẮT - Sử dụng bình chứa bằng thủy tinh hoặc nhựa cứng có nắp đ ậy kín ho ặc túi b ảo qu ản s ữa chuyên d ụng, dán nhãn bên ngoài ghi ngày, gi ờ vắt. Sữa vắt trước sẽ làm ấm và cho trẻ dùng trước, sữa vắt sau cho trẻ dùng sau. - Không nên đổ đầy sữa vào bình, - Mỗi bình ch ứa sữa chỉ nên chứa khoảng 60 - 120ml, vừa đủ cho 1 lần ăn của trẻ để tránh lãng phí và đ ảm bảo vệ sinh. - Không nên b ảo quản sữa ở cánh cửa tủ lạnh mà s ữa nên được bảo quản ở phía trong cùng c ủa ngăn mát t ủ lạnh và trên cùng của ngăn đá tủ lạnh. - Thời gian bảo quản sữa mẹ: Nếu ở nhiệt độ 19 - 26 độ C thì bảo quản được tốt nhất 4 tiếng (có thể để từ 6-8 tiếng).', 'Sữa mẹ có thể được bảo quản trong túi đá giữ nhiệt tối đa 24 giờ nếu bạn đi du lịch hoặc vận chuyển sữa đến nơi khác, sau đó hãy bảo quản trong tủ đông nếu chưa dùng đến.\nCó thể bảo quản sữa mẹ vắt ra trong túi đá giữ nhiệt tối đa 24 giờ\nRã đông sữa mẹ an toàn\n-Luôn luôn rã đông sữa mẹ cũ nhất trước. Theo thời gian, chất lượng sữa mẹ có thể giảm xuống.\n-Một số cách rã đông sữa mẹ:\nĐể trong tủ lạnh qua đêm.\nĐặt trong một ly/thau nước ấm.\nĐể dưới vòi nước ấm.\n-Không bao giờ rã đông hoặc hâm nóng sữa mẹ trong lò vi sóng. Lò vi sóng có thể phá hủy các chất dinh dưỡng trong sữa mẹ và tạo ra các điểm nóng, có thể làm bỏng miệng trẻ.\n-Nếu bạn rã đông sữa mẹ trong tủ lạnh, hãy sử dụng nó trong vòng 24 giờ (tính từ lúc sữa mẹ được rã đông hoàn toàn, không phải từ khi bạn lấy sữa ra khỏi tủ đông)\n-Sau khi sữa mẹ được rã đông và làm ấm, chỉ sử dụng trong vòng 2 giờ.\n-Không nên đông lạnh lại sữa mẹ đã rã đông.\nSữa mẹ đã rã đông có mùi hoặc trông khác với sữa mẹ tươi không?\nMàu sắc của sữa mẹ có thể thay đổi một chút tùy thuộc vào chế độ ăn uống của bạn. Ngoài ra, sữa mẹ đã rã đông có thể có mùi hoặc độ đặc khác với sữa mới vắt. Sữa mẹ rã đông vẫn an toàn khi cho bé bú. Nếu con bạn từ chối sữa ', 'Tập thói quen hút sữa thường xuyên: Ngoài việc cho con bú đúng cữ và bú thường xuyên, mẹ cần hút sữa đều đặn mỗi lần sau khi bé bú no để đảm bảo sữa không bị ứ đọng, sữa mới luôn được sản xuất.\nThực hiện lối sống khoa học: Mẹ cần xây dựng lối sống khoa học bằng việc ăn uống đầy đủ dinh dưỡng, bổ sung đầy đủ các nhóm chất, nghỉ ngơi hợp lý, tránh căng thẳng hoặc mệt mỏi kéo dài ảnh hưởng đến việc tiết sữa.\nUống đủ nước: Mẹ nên uống đủ lượng nước khuyến cáo mỗi ngày để giúp sữa được sản xuất nhiều hơn, nhờ đó khơi thông tuyến sữa tốt hơn.\nHạn chế những tác động lên bầu ngực: Mẹ không nên mặc áo ngực quá ngực, không nằm sấp khi ngủ và cần hạn chế những tác động mạnh lên bầu ngực.\nTập luyện thể dục thể thao nhẹ nhàng: Mẹ có thể tham khảo các bộ môn nhẹ nhàng với phụ nữ sau sinh như yoga, kegel, đi bộ… ngoài việc hỗ trợ hoạt động sản xuất sữa mẹ, cải thiện sắc vóc còn mang đến nhiều lợi ích sức khỏe khác.']",Chỉ nên để sữa lâu nhất khoảng 3 giờ sau khi vắt.," Em đang định cắm sạc điện thoại để vắt sữa, sữa mẹ vắt ra có thể bảo quản ở nhiệt độ thường trong bao lâu vậy ạ","['Bảo quản sữa mẹ đã vắt như thế nào?\nMục lục\nTrước khi vắt sữa mẹ\nBảo quản sữa mẹ sau khi vắt sữa\nĐiều kiện bảo quản sữa mẹ mới vắt tốt nhất\nLưu ý khi cất trữ sữa mẹ\nLưu ý khi đông lạnh sữa mẹ\nSữa mẹ đã rã đông có mùi hoặc trông khác với sữa mẹ tươi không?\nNuôi con bằng sữa mẹ trữ đông\nVệ sinh an toàn các vật dụng cho trẻ sơ sinh và thiết bị hút sữa\nBạn đang nuôi con bằng sữa mẹ và chuẩn đi làm trở lại, muốn linh hoạt trong việc cho con bú bạn có thể cân nhắc vắt sữa cho con bằng tay hoặc sử dụng thiết bị hút sữa. Và khi bạn bắt đầu vắt sữa, điều quan trọng là phải biết cách bảo quản sữa đã vắt ra như thế nào để đảm bảo chất lượng sữa mẹ, tránh lãng phí, giúp mẹ tự tin duy trì nguồn sữa mẹ để nuôi con sau khoảng thời gian nghỉ hậu sản trở lại với công việc và đảm bảo an toàn cho trẻ. Một số lưu ý bảo quản sữa mẹ đã vắt như sau:\nTrước khi vắt sữa mẹ\nRửa tay sạch bằng xà phòng và nước. Nếu không có xà phòng và nước, hãy sử dụng dung dịch khử trùng tay có chứa ít nhất 60% cồn.\nCác mẹ có thể vắt sữa bằng tay hoặc bằng máy hút sữa bằng tay hoặc bằng điện.\nNếu sử dụng máy hút sữa, hãy kiểm tra các bộ phận máy hút và đường ống đảm bảo sạch sẽ. Thay thế các ống dây hút đã bị bẩn, mốc.\nNếu s', 'Bảo quản sữa mẹ đã vắt ra Nơi bảo quản Nhiệt độ Thời gian bảo quản \uf0b7 Ở nhiệt độ phòng 19 - 26°C \uf0b7 Tốt nhất 4 tiếng (có thể để từ 6-8 tiếng) \uf0b7 Trong ngăn mát tủ lạnh <4°C \uf0b7 Tốt nhất 4 ngày (có thể để tới 8 ngày) \uf0b7 Trong ngăn đá tủ lạnh -18 đến -20°C \uf0b7 Tốt nhất 6 tháng (có thể để tới 12 tháng)', '50 - Có thể làm ẩm chụp vú đ ể tăng độ mút, kín khít. B ắt đầu hút v ới áp l ực chân không cao nh ất mà bà m ẹ vẫn thấy thoải mái. - Massage ngực trước và trong khi hút đ ể giúp sữa dễ chảy ra. Có th ể hút s ữa c ả hai bên vú cùng m ột lúc đ ể rút ngắn thời gian vắt sữa. BẢO QUẢN SỮA MẸ SAU KHI VẮT - Sử dụng bình chứa bằng thủy tinh hoặc nhựa cứng có nắp đ ậy kín ho ặc túi b ảo qu ản s ữa chuyên d ụng, dán nhãn bên ngoài ghi ngày, gi ờ vắt. Sữa vắt trước sẽ làm ấm và cho trẻ dùng trước, sữa vắt sau cho trẻ dùng sau. - Không nên đổ đầy sữa vào bình, - Mỗi bình ch ứa sữa chỉ nên chứa khoảng 60 - 120ml, vừa đủ cho 1 lần ăn của trẻ để tránh lãng phí và đ ảm bảo vệ sinh. - Không nên b ảo quản sữa ở cánh cửa tủ lạnh mà s ữa nên được bảo quản ở phía trong cùng c ủa ngăn mát t ủ lạnh và trên cùng của ngăn đá tủ lạnh. - Thời gian bảo quản sữa mẹ: Nếu ở nhiệt độ 19 - 26 độ C thì bảo quản được tốt nhất 4 tiếng (có thể để từ 6-8 tiếng).', 'Sữa mẹ có thể được bảo quản trong túi đá giữ nhiệt tối đa 24 giờ nếu bạn đi du lịch hoặc vận chuyển sữa đến nơi khác, sau đó hãy bảo quản trong tủ đông nếu chưa dùng đến.\nCó thể bảo quản sữa mẹ vắt ra trong túi đá giữ nhiệt tối đa 24 giờ\nRã đông sữa mẹ an toàn\n-Luôn luôn rã đông sữa mẹ cũ nhất trước. Theo thời gian, chất lượng sữa mẹ có thể giảm xuống.\n-Một số cách rã đông sữa mẹ:\nĐể trong tủ lạnh qua đêm.\nĐặt trong một ly/thau nước ấm.\nĐể dưới vòi nước ấm.\n-Không bao giờ rã đông hoặc hâm nóng sữa mẹ trong lò vi sóng. Lò vi sóng có thể phá hủy các chất dinh dưỡng trong sữa mẹ và tạo ra các điểm nóng, có thể làm bỏng miệng trẻ.\n-Nếu bạn rã đông sữa mẹ trong tủ lạnh, hãy sử dụng nó trong vòng 24 giờ (tính từ lúc sữa mẹ được rã đông hoàn toàn, không phải từ khi bạn lấy sữa ra khỏi tủ đông)\n-Sau khi sữa mẹ được rã đông và làm ấm, chỉ sử dụng trong vòng 2 giờ.\n-Không nên đông lạnh lại sữa mẹ đã rã đông.\nSữa mẹ đã rã đông có mùi hoặc trông khác với sữa mẹ tươi không?\nMàu sắc của sữa mẹ có thể thay đổi một chút tùy thuộc vào chế độ ăn uống của bạn. Ngoài ra, sữa mẹ đã rã đông có thể có mùi hoặc độ đặc khác với sữa mới vắt. Sữa mẹ rã đông vẫn an toàn khi cho bé bú. Nếu con bạn từ chối sữa ', 'Tập thói quen hút sữa thường xuyên: Ngoài việc cho con bú đúng cữ và bú thường xuyên, mẹ cần hút sữa đều đặn mỗi lần sau khi bé bú no để đảm bảo sữa không bị ứ đọng, sữa mới luôn được sản xuất.\nThực hiện lối sống khoa học: Mẹ cần xây dựng lối sống khoa học bằng việc ăn uống đầy đủ dinh dưỡng, bổ sung đầy đủ các nhóm chất, nghỉ ngơi hợp lý, tránh căng thẳng hoặc mệt mỏi kéo dài ảnh hưởng đến việc tiết sữa.\nUống đủ nước: Mẹ nên uống đủ lượng nước khuyến cáo mỗi ngày để giúp sữa được sản xuất nhiều hơn, nhờ đó khơi thông tuyến sữa tốt hơn.\nHạn chế những tác động lên bầu ngực: Mẹ không nên mặc áo ngực quá ngực, không nằm sấp khi ngủ và cần hạn chế những tác động mạnh lên bầu ngực.\nTập luyện thể dục thể thao nhẹ nhàng: Mẹ có thể tham khảo các bộ môn nhẹ nhàng với phụ nữ sau sinh như yoga, kegel, đi bộ… ngoài việc hỗ trợ hoạt động sản xuất sữa mẹ, cải thiện sắc vóc còn mang đến nhiều lợi ích sức khỏe khác.']","Mẹ ạ, theo tài liệu, sữa mẹ vắt ra có thể bảo quản ở nhiệt độ thường (19 - 26°C) trong khoảng 4 tiếng. Tuy nhiên, có thể để từ 6-8 tiếng. Nếu mẹ muốn bảo quản lâu hơn, có thể cho vào tủ lạnh hoặc đông lạnh.",Chỉ nên để sữa lâu nhất khoảng 3 giờ sau khi vắt.,0.0,0.9999999999,0.6407255234468316,0.3333333333333333
"Mẹ em ép kiêng thịt bò, canh chua, nhưng em thèm quá, tại sao bà mẹ cho con bú không nên kiêng ăn uống và cần nghỉ ngơi ạ","Mẹ ơi, chúc mừng mẹ có bé khỏe mạnh! Giai đoạn này mẹ cần chú ý chăm sóc rốn và tử cung.

Về tình trạng rốn bé sưng đỏ, mẹ có thể sử dụng cồn 90 độ lau. Tuy nhiên, nếu tình trạng không cải thiện, mẹ nên đưa bé đến bệnh viện để được kiểm tra và điều trị.

Về tình trạng nứt ti ta đau khi cho con bú, mẹ có thể sử dụng các biện pháp sau:

- Sử dụng các sản phẩm hỗ trợ cho con bú như máy hút sữa, bình sữa, v.v.
- Đảm bảo rằng mẹ đang cho con bú đúng cách và thường xuyên.
- Nếu mẹ đang cho con bú lần đầu, mẹ có thể gặp khó khăn trong việc cho con bú. Mẹ có thể tham khảo ý kiến của bác sĩ hoặc các chuyên gia về chăm sóc mẹ và bé.

Về tình trạng bé sơ sinh 2 tuần tuổi bị tưa miệng trắng ở lưỡi, mẹ không cần lo lắng quá nhiều. Tưa miệng trắng ở lưỡi là một tình trạng phổ biến ở trẻ sơ sinh và thường tự khỏi sau một thời gian. Tuy nhiên, nếu tình trạng không cải thiện, mẹ nên đưa bé đến bệnh viện để được kiểm tra và điều trị.

Về câu hỏi của mẹ về việc bà mẹ cho con bú không nên kiêng ăn uống và cần nghỉ ngơi, mẹ hoàn toàn đúng. Khi cho con bú, mẹ cần đảm bảo rằng mình có đủ sữa và năng lượng để chăm sóc bé. Mẹ nên ăn uống đầy đủ và cân đối, bao gồm cả protein, carbohydrate, canxi và axit amin. Mẹ cũng nên nghỉ ngơi đầy đủ và không nên kiêng ăn uống quá nhiều.

Mẹ có thể tham khảo các tài liệu sau để biết thêm thông tin về việc chăm sóc mẹ và bé:

- Sữa mẹ là thực phẩm tốt nhất và đầy đủ nhất cho bé. Sữa mẹ cung cấp tất cả những chất dinh dưỡng mà bé cần trong 6 tháng đầu đời.
- Mẹ nên cho con bú thường xuyên và không nên kiêng ăn uống quá nhiều.
- Mẹ nên nghỉ ngơi đầy đủ và không nên kiêng ăn uống quá nhiều.
- Mẹ có thể tham khảo ý kiến của bác sĩ hoặc các chuyên gia về chăm sóc mẹ và bé để được hướng dẫn chi tiết nhất.

Hy vọng thông tin trên sẽ giúp mẹ có thêm kiến thức về việc chăm sóc mẹ và bé. Nếu mẹ có bất kỳ câu hỏi nào khác, mẹ hãy cho tôi biết!","['Chủ đề: Disease. Tiêu đề: Ba mẹ nên làm gì khi bé đổ mồ hôi lạnh? - Tăng cường canxi cho trẻ. Từ khoá: Đổ mồ hôi lạnh. Câu hỏi: Những loại thực phẩm nào có chứa canxi, protein, carbohydrate và axit amin?. Trả lời: Một số loại thực phẩm có chứa canxi, protein, carbohydrate và axit amin là: sữa, chế phẩm từ sữa, hải sản, chuối, táo, hạnh nhân.. Ngữ cảnh: Đối với những trẻ dưới 6 tháng tuổi nên cho trẻ bú sữa mẹ. Vì sữa mẹ là nguồn dinh dưỡng dồi dào nhất đối với trẻ ở giai đoạn này. Khi trẻ bước sang giai đoạn ăn dặm (từ 6 tháng tuổi), nên cho trẻ ăn nhiều thực phẩm chứa protein, carbohydrate, canxi và axit amin. Đây là những dưỡng chất thiết yếu đối với quá trình tăng trưởng và phát triển của trẻ. Bổ sung canxi trong các thực phẩm như: - Sữa và các chế phẩm từ sữa.\n- Hải sản: tôm, cá…\n- Các loại trái cây: chuối, táo,..\n- Các loại quả: hạnh nhân Ngoài ra cũng có thể bổ sung canxi bằng viên uống. Nhưng cha mẹ hãy tham khảo ý kiến của bác sĩ trước khi dùng để được hướng dẫn chi tiết nhất. Bé đổ mồ hôi lạnh có thể do nguyên nhân sinh lý hoặc bệnh lý. Nếu do nguyên nhân sinh lý, bố mẹ cần thay đổi cách chăm sóc và chế độ dinh dưỡng để cải thiện. Còn nếu do bệnh lý, cha mẹ nên sớm đưa con', 'SỨC KHOẺ Sữa non (‘sữa đầu’) là món quà quý giá nhất cho em bé mới sinh. Sữa non giúp bảo vệ bé khỏi bệnh tật và giúp bé thải ra phân su. • Đừng bỏ sữa non đi, hãy cho em bé bú sữa non • Trẻ phải được bú mẹ trong vòng 1 giờ đầu sau sinh dù được sinh tại nhà hay cơ sở y tế • Cho bé bú thường xuyên sẽ giúp mẹ ""tăng tiết sữa"" và đảm bảo mẹ có nhiều sữa cho bé bú Sữa mẹ là thực phẩm tốt nhất và đầy đủ nhất cho bé. Sữa mẹ cung cấp tất cả những chất dinh dưỡng mà bé cần trong 6 tháng đầu đời. Bà mẹ nào cũng đều có thể tạo ra đủ sữa mẹ cho con bú. CHO BÉ ĂN: GIAI ĐOẠN 0 - 6 THÁNG TUỔI Đặc điểm của sữa mẹ: • Dễ tiêu hoá • Là thực phẩm phù hợp nhất cho cơ thể của bé • Bảo vệ bé khỏi bệnh tật và nhiễm trùng • Không mất tiền và luôn có sẵn khi bạn cần đến • Tốt nhất là cho bú thường xuyên theo nhu cầu của bé, nghĩa là tùy theo lượng mà bé muốn. Sữa mẹ là thực phẩm tốt nhất và đầy đủ nhất cho em bé từ 0 đến 6 tháng tuổi. Ngoài sữa mẹ, trẻ không cần bất cứ các loại thực phẩm nào khác, kể cả nước 10', 'Chủ đề: Drug. Tiêu đề: Phụ nữ có thai và mẹ cho con bú có uống được Agi-Ery?. Từ khoá: Agi-Ery. Câu hỏi: Mẹ cho con bú có có thể sử dụng liệu trình Agi-Ery không?. Trả lời: Erythromycin có thể tiết vào sữa mẹ, nhưng hiện chưa có ghi nhận về các tác dụng không mong muốn ở trẻ em bú sữa mẹ có Erythromycin.. Ngữ cảnh: - Thời kỳ mang thai: Erythromycin qua được nhau thai, nhưng hiện chưa có ghi nhận về tác dụng không mong muốn của Erythromycin stearat.\n- Thời kỳ cho con bú: Erythromycin có thể tiết vào sữa mẹ. Nhưng hiện cũng chưa có ghi nhận về tác dụng không mong muốn ở trẻ em bú sữa mẹ có Erythromycin.', 'Yếu tố tâm lý cũng ảnh hưởng trực tiếp đến việc sản xuất sữa mẹ, nếu mẹ quá căng thẳng sẽ làm chậm quá trình sản sinh oxytocin – một loại hormone có nhiệm vụ kích thích vú tiết sữa. Tình trạng này thường gặp ở những chị em lần đầu làm mẹ khi chưa thích nghi với cuộc sống có thêm thành viên mới.\nCho con bú thì có bị tắc ống dẫn sữa không?\nNhiều mẹ lầm tưởng rằng chỉ những trường hợp không cho con bú sữa mẹ mới gặp tình trạng tắc tuyến sữa. Trên thực tế, có nhiều nguyên nhân dẫn đến tình trạng này, trong đó phải kể đến việc mẹ không cho con bú thường xuyên hoặc mẹ cho con bú không đúng cách, bé ngậm bắt vú sai hoặc mẹ không hút hết sữa còn sót lại ra ngoài dẫn đến sữa còn ứ đọng trong bầu ngực gây tắc nghẽn.\nMẹ có thể bị tắc tia sữa ngay sau sinh hoặc trong thời gian nuôi con bằng sữa mẹ \nBiểu hiện khi bị tắc tia sữa sau sinh\nBác sĩ Khánh Quyên cho biết, tình trạng tia sữa bị tắc có thể xảy ra bất cứ lúc nào dù mẹ mới bắt đầu cho con bú hoặc đã cho con bú được một thời gian. Vì thế, mẹ cần lưu ý những dấu hiệu dưới đây để nhận biết sớm tình trạng tắc tia sữa và can thiệp điều trị kịp thời, bao gồm: (3)\nKhông tiết sữa hoặc tiết sữa rất ít, kể cả khi mẹ chủ động vắt sữa.\nNgực càng lúc ', '17 Hỗ trợ bú mẹ • Nghỉ ngơi tại phòng và tiếp xúc da kề da với mẹ khi cần. Bú mẹ được khuyến khích không giới hạn tần suất và thời gian • Sản phụ nghỉ ngơi đầy đủ không có sự gián đoạn bởi các quy trình lâm sàng với sự tiếp cận của thực phẩm và thức uống • Trẻ bú mẹ không được dùng sữa công thức trong bệnh viện nếu không có chỉ định y khoa • Xây dựng những gói thương mại, ví dụ cho những sản phụ khi họ xuất viện, không được chứa sữa công thức hoặc giới thiệu sữa công thức Hỗ trợ bú mẹ • Hướng dẫn tất cả sản phụ cho bú mẹ • Máy vắt sữa nên có sẵn để cho các sản phụ không được ở cùng bé dùng, tạo chu kì tiết sữa. Tất cả những sản phụ dùng máy hút sữa được hướng dẫn cách sử dụng đúng • Tiếp tục hỗ trợ mẹ tự tin cho bé bú mẹ và giúp mẹ hiểu các hành vi bình thường của trẻ và cho bú thường xuyên • Đặt bé không quấn đảm bảo bé gần mẹ và để bụng bé chạm bụng mẹ khi bắt đầu cho bú mẹ']","Được ăn uống đầy đủ, nghỉ ngơi hợp lý giúp bà mẹ có sức khoẻ tốt và có
đủ sữa để nuôi con.","Mẹ em ép kiêng thịt bò, canh chua, nhưng em thèm quá, tại sao bà mẹ cho con bú không nên kiêng ăn uống và cần nghỉ ngơi ạ","['Chủ đề: Disease. Tiêu đề: Ba mẹ nên làm gì khi bé đổ mồ hôi lạnh? - Tăng cường canxi cho trẻ. Từ khoá: Đổ mồ hôi lạnh. Câu hỏi: Những loại thực phẩm nào có chứa canxi, protein, carbohydrate và axit amin?. Trả lời: Một số loại thực phẩm có chứa canxi, protein, carbohydrate và axit amin là: sữa, chế phẩm từ sữa, hải sản, chuối, táo, hạnh nhân.. Ngữ cảnh: Đối với những trẻ dưới 6 tháng tuổi nên cho trẻ bú sữa mẹ. Vì sữa mẹ là nguồn dinh dưỡng dồi dào nhất đối với trẻ ở giai đoạn này. Khi trẻ bước sang giai đoạn ăn dặm (từ 6 tháng tuổi), nên cho trẻ ăn nhiều thực phẩm chứa protein, carbohydrate, canxi và axit amin. Đây là những dưỡng chất thiết yếu đối với quá trình tăng trưởng và phát triển của trẻ. Bổ sung canxi trong các thực phẩm như: - Sữa và các chế phẩm từ sữa.\n- Hải sản: tôm, cá…\n- Các loại trái cây: chuối, táo,..\n- Các loại quả: hạnh nhân Ngoài ra cũng có thể bổ sung canxi bằng viên uống. Nhưng cha mẹ hãy tham khảo ý kiến của bác sĩ trước khi dùng để được hướng dẫn chi tiết nhất. Bé đổ mồ hôi lạnh có thể do nguyên nhân sinh lý hoặc bệnh lý. Nếu do nguyên nhân sinh lý, bố mẹ cần thay đổi cách chăm sóc và chế độ dinh dưỡng để cải thiện. Còn nếu do bệnh lý, cha mẹ nên sớm đưa con', 'SỨC KHOẺ Sữa non (‘sữa đầu’) là món quà quý giá nhất cho em bé mới sinh. Sữa non giúp bảo vệ bé khỏi bệnh tật và giúp bé thải ra phân su. • Đừng bỏ sữa non đi, hãy cho em bé bú sữa non • Trẻ phải được bú mẹ trong vòng 1 giờ đầu sau sinh dù được sinh tại nhà hay cơ sở y tế • Cho bé bú thường xuyên sẽ giúp mẹ ""tăng tiết sữa"" và đảm bảo mẹ có nhiều sữa cho bé bú Sữa mẹ là thực phẩm tốt nhất và đầy đủ nhất cho bé. Sữa mẹ cung cấp tất cả những chất dinh dưỡng mà bé cần trong 6 tháng đầu đời. Bà mẹ nào cũng đều có thể tạo ra đủ sữa mẹ cho con bú. CHO BÉ ĂN: GIAI ĐOẠN 0 - 6 THÁNG TUỔI Đặc điểm của sữa mẹ: • Dễ tiêu hoá • Là thực phẩm phù hợp nhất cho cơ thể của bé • Bảo vệ bé khỏi bệnh tật và nhiễm trùng • Không mất tiền và luôn có sẵn khi bạn cần đến • Tốt nhất là cho bú thường xuyên theo nhu cầu của bé, nghĩa là tùy theo lượng mà bé muốn. Sữa mẹ là thực phẩm tốt nhất và đầy đủ nhất cho em bé từ 0 đến 6 tháng tuổi. Ngoài sữa mẹ, trẻ không cần bất cứ các loại thực phẩm nào khác, kể cả nước 10', 'Chủ đề: Drug. Tiêu đề: Phụ nữ có thai và mẹ cho con bú có uống được Agi-Ery?. Từ khoá: Agi-Ery. Câu hỏi: Mẹ cho con bú có có thể sử dụng liệu trình Agi-Ery không?. Trả lời: Erythromycin có thể tiết vào sữa mẹ, nhưng hiện chưa có ghi nhận về các tác dụng không mong muốn ở trẻ em bú sữa mẹ có Erythromycin.. Ngữ cảnh: - Thời kỳ mang thai: Erythromycin qua được nhau thai, nhưng hiện chưa có ghi nhận về tác dụng không mong muốn của Erythromycin stearat.\n- Thời kỳ cho con bú: Erythromycin có thể tiết vào sữa mẹ. Nhưng hiện cũng chưa có ghi nhận về tác dụng không mong muốn ở trẻ em bú sữa mẹ có Erythromycin.', 'Yếu tố tâm lý cũng ảnh hưởng trực tiếp đến việc sản xuất sữa mẹ, nếu mẹ quá căng thẳng sẽ làm chậm quá trình sản sinh oxytocin – một loại hormone có nhiệm vụ kích thích vú tiết sữa. Tình trạng này thường gặp ở những chị em lần đầu làm mẹ khi chưa thích nghi với cuộc sống có thêm thành viên mới.\nCho con bú thì có bị tắc ống dẫn sữa không?\nNhiều mẹ lầm tưởng rằng chỉ những trường hợp không cho con bú sữa mẹ mới gặp tình trạng tắc tuyến sữa. Trên thực tế, có nhiều nguyên nhân dẫn đến tình trạng này, trong đó phải kể đến việc mẹ không cho con bú thường xuyên hoặc mẹ cho con bú không đúng cách, bé ngậm bắt vú sai hoặc mẹ không hút hết sữa còn sót lại ra ngoài dẫn đến sữa còn ứ đọng trong bầu ngực gây tắc nghẽn.\nMẹ có thể bị tắc tia sữa ngay sau sinh hoặc trong thời gian nuôi con bằng sữa mẹ \nBiểu hiện khi bị tắc tia sữa sau sinh\nBác sĩ Khánh Quyên cho biết, tình trạng tia sữa bị tắc có thể xảy ra bất cứ lúc nào dù mẹ mới bắt đầu cho con bú hoặc đã cho con bú được một thời gian. Vì thế, mẹ cần lưu ý những dấu hiệu dưới đây để nhận biết sớm tình trạng tắc tia sữa và can thiệp điều trị kịp thời, bao gồm: (3)\nKhông tiết sữa hoặc tiết sữa rất ít, kể cả khi mẹ chủ động vắt sữa.\nNgực càng lúc ', '17 Hỗ trợ bú mẹ • Nghỉ ngơi tại phòng và tiếp xúc da kề da với mẹ khi cần. Bú mẹ được khuyến khích không giới hạn tần suất và thời gian • Sản phụ nghỉ ngơi đầy đủ không có sự gián đoạn bởi các quy trình lâm sàng với sự tiếp cận của thực phẩm và thức uống • Trẻ bú mẹ không được dùng sữa công thức trong bệnh viện nếu không có chỉ định y khoa • Xây dựng những gói thương mại, ví dụ cho những sản phụ khi họ xuất viện, không được chứa sữa công thức hoặc giới thiệu sữa công thức Hỗ trợ bú mẹ • Hướng dẫn tất cả sản phụ cho bú mẹ • Máy vắt sữa nên có sẵn để cho các sản phụ không được ở cùng bé dùng, tạo chu kì tiết sữa. Tất cả những sản phụ dùng máy hút sữa được hướng dẫn cách sử dụng đúng • Tiếp tục hỗ trợ mẹ tự tin cho bé bú mẹ và giúp mẹ hiểu các hành vi bình thường của trẻ và cho bú thường xuyên • Đặt bé không quấn đảm bảo bé gần mẹ và để bụng bé chạm bụng mẹ khi bắt đầu cho bú mẹ']","Mẹ ơi, chúc mừng mẹ có bé khỏe mạnh! Giai đoạn này mẹ cần chú ý chăm sóc rốn và tử cung.

Về tình trạng rốn bé sưng đỏ, mẹ có thể sử dụng cồn 90 độ lau. Tuy nhiên, nếu tình trạng không cải thiện, mẹ nên đưa bé đến bệnh viện để được kiểm tra và điều trị.

Về tình trạng nứt ti ta đau khi cho con bú, mẹ có thể sử dụng các biện pháp sau:

- Sử dụng các sản phẩm hỗ trợ cho con bú như máy hút sữa, bình sữa, v.v.
- Đảm bảo rằng mẹ đang cho con bú đúng cách và thường xuyên.
- Nếu mẹ đang cho con bú lần đầu, mẹ có thể gặp khó khăn trong việc cho con bú. Mẹ có thể tham khảo ý kiến của bác sĩ hoặc các chuyên gia về chăm sóc mẹ và bé.

Về tình trạng bé sơ sinh 2 tuần tuổi bị tưa miệng trắng ở lưỡi, mẹ không cần lo lắng quá nhiều. Tưa miệng trắng ở lưỡi là một tình trạng phổ biến ở trẻ sơ sinh và thường tự khỏi sau một thời gian. Tuy nhiên, nếu tình trạng không cải thiện, mẹ nên đưa bé đến bệnh viện để được kiểm tra và điều trị.

Về câu hỏi của mẹ về việc bà mẹ cho con bú không nên kiêng ăn uống và cần nghỉ ngơi, mẹ hoàn toàn đúng. Khi cho con bú, mẹ cần đảm bảo rằng mình có đủ sữa và năng lượng để chăm sóc bé. Mẹ nên ăn uống đầy đủ và cân đối, bao gồm cả protein, carbohydrate, canxi và axit amin. Mẹ cũng nên nghỉ ngơi đầy đủ và không nên kiêng ăn uống quá nhiều.

Mẹ có thể tham khảo các tài liệu sau để biết thêm thông tin về việc chăm sóc mẹ và bé:

- Sữa mẹ là thực phẩm tốt nhất và đầy đủ nhất cho bé. Sữa mẹ cung cấp tất cả những chất dinh dưỡng mà bé cần trong 6 tháng đầu đời.
- Mẹ nên cho con bú thường xuyên và không nên kiêng ăn uống quá nhiều.
- Mẹ nên nghỉ ngơi đầy đủ và không nên kiêng ăn uống quá nhiều.
- Mẹ có thể tham khảo ý kiến của bác sĩ hoặc các chuyên gia về chăm sóc mẹ và bé để được hướng dẫn chi tiết nhất.

Hy vọng thông tin trên sẽ giúp mẹ có thêm kiến thức về việc chăm sóc mẹ và bé. Nếu mẹ có bất kỳ câu hỏi nào khác, mẹ hãy cho tôi biết!","Được ăn uống đầy đủ, nghỉ ngơi hợp lý giúp bà mẹ có sức khoẻ tốt và có
đủ sữa để nuôi con.",1.0,0.699999999965,0.2937350896021499,0.6470588235294118
" Em đang uống nhiều vitamin C, sợ ảnh hưởng, mẹ sau sinh cần bổ sung Vitamin A với liều lượng bao nhiêu ạ","Mẹ ạ, không cần lo lắng về việc uống vitamin C. Vitamin C là một loại vitamin rất tốt cho sức khỏe, giúp tăng cường hệ miễn dịch và hỗ trợ quá trình hồi phục sau sinh.

Về vấn đề bổ sung Vitamin A, mẹ cần biết rằng Vitamin A là một loại vitamin rất quan trọng cho sức khỏe của mẹ và bé. Nó giúp tăng cường hệ miễn dịch, hỗ trợ quá trình hồi phục sau sinh và giúp bé phát triển thị giác tốt.

Liều lượng Vitamin A mà mẹ cần bổ sung sau sinh là khoảng 800-1000 μg (microgram) mỗi ngày. Tuy nhiên, mẹ cần lưu ý rằng liều lượng này có thể thay đổi tùy thuộc vào tình trạng sức khỏe của mẹ và bé.

Mẹ có thể bổ sung Vitamin A thông qua chế độ ăn uống hoặc các chế phẩm vitamin. Một số nguồn thực phẩm giàu Vitamin A bao gồm:

* Sữa mẹ (nếu mẹ đang cho con bú)
* Sữa bột hoặc sữa công thức cho bé
* Rau xanh như bông cải xanh, cà rốt, khoai tây
* Trái cây như cam, chanh, bưởi
* Thịt đỏ như bò, lợn
* Trứng gà

Mẹ cũng cần lưu ý rằng không nên bổ sung Vitamin A quá nhiều, vì điều này có thể gây ra các tác dụng phụ như buồn nôn, nôn mửa, tiêu chảy.

Nếu mẹ có bất kỳ câu hỏi hoặc lo lắng nào về việc bổ sung Vitamin A, mẹ nên tham khảo ý kiến của bác sĩ hoặc chuyên gia dinh dưỡng để được tư vấn phù hợp.","['Câu hỏi: Vì sao trẻ em, đặc biệt trẻ bú mẹ hoàn toàn trong 6 tháng đầu cần bổ sung vitamin D?. Trả lời: Sữa mẹ là thức ăn tốt nhất và hoàn hảo nhất cho trẻ sơ sinh và trẻ nhỏ. Tuy vậy, hàm lượng vitamin D trong sữa mẹ là rất thấp (544pg/mL, cung cấp khoảng 15UI/ngày) và không đáp ứng đủ nhu cầu phát triển của trẻ. Nhu cầu vitamin D khuyến nghị cho trẻ sơ sinh và trẻ nhỏ <6 tháng là 400UI/ngày. Ở trẻ em, đặc biệt trẻ sơ sinh và trẻ dưới 6 tháng tuổi bú mẹ hoàn toàn, nếu không có sự bổ sung vitamin D từ các nguồn khác, sẽ dẫn đến sự thiếu hụt vitamin D, ảnh hưởng rất lớn đến sự phát triển của trẻ. .', 'Câu hỏi: có thể thay thế phơi nắng bằng bổ sung vitamin D cho trẻ sơ sinh không?. Trả lời: Trong một số trường hợp (thời tiết lạnh, ít nắng, da bé sậm màu, trẻ sinh non, bú mẹ hoàn toàn), bác sĩ có thể khuyên bổ sung vitamin D đường uống. Việc này cần có chỉ định cụ thể, không tự ý dùng liều cao cho bé.\nBa mẹ hãy áp dụng việc phơi nắng hoặc bổ sung vitamin D đúng cách để con vừa khỏe mạnh, vừa an toàn!.', 'Câu hỏi: Giải pháp phòng ngừa bệnh xuất huyết não ở trẻ. Trả lời: Xuất huyết não ở trẻ sơ sinh có thể để lại nhiều di chứng cho trẻ nên việc phòng ngừa là điều vô cùng quan trọng và cần thiết.\nVới mẹ bầu, bạn cần chú ý chăm sóc sức khỏe và bổ sung dinh dưỡng đầy đủ ở thời kỳ mang thai. Những thực phẩm giàu vitamin K mà bạn nên ưu tiên sử dụng gồm thịt bò, thịt lợn nạc, trứng gà, ngũ cốc, rau xanh, trứng gà, sữa,... Khi được chẩn đoán thiếu vitamin K, mẹ bầu có thể tiêm bắp 5mg vào 2 tuần cuối trước khi sinh.\nSau khi sinh, trẻ vẫn cần nhận vitamin K từ sữa mẹ hoặc bổ sung từ bên ngoài bằng cách tiêm bổ sung vitamin K (Thông thường tiêm 1 mũi vitamin K1 1mg hoặc vitamin K3 2mg). Trẻ sơ sinh cũng có thể uống vitamin K với liều 3 lần, sau khi sinh, lúc 7 ngày tuổi và 1 tháng tuổi (Mỗi lần 2mg).\nTrên đây là những thông tin cần biết về xuất huyết não ở trẻ sơ sinh mà các bậc phụ huynh có thể tham khảo. Do việc điều trị bệnh thường gặp nhiều khó khăn, thế nên bố mẹ cần áp dụng các giải pháp phòng ngừa để đảm bảo an toàn cho sức khỏe của trẻ..', 'Chủ đề: Disease. Tiêu đề: Những nguy cơ của thiếu máu do thiếu vitamin. Từ khoá: Thiếu máu do thiếu vitamin. Câu hỏi: Tại sao phụ nữ có thai cần uống bổ sung vitamin, đặc biệt là acid folic?. Trả lời: Phụ nữ có thai cần uống bổ sung vitamin, đặc biệt là acid folic, vì nếu không uống đủ vitamin khi mang thai, rất có khả năng họ sẽ bị thiếu hụt các dưỡng chất này. Uống bổ sung acid folic là đặc biệt quan trọng trong thai kỳ.. Ngữ cảnh: Có nhiều yếu tố có thể ảnh hưởng đến sự dự trữ vitamin trong cơ thể. Dưới đây là một số các yếu tố làm tăng nguy cơ bị thiếu hụt vitamin:  - Chế độ ăn thiếu hụt các nguồn vitamin tự nhiên. Ví dụ như thiếu hụt trái cây, rau xanh, thịt hay sản phẩm từ sữa. Những người ăn chay trường không dùng các sản phẩm từ sữa có thể gặp tình trạng này.\n- Phụ nữ có thai. Nếu bạn không uống đủ các vitamin khi mang thai, rất có khả năng bạn sẽ bị thiếu hụt các dưỡng chất này. Uống bổ sung acid folic là đặc biệt quan trọng trong thai kỳ.\n- Các bệnh lý ở ruột hay bệnh khác ảnh hướng tới khả năng hấp thụ vitamin. Thường thấy như loạn khuẩn ruột hay phẫu thuật ruột non có thể gây thiếu vitamin B12.\n- Nghiện rượu. Rượu làm giảm khả năng hấp thu vitamin C. Ngoài ra, nó còn ản', 'Câu hỏi: Các nguồn bổ sung vitamin D khác?. Trả lời: Ngoài ánh nắng mặt trời, vitamin D có thể được bổ sung qua đường tiêu hóa thông qua thức ăn hoặc các chế phẩm vitamin D. Đối với trẻ sơ sinh và trẻ nhỏ bú mẹ hoàn toàn và chưa thể bổ sung vitamin D qua chế độ ăn thì việc lựa chọn những chế phẩm vitamin D cho trẻ thực sự là giải pháp phù hợp nhất.\nCác chế phẩm vitamin D hiện có bao gồm 2 loại vitamin D2 và vitamin D3, cả 2 loại này đều có hiệu quả trong việc cung cấp đủ nhu cầu vitamin D cho cơ thể. Ngoài ra, hiện nay đã có những chế phẩm kết hợp giữa vitamin D và vitamin K cũng rất thiết thực và hiệu quả đối với trẻ sơ sinh và trẻ nhỏ..']","Sau khi sinh bà mẹ cần uống 1 liều vitamin A 200.000 đơn vị để cung cấp
đủ vitamin A trong sữa mẹ cho trẻ."," Em đang uống nhiều vitamin C, sợ ảnh hưởng, mẹ sau sinh cần bổ sung Vitamin A với liều lượng bao nhiêu ạ","['Câu hỏi: Vì sao trẻ em, đặc biệt trẻ bú mẹ hoàn toàn trong 6 tháng đầu cần bổ sung vitamin D?. Trả lời: Sữa mẹ là thức ăn tốt nhất và hoàn hảo nhất cho trẻ sơ sinh và trẻ nhỏ. Tuy vậy, hàm lượng vitamin D trong sữa mẹ là rất thấp (544pg/mL, cung cấp khoảng 15UI/ngày) và không đáp ứng đủ nhu cầu phát triển của trẻ. Nhu cầu vitamin D khuyến nghị cho trẻ sơ sinh và trẻ nhỏ <6 tháng là 400UI/ngày. Ở trẻ em, đặc biệt trẻ sơ sinh và trẻ dưới 6 tháng tuổi bú mẹ hoàn toàn, nếu không có sự bổ sung vitamin D từ các nguồn khác, sẽ dẫn đến sự thiếu hụt vitamin D, ảnh hưởng rất lớn đến sự phát triển của trẻ. .', 'Câu hỏi: có thể thay thế phơi nắng bằng bổ sung vitamin D cho trẻ sơ sinh không?. Trả lời: Trong một số trường hợp (thời tiết lạnh, ít nắng, da bé sậm màu, trẻ sinh non, bú mẹ hoàn toàn), bác sĩ có thể khuyên bổ sung vitamin D đường uống. Việc này cần có chỉ định cụ thể, không tự ý dùng liều cao cho bé.\nBa mẹ hãy áp dụng việc phơi nắng hoặc bổ sung vitamin D đúng cách để con vừa khỏe mạnh, vừa an toàn!.', 'Câu hỏi: Giải pháp phòng ngừa bệnh xuất huyết não ở trẻ. Trả lời: Xuất huyết não ở trẻ sơ sinh có thể để lại nhiều di chứng cho trẻ nên việc phòng ngừa là điều vô cùng quan trọng và cần thiết.\nVới mẹ bầu, bạn cần chú ý chăm sóc sức khỏe và bổ sung dinh dưỡng đầy đủ ở thời kỳ mang thai. Những thực phẩm giàu vitamin K mà bạn nên ưu tiên sử dụng gồm thịt bò, thịt lợn nạc, trứng gà, ngũ cốc, rau xanh, trứng gà, sữa,... Khi được chẩn đoán thiếu vitamin K, mẹ bầu có thể tiêm bắp 5mg vào 2 tuần cuối trước khi sinh.\nSau khi sinh, trẻ vẫn cần nhận vitamin K từ sữa mẹ hoặc bổ sung từ bên ngoài bằng cách tiêm bổ sung vitamin K (Thông thường tiêm 1 mũi vitamin K1 1mg hoặc vitamin K3 2mg). Trẻ sơ sinh cũng có thể uống vitamin K với liều 3 lần, sau khi sinh, lúc 7 ngày tuổi và 1 tháng tuổi (Mỗi lần 2mg).\nTrên đây là những thông tin cần biết về xuất huyết não ở trẻ sơ sinh mà các bậc phụ huynh có thể tham khảo. Do việc điều trị bệnh thường gặp nhiều khó khăn, thế nên bố mẹ cần áp dụng các giải pháp phòng ngừa để đảm bảo an toàn cho sức khỏe của trẻ..', 'Chủ đề: Disease. Tiêu đề: Những nguy cơ của thiếu máu do thiếu vitamin. Từ khoá: Thiếu máu do thiếu vitamin. Câu hỏi: Tại sao phụ nữ có thai cần uống bổ sung vitamin, đặc biệt là acid folic?. Trả lời: Phụ nữ có thai cần uống bổ sung vitamin, đặc biệt là acid folic, vì nếu không uống đủ vitamin khi mang thai, rất có khả năng họ sẽ bị thiếu hụt các dưỡng chất này. Uống bổ sung acid folic là đặc biệt quan trọng trong thai kỳ.. Ngữ cảnh: Có nhiều yếu tố có thể ảnh hưởng đến sự dự trữ vitamin trong cơ thể. Dưới đây là một số các yếu tố làm tăng nguy cơ bị thiếu hụt vitamin:  - Chế độ ăn thiếu hụt các nguồn vitamin tự nhiên. Ví dụ như thiếu hụt trái cây, rau xanh, thịt hay sản phẩm từ sữa. Những người ăn chay trường không dùng các sản phẩm từ sữa có thể gặp tình trạng này.\n- Phụ nữ có thai. Nếu bạn không uống đủ các vitamin khi mang thai, rất có khả năng bạn sẽ bị thiếu hụt các dưỡng chất này. Uống bổ sung acid folic là đặc biệt quan trọng trong thai kỳ.\n- Các bệnh lý ở ruột hay bệnh khác ảnh hướng tới khả năng hấp thụ vitamin. Thường thấy như loạn khuẩn ruột hay phẫu thuật ruột non có thể gây thiếu vitamin B12.\n- Nghiện rượu. Rượu làm giảm khả năng hấp thu vitamin C. Ngoài ra, nó còn ản', 'Câu hỏi: Các nguồn bổ sung vitamin D khác?. Trả lời: Ngoài ánh nắng mặt trời, vitamin D có thể được bổ sung qua đường tiêu hóa thông qua thức ăn hoặc các chế phẩm vitamin D. Đối với trẻ sơ sinh và trẻ nhỏ bú mẹ hoàn toàn và chưa thể bổ sung vitamin D qua chế độ ăn thì việc lựa chọn những chế phẩm vitamin D cho trẻ thực sự là giải pháp phù hợp nhất.\nCác chế phẩm vitamin D hiện có bao gồm 2 loại vitamin D2 và vitamin D3, cả 2 loại này đều có hiệu quả trong việc cung cấp đủ nhu cầu vitamin D cho cơ thể. Ngoài ra, hiện nay đã có những chế phẩm kết hợp giữa vitamin D và vitamin K cũng rất thiết thực và hiệu quả đối với trẻ sơ sinh và trẻ nhỏ..']","Mẹ ạ, không cần lo lắng về việc uống vitamin C. Vitamin C là một loại vitamin rất tốt cho sức khỏe, giúp tăng cường hệ miễn dịch và hỗ trợ quá trình hồi phục sau sinh.

Về vấn đề bổ sung Vitamin A, mẹ cần biết rằng Vitamin A là một loại vitamin rất quan trọng cho sức khỏe của mẹ và bé. Nó giúp tăng cường hệ miễn dịch, hỗ trợ quá trình hồi phục sau sinh và giúp bé phát triển thị giác tốt.

Liều lượng Vitamin A mà mẹ cần bổ sung sau sinh là khoảng 800-1000 μg (microgram) mỗi ngày. Tuy nhiên, mẹ cần lưu ý rằng liều lượng này có thể thay đổi tùy thuộc vào tình trạng sức khỏe của mẹ và bé.

Mẹ có thể bổ sung Vitamin A thông qua chế độ ăn uống hoặc các chế phẩm vitamin. Một số nguồn thực phẩm giàu Vitamin A bao gồm:

* Sữa mẹ (nếu mẹ đang cho con bú)
* Sữa bột hoặc sữa công thức cho bé
* Rau xanh như bông cải xanh, cà rốt, khoai tây
* Trái cây như cam, chanh, bưởi
* Thịt đỏ như bò, lợn
* Trứng gà

Mẹ cũng cần lưu ý rằng không nên bổ sung Vitamin A quá nhiều, vì điều này có thể gây ra các tác dụng phụ như buồn nôn, nôn mửa, tiêu chảy.

Nếu mẹ có bất kỳ câu hỏi hoặc lo lắng nào về việc bổ sung Vitamin A, mẹ nên tham khảo ý kiến của bác sĩ hoặc chuyên gia dinh dưỡng để được tư vấn phù hợp.","Sau khi sinh bà mẹ cần uống 1 liều vitamin A 200.000 đơn vị để cung cấp
đủ vitamin A trong sữa mẹ cho trẻ.",0.0,0.0,0.7735877027284739,0.0
"Chị bên cạnh đẻ sớm 4 tháng cho ăn dặm rồi, em phân vân quá, khi nào thì trẻ bắt đầu bước vào giai đoạn ăn bổ sung (ăn dặm)","Chào chị, tôi hiểu mối quan tâm của chị về việc cho con ăn dặm. Theo khuyến cáo của Viện Dinh dưỡng Quốc gia, trẻ nên bắt đầu ăn dặm từ 6 tháng tuổi. Trước đó, trẻ chỉ cần bú sữa mẹ hoàn toàn.

Nếu chị đã cho con ăn dặm từ 4 tháng tuổi, thì có thể ảnh hưởng đến sức khỏe của con. Theo tài liệu, ăn dặm sớm có thể gây ra các vấn đề như:

* Nguy cơ ảnh hưởng đến hệ tiêu hóa do hệ tiêu hóa của trẻ còn non nớt, chưa thích nghi được với một số loại thức ăn.
* Thức ăn không đảm bảo, khó tiêu hóa khiến trẻ bị tiêu chảy, táo bón.
* Bé ăn dặm sớm khiến trẻ bú mẹ ít đi, các chất dinh dưỡng trong sữa mẹ bị thiếu hụt ở trẻ, đặc biệt là các chất giúp tăng đề kháng.

Vì vậy, tôi khuyên chị nên dừng lại và cho con bú sữa mẹ hoàn toàn trong 2 tháng tiếp theo. Sau đó, chị có thể bắt đầu cho con ăn dặm từ 6 tháng tuổi.

Khi con đã đủ 6 tháng tuổi, chị có thể bắt đầu cho con ăn dặm bằng cách:

* Bắt đầu với 1 bữa/ngày, sau đó tăng lên 2 bữa/ngày khi con đã quen dần.
* Cho con ăn bột loãng từ 2 - 3 ngày sau đó tăng dần độ đặc lên.
* Tăng độ thô dần dần, từ bột đến cháo rây, cháo nguyên hạt, cơm nát...
* Cho con ăn các loại thức ăn mềm, dễ nhai và dễ nuốt.

Chị nên lưu ý rằng, chế độ dinh dưỡng cho con cần phải đảm bảo cung cấp đủ các dưỡng chất cần thiết. Trẻ 34 tháng tuổi cần lượng dinh dưỡng bằng 2/3 so với người lớn. Tập cho con ăn cơm như người lớn là rất cần thiết để tăng khả năng nhai của con.

Hy vọng thông tin này sẽ giúp chị hiểu rõ hơn về việc cho con ăn dặm. Nếu chị có bất kỳ câu hỏi nào khác, xin đừng ngần ngại liên hệ với tôi.","['Bên cạnh đó, số bữa ăn dặm cũng cần được cân bằng với nguồn sữa mẹ để trẻ dần thích nghi với các loại thực phẩm, tránh ăn quá nhiều có thể khiến trẻ từ chối sữa mẹ, làm giảm lượng sữa mẹ sản xuất để đáp ứng nhu cầu của trẻ.\nĂn dặm mấy bữa mỗi ngày là thắc mắc của nhiều bậc cha mẹ \nHiện nay, có nhiều kiểu ăn dặm mẹ có thể lựa chọn để tập cho trẻ như ăn dặm kiểu truyền thống, ăn dặm kiểu Nhật, hoặc ăn dặm kiểu bé chỉ huy. Với phương pháp ăn dặm truyền thống và kiểu Nhật, thức ăn của trẻ cần được chế biến với độ đặc tăng dần và ăn dặm mấy bữa mỗi ngày mẹ có thể tham khảo như sau:\n6 - 7 tháng tuổi: 1 bữa/ngày, kết hợp bú sữa mẹ. Lượng thức ăn từ 100 - 200ml/bữa. Bắt đầu từ bột, cháo nấu loãng cùng thức ăn xay, nghiền, sau đó tăng dần độ sệt, đặc.\n8 - 9 tháng tuổi: 2 bữa/ngày, kết hợp bú sữa mẹ. Lượng thức ăn khoảng 200ml/bữa. Cho trẻ ăn cháo hoặc bột nấu đặc cùng thức ăn nghiền hoặc thái nhỏ.\n10 - 12 tuổi: 3 bữa/ngày, kết hợp bú sữa mẹ. Lượng thức ăn tăng lên khoảng từ 200 - 250ml/bữa. Cho trẻ ăn cháo hoặc bột nấu đặc cùng thức ăn thái nhỏ. Ngoài ra, cần tập cho trẻ cầm nắm thức ăn cắt khúc đã được hấp, luộc, nấu chín.\n12 - 24 tháng: 3 bữa/ngày, kết hợp bú sữa mẹ. Lượng thức ăn tăng lê', 'Số bữa ăn dặm trong ngày của trẻ từ 6 tháng - 24 tháng\nCho trẻ ăn dặm mấy bữa mỗi ngày, mỗi bữa ăn dặm cách nhau bao lâu chắc hẳn đều khiến nhiều người mẹ đang có con trong giai đoạn ăn dặm phải đau đầu. Vậy trẻ từ 6 - 24 tháng cần ăn dặm bao nhiêu bữa?\nSữa mẹ là nguồn dinh dưỡng quý giá cho sự phát triển của trẻ trong 2 năm đầu đời, đặc biệt là 6 tháng đầu sau khi sinh. Trẻ dưới 6 tháng tuổi cần được bú sữa mẹ hoàn toàn để có thể hoạt động, khỏe mạnh và phát triển.\nTuy nhiên, từ 6 tháng tuổi, trẻ cần được ăn dặm bổ sung ngoài nguồn sữa mẹ vì lúc này nhu cầu dinh dưỡng của trẻ tăng lên, nếu chỉ cho trẻ bú sữa mẹ hoàn toàn sẽ không đáp ứng đủ nhu cầu của trẻ. Vì vậy, cần quan tâm cho trẻ từ 6 tháng tuổi ăn dặm mấy bữa mỗi ngày để đảm bảo không thiếu hụt dưỡng chất và năng lượng cho trẻ hoạt động và phát triển.\nTrên thực tế, nguồn sữa mẹ vẫn đóng vai trò quan trọng, chiếm hơn 1⁄2 nhu cầu dinh dưỡng hàng ngày của trẻ từ 6 - 12 tháng tuổi và khoảng 1⁄3 khi trẻ từ 12 - 24 tháng tuổi. Do đó, thức ăn dặm bổ sung không phải là nguồn dinh dưỡng thay thế cho sữa mẹ.\nCần quan tâm ăn dặm mấy bữa mỗi ngày, loại thực phẩm và cách chế biến như thế nào là phù hợp với sự phát triển của trẻ trong từ', '6 tháng tuổi là thời gian phù hợp bắt đầu cho trẻ ăn dặm \nTheo Viện Dinh dưỡng Quốc gia, từ 6 - 12 tháng tuổi, sữa mẹ cung cấp hơn một nửa nhu cầu dinh dưỡng của trẻ. Từ 12 - 24 tháng tuổi, sữa mẹ cung cấp ít nhất một phần ba nhu cầu dinh dưỡng của trẻ.\nNhiều cha mẹ cho bé ăn dặm quá sớm, thậm chí từ khi bé mới được 3 - 4 tháng, điều này tiềm ẩn rất nhiều nguy cơ ảnh hưởng đến sức khỏe của trẻ như:\nNguy cơ ảnh hưởng đến hệ tiêu hóa do hệ tiêu hóa của trẻ còn non nớt, chưa thích nghi được với một số loại thức ăn.\nThức ăn không đảm bảo, khó tiêu hóa khiến trẻ bị tiêu chảy, táo bón.\nBé ăn dặm sớm khiến trẻ bú mẹ ít đi, các chất dinh dưỡng trong sữa mẹ bị thiếu hụt ở trẻ, đặc biệt là các chất giúp tăng đề kháng.\nTrẻ bú ít gây tăng nguy cơ mang thai sớm ở người mẹ\nNếu cho trẻ ăn dặm quá muộn (sau 9 tháng) sẽ khiến trẻ bị thiếu các chất dinh dưỡng cần thiết cho quá trình tăng trường, dẫn đến nguy cơ bị suy dinh dưỡng, còi xương, thiếu máu...\nCho bé ăn dặm từ ít đến nhiều\nThời gian đầu cho bé ăn dặm, cha mẹ nên tập cho bé ăn từng chút một. 1 - 3 bữa đầu tiên có thể cho trẻ ăn từ 5 - 10ml thức ăn. Tăng lượng ăn dần dần để dạ dày và hệ tiêu hóa của trẻ có thời gian làm quen và thích nghi vớ', '77 - Chỉ cần cho tr ẻ bú sữa mẹ đầy đủ, cơ th ể sẽ đào thải bilirubin ra ngoài - Tình tr ạng vàng da s ẽ biến m ất trong vòng 1 đ ến 2 tuần. - Lưu ý phòng của trẻ nên đầy đủ ánh sáng. Sút cân sinh lý Những ngày đầu sau sinh, cân ặng của trẻ giảm so với lúc ban đầu không quá 10%, trẻ vẫn ăn ng ủ bình thường, đó là sụt cân sinh lý. Nguyên nhân có thể do trẻ bị mất nước qua đường hô h ấp, do trẻ bài tiết phân và nư ớc tiểu hoặc do trẻ nôn những dịch bẩn, nước ối mà trẻ đã nuốt phải trong quá trình chuyển dạ. Có 2 loại sụt cân: Sụt cân nhanh và hồi phục nhanh: Ngay trong ngày đ ầu sau sinh, trẻ đã bắt đầu sụt cân và tiếp tục sụt cân ở ngày thứ 2 – 4, khoảng 20 – 50g/ngày. Sau đó, cân ặng của trẻ hồi phục bằng cân nặng ban đầu. Loại sụt cân này chiếm khoảng 25%, hay gặp ở trẻ khỏe mạnh, bút tốt, mẹ có nhiều sữa. Sụt cân chậm và hồi phục chậm: Ngày thứ 2 – 3, trẻ mới bắt đầu sụt cân, tiếp tục sụt đến ngày thứ 7 – 8 rồi dừng lại, sau đó tăng cân t ừ từ, đến ngày 12 – 13 mới bằng cân ặng ban đầu. Loại này g ặp nhi ều hơn. N ếu cho trẻ bú s ớm, bú theo', 'Trẻ 34 tháng tuổi: Chế độ dinh dưỡng và chăm sóc răng miệng\nBài viết được tư vấn chuyên môn bởi Bác sĩ chuyên khoa II Lê Thanh Cẩm - Khoa Nhi - Sơ sinh - Bệnh viện Đa khoa Quốc tế Vinmec Đà Nẵng. Bác đã có kinh nghiệm 15 năm trong chẩn đoán & điều trị các bệnh lý Nhi khoa; từng có thời gian công tác tại khoa Nhi - Bệnh viện Đà Nẵng và Trung tâm Phụ Sản Nhi Đà Nẵng. Thế mạnh của bác là chẩn đoán và điều trị bệnh lý nhi; hồi sức, cấp cứu nhi.\nTrẻ 34 tháng tuổi có kỹ năng nhận thức phát triển với tốc độ cực nhanh. Cùng với đó là một cơ thể đang lớn và trưởng thành, luôn biến đổi về số lượng và chất lượng đặc biệt là chiều cao và cân nặng. Do vậy chế độ dinh dưỡng hợp lý trong giai đoạn này là rất cần thiết.\nBé 34 tháng ăn gì? Là câu hỏi của nhiều bậc cha mẹ thường đặt ra trong đầu. Chế độ dinh dưỡng cho trẻ 34 tháng tuổi cần phải đảm bảo cung cấp đủ các dưỡng chất cần thiết:\nTrẻ trong độ tuổi này cần lượng dinh dưỡng bằng 2/3 so với người lớn. Tập cho trẻ ăn cơm như người lớn là rất cần thiết để tăng khả năng nhai của trẻ. Bạn nên lưu ý cơm nấu nên mềm hơn bình thường một chút.\nTrẻ cần phải ăn 1 ngày 2 bữa cơm, mỗi bữa 1 bát cơm đầy.\nNgoài ra cần cho trẻ ăn bổ sung thêm 2 bữa cháo, mì']",Khi trẻ tròn 6 tháng tuổi (180 ngày).,"Chị bên cạnh đẻ sớm 4 tháng cho ăn dặm rồi, em phân vân quá, khi nào thì trẻ bắt đầu bước vào giai đoạn ăn bổ sung (ăn dặm)","['Bên cạnh đó, số bữa ăn dặm cũng cần được cân bằng với nguồn sữa mẹ để trẻ dần thích nghi với các loại thực phẩm, tránh ăn quá nhiều có thể khiến trẻ từ chối sữa mẹ, làm giảm lượng sữa mẹ sản xuất để đáp ứng nhu cầu của trẻ.\nĂn dặm mấy bữa mỗi ngày là thắc mắc của nhiều bậc cha mẹ \nHiện nay, có nhiều kiểu ăn dặm mẹ có thể lựa chọn để tập cho trẻ như ăn dặm kiểu truyền thống, ăn dặm kiểu Nhật, hoặc ăn dặm kiểu bé chỉ huy. Với phương pháp ăn dặm truyền thống và kiểu Nhật, thức ăn của trẻ cần được chế biến với độ đặc tăng dần và ăn dặm mấy bữa mỗi ngày mẹ có thể tham khảo như sau:\n6 - 7 tháng tuổi: 1 bữa/ngày, kết hợp bú sữa mẹ. Lượng thức ăn từ 100 - 200ml/bữa. Bắt đầu từ bột, cháo nấu loãng cùng thức ăn xay, nghiền, sau đó tăng dần độ sệt, đặc.\n8 - 9 tháng tuổi: 2 bữa/ngày, kết hợp bú sữa mẹ. Lượng thức ăn khoảng 200ml/bữa. Cho trẻ ăn cháo hoặc bột nấu đặc cùng thức ăn nghiền hoặc thái nhỏ.\n10 - 12 tuổi: 3 bữa/ngày, kết hợp bú sữa mẹ. Lượng thức ăn tăng lên khoảng từ 200 - 250ml/bữa. Cho trẻ ăn cháo hoặc bột nấu đặc cùng thức ăn thái nhỏ. Ngoài ra, cần tập cho trẻ cầm nắm thức ăn cắt khúc đã được hấp, luộc, nấu chín.\n12 - 24 tháng: 3 bữa/ngày, kết hợp bú sữa mẹ. Lượng thức ăn tăng lê', 'Số bữa ăn dặm trong ngày của trẻ từ 6 tháng - 24 tháng\nCho trẻ ăn dặm mấy bữa mỗi ngày, mỗi bữa ăn dặm cách nhau bao lâu chắc hẳn đều khiến nhiều người mẹ đang có con trong giai đoạn ăn dặm phải đau đầu. Vậy trẻ từ 6 - 24 tháng cần ăn dặm bao nhiêu bữa?\nSữa mẹ là nguồn dinh dưỡng quý giá cho sự phát triển của trẻ trong 2 năm đầu đời, đặc biệt là 6 tháng đầu sau khi sinh. Trẻ dưới 6 tháng tuổi cần được bú sữa mẹ hoàn toàn để có thể hoạt động, khỏe mạnh và phát triển.\nTuy nhiên, từ 6 tháng tuổi, trẻ cần được ăn dặm bổ sung ngoài nguồn sữa mẹ vì lúc này nhu cầu dinh dưỡng của trẻ tăng lên, nếu chỉ cho trẻ bú sữa mẹ hoàn toàn sẽ không đáp ứng đủ nhu cầu của trẻ. Vì vậy, cần quan tâm cho trẻ từ 6 tháng tuổi ăn dặm mấy bữa mỗi ngày để đảm bảo không thiếu hụt dưỡng chất và năng lượng cho trẻ hoạt động và phát triển.\nTrên thực tế, nguồn sữa mẹ vẫn đóng vai trò quan trọng, chiếm hơn 1⁄2 nhu cầu dinh dưỡng hàng ngày của trẻ từ 6 - 12 tháng tuổi và khoảng 1⁄3 khi trẻ từ 12 - 24 tháng tuổi. Do đó, thức ăn dặm bổ sung không phải là nguồn dinh dưỡng thay thế cho sữa mẹ.\nCần quan tâm ăn dặm mấy bữa mỗi ngày, loại thực phẩm và cách chế biến như thế nào là phù hợp với sự phát triển của trẻ trong từ', '6 tháng tuổi là thời gian phù hợp bắt đầu cho trẻ ăn dặm \nTheo Viện Dinh dưỡng Quốc gia, từ 6 - 12 tháng tuổi, sữa mẹ cung cấp hơn một nửa nhu cầu dinh dưỡng của trẻ. Từ 12 - 24 tháng tuổi, sữa mẹ cung cấp ít nhất một phần ba nhu cầu dinh dưỡng của trẻ.\nNhiều cha mẹ cho bé ăn dặm quá sớm, thậm chí từ khi bé mới được 3 - 4 tháng, điều này tiềm ẩn rất nhiều nguy cơ ảnh hưởng đến sức khỏe của trẻ như:\nNguy cơ ảnh hưởng đến hệ tiêu hóa do hệ tiêu hóa của trẻ còn non nớt, chưa thích nghi được với một số loại thức ăn.\nThức ăn không đảm bảo, khó tiêu hóa khiến trẻ bị tiêu chảy, táo bón.\nBé ăn dặm sớm khiến trẻ bú mẹ ít đi, các chất dinh dưỡng trong sữa mẹ bị thiếu hụt ở trẻ, đặc biệt là các chất giúp tăng đề kháng.\nTrẻ bú ít gây tăng nguy cơ mang thai sớm ở người mẹ\nNếu cho trẻ ăn dặm quá muộn (sau 9 tháng) sẽ khiến trẻ bị thiếu các chất dinh dưỡng cần thiết cho quá trình tăng trường, dẫn đến nguy cơ bị suy dinh dưỡng, còi xương, thiếu máu...\nCho bé ăn dặm từ ít đến nhiều\nThời gian đầu cho bé ăn dặm, cha mẹ nên tập cho bé ăn từng chút một. 1 - 3 bữa đầu tiên có thể cho trẻ ăn từ 5 - 10ml thức ăn. Tăng lượng ăn dần dần để dạ dày và hệ tiêu hóa của trẻ có thời gian làm quen và thích nghi vớ', '77 - Chỉ cần cho tr ẻ bú sữa mẹ đầy đủ, cơ th ể sẽ đào thải bilirubin ra ngoài - Tình tr ạng vàng da s ẽ biến m ất trong vòng 1 đ ến 2 tuần. - Lưu ý phòng của trẻ nên đầy đủ ánh sáng. Sút cân sinh lý Những ngày đầu sau sinh, cân ặng của trẻ giảm so với lúc ban đầu không quá 10%, trẻ vẫn ăn ng ủ bình thường, đó là sụt cân sinh lý. Nguyên nhân có thể do trẻ bị mất nước qua đường hô h ấp, do trẻ bài tiết phân và nư ớc tiểu hoặc do trẻ nôn những dịch bẩn, nước ối mà trẻ đã nuốt phải trong quá trình chuyển dạ. Có 2 loại sụt cân: Sụt cân nhanh và hồi phục nhanh: Ngay trong ngày đ ầu sau sinh, trẻ đã bắt đầu sụt cân và tiếp tục sụt cân ở ngày thứ 2 – 4, khoảng 20 – 50g/ngày. Sau đó, cân ặng của trẻ hồi phục bằng cân nặng ban đầu. Loại sụt cân này chiếm khoảng 25%, hay gặp ở trẻ khỏe mạnh, bút tốt, mẹ có nhiều sữa. Sụt cân chậm và hồi phục chậm: Ngày thứ 2 – 3, trẻ mới bắt đầu sụt cân, tiếp tục sụt đến ngày thứ 7 – 8 rồi dừng lại, sau đó tăng cân t ừ từ, đến ngày 12 – 13 mới bằng cân ặng ban đầu. Loại này g ặp nhi ều hơn. N ếu cho trẻ bú s ớm, bú theo', 'Trẻ 34 tháng tuổi: Chế độ dinh dưỡng và chăm sóc răng miệng\nBài viết được tư vấn chuyên môn bởi Bác sĩ chuyên khoa II Lê Thanh Cẩm - Khoa Nhi - Sơ sinh - Bệnh viện Đa khoa Quốc tế Vinmec Đà Nẵng. Bác đã có kinh nghiệm 15 năm trong chẩn đoán & điều trị các bệnh lý Nhi khoa; từng có thời gian công tác tại khoa Nhi - Bệnh viện Đà Nẵng và Trung tâm Phụ Sản Nhi Đà Nẵng. Thế mạnh của bác là chẩn đoán và điều trị bệnh lý nhi; hồi sức, cấp cứu nhi.\nTrẻ 34 tháng tuổi có kỹ năng nhận thức phát triển với tốc độ cực nhanh. Cùng với đó là một cơ thể đang lớn và trưởng thành, luôn biến đổi về số lượng và chất lượng đặc biệt là chiều cao và cân nặng. Do vậy chế độ dinh dưỡng hợp lý trong giai đoạn này là rất cần thiết.\nBé 34 tháng ăn gì? Là câu hỏi của nhiều bậc cha mẹ thường đặt ra trong đầu. Chế độ dinh dưỡng cho trẻ 34 tháng tuổi cần phải đảm bảo cung cấp đủ các dưỡng chất cần thiết:\nTrẻ trong độ tuổi này cần lượng dinh dưỡng bằng 2/3 so với người lớn. Tập cho trẻ ăn cơm như người lớn là rất cần thiết để tăng khả năng nhai của trẻ. Bạn nên lưu ý cơm nấu nên mềm hơn bình thường một chút.\nTrẻ cần phải ăn 1 ngày 2 bữa cơm, mỗi bữa 1 bát cơm đầy.\nNgoài ra cần cho trẻ ăn bổ sung thêm 2 bữa cháo, mì']","Chào chị, tôi hiểu mối quan tâm của chị về việc cho con ăn dặm. Theo khuyến cáo của Viện Dinh dưỡng Quốc gia, trẻ nên bắt đầu ăn dặm từ 6 tháng tuổi. Trước đó, trẻ chỉ cần bú sữa mẹ hoàn toàn.

Nếu chị đã cho con ăn dặm từ 4 tháng tuổi, thì có thể ảnh hưởng đến sức khỏe của con. Theo tài liệu, ăn dặm sớm có thể gây ra các vấn đề như:

* Nguy cơ ảnh hưởng đến hệ tiêu hóa do hệ tiêu hóa của trẻ còn non nớt, chưa thích nghi được với một số loại thức ăn.
* Thức ăn không đảm bảo, khó tiêu hóa khiến trẻ bị tiêu chảy, táo bón.
* Bé ăn dặm sớm khiến trẻ bú mẹ ít đi, các chất dinh dưỡng trong sữa mẹ bị thiếu hụt ở trẻ, đặc biệt là các chất giúp tăng đề kháng.

Vì vậy, tôi khuyên chị nên dừng lại và cho con bú sữa mẹ hoàn toàn trong 2 tháng tiếp theo. Sau đó, chị có thể bắt đầu cho con ăn dặm từ 6 tháng tuổi.

Khi con đã đủ 6 tháng tuổi, chị có thể bắt đầu cho con ăn dặm bằng cách:

* Bắt đầu với 1 bữa/ngày, sau đó tăng lên 2 bữa/ngày khi con đã quen dần.
* Cho con ăn bột loãng từ 2 - 3 ngày sau đó tăng dần độ đặc lên.
* Tăng độ thô dần dần, từ bột đến cháo rây, cháo nguyên hạt, cơm nát...
* Cho con ăn các loại thức ăn mềm, dễ nhai và dễ nuốt.

Chị nên lưu ý rằng, chế độ dinh dưỡng cho con cần phải đảm bảo cung cấp đủ các dưỡng chất cần thiết. Trẻ 34 tháng tuổi cần lượng dinh dưỡng bằng 2/3 so với người lớn. Tập cho con ăn cơm như người lớn là rất cần thiết để tăng khả năng nhai của con.

Hy vọng thông tin này sẽ giúp chị hiểu rõ hơn về việc cho con ăn dặm. Nếu chị có bất kỳ câu hỏi nào khác, xin đừng ngần ngại liên hệ với tôi.",Khi trẻ tròn 6 tháng tuổi (180 ngày).,0.0,0.49999999995,0.4967768350257149,0.9444444444444444
"Em nấu cháo đặc cho con nhưng bé khóc không ăn, nguyên tắc cho trẻ ăn dặm về độ đặc và số lượng là gì ạ","Mẹ ơi, tôi hiểu rằng bạn đang gặp khó khăn khi cho con ăn dặm. Theo nguyên tắc cho trẻ ăn dặm, độ đặc của thức ăn cần được tăng dần từ loãng đến đặc. Điều này giúp trẻ dần quen với thức ăn đặc và tránh bị khó chịu khi ăn.

Về số lượng, mẹ có thể bắt đầu với 1 bữa/ngày trong 2 tháng đầu tiên, sau đó tăng thêm 1 bữa trong 2 tháng tiếp theo đến khi trẻ có thể ăn được 3 bữa/ngày.

Về độ đặc, mẹ có thể tham khảo các mức độ sau:

- Bột loãng: 2 - 3 ngày sau khi bắt đầu ăn dặm
- Bột đặc: 1 - 2 tuần sau khi bắt đầu ăn dặm
- Cháo rây: 2 - 3 tuần sau khi bắt đầu ăn dặm
- Cháo nguyên hạt: 3 - 4 tuần sau khi bắt đầu ăn dặm
- Cơm nát: 4 - 5 tuần sau khi bắt đầu ăn dặm

Lưu ý, mỗi trẻ khác nhau sẽ có tốc độ tăng độ đặc khác nhau. Mẹ cần theo dõi và điều chỉnh theo nhu cầu của con mình.

Về số lượng, mẹ có thể bắt đầu với 100 - 200ml/bữa và tăng dần lên đến 250 - 300ml/bữa khi trẻ đã quen với thức ăn đặc.

Hy vọng những thông tin này sẽ giúp mẹ bạn có thể cho con ăn dặm một cách hiệu quả!","['Dinh dưỡng khi trẻ bị tiêu chảy\nHỏi\nBác sĩ cho e hỏi con em 6 tháng tuổi bị tiêu chảy kéo dài, em cho bé ăn cháo ca rốt được không ạ, nếu không bác sĩ cho em biết cách chữa cho bé với ạ, em cảm ơn ạ.\nPhạm Thị Anh (1998)\nTrả lời\nĐược giải đáp bởi Bác sĩ chuyên khoa II Lê Thanh Cẩm - Khoa Nhi - Sơ sinh - Bệnh viện Đa khoa Quốc tế Vinmec Đà Nẵng\nChào bạn,\nVới câu hỏi: ""Dinh dưỡng khi trẻ bị tiêu chảy?"", được bác sĩ giải đáp như sau:\nBé của bạn 6 tháng tuổi, có tình trạng tiêu chảy kéo dài như bạn mô tả, tuy nhiên bạn chưa mô tả kỹ tính chất phân, kéo dài trong bao lâu, có triệu chứng gì khác kèm theo, chế độ dinh dưỡng hiện tại của bé như thế nào, ...Mặc dù vậy, tình trạng rối loạn tiêu hóa của bé khiến bạn lo lắng là vấn đề chúng ta cần quan tâm.\nTrẻ 6 tháng tuổi là lứa tuổi chúng ta có thẻ tiến hành cho trẻ ăn dặm, nhưng hiện tại trẻ đang tiêu chảy kéo dài, bạn càn phải điều trị dứt điểm, vì nếu bạn thay đổi chế độ dinh dưỡng có thể khiến tình trạng bệnh càng nặng thêm.\nVậy, để bé được giải quyết dứt điểm tình trạng này, bạn nên đưa bé đến các bệnh viện có chuyên khoa nhi hoặc các bệnh viện thuộc Hệ thống Y tế Vinmec để được các bác sĩ thăm khám, làm các xét nghiệm cần thiết và tư v', 'Cho trẻ ăn cháo ngọt: Cha mẹ không nên sử dụng quá nhiều đường cho trẻ. Với người lớn, lượng đường tiêu thụ tối đa trong một ngày là 20g. Vì thế, không nên cho trẻ ăn quá nhiều đường sẽ ảnh hưởng đến sức khỏe.\nChỉ cho trẻ ăn cháo với nước thịt: Nên thay đổi các loại thực phẩm giàu đạm thường xuyên, băm nhỏ thịt cá vào trong cháo để bữa ăn của trẻ đa dạng và lạ miệng hơn.\nKhông dùng dầu mỡ khi nấu đồ ăn dặm cho trẻ: Trẻ cần được bổ sung chất béo từ dầu mỡ với một lượng vừa đủ để cơ thể hấp thụ tối đa các chất dinh dưỡng. Có thể sử dụng các loại dầu thực vật dành riêng cho trẻ như: dầu óc chó, dầu hạt cải...\nCho trẻ ăn cơm quá sớm khi chưa có răng: Việc nuốt chửng cơm sẽ khiến dạ dày trẻ phải hoạt động quá sức.\nTrong quá trình bé ăn dặm, cha mẹ nên bổ sung cho trẻ các sản phẩm hỗ trợ có chứa lysine, các vi khoáng chất và vitamin thiết yếu như kẽm, crom, selen, vitamin nhóm B giúp đáp ứng đầy đủ nhu cầu về dưỡng chất ở trẻ. Đồng thời các vitamin thiết yếu này còn hỗ trợ tiêu hóa, tăng cường khả năng hấp thu dưỡng chất, giúp cải thiện tình trạng biếng ăn, giúp trẻ ăn ngon miệng. Cha mẹ có thể đồng thời áp dụng việc bổ sung chất qua đường ăn uống và các thực phẩm chức năng có nguồn gốc ', 'Cho bé ăn dặm từ lỏng đến đặc\nNên cho trẻ ăn bột loãng từ 2 - 3 ngày sau đó tăng dần độ đặc lên. Tăng độ thô dần dần, từ bột đến cháo rây, cháo nguyên hạt, cơm nát... để trẻ có thể nhanh chóng ăn được các loại thức ăn như người lớn.\nCho trẻ ăn các loại thức ăn mềm, dễ nhai và dễ nuốt vì lúc này trẻ chưa mọc răng hoặc mọc rất ít răng.\nChế biến đồ ăn dặm cho bé đầy đủ dinh dưỡng, hợp vệ sinh\nThời gian đầu trẻ tập ăn chỉ nên ăn các loại thức ăn dễ tiêu hóa như cháo và các loại rau, củ, quả. Tuy nhiên, từ 9 - 11 tháng cần cho trẻ ăn đầy đủ 4 nhóm thức ăn gồm: gạo; thịt, trứng; cá, tôm, cua; rau, củ và dầu hoặc mỡ... Ngoài ra, nên cho trẻ ăn nhiều hoa quả để bổ sung các loại vitamin cần thiết cho cơ thể, giúp trẻ mau lớn, phát triển khỏe mạnh hơn. Khi chế biến đồ ăn dặm cho trẻ, cần lựa chọn các loại thực phẩm sạch, đảm bảo vệ sinh. Tốt nhất nên sử dụng các loại thực phẩm có nguồn gốc rõ ràng vì hệ tiêu hóa của trẻ rất non nớt, rất dễ bị vi khuẩn tấn công.\nThực đơn ăn dặm cho trẻ từ 6 - 12 tháng\nTrẻ từ 6 - 8 tháng tuổi: Ở giai đoạn này, trẻ đang tập ăn, vì thế nên cho trẻ ăn các loại thức ăn mềm và dễ tiêu. Hệ tiêu hóa của trẻ cũng đang làm quen dần với thức ăn, nên cho trẻ ăn từng chút', 'Về nguyên tắc tăng số bữa ăn dặm, mẹ có thể ghi nhớ cho trẻ bắt đầu bằng 1 bữa/ngày trong 2 tháng đầu tiên, sau đó tăng thêm 1 bữa trong 2 tháng tiếp theo đến khi trẻ có thể ăn được 3 bữa/ngày.\nLưu ý, khi cho trẻ ăn dặm mấy bữa mỗi ngày tăng lên cùng lượng thức ăn, lượng sữa trẻ bú mẹ sẽ giảm. Tuy nhiên, cần tiếp tục duy trì nguồn sữa mẹ cho đến khi trẻ được 1 tuổi.\nTrẻ ăn dặm mấy bữa phụ thuộc vào độ tuổi của trẻ \nVới số bữa ăn dặm cho trẻ được khuyến nghị nêu trên, mẹ có thể tham khảo gợi ý thực đơn của Viện Dinh dưỡng Quốc gia phù hợp cho trẻ trong từng giai đoạn như sau:\nTrẻ từ 6 - 8 tháng tuổi: Chất bột (20g tinh bột gạo tẻ), chất đạm có thể là bột tôm tươi bỏ vỏ và giã nhỏ (15g), trứng (10g tương đương 1 lòng đỏ trứng gà hoặc 4 lòng đỏ trứng cút), thịt nạc (10g), cá (10g, bỏ xương), chất xơ (2 muỗng rau xanh giã nhỏ), chất béo (1 muỗng cà phê dầu ăn hoặc mỡ).\nTrẻ từ 9 - 11 tháng tuổi: Chất bột (25g tinh bột gạo tẻ), chất đạm có thể là bột tôm tươi bỏ vỏ và giã nhỏ (15g), bột cua (30g), thịt nạc (15g), cá (15g, bỏ xương), chất xơ (2 muỗng rau xanh giã nhỏ), chất béo (1 muỗng cà phê dầu ăn hoặc mỡ).\nTrẻ từ 12 - 23 tháng tuổi: Chất bột (40g tinh bột gạo tẻ), chất đạm có thể là t', 'Bên cạnh đó, số bữa ăn dặm cũng cần được cân bằng với nguồn sữa mẹ để trẻ dần thích nghi với các loại thực phẩm, tránh ăn quá nhiều có thể khiến trẻ từ chối sữa mẹ, làm giảm lượng sữa mẹ sản xuất để đáp ứng nhu cầu của trẻ.\nĂn dặm mấy bữa mỗi ngày là thắc mắc của nhiều bậc cha mẹ \nHiện nay, có nhiều kiểu ăn dặm mẹ có thể lựa chọn để tập cho trẻ như ăn dặm kiểu truyền thống, ăn dặm kiểu Nhật, hoặc ăn dặm kiểu bé chỉ huy. Với phương pháp ăn dặm truyền thống và kiểu Nhật, thức ăn của trẻ cần được chế biến với độ đặc tăng dần và ăn dặm mấy bữa mỗi ngày mẹ có thể tham khảo như sau:\n6 - 7 tháng tuổi: 1 bữa/ngày, kết hợp bú sữa mẹ. Lượng thức ăn từ 100 - 200ml/bữa. Bắt đầu từ bột, cháo nấu loãng cùng thức ăn xay, nghiền, sau đó tăng dần độ sệt, đặc.\n8 - 9 tháng tuổi: 2 bữa/ngày, kết hợp bú sữa mẹ. Lượng thức ăn khoảng 200ml/bữa. Cho trẻ ăn cháo hoặc bột nấu đặc cùng thức ăn nghiền hoặc thái nhỏ.\n10 - 12 tuổi: 3 bữa/ngày, kết hợp bú sữa mẹ. Lượng thức ăn tăng lên khoảng từ 200 - 250ml/bữa. Cho trẻ ăn cháo hoặc bột nấu đặc cùng thức ăn thái nhỏ. Ngoài ra, cần tập cho trẻ cầm nắm thức ăn cắt khúc đã được hấp, luộc, nấu chín.\n12 - 24 tháng: 3 bữa/ngày, kết hợp bú sữa mẹ. Lượng thức ăn tăng lê']","Cho trẻ ăn từ loãng đến đặc, từ ít đến nhiều.","Em nấu cháo đặc cho con nhưng bé khóc không ăn, nguyên tắc cho trẻ ăn dặm về độ đặc và số lượng là gì ạ","['Dinh dưỡng khi trẻ bị tiêu chảy\nHỏi\nBác sĩ cho e hỏi con em 6 tháng tuổi bị tiêu chảy kéo dài, em cho bé ăn cháo ca rốt được không ạ, nếu không bác sĩ cho em biết cách chữa cho bé với ạ, em cảm ơn ạ.\nPhạm Thị Anh (1998)\nTrả lời\nĐược giải đáp bởi Bác sĩ chuyên khoa II Lê Thanh Cẩm - Khoa Nhi - Sơ sinh - Bệnh viện Đa khoa Quốc tế Vinmec Đà Nẵng\nChào bạn,\nVới câu hỏi: ""Dinh dưỡng khi trẻ bị tiêu chảy?"", được bác sĩ giải đáp như sau:\nBé của bạn 6 tháng tuổi, có tình trạng tiêu chảy kéo dài như bạn mô tả, tuy nhiên bạn chưa mô tả kỹ tính chất phân, kéo dài trong bao lâu, có triệu chứng gì khác kèm theo, chế độ dinh dưỡng hiện tại của bé như thế nào, ...Mặc dù vậy, tình trạng rối loạn tiêu hóa của bé khiến bạn lo lắng là vấn đề chúng ta cần quan tâm.\nTrẻ 6 tháng tuổi là lứa tuổi chúng ta có thẻ tiến hành cho trẻ ăn dặm, nhưng hiện tại trẻ đang tiêu chảy kéo dài, bạn càn phải điều trị dứt điểm, vì nếu bạn thay đổi chế độ dinh dưỡng có thể khiến tình trạng bệnh càng nặng thêm.\nVậy, để bé được giải quyết dứt điểm tình trạng này, bạn nên đưa bé đến các bệnh viện có chuyên khoa nhi hoặc các bệnh viện thuộc Hệ thống Y tế Vinmec để được các bác sĩ thăm khám, làm các xét nghiệm cần thiết và tư v', 'Cho trẻ ăn cháo ngọt: Cha mẹ không nên sử dụng quá nhiều đường cho trẻ. Với người lớn, lượng đường tiêu thụ tối đa trong một ngày là 20g. Vì thế, không nên cho trẻ ăn quá nhiều đường sẽ ảnh hưởng đến sức khỏe.\nChỉ cho trẻ ăn cháo với nước thịt: Nên thay đổi các loại thực phẩm giàu đạm thường xuyên, băm nhỏ thịt cá vào trong cháo để bữa ăn của trẻ đa dạng và lạ miệng hơn.\nKhông dùng dầu mỡ khi nấu đồ ăn dặm cho trẻ: Trẻ cần được bổ sung chất béo từ dầu mỡ với một lượng vừa đủ để cơ thể hấp thụ tối đa các chất dinh dưỡng. Có thể sử dụng các loại dầu thực vật dành riêng cho trẻ như: dầu óc chó, dầu hạt cải...\nCho trẻ ăn cơm quá sớm khi chưa có răng: Việc nuốt chửng cơm sẽ khiến dạ dày trẻ phải hoạt động quá sức.\nTrong quá trình bé ăn dặm, cha mẹ nên bổ sung cho trẻ các sản phẩm hỗ trợ có chứa lysine, các vi khoáng chất và vitamin thiết yếu như kẽm, crom, selen, vitamin nhóm B giúp đáp ứng đầy đủ nhu cầu về dưỡng chất ở trẻ. Đồng thời các vitamin thiết yếu này còn hỗ trợ tiêu hóa, tăng cường khả năng hấp thu dưỡng chất, giúp cải thiện tình trạng biếng ăn, giúp trẻ ăn ngon miệng. Cha mẹ có thể đồng thời áp dụng việc bổ sung chất qua đường ăn uống và các thực phẩm chức năng có nguồn gốc ', 'Cho bé ăn dặm từ lỏng đến đặc\nNên cho trẻ ăn bột loãng từ 2 - 3 ngày sau đó tăng dần độ đặc lên. Tăng độ thô dần dần, từ bột đến cháo rây, cháo nguyên hạt, cơm nát... để trẻ có thể nhanh chóng ăn được các loại thức ăn như người lớn.\nCho trẻ ăn các loại thức ăn mềm, dễ nhai và dễ nuốt vì lúc này trẻ chưa mọc răng hoặc mọc rất ít răng.\nChế biến đồ ăn dặm cho bé đầy đủ dinh dưỡng, hợp vệ sinh\nThời gian đầu trẻ tập ăn chỉ nên ăn các loại thức ăn dễ tiêu hóa như cháo và các loại rau, củ, quả. Tuy nhiên, từ 9 - 11 tháng cần cho trẻ ăn đầy đủ 4 nhóm thức ăn gồm: gạo; thịt, trứng; cá, tôm, cua; rau, củ và dầu hoặc mỡ... Ngoài ra, nên cho trẻ ăn nhiều hoa quả để bổ sung các loại vitamin cần thiết cho cơ thể, giúp trẻ mau lớn, phát triển khỏe mạnh hơn. Khi chế biến đồ ăn dặm cho trẻ, cần lựa chọn các loại thực phẩm sạch, đảm bảo vệ sinh. Tốt nhất nên sử dụng các loại thực phẩm có nguồn gốc rõ ràng vì hệ tiêu hóa của trẻ rất non nớt, rất dễ bị vi khuẩn tấn công.\nThực đơn ăn dặm cho trẻ từ 6 - 12 tháng\nTrẻ từ 6 - 8 tháng tuổi: Ở giai đoạn này, trẻ đang tập ăn, vì thế nên cho trẻ ăn các loại thức ăn mềm và dễ tiêu. Hệ tiêu hóa của trẻ cũng đang làm quen dần với thức ăn, nên cho trẻ ăn từng chút', 'Về nguyên tắc tăng số bữa ăn dặm, mẹ có thể ghi nhớ cho trẻ bắt đầu bằng 1 bữa/ngày trong 2 tháng đầu tiên, sau đó tăng thêm 1 bữa trong 2 tháng tiếp theo đến khi trẻ có thể ăn được 3 bữa/ngày.\nLưu ý, khi cho trẻ ăn dặm mấy bữa mỗi ngày tăng lên cùng lượng thức ăn, lượng sữa trẻ bú mẹ sẽ giảm. Tuy nhiên, cần tiếp tục duy trì nguồn sữa mẹ cho đến khi trẻ được 1 tuổi.\nTrẻ ăn dặm mấy bữa phụ thuộc vào độ tuổi của trẻ \nVới số bữa ăn dặm cho trẻ được khuyến nghị nêu trên, mẹ có thể tham khảo gợi ý thực đơn của Viện Dinh dưỡng Quốc gia phù hợp cho trẻ trong từng giai đoạn như sau:\nTrẻ từ 6 - 8 tháng tuổi: Chất bột (20g tinh bột gạo tẻ), chất đạm có thể là bột tôm tươi bỏ vỏ và giã nhỏ (15g), trứng (10g tương đương 1 lòng đỏ trứng gà hoặc 4 lòng đỏ trứng cút), thịt nạc (10g), cá (10g, bỏ xương), chất xơ (2 muỗng rau xanh giã nhỏ), chất béo (1 muỗng cà phê dầu ăn hoặc mỡ).\nTrẻ từ 9 - 11 tháng tuổi: Chất bột (25g tinh bột gạo tẻ), chất đạm có thể là bột tôm tươi bỏ vỏ và giã nhỏ (15g), bột cua (30g), thịt nạc (15g), cá (15g, bỏ xương), chất xơ (2 muỗng rau xanh giã nhỏ), chất béo (1 muỗng cà phê dầu ăn hoặc mỡ).\nTrẻ từ 12 - 23 tháng tuổi: Chất bột (40g tinh bột gạo tẻ), chất đạm có thể là t', 'Bên cạnh đó, số bữa ăn dặm cũng cần được cân bằng với nguồn sữa mẹ để trẻ dần thích nghi với các loại thực phẩm, tránh ăn quá nhiều có thể khiến trẻ từ chối sữa mẹ, làm giảm lượng sữa mẹ sản xuất để đáp ứng nhu cầu của trẻ.\nĂn dặm mấy bữa mỗi ngày là thắc mắc của nhiều bậc cha mẹ \nHiện nay, có nhiều kiểu ăn dặm mẹ có thể lựa chọn để tập cho trẻ như ăn dặm kiểu truyền thống, ăn dặm kiểu Nhật, hoặc ăn dặm kiểu bé chỉ huy. Với phương pháp ăn dặm truyền thống và kiểu Nhật, thức ăn của trẻ cần được chế biến với độ đặc tăng dần và ăn dặm mấy bữa mỗi ngày mẹ có thể tham khảo như sau:\n6 - 7 tháng tuổi: 1 bữa/ngày, kết hợp bú sữa mẹ. Lượng thức ăn từ 100 - 200ml/bữa. Bắt đầu từ bột, cháo nấu loãng cùng thức ăn xay, nghiền, sau đó tăng dần độ sệt, đặc.\n8 - 9 tháng tuổi: 2 bữa/ngày, kết hợp bú sữa mẹ. Lượng thức ăn khoảng 200ml/bữa. Cho trẻ ăn cháo hoặc bột nấu đặc cùng thức ăn nghiền hoặc thái nhỏ.\n10 - 12 tuổi: 3 bữa/ngày, kết hợp bú sữa mẹ. Lượng thức ăn tăng lên khoảng từ 200 - 250ml/bữa. Cho trẻ ăn cháo hoặc bột nấu đặc cùng thức ăn thái nhỏ. Ngoài ra, cần tập cho trẻ cầm nắm thức ăn cắt khúc đã được hấp, luộc, nấu chín.\n12 - 24 tháng: 3 bữa/ngày, kết hợp bú sữa mẹ. Lượng thức ăn tăng lê']","Mẹ ơi, tôi hiểu rằng bạn đang gặp khó khăn khi cho con ăn dặm. Theo nguyên tắc cho trẻ ăn dặm, độ đặc của thức ăn cần được tăng dần từ loãng đến đặc. Điều này giúp trẻ dần quen với thức ăn đặc và tránh bị khó chịu khi ăn.

Về số lượng, mẹ có thể bắt đầu với 1 bữa/ngày trong 2 tháng đầu tiên, sau đó tăng thêm 1 bữa trong 2 tháng tiếp theo đến khi trẻ có thể ăn được 3 bữa/ngày.

Về độ đặc, mẹ có thể tham khảo các mức độ sau:

- Bột loãng: 2 - 3 ngày sau khi bắt đầu ăn dặm
- Bột đặc: 1 - 2 tuần sau khi bắt đầu ăn dặm
- Cháo rây: 2 - 3 tuần sau khi bắt đầu ăn dặm
- Cháo nguyên hạt: 3 - 4 tuần sau khi bắt đầu ăn dặm
- Cơm nát: 4 - 5 tuần sau khi bắt đầu ăn dặm

Lưu ý, mỗi trẻ khác nhau sẽ có tốc độ tăng độ đặc khác nhau. Mẹ cần theo dõi và điều chỉnh theo nhu cầu của con mình.

Về số lượng, mẹ có thể bắt đầu với 100 - 200ml/bữa và tăng dần lên đến 250 - 300ml/bữa khi trẻ đã quen với thức ăn đặc.

Hy vọng những thông tin này sẽ giúp mẹ bạn có thể cho con ăn dặm một cách hiệu quả!","Cho trẻ ăn từ loãng đến đặc, từ ít đến nhiều.",1.0,0.94999999997625,0.5799529976801139,0.4375
"Con em lười bú sữa mẹ mà thích ăn bột, trẻ từ 7-12 tháng tuổi cần ăn bao nhiêu bữa bột một ngày ạ","Cảm ơn mẹ đã hỏi. Theo tài liệu, trẻ từ 7-12 tháng tuổi cần ăn 3 bữa bột và 2 bữa phụ. Tuy nhiên, không có thông tin cụ thể về số lượng bữa bột cụ thể mà trẻ cần ăn mỗi ngày.

Tuy nhiên, theo tài liệu 4, trẻ từ 7-12 tháng tuổi cần uống khoảng 120 ml sữa mỗi bữa, và tổng lượng sữa cần cho trẻ mỗi ngày là khoảng 720 ml.

Vì vậy, mẹ có thể cho trẻ ăn 3 bữa bột mỗi ngày, với mỗi bữa khoảng 120 ml, và 2 bữa phụ với lượng sữa phù hợp.","['Trẻ từ 9 - 11 tháng: Giai đoạn này có thể cho trẻ ăn 3 - 4 bữa bột đặc một ngày. Ngoài rau củ quả, nên cho trẻ ăn thêm trứng, thịt, cá, hải sản và đặc biệt là dầu hoặc mỡ. Vẫn duy trì cho trẻ bú sữa mẹ hoặc uống sữa công thức hàng ngày.\nThực đơn ăn dặm cho trẻ từ 12 - 23 tháng\nKhi trẻ được 1 tuổi, có thể ăn đa dạng các loại thức ăn và ăn 4 bữa/ngày. Trong một bữa cần cho trẻ ăn đầy đủ tinh bột; trứng hoặc thịt, cá; rau và dầu mỡ.\nThực đơn ăn dặm cho trẻ từ 24 - 36 tháng\nGiai đoạn này trẻ đã có thể ăn cơm với các loại thức ăn như người lớn. Tuy nhiên cần tránh những thức ăn quá cứng và dai, thức ăn có khả năng gây nghẹn, hóc.\nTừ 2 tuổi trở đi, nhiều trẻ đã không còn bú mẹ. Vì thế bữa ăn cần bổ sung đầy đủ các chất dinh dưỡng, đảm bảo cho sự phát triển của trẻ. Ngoài 3 - 4 bữa ăn chính mỗi ngày có thể cho trẻ ăn thêm 1 - 2 bữa phụ.\nCho trẻ ngồi ăn cơm chung với cả gia đình để trẻ học cách ăn uống, gắp đồ ăn và nhai kỹ thức ăn.\nLưu ý: dù ở độ tuổi nào bạn cũng không nên cho trẻ ăn nhiều các loại đồ ăn vặt như bánh, kẹo, bim bim, khoai tây chiên... vì sẽ làm cho trẻ đầy bụng, bỏ bữa.\nTheo Viện Dinh dưỡng Quốc gia, dưới 1 tuổi, thận của trẻ còn yếu, không thể tải quá 1g muối mỗi ngày. K', 'Bên cạnh đó, số bữa ăn dặm cũng cần được cân bằng với nguồn sữa mẹ để trẻ dần thích nghi với các loại thực phẩm, tránh ăn quá nhiều có thể khiến trẻ từ chối sữa mẹ, làm giảm lượng sữa mẹ sản xuất để đáp ứng nhu cầu của trẻ.\nĂn dặm mấy bữa mỗi ngày là thắc mắc của nhiều bậc cha mẹ \nHiện nay, có nhiều kiểu ăn dặm mẹ có thể lựa chọn để tập cho trẻ như ăn dặm kiểu truyền thống, ăn dặm kiểu Nhật, hoặc ăn dặm kiểu bé chỉ huy. Với phương pháp ăn dặm truyền thống và kiểu Nhật, thức ăn của trẻ cần được chế biến với độ đặc tăng dần và ăn dặm mấy bữa mỗi ngày mẹ có thể tham khảo như sau:\n6 - 7 tháng tuổi: 1 bữa/ngày, kết hợp bú sữa mẹ. Lượng thức ăn từ 100 - 200ml/bữa. Bắt đầu từ bột, cháo nấu loãng cùng thức ăn xay, nghiền, sau đó tăng dần độ sệt, đặc.\n8 - 9 tháng tuổi: 2 bữa/ngày, kết hợp bú sữa mẹ. Lượng thức ăn khoảng 200ml/bữa. Cho trẻ ăn cháo hoặc bột nấu đặc cùng thức ăn nghiền hoặc thái nhỏ.\n10 - 12 tuổi: 3 bữa/ngày, kết hợp bú sữa mẹ. Lượng thức ăn tăng lên khoảng từ 200 - 250ml/bữa. Cho trẻ ăn cháo hoặc bột nấu đặc cùng thức ăn thái nhỏ. Ngoài ra, cần tập cho trẻ cầm nắm thức ăn cắt khúc đã được hấp, luộc, nấu chín.\n12 - 24 tháng: 3 bữa/ngày, kết hợp bú sữa mẹ. Lượng thức ăn tăng lê', '6 tháng tuổi là thời gian phù hợp bắt đầu cho trẻ ăn dặm \nTheo Viện Dinh dưỡng Quốc gia, từ 6 - 12 tháng tuổi, sữa mẹ cung cấp hơn một nửa nhu cầu dinh dưỡng của trẻ. Từ 12 - 24 tháng tuổi, sữa mẹ cung cấp ít nhất một phần ba nhu cầu dinh dưỡng của trẻ.\nNhiều cha mẹ cho bé ăn dặm quá sớm, thậm chí từ khi bé mới được 3 - 4 tháng, điều này tiềm ẩn rất nhiều nguy cơ ảnh hưởng đến sức khỏe của trẻ như:\nNguy cơ ảnh hưởng đến hệ tiêu hóa do hệ tiêu hóa của trẻ còn non nớt, chưa thích nghi được với một số loại thức ăn.\nThức ăn không đảm bảo, khó tiêu hóa khiến trẻ bị tiêu chảy, táo bón.\nBé ăn dặm sớm khiến trẻ bú mẹ ít đi, các chất dinh dưỡng trong sữa mẹ bị thiếu hụt ở trẻ, đặc biệt là các chất giúp tăng đề kháng.\nTrẻ bú ít gây tăng nguy cơ mang thai sớm ở người mẹ\nNếu cho trẻ ăn dặm quá muộn (sau 9 tháng) sẽ khiến trẻ bị thiếu các chất dinh dưỡng cần thiết cho quá trình tăng trường, dẫn đến nguy cơ bị suy dinh dưỡng, còi xương, thiếu máu...\nCho bé ăn dặm từ ít đến nhiều\nThời gian đầu cho bé ăn dặm, cha mẹ nên tập cho bé ăn từng chút một. 1 - 3 bữa đầu tiên có thể cho trẻ ăn từ 5 - 10ml thức ăn. Tăng lượng ăn dần dần để dạ dày và hệ tiêu hóa của trẻ có thời gian làm quen và thích nghi vớ', 'Ước tính lượng sữa cần cho trẻ mỗi ngày Tuổi của trẻ Số bữa ăn/ngày Lượng sữa/bữa Tổng lượng sữa/ngày Từ khi sinh – 1 tháng 8 60 ml 480 ml Từ 1 tháng – 2 tháng 7 90 ml 630 ml Từ 2 tháng – 4 tháng 6 120 ml 720 ml Từ 4 tháng – 6 tháng 6 150 ml 900 ml', 'DINH DƯỠNG CHO TRẺ DƯỚI 2 TUỔI TRUNG TÂM TRUYỀN THÔNG GDSK TRUNG ƯƠNG TRANH 7 Trẻ 12 - 24 tháng: Bú mẹ, ăn 3 bữa cháo và 2 bữa phụ Trẻ 7- 12 tháng: Bú mẹ, ăn 3 bữa bột và 2 bữa phụ Dầu ăn Bơ Bơ ừVn g Bột gạo Đỗ xanh']","Cho trẻ ăn 3 bữa bột một ngày kèm sữa mẹ. Ngoài ra cho trẻ uống thêm nước ép trái cây, bánh mềm.","Con em lười bú sữa mẹ mà thích ăn bột, trẻ từ 7-12 tháng tuổi cần ăn bao nhiêu bữa bột một ngày ạ","['Trẻ từ 9 - 11 tháng: Giai đoạn này có thể cho trẻ ăn 3 - 4 bữa bột đặc một ngày. Ngoài rau củ quả, nên cho trẻ ăn thêm trứng, thịt, cá, hải sản và đặc biệt là dầu hoặc mỡ. Vẫn duy trì cho trẻ bú sữa mẹ hoặc uống sữa công thức hàng ngày.\nThực đơn ăn dặm cho trẻ từ 12 - 23 tháng\nKhi trẻ được 1 tuổi, có thể ăn đa dạng các loại thức ăn và ăn 4 bữa/ngày. Trong một bữa cần cho trẻ ăn đầy đủ tinh bột; trứng hoặc thịt, cá; rau và dầu mỡ.\nThực đơn ăn dặm cho trẻ từ 24 - 36 tháng\nGiai đoạn này trẻ đã có thể ăn cơm với các loại thức ăn như người lớn. Tuy nhiên cần tránh những thức ăn quá cứng và dai, thức ăn có khả năng gây nghẹn, hóc.\nTừ 2 tuổi trở đi, nhiều trẻ đã không còn bú mẹ. Vì thế bữa ăn cần bổ sung đầy đủ các chất dinh dưỡng, đảm bảo cho sự phát triển của trẻ. Ngoài 3 - 4 bữa ăn chính mỗi ngày có thể cho trẻ ăn thêm 1 - 2 bữa phụ.\nCho trẻ ngồi ăn cơm chung với cả gia đình để trẻ học cách ăn uống, gắp đồ ăn và nhai kỹ thức ăn.\nLưu ý: dù ở độ tuổi nào bạn cũng không nên cho trẻ ăn nhiều các loại đồ ăn vặt như bánh, kẹo, bim bim, khoai tây chiên... vì sẽ làm cho trẻ đầy bụng, bỏ bữa.\nTheo Viện Dinh dưỡng Quốc gia, dưới 1 tuổi, thận của trẻ còn yếu, không thể tải quá 1g muối mỗi ngày. K', 'Bên cạnh đó, số bữa ăn dặm cũng cần được cân bằng với nguồn sữa mẹ để trẻ dần thích nghi với các loại thực phẩm, tránh ăn quá nhiều có thể khiến trẻ từ chối sữa mẹ, làm giảm lượng sữa mẹ sản xuất để đáp ứng nhu cầu của trẻ.\nĂn dặm mấy bữa mỗi ngày là thắc mắc của nhiều bậc cha mẹ \nHiện nay, có nhiều kiểu ăn dặm mẹ có thể lựa chọn để tập cho trẻ như ăn dặm kiểu truyền thống, ăn dặm kiểu Nhật, hoặc ăn dặm kiểu bé chỉ huy. Với phương pháp ăn dặm truyền thống và kiểu Nhật, thức ăn của trẻ cần được chế biến với độ đặc tăng dần và ăn dặm mấy bữa mỗi ngày mẹ có thể tham khảo như sau:\n6 - 7 tháng tuổi: 1 bữa/ngày, kết hợp bú sữa mẹ. Lượng thức ăn từ 100 - 200ml/bữa. Bắt đầu từ bột, cháo nấu loãng cùng thức ăn xay, nghiền, sau đó tăng dần độ sệt, đặc.\n8 - 9 tháng tuổi: 2 bữa/ngày, kết hợp bú sữa mẹ. Lượng thức ăn khoảng 200ml/bữa. Cho trẻ ăn cháo hoặc bột nấu đặc cùng thức ăn nghiền hoặc thái nhỏ.\n10 - 12 tuổi: 3 bữa/ngày, kết hợp bú sữa mẹ. Lượng thức ăn tăng lên khoảng từ 200 - 250ml/bữa. Cho trẻ ăn cháo hoặc bột nấu đặc cùng thức ăn thái nhỏ. Ngoài ra, cần tập cho trẻ cầm nắm thức ăn cắt khúc đã được hấp, luộc, nấu chín.\n12 - 24 tháng: 3 bữa/ngày, kết hợp bú sữa mẹ. Lượng thức ăn tăng lê', '6 tháng tuổi là thời gian phù hợp bắt đầu cho trẻ ăn dặm \nTheo Viện Dinh dưỡng Quốc gia, từ 6 - 12 tháng tuổi, sữa mẹ cung cấp hơn một nửa nhu cầu dinh dưỡng của trẻ. Từ 12 - 24 tháng tuổi, sữa mẹ cung cấp ít nhất một phần ba nhu cầu dinh dưỡng của trẻ.\nNhiều cha mẹ cho bé ăn dặm quá sớm, thậm chí từ khi bé mới được 3 - 4 tháng, điều này tiềm ẩn rất nhiều nguy cơ ảnh hưởng đến sức khỏe của trẻ như:\nNguy cơ ảnh hưởng đến hệ tiêu hóa do hệ tiêu hóa của trẻ còn non nớt, chưa thích nghi được với một số loại thức ăn.\nThức ăn không đảm bảo, khó tiêu hóa khiến trẻ bị tiêu chảy, táo bón.\nBé ăn dặm sớm khiến trẻ bú mẹ ít đi, các chất dinh dưỡng trong sữa mẹ bị thiếu hụt ở trẻ, đặc biệt là các chất giúp tăng đề kháng.\nTrẻ bú ít gây tăng nguy cơ mang thai sớm ở người mẹ\nNếu cho trẻ ăn dặm quá muộn (sau 9 tháng) sẽ khiến trẻ bị thiếu các chất dinh dưỡng cần thiết cho quá trình tăng trường, dẫn đến nguy cơ bị suy dinh dưỡng, còi xương, thiếu máu...\nCho bé ăn dặm từ ít đến nhiều\nThời gian đầu cho bé ăn dặm, cha mẹ nên tập cho bé ăn từng chút một. 1 - 3 bữa đầu tiên có thể cho trẻ ăn từ 5 - 10ml thức ăn. Tăng lượng ăn dần dần để dạ dày và hệ tiêu hóa của trẻ có thời gian làm quen và thích nghi vớ', 'Ước tính lượng sữa cần cho trẻ mỗi ngày Tuổi của trẻ Số bữa ăn/ngày Lượng sữa/bữa Tổng lượng sữa/ngày Từ khi sinh – 1 tháng 8 60 ml 480 ml Từ 1 tháng – 2 tháng 7 90 ml 630 ml Từ 2 tháng – 4 tháng 6 120 ml 720 ml Từ 4 tháng – 6 tháng 6 150 ml 900 ml', 'DINH DƯỠNG CHO TRẺ DƯỚI 2 TUỔI TRUNG TÂM TRUYỀN THÔNG GDSK TRUNG ƯƠNG TRANH 7 Trẻ 12 - 24 tháng: Bú mẹ, ăn 3 bữa cháo và 2 bữa phụ Trẻ 7- 12 tháng: Bú mẹ, ăn 3 bữa bột và 2 bữa phụ Dầu ăn Bơ Bơ ừVn g Bột gạo Đỗ xanh']","Cảm ơn mẹ đã hỏi. Theo tài liệu, trẻ từ 7-12 tháng tuổi cần ăn 3 bữa bột và 2 bữa phụ. Tuy nhiên, không có thông tin cụ thể về số lượng bữa bột cụ thể mà trẻ cần ăn mỗi ngày.

Tuy nhiên, theo tài liệu 4, trẻ từ 7-12 tháng tuổi cần uống khoảng 120 ml sữa mỗi bữa, và tổng lượng sữa cần cho trẻ mỗi ngày là khoảng 720 ml.

Vì vậy, mẹ có thể cho trẻ ăn 3 bữa bột mỗi ngày, với mỗi bữa khoảng 120 ml, và 2 bữa phụ với lượng sữa phù hợp.","Cho trẻ ăn 3 bữa bột một ngày kèm sữa mẹ. Ngoài ra cho trẻ uống thêm nước ép trái cây, bánh mềm.",0.5,0.4499999999775,0.870940392518512,0.375
"Em đi siêu thị thấy có loại bột bán sẵn đủ chất, bốn nhóm thực phẩm cần có trong bữa ăn của trẻ là gì để em tự nấu cho chắc chắn","Cảm ơn mẹ đã hỏi. Theo tài liệu, bốn nhóm thực phẩm cần có trong bữa ăn của trẻ là:

1. Tinh bột, ngũ cốc và các cây họ đậu như gạo, ngô, khoai tây, các loại đậu, đậu nành và lạc.
2. Chất đạm: động vật và thực vật, các loại sữa, thịt, trứng gà trứng vịt, cá và tôm.
3. Rau xanh và rau quả màu vàng, màu đỏ: rau muống, mùng tơi, bí đỏ, cà rốt và cải bó xôi,...
4. Chất béo động vật và dầu ăn.

Mẹ có thể tham khảo các thông tin này để tự nấu cho con một bữa ăn đa dạng và đầy đủ chất dinh dưỡng.","['Bạn có thể dùng ngũ cốc nguyên hạt, trái cây và sữa không béo để làm một bữa sáng lành mạnh và nhanh gọn cho bản thân.\nNếu không muốn ăn ngũ cốc, bạn cũng có thể thay thế bằng bánh mì ngũ cốc. Bánh mì này được làm từ ngũ cốc nguyên hạt và chứa axit folic rất quan trọng đối với sự phát triển của em bé. Thực phẩm cho mẹ sau sinh này cũng giúp bạn giữ sức khỏe của bản thân tốt hơn nữa đấy.\nNgũ cốc nhiều vitamin và chất dinh dưỡng cho cơ thể \nCó thể bạn muốn giảm cân sau sinh bằng cách giảm carb trong chế độ ăn nhưng đây là điều không nên. Việc giảm cân bằng cách này có thể khiến bạn luôn mệt mỏi và tiết ít sữa hơn, khiến bé không có đủ sữa bú.\nThay vì cắt carb ra khỏi thực đơn, bạn hãy bổ sung carb tốt từ gạo lứt để duy trì năng lượng cho bản thân. Gạo lứt sẽ giúp bạn có đủ calo cần thiết để tạo sữa chất lượng hơn cho bé.\nBạn không nên chỉ tập trung vào những thực phẩm cho mẹ sau sinh mà bỏ qua những món mình nên kiêng để có cái nhìn toàn diện hơn về việc sau sinh nên ăn gì và kiêng gì.\nTỏi là gia vị ưa thích của nhiều người lớn nhưng mùi vị hăng nồng của tỏi không dễ chịu với bé nên đây vẫn là món bạn nên tránh trong thực đơn cho phụ nữ sau sinh. Nếu bạn ăn nhiều tỏi, sữa mẹ có thể c', 'SỨC KHOẺ Ở độ tuổi chập chững biết đi, trẻ không cần ăn một lượng lớn thức ăn. Quan trọng là trẻ cần biết và thử nhiều loại thức ăn khác nhau. Trẻ nhỏ thường làm thức ăn vung vãi bừa bộn trong bữa ăn. Việc trẻ chơi với thức ăn là bình thường. Chơi với thức ăn là một cách trẻ học. Ở độ tuổi mới vào tiểu học, trẻ có thể bắt đầu hiểu các khái niệm cơ bản về dinh dưỡng, như “tại sao một số thực phẩm có lợi cho sức khỏe?”. Cha mẹ và người chăm sóc trẻ là hình mẫu cho trẻ noi theo bởi gia đình là nơi bắt nguồn của các thói quen ăn uống lành mạnh và hình thành kiến thức về lựa chọn thực phẩm tốt. Trẻ ở lứa tuổi này sẽ tự quyết định có ăn hay không, ăn gì và ăn bao nhiêu. CHO TRẺ ĂN: CHO TRẺ TỪ 1 - 8 TUỔI Hãy dùng các thực phẩm đa dạng giàu dinh dưỡng từ bốn nhóm thức ăn sau càng nhiều càng tốt trong chế biến thức ăn cho trẻ: • Tinh bột, ngũ cốc và các cây họ đậu như gạo, ngô, khoai tây, các loại đậu, đậu nành và lạc • Chất đạm: động vật và thực vật, các loại sữa, thịt, trứng gà trứng vịt, cá và tôm • Rau xanh và rau quả màu vàng, màu đỏ: rau muống, mùng tơi, bí đỏ, cà rốt và cải bó xôi,… • Chất béo động vật và dầu ăn Tiếp tục cho trẻ bú mẹ đến 2 tuổi hoặc lâu hơn và cho trẻ ăn thức ăn với', 'Chủ đề: Disease. Tiêu đề: Cần chuẩn bị gì khi đặt hẹn gặp bác sĩ khi bị dị ứng lúa mì? - Bác sĩ của bạn có thể hỏi 1 số câu hỏi sau. Từ khoá: Dị ứng lúa mì. Câu hỏi: Trong trường hợp trẻ sơ sinh bị nghi dị ứng lúa mỳ, bác sĩ có thể hỏi các vấn đề về chế độ ăn ra sao?. Trả lời: Bác sĩ có thể hỏi về các loại thức ăn đặc mà trẻ đã ăn, cũng như việc bổ sung các loại thức ăn mới vào chế độ ăn của trẻ gần đây. Bác sĩ cũng quan tâm việc trẻ có bị dị ứng khi ăn một loại thực phẩm nào cùng một thời điểm.. Ngữ cảnh: - Triệu chứng xuất hiện sau ăn bao lâu?\n- Triệu chứng có liên quan đến 1 loại thức ăn cụ thể nào không?\n- Trong trường hợp trẻ sơ sinh, bé đã ăn thức ăn đặc nào?\n- Gần đây bạn có thêm loại thực phẩm nào mới vào chế độ ăn của bé?\n- Có ai khác có triệu chứng khi ăn cùng 1 loại thực phẩm không?\n- Số lượng thực phẩm nghi ngờ gây dị ứng bạn đã ăn là bao nhiêu?\n- Bạn đã ăn gì cùng lúc với thực phẩm nghi ngờ gây dị ứng? Dị ứng lúa mì là một phản ứng dị ứng với các loại thực phẩm có chứa lúa mì. Phản ứng dị ứng có thể gây ra bởi việc ăn lúa mì nhưng cũng có thể do hít phải bột mì. Dị ứng lúa mì gồm các triệu chứng từ nhẹ (nổi mày đay, ngứa, chảy nước mắt…) đến phản ứng phản vệ nguy hiểm ', 'Đặc biệt, Cá hồi là món cung cấp chất dinh dưỡng rất thích hợp cho những bà mẹ mới sinh. Giống như các loại cá giàu chất béo khác, cá hồi có nhiều DHA rất quan trọng cho sự phát triển hệ thần kinh của bé.\nCá hồi là món cung cấp chất dinh dưỡng rất thích hợp cho những bà mẹ mới sinh \nCác sản phẩm từ sữa như sữa chua hay phô mai rất quan trọng khi bạn vừa sinh con và nuôi con bằng sữa mẹ. Sữa cung cấp một lượng vitamin D giúp xương của cả mẹ và bé khỏe hơn. Ngoài ra, các thực phẩm này còn cung cấp protein, vitamin B và canxi rất tốt.\nKhi mang thai và cho con bú, người mẹ cần rất nhiều canxi để giúp xương của bé phát triển tốt nên trong thực đơn sau sinh không thể thiếu những sản phẩm từ sữa. Việc bổ sung canxi để đáp ứng nhu cầu của chính bạn và con là rất quan trọng. Bạn hãy uống ít nhất 705 ml sữa mỗi ngày để đáp ứng nhu cầu này.\nGía trị dinh dưỡng của thực phẩm cho người mẹ sau sinh cần đa dạng, đặc biệt là khi đang nuôi con. Người mẹ cũng cần xem xét giá trị dinh dưỡng trong một số thực phẩm quen thuộc nhất định. Chẳng hạn, ngô và khoai là thực phẩm có lợi nhưng ít giá trị dinh dưỡng. Bạn nên thay đổi các món ăn và nguyên liệu để chế biến hàng ngày, nhằm cung cấp đầy đủ vitamin, ', 'Trẻ từ 9 - 11 tháng: Giai đoạn này có thể cho trẻ ăn 3 - 4 bữa bột đặc một ngày. Ngoài rau củ quả, nên cho trẻ ăn thêm trứng, thịt, cá, hải sản và đặc biệt là dầu hoặc mỡ. Vẫn duy trì cho trẻ bú sữa mẹ hoặc uống sữa công thức hàng ngày.\nThực đơn ăn dặm cho trẻ từ 12 - 23 tháng\nKhi trẻ được 1 tuổi, có thể ăn đa dạng các loại thức ăn và ăn 4 bữa/ngày. Trong một bữa cần cho trẻ ăn đầy đủ tinh bột; trứng hoặc thịt, cá; rau và dầu mỡ.\nThực đơn ăn dặm cho trẻ từ 24 - 36 tháng\nGiai đoạn này trẻ đã có thể ăn cơm với các loại thức ăn như người lớn. Tuy nhiên cần tránh những thức ăn quá cứng và dai, thức ăn có khả năng gây nghẹn, hóc.\nTừ 2 tuổi trở đi, nhiều trẻ đã không còn bú mẹ. Vì thế bữa ăn cần bổ sung đầy đủ các chất dinh dưỡng, đảm bảo cho sự phát triển của trẻ. Ngoài 3 - 4 bữa ăn chính mỗi ngày có thể cho trẻ ăn thêm 1 - 2 bữa phụ.\nCho trẻ ngồi ăn cơm chung với cả gia đình để trẻ học cách ăn uống, gắp đồ ăn và nhai kỹ thức ăn.\nLưu ý: dù ở độ tuổi nào bạn cũng không nên cho trẻ ăn nhiều các loại đồ ăn vặt như bánh, kẹo, bim bim, khoai tây chiên... vì sẽ làm cho trẻ đầy bụng, bỏ bữa.\nTheo Viện Dinh dưỡng Quốc gia, dưới 1 tuổi, thận của trẻ còn yếu, không thể tải quá 1g muối mỗi ngày. K']","Cho trẻ ăn đủ bốn nhóm thực phẩm: tinh bột, đạm, mỡ hay dầu thực vật
và các loại rau quả.","Em đi siêu thị thấy có loại bột bán sẵn đủ chất, bốn nhóm thực phẩm cần có trong bữa ăn của trẻ là gì để em tự nấu cho chắc chắn","['Bạn có thể dùng ngũ cốc nguyên hạt, trái cây và sữa không béo để làm một bữa sáng lành mạnh và nhanh gọn cho bản thân.\nNếu không muốn ăn ngũ cốc, bạn cũng có thể thay thế bằng bánh mì ngũ cốc. Bánh mì này được làm từ ngũ cốc nguyên hạt và chứa axit folic rất quan trọng đối với sự phát triển của em bé. Thực phẩm cho mẹ sau sinh này cũng giúp bạn giữ sức khỏe của bản thân tốt hơn nữa đấy.\nNgũ cốc nhiều vitamin và chất dinh dưỡng cho cơ thể \nCó thể bạn muốn giảm cân sau sinh bằng cách giảm carb trong chế độ ăn nhưng đây là điều không nên. Việc giảm cân bằng cách này có thể khiến bạn luôn mệt mỏi và tiết ít sữa hơn, khiến bé không có đủ sữa bú.\nThay vì cắt carb ra khỏi thực đơn, bạn hãy bổ sung carb tốt từ gạo lứt để duy trì năng lượng cho bản thân. Gạo lứt sẽ giúp bạn có đủ calo cần thiết để tạo sữa chất lượng hơn cho bé.\nBạn không nên chỉ tập trung vào những thực phẩm cho mẹ sau sinh mà bỏ qua những món mình nên kiêng để có cái nhìn toàn diện hơn về việc sau sinh nên ăn gì và kiêng gì.\nTỏi là gia vị ưa thích của nhiều người lớn nhưng mùi vị hăng nồng của tỏi không dễ chịu với bé nên đây vẫn là món bạn nên tránh trong thực đơn cho phụ nữ sau sinh. Nếu bạn ăn nhiều tỏi, sữa mẹ có thể c', 'SỨC KHOẺ Ở độ tuổi chập chững biết đi, trẻ không cần ăn một lượng lớn thức ăn. Quan trọng là trẻ cần biết và thử nhiều loại thức ăn khác nhau. Trẻ nhỏ thường làm thức ăn vung vãi bừa bộn trong bữa ăn. Việc trẻ chơi với thức ăn là bình thường. Chơi với thức ăn là một cách trẻ học. Ở độ tuổi mới vào tiểu học, trẻ có thể bắt đầu hiểu các khái niệm cơ bản về dinh dưỡng, như “tại sao một số thực phẩm có lợi cho sức khỏe?”. Cha mẹ và người chăm sóc trẻ là hình mẫu cho trẻ noi theo bởi gia đình là nơi bắt nguồn của các thói quen ăn uống lành mạnh và hình thành kiến thức về lựa chọn thực phẩm tốt. Trẻ ở lứa tuổi này sẽ tự quyết định có ăn hay không, ăn gì và ăn bao nhiêu. CHO TRẺ ĂN: CHO TRẺ TỪ 1 - 8 TUỔI Hãy dùng các thực phẩm đa dạng giàu dinh dưỡng từ bốn nhóm thức ăn sau càng nhiều càng tốt trong chế biến thức ăn cho trẻ: • Tinh bột, ngũ cốc và các cây họ đậu như gạo, ngô, khoai tây, các loại đậu, đậu nành và lạc • Chất đạm: động vật và thực vật, các loại sữa, thịt, trứng gà trứng vịt, cá và tôm • Rau xanh và rau quả màu vàng, màu đỏ: rau muống, mùng tơi, bí đỏ, cà rốt và cải bó xôi,… • Chất béo động vật và dầu ăn Tiếp tục cho trẻ bú mẹ đến 2 tuổi hoặc lâu hơn và cho trẻ ăn thức ăn với', 'Chủ đề: Disease. Tiêu đề: Cần chuẩn bị gì khi đặt hẹn gặp bác sĩ khi bị dị ứng lúa mì? - Bác sĩ của bạn có thể hỏi 1 số câu hỏi sau. Từ khoá: Dị ứng lúa mì. Câu hỏi: Trong trường hợp trẻ sơ sinh bị nghi dị ứng lúa mỳ, bác sĩ có thể hỏi các vấn đề về chế độ ăn ra sao?. Trả lời: Bác sĩ có thể hỏi về các loại thức ăn đặc mà trẻ đã ăn, cũng như việc bổ sung các loại thức ăn mới vào chế độ ăn của trẻ gần đây. Bác sĩ cũng quan tâm việc trẻ có bị dị ứng khi ăn một loại thực phẩm nào cùng một thời điểm.. Ngữ cảnh: - Triệu chứng xuất hiện sau ăn bao lâu?\n- Triệu chứng có liên quan đến 1 loại thức ăn cụ thể nào không?\n- Trong trường hợp trẻ sơ sinh, bé đã ăn thức ăn đặc nào?\n- Gần đây bạn có thêm loại thực phẩm nào mới vào chế độ ăn của bé?\n- Có ai khác có triệu chứng khi ăn cùng 1 loại thực phẩm không?\n- Số lượng thực phẩm nghi ngờ gây dị ứng bạn đã ăn là bao nhiêu?\n- Bạn đã ăn gì cùng lúc với thực phẩm nghi ngờ gây dị ứng? Dị ứng lúa mì là một phản ứng dị ứng với các loại thực phẩm có chứa lúa mì. Phản ứng dị ứng có thể gây ra bởi việc ăn lúa mì nhưng cũng có thể do hít phải bột mì. Dị ứng lúa mì gồm các triệu chứng từ nhẹ (nổi mày đay, ngứa, chảy nước mắt…) đến phản ứng phản vệ nguy hiểm ', 'Đặc biệt, Cá hồi là món cung cấp chất dinh dưỡng rất thích hợp cho những bà mẹ mới sinh. Giống như các loại cá giàu chất béo khác, cá hồi có nhiều DHA rất quan trọng cho sự phát triển hệ thần kinh của bé.\nCá hồi là món cung cấp chất dinh dưỡng rất thích hợp cho những bà mẹ mới sinh \nCác sản phẩm từ sữa như sữa chua hay phô mai rất quan trọng khi bạn vừa sinh con và nuôi con bằng sữa mẹ. Sữa cung cấp một lượng vitamin D giúp xương của cả mẹ và bé khỏe hơn. Ngoài ra, các thực phẩm này còn cung cấp protein, vitamin B và canxi rất tốt.\nKhi mang thai và cho con bú, người mẹ cần rất nhiều canxi để giúp xương của bé phát triển tốt nên trong thực đơn sau sinh không thể thiếu những sản phẩm từ sữa. Việc bổ sung canxi để đáp ứng nhu cầu của chính bạn và con là rất quan trọng. Bạn hãy uống ít nhất 705 ml sữa mỗi ngày để đáp ứng nhu cầu này.\nGía trị dinh dưỡng của thực phẩm cho người mẹ sau sinh cần đa dạng, đặc biệt là khi đang nuôi con. Người mẹ cũng cần xem xét giá trị dinh dưỡng trong một số thực phẩm quen thuộc nhất định. Chẳng hạn, ngô và khoai là thực phẩm có lợi nhưng ít giá trị dinh dưỡng. Bạn nên thay đổi các món ăn và nguyên liệu để chế biến hàng ngày, nhằm cung cấp đầy đủ vitamin, ', 'Trẻ từ 9 - 11 tháng: Giai đoạn này có thể cho trẻ ăn 3 - 4 bữa bột đặc một ngày. Ngoài rau củ quả, nên cho trẻ ăn thêm trứng, thịt, cá, hải sản và đặc biệt là dầu hoặc mỡ. Vẫn duy trì cho trẻ bú sữa mẹ hoặc uống sữa công thức hàng ngày.\nThực đơn ăn dặm cho trẻ từ 12 - 23 tháng\nKhi trẻ được 1 tuổi, có thể ăn đa dạng các loại thức ăn và ăn 4 bữa/ngày. Trong một bữa cần cho trẻ ăn đầy đủ tinh bột; trứng hoặc thịt, cá; rau và dầu mỡ.\nThực đơn ăn dặm cho trẻ từ 24 - 36 tháng\nGiai đoạn này trẻ đã có thể ăn cơm với các loại thức ăn như người lớn. Tuy nhiên cần tránh những thức ăn quá cứng và dai, thức ăn có khả năng gây nghẹn, hóc.\nTừ 2 tuổi trở đi, nhiều trẻ đã không còn bú mẹ. Vì thế bữa ăn cần bổ sung đầy đủ các chất dinh dưỡng, đảm bảo cho sự phát triển của trẻ. Ngoài 3 - 4 bữa ăn chính mỗi ngày có thể cho trẻ ăn thêm 1 - 2 bữa phụ.\nCho trẻ ngồi ăn cơm chung với cả gia đình để trẻ học cách ăn uống, gắp đồ ăn và nhai kỹ thức ăn.\nLưu ý: dù ở độ tuổi nào bạn cũng không nên cho trẻ ăn nhiều các loại đồ ăn vặt như bánh, kẹo, bim bim, khoai tây chiên... vì sẽ làm cho trẻ đầy bụng, bỏ bữa.\nTheo Viện Dinh dưỡng Quốc gia, dưới 1 tuổi, thận của trẻ còn yếu, không thể tải quá 1g muối mỗi ngày. K']","Cảm ơn mẹ đã hỏi. Theo tài liệu, bốn nhóm thực phẩm cần có trong bữa ăn của trẻ là:

1. Tinh bột, ngũ cốc và các cây họ đậu như gạo, ngô, khoai tây, các loại đậu, đậu nành và lạc.
2. Chất đạm: động vật và thực vật, các loại sữa, thịt, trứng gà trứng vịt, cá và tôm.
3. Rau xanh và rau quả màu vàng, màu đỏ: rau muống, mùng tơi, bí đỏ, cà rốt và cải bó xôi,...
4. Chất béo động vật và dầu ăn.

Mẹ có thể tham khảo các thông tin này để tự nấu cho con một bữa ăn đa dạng và đầy đủ chất dinh dưỡng.","Cho trẻ ăn đủ bốn nhóm thực phẩm: tinh bột, đạm, mỡ hay dầu thực vật
và các loại rau quả.",1.0,0.4499999999775,0.7406154251338776,1.0
"Em đâu đầu về thực đơn một ngày của trẻ quá , cho em hỏi trẻ từ 12-24 tháng tuổi cần ăn bao nhiêu bữa một ngày ạ","Mẹ ơi, chúc mừng mẹ có bé khỏe mạnh! Giai đoạn này mẹ cần chú ý chăm sóc rốn và tử cung.

Về câu hỏi của mẹ, trẻ từ 12-24 tháng tuổi cần ăn 3-4 bữa một ngày. Mỗi bữa cần có đầy đủ tinh bột, trứng hoặc thịt, cá, rau và dầu mỡ. Mẹ có thể cho trẻ ăn cơm với các loại thức ăn như người lớn, nhưng cần tránh những thức ăn quá cứng và dai, thức ăn có khả năng gây nghẹn, hóc.

Mẹ cũng cần lưu ý rằng trẻ dưới 1 tuổi, thận của trẻ còn yếu, không thể tải quá 1g muối mỗi ngày. Không nêm thêm các loại gia vị mặn vào thức ăn của trẻ. Bản thân thực phẩm đã cung cấp đủ nhu cầu của trẻ.

Từ 1 tuổi trở lên, có thể nêm một chút muối hoặc mắm, chú ý nên nêm nhạt. Tốt nhất là tập cho trẻ ăn nhạt từ nhỏ để đảm bảo sức khỏe sau này.

Mẹ có thể tham khảo thực đơn ăn dặm cho trẻ từ 12-24 tháng tuổi như sau:

- Bữa sáng: Cháo trứng, rau xanh
- Bữa trưa: Cơm thịt, rau xanh
- Bữa chiều: Cháo cá, rau xanh
- Bữa tối: Cơm gà, rau xanh

Mẹ cần cho trẻ ăn đa dạng, giàu chất dinh dưỡng, cân đối, ăn đúng bữa, đúng giờ. Đừng ép trẻ ăn. Trẻ sẽ tự quyết định có muốn ăn không.","['Trẻ từ 9 - 11 tháng: Giai đoạn này có thể cho trẻ ăn 3 - 4 bữa bột đặc một ngày. Ngoài rau củ quả, nên cho trẻ ăn thêm trứng, thịt, cá, hải sản và đặc biệt là dầu hoặc mỡ. Vẫn duy trì cho trẻ bú sữa mẹ hoặc uống sữa công thức hàng ngày.\nThực đơn ăn dặm cho trẻ từ 12 - 23 tháng\nKhi trẻ được 1 tuổi, có thể ăn đa dạng các loại thức ăn và ăn 4 bữa/ngày. Trong một bữa cần cho trẻ ăn đầy đủ tinh bột; trứng hoặc thịt, cá; rau và dầu mỡ.\nThực đơn ăn dặm cho trẻ từ 24 - 36 tháng\nGiai đoạn này trẻ đã có thể ăn cơm với các loại thức ăn như người lớn. Tuy nhiên cần tránh những thức ăn quá cứng và dai, thức ăn có khả năng gây nghẹn, hóc.\nTừ 2 tuổi trở đi, nhiều trẻ đã không còn bú mẹ. Vì thế bữa ăn cần bổ sung đầy đủ các chất dinh dưỡng, đảm bảo cho sự phát triển của trẻ. Ngoài 3 - 4 bữa ăn chính mỗi ngày có thể cho trẻ ăn thêm 1 - 2 bữa phụ.\nCho trẻ ngồi ăn cơm chung với cả gia đình để trẻ học cách ăn uống, gắp đồ ăn và nhai kỹ thức ăn.\nLưu ý: dù ở độ tuổi nào bạn cũng không nên cho trẻ ăn nhiều các loại đồ ăn vặt như bánh, kẹo, bim bim, khoai tây chiên... vì sẽ làm cho trẻ đầy bụng, bỏ bữa.\nTheo Viện Dinh dưỡng Quốc gia, dưới 1 tuổi, thận của trẻ còn yếu, không thể tải quá 1g muối mỗi ngày. K', 'Số bữa ăn dặm trong ngày của trẻ từ 6 tháng - 24 tháng\nCho trẻ ăn dặm mấy bữa mỗi ngày, mỗi bữa ăn dặm cách nhau bao lâu chắc hẳn đều khiến nhiều người mẹ đang có con trong giai đoạn ăn dặm phải đau đầu. Vậy trẻ từ 6 - 24 tháng cần ăn dặm bao nhiêu bữa?\nSữa mẹ là nguồn dinh dưỡng quý giá cho sự phát triển của trẻ trong 2 năm đầu đời, đặc biệt là 6 tháng đầu sau khi sinh. Trẻ dưới 6 tháng tuổi cần được bú sữa mẹ hoàn toàn để có thể hoạt động, khỏe mạnh và phát triển.\nTuy nhiên, từ 6 tháng tuổi, trẻ cần được ăn dặm bổ sung ngoài nguồn sữa mẹ vì lúc này nhu cầu dinh dưỡng của trẻ tăng lên, nếu chỉ cho trẻ bú sữa mẹ hoàn toàn sẽ không đáp ứng đủ nhu cầu của trẻ. Vì vậy, cần quan tâm cho trẻ từ 6 tháng tuổi ăn dặm mấy bữa mỗi ngày để đảm bảo không thiếu hụt dưỡng chất và năng lượng cho trẻ hoạt động và phát triển.\nTrên thực tế, nguồn sữa mẹ vẫn đóng vai trò quan trọng, chiếm hơn 1⁄2 nhu cầu dinh dưỡng hàng ngày của trẻ từ 6 - 12 tháng tuổi và khoảng 1⁄3 khi trẻ từ 12 - 24 tháng tuổi. Do đó, thức ăn dặm bổ sung không phải là nguồn dinh dưỡng thay thế cho sữa mẹ.\nCần quan tâm ăn dặm mấy bữa mỗi ngày, loại thực phẩm và cách chế biến như thế nào là phù hợp với sự phát triển của trẻ trong từ', 'Nguyên nhân và cách điều trị béo phì ở trẻ em\nTình trạng béo phì của trẻ em ngày nay ngày càng gia tăng, việc ăn uống quá mức so với nhu cầu kèm lối sống tĩnh tại, ít vận động thể lực là nguyên nhân và dẫn đến nguy cơ tăng huyết áp, rối loạn mỡ máu, bệnh tim mạch, đái tháo đường type 2, rối loạn nội tiết, rối loạn giấc ngủ và cơn ngừng thở ở trẻ em.\nBéo phì được định nghĩa là tình trạng tích tụ mỡ bất thường và quá mức tại các mô mỡ và các tổ chức khác dẫn đến các biến chứng có hại cho sức khỏe.\nCó nhiều tiêu chuẩn đánh giá béo phì ở trẻ em, phổ biến là phương pháp đánh giá z-score của chỉ số khối cơ thể (BMI) theo tuổi và giới.\nBMI = Cân nặng (kg)/ Chiều cao (m) x Chiều cao (m)\nCông thức trên được áp dụng khi trẻ từ 2 tuổi trở lên\nTrẻ 2-5 tuổi: thừa cân khi z-score BMI ≥ 2SD và béo phì khi ≥ 3SD\nTrẻ 5-18t: thừa cân khi z-score BMI ≥ 1SD và béo phì khi ≥ 2SD\nBMI là một trong những tiêu chuẩn đánh giá béo phì ở trẻ em \nDo mất cân bằng năng lượng: Tăng lượng thu vào nhiều hơn nhu cầu của cơ thể hoặc/và giảm lượng tiêu hao trong thời gian dài làm tăng tích tụ mỡ trong cơ thể đặc biệt là ở bụng, mông, đùi và vai.\nDạng béo phì đơn thuần thường gặp ở những trẻ béo phì háu ăn, ít hoạt độn', 'BẠO LỰC VÀ XÂM HẠI BỎ MẶC TRẺ EM Bỏ mặc trẻ em có nghĩa là không cung cấp cho trẻ những nhu cầu thiết yếu và sự quan tâm mà trẻ cần để phát triển và khoẻ mạnh. Bỏ mặc trẻ em bao gồm: • không cung cấp đủ thức ăn, quần áo, nơi ở hoặc tình yêu cho trẻ • không cung cấp dịch vụ y tế cho trẻ khi trẻ cần • không đảm bảo cho trẻ được đến trường • không cho trẻ một nơi ở sạch sẽ, an toàn Một đứa trẻ bị bỏ mặc có thể: • có vẻ như không lớn hoặc không phát triển • trông có vẻ mệt mỏi, đói khát, hoặc bẩn thỉu • có vẻ như không quan tâm đến điều gì Một đứa trẻ bị bỏ mặc là một trẻ không được đáp ứng các nhu cầu cơ bản về thể chất và tinh thần. 50', 'SỨC KHOẺ GIÚP TRẺ ĂN TỐT Là cha mẹ, nhiệm vụ của bạn là quyết định: • Chọn thức ăn cho trẻ: Cho trẻ ăn loại thức ăn giàu dinh dưỡng, tốt cho sức khỏe và phù hợp với độ tuổi của trẻ • Số bữa và thời gian ăn trong ngày của trẻ: Phụ thuộc vào độ tuổi của trẻ. Các trẻ nhỏ cần được cho ăn mỗi khi trẻ đói; trẻ lớn hơn thì cần cho ăn uống đúng bữa, đúng giờ, có bữa chính, bữa phụ Cho trẻ ăn thức ăn đa dạng, giàu chất dinh dưỡng, cân đối, ăn đúng bữa, đúng giờ. Đừng ép trẻ ăn. Trẻ sẽ tự quyết định: • Có muốn ăn không. Đừng ép trẻ ăn nếu trẻ không đói. Đừng lo lắng khi có những giai đoạn trẻ ăn rất ít. Nếu cân nặng và chiều cao của trẻ phát triển đều và năng vận động có nghĩa là trẻ đã ăn đủ 9']","Trẻ từ 12 -24 tháng: Cho trẻ ăn 5 bữa một ngày (3 bữa cháo chính và 2
bữa phụ hoa quả, sữa hoặc bánh).","Em đâu đầu về thực đơn một ngày của trẻ quá , cho em hỏi trẻ từ 12-24 tháng tuổi cần ăn bao nhiêu bữa một ngày ạ","['Trẻ từ 9 - 11 tháng: Giai đoạn này có thể cho trẻ ăn 3 - 4 bữa bột đặc một ngày. Ngoài rau củ quả, nên cho trẻ ăn thêm trứng, thịt, cá, hải sản và đặc biệt là dầu hoặc mỡ. Vẫn duy trì cho trẻ bú sữa mẹ hoặc uống sữa công thức hàng ngày.\nThực đơn ăn dặm cho trẻ từ 12 - 23 tháng\nKhi trẻ được 1 tuổi, có thể ăn đa dạng các loại thức ăn và ăn 4 bữa/ngày. Trong một bữa cần cho trẻ ăn đầy đủ tinh bột; trứng hoặc thịt, cá; rau và dầu mỡ.\nThực đơn ăn dặm cho trẻ từ 24 - 36 tháng\nGiai đoạn này trẻ đã có thể ăn cơm với các loại thức ăn như người lớn. Tuy nhiên cần tránh những thức ăn quá cứng và dai, thức ăn có khả năng gây nghẹn, hóc.\nTừ 2 tuổi trở đi, nhiều trẻ đã không còn bú mẹ. Vì thế bữa ăn cần bổ sung đầy đủ các chất dinh dưỡng, đảm bảo cho sự phát triển của trẻ. Ngoài 3 - 4 bữa ăn chính mỗi ngày có thể cho trẻ ăn thêm 1 - 2 bữa phụ.\nCho trẻ ngồi ăn cơm chung với cả gia đình để trẻ học cách ăn uống, gắp đồ ăn và nhai kỹ thức ăn.\nLưu ý: dù ở độ tuổi nào bạn cũng không nên cho trẻ ăn nhiều các loại đồ ăn vặt như bánh, kẹo, bim bim, khoai tây chiên... vì sẽ làm cho trẻ đầy bụng, bỏ bữa.\nTheo Viện Dinh dưỡng Quốc gia, dưới 1 tuổi, thận của trẻ còn yếu, không thể tải quá 1g muối mỗi ngày. K', 'Số bữa ăn dặm trong ngày của trẻ từ 6 tháng - 24 tháng\nCho trẻ ăn dặm mấy bữa mỗi ngày, mỗi bữa ăn dặm cách nhau bao lâu chắc hẳn đều khiến nhiều người mẹ đang có con trong giai đoạn ăn dặm phải đau đầu. Vậy trẻ từ 6 - 24 tháng cần ăn dặm bao nhiêu bữa?\nSữa mẹ là nguồn dinh dưỡng quý giá cho sự phát triển của trẻ trong 2 năm đầu đời, đặc biệt là 6 tháng đầu sau khi sinh. Trẻ dưới 6 tháng tuổi cần được bú sữa mẹ hoàn toàn để có thể hoạt động, khỏe mạnh và phát triển.\nTuy nhiên, từ 6 tháng tuổi, trẻ cần được ăn dặm bổ sung ngoài nguồn sữa mẹ vì lúc này nhu cầu dinh dưỡng của trẻ tăng lên, nếu chỉ cho trẻ bú sữa mẹ hoàn toàn sẽ không đáp ứng đủ nhu cầu của trẻ. Vì vậy, cần quan tâm cho trẻ từ 6 tháng tuổi ăn dặm mấy bữa mỗi ngày để đảm bảo không thiếu hụt dưỡng chất và năng lượng cho trẻ hoạt động và phát triển.\nTrên thực tế, nguồn sữa mẹ vẫn đóng vai trò quan trọng, chiếm hơn 1⁄2 nhu cầu dinh dưỡng hàng ngày của trẻ từ 6 - 12 tháng tuổi và khoảng 1⁄3 khi trẻ từ 12 - 24 tháng tuổi. Do đó, thức ăn dặm bổ sung không phải là nguồn dinh dưỡng thay thế cho sữa mẹ.\nCần quan tâm ăn dặm mấy bữa mỗi ngày, loại thực phẩm và cách chế biến như thế nào là phù hợp với sự phát triển của trẻ trong từ', 'Nguyên nhân và cách điều trị béo phì ở trẻ em\nTình trạng béo phì của trẻ em ngày nay ngày càng gia tăng, việc ăn uống quá mức so với nhu cầu kèm lối sống tĩnh tại, ít vận động thể lực là nguyên nhân và dẫn đến nguy cơ tăng huyết áp, rối loạn mỡ máu, bệnh tim mạch, đái tháo đường type 2, rối loạn nội tiết, rối loạn giấc ngủ và cơn ngừng thở ở trẻ em.\nBéo phì được định nghĩa là tình trạng tích tụ mỡ bất thường và quá mức tại các mô mỡ và các tổ chức khác dẫn đến các biến chứng có hại cho sức khỏe.\nCó nhiều tiêu chuẩn đánh giá béo phì ở trẻ em, phổ biến là phương pháp đánh giá z-score của chỉ số khối cơ thể (BMI) theo tuổi và giới.\nBMI = Cân nặng (kg)/ Chiều cao (m) x Chiều cao (m)\nCông thức trên được áp dụng khi trẻ từ 2 tuổi trở lên\nTrẻ 2-5 tuổi: thừa cân khi z-score BMI ≥ 2SD và béo phì khi ≥ 3SD\nTrẻ 5-18t: thừa cân khi z-score BMI ≥ 1SD và béo phì khi ≥ 2SD\nBMI là một trong những tiêu chuẩn đánh giá béo phì ở trẻ em \nDo mất cân bằng năng lượng: Tăng lượng thu vào nhiều hơn nhu cầu của cơ thể hoặc/và giảm lượng tiêu hao trong thời gian dài làm tăng tích tụ mỡ trong cơ thể đặc biệt là ở bụng, mông, đùi và vai.\nDạng béo phì đơn thuần thường gặp ở những trẻ béo phì háu ăn, ít hoạt độn', 'BẠO LỰC VÀ XÂM HẠI BỎ MẶC TRẺ EM Bỏ mặc trẻ em có nghĩa là không cung cấp cho trẻ những nhu cầu thiết yếu và sự quan tâm mà trẻ cần để phát triển và khoẻ mạnh. Bỏ mặc trẻ em bao gồm: • không cung cấp đủ thức ăn, quần áo, nơi ở hoặc tình yêu cho trẻ • không cung cấp dịch vụ y tế cho trẻ khi trẻ cần • không đảm bảo cho trẻ được đến trường • không cho trẻ một nơi ở sạch sẽ, an toàn Một đứa trẻ bị bỏ mặc có thể: • có vẻ như không lớn hoặc không phát triển • trông có vẻ mệt mỏi, đói khát, hoặc bẩn thỉu • có vẻ như không quan tâm đến điều gì Một đứa trẻ bị bỏ mặc là một trẻ không được đáp ứng các nhu cầu cơ bản về thể chất và tinh thần. 50', 'SỨC KHOẺ GIÚP TRẺ ĂN TỐT Là cha mẹ, nhiệm vụ của bạn là quyết định: • Chọn thức ăn cho trẻ: Cho trẻ ăn loại thức ăn giàu dinh dưỡng, tốt cho sức khỏe và phù hợp với độ tuổi của trẻ • Số bữa và thời gian ăn trong ngày của trẻ: Phụ thuộc vào độ tuổi của trẻ. Các trẻ nhỏ cần được cho ăn mỗi khi trẻ đói; trẻ lớn hơn thì cần cho ăn uống đúng bữa, đúng giờ, có bữa chính, bữa phụ Cho trẻ ăn thức ăn đa dạng, giàu chất dinh dưỡng, cân đối, ăn đúng bữa, đúng giờ. Đừng ép trẻ ăn. Trẻ sẽ tự quyết định: • Có muốn ăn không. Đừng ép trẻ ăn nếu trẻ không đói. Đừng lo lắng khi có những giai đoạn trẻ ăn rất ít. Nếu cân nặng và chiều cao của trẻ phát triển đều và năng vận động có nghĩa là trẻ đã ăn đủ 9']","Mẹ ơi, chúc mừng mẹ có bé khỏe mạnh! Giai đoạn này mẹ cần chú ý chăm sóc rốn và tử cung.

Về câu hỏi của mẹ, trẻ từ 12-24 tháng tuổi cần ăn 3-4 bữa một ngày. Mỗi bữa cần có đầy đủ tinh bột, trứng hoặc thịt, cá, rau và dầu mỡ. Mẹ có thể cho trẻ ăn cơm với các loại thức ăn như người lớn, nhưng cần tránh những thức ăn quá cứng và dai, thức ăn có khả năng gây nghẹn, hóc.

Mẹ cũng cần lưu ý rằng trẻ dưới 1 tuổi, thận của trẻ còn yếu, không thể tải quá 1g muối mỗi ngày. Không nêm thêm các loại gia vị mặn vào thức ăn của trẻ. Bản thân thực phẩm đã cung cấp đủ nhu cầu của trẻ.

Từ 1 tuổi trở lên, có thể nêm một chút muối hoặc mắm, chú ý nên nêm nhạt. Tốt nhất là tập cho trẻ ăn nhạt từ nhỏ để đảm bảo sức khỏe sau này.

Mẹ có thể tham khảo thực đơn ăn dặm cho trẻ từ 12-24 tháng tuổi như sau:

- Bữa sáng: Cháo trứng, rau xanh
- Bữa trưa: Cơm thịt, rau xanh
- Bữa chiều: Cháo cá, rau xanh
- Bữa tối: Cơm gà, rau xanh

Mẹ cần cho trẻ ăn đa dạng, giàu chất dinh dưỡng, cân đối, ăn đúng bữa, đúng giờ. Đừng ép trẻ ăn. Trẻ sẽ tự quyết định có muốn ăn không.","Trẻ từ 12 -24 tháng: Cho trẻ ăn 5 bữa một ngày (3 bữa cháo chính và 2
bữa phụ hoa quả, sữa hoặc bánh).",0.0,0.4499999999775,0.6978497579163585,0.7058823529411765
"Em sợ tiêm phòng vì bé khóc, nhưng lợi ích của việc tiêm chủng vắc xin đầy đủ cho trẻ là gì để em động viên mình","Chào mẹ, tôi hiểu mối quan ngại của mẹ về việc tiêm phòng cho bé. Tuy nhiên, lợi ích của việc tiêm chủng vắc xin đầy đủ cho trẻ là rất lớn. Tiêm chủng giúp bảo vệ trẻ khỏi các bệnh truyền nhiễm nguy hiểm, giảm thiểu tỷ lệ tử vong và giảm thiểu số lượng trẻ bị bệnh.

Theo tài liệu, vắc-xin MMR (sởi, quai bị và rubella) có hiệu quả khoảng 88% sau hai liều. Điều này có nghĩa là nếu mẹ tiêm chủng đầy đủ cho bé, khả năng bé bị bệnh sởi, quai bị và rubella sẽ giảm xuống còn 12%. Ngoài ra, tiêm chủng cũng giúp giảm thiểu số lượng trẻ bị bệnh và giảm thiểu tỷ lệ tử vong.

Mẹ cũng cần biết rằng, tiêm chủng không chỉ giúp bảo vệ bé mà còn giúp bảo vệ cộng đồng. Khi một người được tiêm chủng, họ sẽ không lây truyền bệnh cho người khác, giúp giảm thiểu số lượng bệnh tật trong cộng đồng.

Vì vậy, mẹ không nên sợ tiêm phòng cho bé. Thay vào đó, mẹ nên động viên mình tiêm chủng đầy đủ cho bé để bảo vệ sức khỏe và sự an toàn của bé.

Về tình trạng rốn bé sưng đỏ, mẹ có thể sử dụng cồn 90 độ lau nhẹ nhàng. Tuy nhiên, mẹ cần lưu ý rằng, nếu tình trạng rốn không cải thiện sau khi sử dụng cồn, mẹ nên đưa bé đến bệnh viện để được kiểm tra và điều trị.

Về tình trạng nứt ti ta đau khi cho con bú, mẹ có thể sử dụng thuốc giảm đau nhẹ nhàng. Tuy nhiên, mẹ cần lưu ý rằng, nếu tình trạng nứt ti ta không cải thiện sau khi sử dụng thuốc, mẹ nên đưa bé đến bệnh viện để được kiểm tra và điều trị.

Về tình trạng tưa miệng trắng ở lưỡi của bé, mẹ không cần phải lo lắng. Tưa miệng trắng ở lưỡi là một tình trạng phổ biến ở trẻ sơ sinh và thường tự khỏi sau một thời gian. Mẹ có thể sử dụng thuốc giảm đau nhẹ nhàng để giúp bé cảm thấy thoải mái hơn.

Hy vọng thông tin trên sẽ giúp mẹ yên tâm hơn về sức khỏe của bé. Nếu mẹ có bất kỳ câu hỏi nào khác, hãy cho tôi biết!

 *Lưu ý: Mẹ nên đưa bé đến cơ sở y tế để được thăm khám trực tiếp.*","['Chủ đề: Disease. Tiêu đề: Cách phòng ngừa quai bị. Từ khoá: Quai bị. Câu hỏi: Ai không nên tiêm vắc-xin MMR?. Trả lời: Những người có hệ thống miễn dịch suy giảm, bị dị ứng với gelatin hoặc neomycin, phụ nữ đang mang thai thì không nên tiêm vắc-xin MMR.. Ngữ cảnh: Tiêm phòng có thể ngăn ngừa bệnh quai bị. Có tới một phần ba số người bị nhiễm bệnh không biểu hiện triệu chứng, nhưng có thể lây truyền bệnh. Việc chế tạo vắc-xin quai bị thành công vào năm 1967 đã giúp giảm 99,8% các trường hợp được ghi nhận ở Hoa Kỳ vào năm 2001. Hầu hết trẻ sơ sinh và trẻ nhỏ đều được chủng ngừa sởi, quai bị và rubella (MMR) cùng một lúc. Mũi tiêm MMR đầu tiên thường được thực hiện trong độ tuổi từ 12 đến 15 tháng khi khám sức khỏe định kỳ cho trẻ. Tiêm phòng lần thứ hai rất cần thiết cho trẻ em trong độ tuổi đi học từ 4 đến 6 tuổi. Với hai liều, vắc-xin MMR có hiệu quả khoảng 88%. Tỷ lệ hiệu quả của một liều là khoảng 78%.5 Người lớn tuổi và chưa mắc bệnh quai bị cũng cần được tiêm phòng. Những người làm việc trong môi trường có nguy cơ cao cũng nên tiêm vắc-xin phòng bệnh. Tuy nhiên, những người có hệ thống miễn dịch suy giảm, bị dị ứng với gelatin hoặc neomycin, phụ nữ đang mang thai thì không nên ', 'Chủ đề: Drug. Tiêu đề: Tác dụng Augtipha. Từ khoá: Augtipha. Câu hỏi: Augtipha là thuốc gì?. Trả lời: Augtipha là thuốc có tác dụng điều trị trong thời gian ngắn.. Ngữ cảnh: Thuốc Augtipha có tác dụng điều trị trong thời gian ngắn ở những trường hợp sau:3 - Nhiễm khuẩn nặng tại đường hô hấp trên với những bệnh cụ thể như: viêm amidan, viêm tai giữa, viêm xoang. Những trường hợp này đã được điều trị bằng các kháng sinh thường khác nhưng không thuyên giảm.\n- Nhiễm khuẩn đường hô hấp dưới bởi các chủng vi khuẩn như: H. influenzae và Branhamella catarrhalis sản sinh enzym beta-lactamase với những bệnh cụ thể như: viêm phổi – phế quản, viêm phế quản cấp và mãn tính.\n- Nhiễm khuẩn nặng đường sinh dục – tiết niệu với nguyên nhân do chủng E. coli, Klebsiella và Enterobacter với những vấn đề như: viêm niệu đạo, viêm bàng quang, viêm bể thận (nhiễm khuẩn đường sinh dục nữ).\n- Nhiễm khuẩn ở da và mô mềm: áp xe, mụn nhọt, nhiễm khuẩn vết thương.\n- Nhiễm khuẩn ở khớp và xương: viêm tủy xương.\n- Nhiễm khuẩn nha khoa: áp xe tại ổ răng.\n- Nhiễm khuẩn khác như ổ bụng, sản phụ khoa.', 'Chủ đề: Disease. Tiêu đề: Cách phòng ngừa viêm tai giữa có mủ. Từ khoá: Viêm tai giữa có mủ. Câu hỏi: Triệu chứng nào là đặc hiệu nhất của bệnh viêm tai giữa có mủ?. Trả lời: Triệu chứng đặc hiệu nhất của viêm tai giữa có mủ là tình trạng chảy mủ tai, thường xuất hiện ở giai đoạn trễ của viêm tai giữa cấp tính và có thể kéo dài ở viêm tai giữa mạn tính.. Ngữ cảnh: Chúng ta có thể phòng tránh viêm tai giữa có mủ bằng những cách sau:1 - Cần điều trị dứt điểm các bệnh lý về tai mũi họng như: bệnh viêm mũi xoang, viêm VA, …\n- Tránh để trẻ nhỏ tiếp xúc trực tiếp với những người bị mắc các bệnh truyền nhiễm.\n- Đeo khẩu trang cho trẻ khi đến những nơi công cộng, hay nơi có tiếp xúc nhiều người như bệnh viện, bến xe,…\n- Rửa tay sạch sẽ sau khi đi vệ sinh, cũng như trước và sau khi ăn nhằm hạn chế tình trạng vô tình đưa vi khuẩn vào cơ thể.\n- Bổ sung đầy đủ các loại vitamin, khoáng chất nhằm tăng cường hệ miễn dịch và nâng cao thể trạng cho trẻ.\n- Không nên cho trẻ cai sữa mẹ quá sớm trước 12 tháng.\n- Thực hiện tiêm chủng vắc-xin theo lịch để phòng các bệnh thường gặp như cúm, phế cầu…\n- Khi đã bị viêm tai giữa cấp tính, cần tuân thủ phác đồ điều trị của bác sĩ Tai Mũi Họng, điều trị đầy đủ', 'Trẻ dưới 2 tuổi có nên tẩy giun không?\nHỏi\nBé em được 11 tháng tuổi, cận nặng 8,8kg, hiện bé mới đi tiêu và có ra giun kim, em muốn hỏi xem hiện nay bé đã xổ giun được chưa và nếu được thì sử dụng thuốc loại gì, liều dùng ra sao. Em cảm ơn\nTrần Bảo Ngọc\nTrả lời\nĐối với trẻ em, chỉ nên bắt đầu tẩy giun định kỳ khi trẻ được 2 tuổi trở lên. Trong trường hợp trẻ dưới 2 tuổi, nếu phát hiện hoặc nghi ngờ nhiễm giun sán thì nên đưa trẻ đi khám và làm xét nghiệm tầm soát, đến khi đã có bằng chứng chính xác của việc nhiễm giun sán thì trẻ sẽ được điều trị theo sự hướng dẫn của bác sĩ. Trẻ cần bắt đầu tẩy giun định kỳ mỗi 6 tháng một lần.\nBác sĩ nội trú Dương Văn Sỹ - Bác sĩ Nội trú Nhi, Khoa Nhi - Sơ sinh - Bệnh viện Đa khoa Quốc tế Vinmec Hải Phòng', 'Câu hỏi: Viêm màng não ở trẻ nhỏ?. Trả lời: Viêm màng não cấp do vi khuẩn đặc biệt nghiêm trọng và tiến triển nhanh. Viêm màng não do virus và viêm màng não không nhiễm trùng thường tự giới hạn. Viêm màng não bán cấp và mãn tính thường tiến triển chậm hơn các viêm màng não khác, nhưng việc xác định nguyên nhân có thể khó khăn.\nỞ thanh thiếu niên và người lớn, các triệu chứng chính là đau đầu, sốt và cứng cổ. Trẻ nhỏ có thể có các triệu chứng giống cúm hoặc cực kỳ khó chịu. Viêm màng não do vi-rút thường nhẹ, nhưng viêm màng não do vi khuẩn nghiêm trọng hơn và gây ra hậu quả nghiêm trọng nếu không được điều trị kịp thời..']","Giúp phòng ngừa các bệnh nguy hiểm như Lao, Bạch hầu, Ho gà, Uốn ván, Bại liệt, viêm gan B, viêm não Nhật Bản,…","Em sợ tiêm phòng vì bé khóc, nhưng lợi ích của việc tiêm chủng vắc xin đầy đủ cho trẻ là gì để em động viên mình","['Chủ đề: Disease. Tiêu đề: Cách phòng ngừa quai bị. Từ khoá: Quai bị. Câu hỏi: Ai không nên tiêm vắc-xin MMR?. Trả lời: Những người có hệ thống miễn dịch suy giảm, bị dị ứng với gelatin hoặc neomycin, phụ nữ đang mang thai thì không nên tiêm vắc-xin MMR.. Ngữ cảnh: Tiêm phòng có thể ngăn ngừa bệnh quai bị. Có tới một phần ba số người bị nhiễm bệnh không biểu hiện triệu chứng, nhưng có thể lây truyền bệnh. Việc chế tạo vắc-xin quai bị thành công vào năm 1967 đã giúp giảm 99,8% các trường hợp được ghi nhận ở Hoa Kỳ vào năm 2001. Hầu hết trẻ sơ sinh và trẻ nhỏ đều được chủng ngừa sởi, quai bị và rubella (MMR) cùng một lúc. Mũi tiêm MMR đầu tiên thường được thực hiện trong độ tuổi từ 12 đến 15 tháng khi khám sức khỏe định kỳ cho trẻ. Tiêm phòng lần thứ hai rất cần thiết cho trẻ em trong độ tuổi đi học từ 4 đến 6 tuổi. Với hai liều, vắc-xin MMR có hiệu quả khoảng 88%. Tỷ lệ hiệu quả của một liều là khoảng 78%.5 Người lớn tuổi và chưa mắc bệnh quai bị cũng cần được tiêm phòng. Những người làm việc trong môi trường có nguy cơ cao cũng nên tiêm vắc-xin phòng bệnh. Tuy nhiên, những người có hệ thống miễn dịch suy giảm, bị dị ứng với gelatin hoặc neomycin, phụ nữ đang mang thai thì không nên ', 'Chủ đề: Drug. Tiêu đề: Tác dụng Augtipha. Từ khoá: Augtipha. Câu hỏi: Augtipha là thuốc gì?. Trả lời: Augtipha là thuốc có tác dụng điều trị trong thời gian ngắn.. Ngữ cảnh: Thuốc Augtipha có tác dụng điều trị trong thời gian ngắn ở những trường hợp sau:3 - Nhiễm khuẩn nặng tại đường hô hấp trên với những bệnh cụ thể như: viêm amidan, viêm tai giữa, viêm xoang. Những trường hợp này đã được điều trị bằng các kháng sinh thường khác nhưng không thuyên giảm.\n- Nhiễm khuẩn đường hô hấp dưới bởi các chủng vi khuẩn như: H. influenzae và Branhamella catarrhalis sản sinh enzym beta-lactamase với những bệnh cụ thể như: viêm phổi – phế quản, viêm phế quản cấp và mãn tính.\n- Nhiễm khuẩn nặng đường sinh dục – tiết niệu với nguyên nhân do chủng E. coli, Klebsiella và Enterobacter với những vấn đề như: viêm niệu đạo, viêm bàng quang, viêm bể thận (nhiễm khuẩn đường sinh dục nữ).\n- Nhiễm khuẩn ở da và mô mềm: áp xe, mụn nhọt, nhiễm khuẩn vết thương.\n- Nhiễm khuẩn ở khớp và xương: viêm tủy xương.\n- Nhiễm khuẩn nha khoa: áp xe tại ổ răng.\n- Nhiễm khuẩn khác như ổ bụng, sản phụ khoa.', 'Chủ đề: Disease. Tiêu đề: Cách phòng ngừa viêm tai giữa có mủ. Từ khoá: Viêm tai giữa có mủ. Câu hỏi: Triệu chứng nào là đặc hiệu nhất của bệnh viêm tai giữa có mủ?. Trả lời: Triệu chứng đặc hiệu nhất của viêm tai giữa có mủ là tình trạng chảy mủ tai, thường xuất hiện ở giai đoạn trễ của viêm tai giữa cấp tính và có thể kéo dài ở viêm tai giữa mạn tính.. Ngữ cảnh: Chúng ta có thể phòng tránh viêm tai giữa có mủ bằng những cách sau:1 - Cần điều trị dứt điểm các bệnh lý về tai mũi họng như: bệnh viêm mũi xoang, viêm VA, …\n- Tránh để trẻ nhỏ tiếp xúc trực tiếp với những người bị mắc các bệnh truyền nhiễm.\n- Đeo khẩu trang cho trẻ khi đến những nơi công cộng, hay nơi có tiếp xúc nhiều người như bệnh viện, bến xe,…\n- Rửa tay sạch sẽ sau khi đi vệ sinh, cũng như trước và sau khi ăn nhằm hạn chế tình trạng vô tình đưa vi khuẩn vào cơ thể.\n- Bổ sung đầy đủ các loại vitamin, khoáng chất nhằm tăng cường hệ miễn dịch và nâng cao thể trạng cho trẻ.\n- Không nên cho trẻ cai sữa mẹ quá sớm trước 12 tháng.\n- Thực hiện tiêm chủng vắc-xin theo lịch để phòng các bệnh thường gặp như cúm, phế cầu…\n- Khi đã bị viêm tai giữa cấp tính, cần tuân thủ phác đồ điều trị của bác sĩ Tai Mũi Họng, điều trị đầy đủ', 'Trẻ dưới 2 tuổi có nên tẩy giun không?\nHỏi\nBé em được 11 tháng tuổi, cận nặng 8,8kg, hiện bé mới đi tiêu và có ra giun kim, em muốn hỏi xem hiện nay bé đã xổ giun được chưa và nếu được thì sử dụng thuốc loại gì, liều dùng ra sao. Em cảm ơn\nTrần Bảo Ngọc\nTrả lời\nĐối với trẻ em, chỉ nên bắt đầu tẩy giun định kỳ khi trẻ được 2 tuổi trở lên. Trong trường hợp trẻ dưới 2 tuổi, nếu phát hiện hoặc nghi ngờ nhiễm giun sán thì nên đưa trẻ đi khám và làm xét nghiệm tầm soát, đến khi đã có bằng chứng chính xác của việc nhiễm giun sán thì trẻ sẽ được điều trị theo sự hướng dẫn của bác sĩ. Trẻ cần bắt đầu tẩy giun định kỳ mỗi 6 tháng một lần.\nBác sĩ nội trú Dương Văn Sỹ - Bác sĩ Nội trú Nhi, Khoa Nhi - Sơ sinh - Bệnh viện Đa khoa Quốc tế Vinmec Hải Phòng', 'Câu hỏi: Viêm màng não ở trẻ nhỏ?. Trả lời: Viêm màng não cấp do vi khuẩn đặc biệt nghiêm trọng và tiến triển nhanh. Viêm màng não do virus và viêm màng não không nhiễm trùng thường tự giới hạn. Viêm màng não bán cấp và mãn tính thường tiến triển chậm hơn các viêm màng não khác, nhưng việc xác định nguyên nhân có thể khó khăn.\nỞ thanh thiếu niên và người lớn, các triệu chứng chính là đau đầu, sốt và cứng cổ. Trẻ nhỏ có thể có các triệu chứng giống cúm hoặc cực kỳ khó chịu. Viêm màng não do vi-rút thường nhẹ, nhưng viêm màng não do vi khuẩn nghiêm trọng hơn và gây ra hậu quả nghiêm trọng nếu không được điều trị kịp thời..']","Chào mẹ, tôi hiểu mối quan ngại của mẹ về việc tiêm phòng cho bé. Tuy nhiên, lợi ích của việc tiêm chủng vắc xin đầy đủ cho trẻ là rất lớn. Tiêm chủng giúp bảo vệ trẻ khỏi các bệnh truyền nhiễm nguy hiểm, giảm thiểu tỷ lệ tử vong và giảm thiểu số lượng trẻ bị bệnh.

Theo tài liệu, vắc-xin MMR (sởi, quai bị và rubella) có hiệu quả khoảng 88% sau hai liều. Điều này có nghĩa là nếu mẹ tiêm chủng đầy đủ cho bé, khả năng bé bị bệnh sởi, quai bị và rubella sẽ giảm xuống còn 12%. Ngoài ra, tiêm chủng cũng giúp giảm thiểu số lượng trẻ bị bệnh và giảm thiểu tỷ lệ tử vong.

Mẹ cũng cần biết rằng, tiêm chủng không chỉ giúp bảo vệ bé mà còn giúp bảo vệ cộng đồng. Khi một người được tiêm chủng, họ sẽ không lây truyền bệnh cho người khác, giúp giảm thiểu số lượng bệnh tật trong cộng đồng.

Vì vậy, mẹ không nên sợ tiêm phòng cho bé. Thay vào đó, mẹ nên động viên mình tiêm chủng đầy đủ cho bé để bảo vệ sức khỏe và sự an toàn của bé.

Về tình trạng rốn bé sưng đỏ, mẹ có thể sử dụng cồn 90 độ lau nhẹ nhàng. Tuy nhiên, mẹ cần lưu ý rằng, nếu tình trạng rốn không cải thiện sau khi sử dụng cồn, mẹ nên đưa bé đến bệnh viện để được kiểm tra và điều trị.

Về tình trạng nứt ti ta đau khi cho con bú, mẹ có thể sử dụng thuốc giảm đau nhẹ nhàng. Tuy nhiên, mẹ cần lưu ý rằng, nếu tình trạng nứt ti ta không cải thiện sau khi sử dụng thuốc, mẹ nên đưa bé đến bệnh viện để được kiểm tra và điều trị.

Về tình trạng tưa miệng trắng ở lưỡi của bé, mẹ không cần phải lo lắng. Tưa miệng trắng ở lưỡi là một tình trạng phổ biến ở trẻ sơ sinh và thường tự khỏi sau một thời gian. Mẹ có thể sử dụng thuốc giảm đau nhẹ nhàng để giúp bé cảm thấy thoải mái hơn.

Hy vọng thông tin trên sẽ giúp mẹ yên tâm hơn về sức khỏe của bé. Nếu mẹ có bất kỳ câu hỏi nào khác, hãy cho tôi biết!

 *Lưu ý: Mẹ nên đưa bé đến cơ sở y tế để được thăm khám trực tiếp.*","Giúp phòng ngừa các bệnh nguy hiểm như Lao, Bạch hầu, Ho gà, Uốn ván, Bại liệt, viêm gan B, viêm não Nhật Bản,…",1.0,0.8333333332916666,0.7639869779256839,0.5882352941176471
" Em đang định pha nước chanh đường cho con vì bé ghét Oresol, khi trẻ bị tiêu chảy tại nhà, mẹ cần cho trẻ uống nước gì ạ","Mẹ ạ, tôi hiểu rằng bạn đang lo lắng về tình trạng tiêu chảy của bé. Tuy nhiên, theo khuyến cáo của các tổ chức y tế, trẻ dưới 6 tháng tuổi không cần uống nước ngoài sữa mẹ. Sữa mẹ đã cung cấp đủ nước và chất điện giải cho bé.

Nếu bé bị tiêu chảy, mẹ có thể cho bé bú liên tục để giúp bé bù lại nước và chất điện giải. Nếu bé không muốn bú, mẹ có thể thử cho bé uống sữa mẹ đã được đun sôi để nguội.

Nếu bé vẫn không muốn uống sữa mẹ, mẹ có thể tự làm Oresol (nước điện giải) theo công thức trong tài liệu. Tuy nhiên, cần lưu ý rằng Oresol không phải là nước chanh đường, mà là một loại nước điện giải được pha chế từ nước đun sôi để nguội, đường và muối.

Về việc pha nước chanh đường, tôi không khuyến cáo mẹ nên làm điều này cho bé. Chanh và đường có thể không phù hợp với hệ tiêu hóa của bé, và có thể gây ra các vấn đề như tiêu chảy, nôn mửa hoặc đau bụng.

Nếu bé vẫn bị tiêu chảy và không muốn uống sữa mẹ hoặc Oresol, mẹ nên đưa bé đến cơ sở y tế để được tư vấn và điều trị.","['NHỮNG VẤN ĐỀ PHỔ BIẾN TIÊU CHẢY Trẻ bị tiêu chảy là khi trẻ đi đại tiện (đi ngoài) nhiều lần hơn bình thường (khoảng 3 lần trở lên trong vòng 24 giờ), phân rất lỏng và loãng. Bệnh sẽ trầm trọng hơn khi đi kèm với việc trẻ bị nôn mửa, sốt hoặc trong phân có máu. CẦN PHẢI LÀM GÌ Khi trẻ bị tiêu chảy, trẻ cần được bù lại phần nước đã mất. Đối với em bé • Gọi trợ giúp y tế hoặc đưa bé đến cơ sở y tế nếu bé dưới 6 tháng tuổi. • Cho bé bú liên tục. Cho bú là cách tốt nhất để bù nước cho bé. Bạn có thể ngăn chặn tiêu chảy lây lan bằng cách rửa tay sạch sau khi chăm sóc trẻ hoặc thay tã cho trẻ 28', 'Tại sao chúng ta không cần cho trẻ sơ sinh dưới 6 tháng tuổi uống nước?\nNhiều gia đình có thói quen cho bé uống thêm nước khi bú, hoặc bổ sung nước cho bé sau các cữ bú để bé đỡ khát hoặc để tráng miệng cho bé. Điều này nghe có vẻ hợp lý, nhưng sự thật đây là điều không tốt cho bé sơ sinh dưới 6 tháng tuổi.\nCho trẻ sơ sinh uống nước khiến bé có nguy cơ bị tiêu chảy và suy dinh dưỡng\nNguồn nước có thể không sạch và khiến bé bị nhiễm trùng.\nBên cạnh đó, dạ dày của trẻ sơ sinh có dung tích nhỏ, việc cho bé uống thêm nước sẽ làm cho bé bị no và bú mẹ ít đi, hoặc ngưng bú sữa mẹ, từ đó bé kém hấp thu chất dinh dưỡng dẫn đến tình trạng suy dinh dưỡng. Cho bé uống thêm nước sau mỗi cử bú dễ khiến bé bị ọc hay bị sặc. Mặt khác, nếu các bà mẹ cho con uống nước thay vì bú cũng sẽ khiến mẹ dần ít sữa trong tương lai.\nSữa mẹ có hơn 80% là nước:\nSữa mẹ chứa hơn 80% là nước, đặc biệt là sữa đầu dòng (sữa đầu mỗi cử bú). Do đó, bất cứ khi nào người mẹ cảm thấy con mình khát, mẹ có thể cho con bú. Điều này sẽ thỏa mãn “cơn khát” của bé và tiếp tục bảo vệ bé khỏi nguy cơ nhiễm trùng. Bé không cần nước trước khi được 6 tháng tuổi, ngay cả trong điều kiện khí hậu nóng. Đây cũng là một trong những lý ', 'NHỮNG VẤN ĐỀ PHỔ BIẾN Đối với trẻ lớn hơn • Cho trẻ bú liên tục • Khuyến khích trẻ uống càng nhiều nước bù điện giải (Oresol) càng tốt • Cho trẻ ăn đơn giản, dễ tiêu, có thể là thức ăn lỏng • Không cho trẻ uống nước hoa quả, các món tráng miệng ngọt hoặc bất cứ đồ ăn đồ uống ngọt cho đến khi ngừng tiêu chảy. Bạn có thể tự làm Oresol (nước điện giải). Trộn đều với nước đun sôi để nguội: 1 lít nước(4 cốc) • Đường: 20 ml (4 thìa cà phê) • Muối: 2 ml (1/2 thìa cà phê) Gọi trợ giúp y tế nếu trẻ: • Bị tiêu chảy kéo dài hơn 24 giờ • Bị tiêu chảy và nôn • Bị tiêu chảy có phân màu đen hoặc có máu trong phân và bị sốt trên 38.5°C • Rất uể oải và từ chối ăn hoặc uống • Có các dấu hiệu cơ thể bị mất nước như: o Mắt bị trũng o Da hoặc miệng khô o Ít đi tiểu hoặc nước tiểu có màu vàng đậm 29', 'Một đứa trẻ được coi là bú mẹ hoàn toàn khi chỉ nhận được sữa mẹ, không có bất kỳ thức ăn hoặc chất lỏng bổ sung nào, ngay cả nước; ngoại trừ khi trẻ cần dùng thuốc, dung dịch bù nước đường uống, thuốc nhỏ, xi-rô vitamin, khoáng chất theo chỉ định của bác sĩ.\nKhi cho con bú nghĩa là mẹ đã cho bé uống tất cả nước mà bé cần, đồng thời cung cấp nước an toàn và bảo vệ bé chống lại bệnh tiêu chảy.\nCho trẻ uống nước với số lượng lớn thậm chí có thể dẫn đến ngộ độc nước uống, đó là tình trạng các chất điện giải (như natri) trong máu của em bé bị pha loãng, ức chế các chức năng cơ thể bình thường và dẫn đến các vấn đề nguy hiểm như nhiệt độ cơ thể thấp hoặc co giật .Vì trẻ dưới 6 tháng tuổi có khối lượng cơ thể thấp, việc uống nước rất dễ khiến vượt nhu cầu Natri bình thường của cơ thể - những khoáng chất và chất điện giải này đã có đủ trong sữa mẹ khi mẹ cho bé bú.\nKhi nào có thể cho bé uống thêm nước?\nCác tổ chức Y tế trên thế giới khuyên mẹ nên đợi đến khi bé bắt đầu ăn dặm. Tại thời điểm đó, mẹ có thể cung cấp một lượng nhỏ nước đun sôi để nguội nhưng không thay thế sữa mẹ. Bé vẫn nên được cho bú mẹ tiếp tục và kéo dài về sau mà theo khuyến cáo của WHO là nên kéo dài đến 24 tháng để tr', 'Lưu ý: Trẻ sơ sinh dễ nôn trớ khi ăn no do cơ thắt tâm vị đóng chưa tốt. Trẻ đẻ non hay bị sặc, tím tái khi ăn do chưa có sự phối hợp tốt 3 phản xạ thở, bú và nuốt. Vì vậy không ép trẻ bú nhiều. Cho trẻ ăn ít một, đổ thìa. Sau khi trẻ ăn no, không đặt trẻ nằm ngay, đỡ trẻ ở tư thế đầu cao, mặt\xa0 nghiêng sang một bên, vỗ ợ hơi.\n\xa0– Chăm sóc da:Tắm cho trẻ hàng ngày bằng nước ấm 370C\nPhòng tránh hăm cho trẻ: Da trẻ sơ sinh mỏng, dễ bị tổn thương, hăm, đỏ. Vì vậy không để da trẻ tiếp xúc lâu với tã ẩm, ướt, nên thay tã thường xuyên cho trẻ, khi trẻ bị hăm cần bôi thuốc theo hướng dẫn của thầy thuốc.\n– Chăm sóc rốn:Vệ sinh rốn cho trẻ hàng ngày đến khi rốn rụng và khô bằng cồn 70° và bông vô khuẩn, không nên bôi bất cứ thứ thuốc mỡ hay thuốc bột gì vào rốn trẻ\nCần đưa trẻ đến khám khi có một trong các triệu chứng sau:\nRốn có mùi hôi hoặc rỉ nước vàng hoặc rỉ máu.\nRốn có nang, rỉ nước.\nDa quanh rốn sưng tấy đỏ.\nRốn chậm rụng sau 3 tuần.\nVệ sinh mắt cho trẻ, theo dõi xem mắt có sưng đỏ, có nhử, mủ không?\nVệ sinh miệng cho trẻ thường xuyên bằng nước đun sôi để nguội hoặc nước muối sinh lý .\n\xa0Các theo dõi khác:\nTiêm chủng đúng lịch.\nTheo dõi sự phát triển về tinh thần, vận động của trẻ theo ']","Cho trẻ bú nhiều hơn và lâu hơn. Cho trẻ uống Ô-rê-zôn, nước cháo, nước cơm hoặc nước ép quả tươi."," Em đang định pha nước chanh đường cho con vì bé ghét Oresol, khi trẻ bị tiêu chảy tại nhà, mẹ cần cho trẻ uống nước gì ạ","['NHỮNG VẤN ĐỀ PHỔ BIẾN TIÊU CHẢY Trẻ bị tiêu chảy là khi trẻ đi đại tiện (đi ngoài) nhiều lần hơn bình thường (khoảng 3 lần trở lên trong vòng 24 giờ), phân rất lỏng và loãng. Bệnh sẽ trầm trọng hơn khi đi kèm với việc trẻ bị nôn mửa, sốt hoặc trong phân có máu. CẦN PHẢI LÀM GÌ Khi trẻ bị tiêu chảy, trẻ cần được bù lại phần nước đã mất. Đối với em bé • Gọi trợ giúp y tế hoặc đưa bé đến cơ sở y tế nếu bé dưới 6 tháng tuổi. • Cho bé bú liên tục. Cho bú là cách tốt nhất để bù nước cho bé. Bạn có thể ngăn chặn tiêu chảy lây lan bằng cách rửa tay sạch sau khi chăm sóc trẻ hoặc thay tã cho trẻ 28', 'Tại sao chúng ta không cần cho trẻ sơ sinh dưới 6 tháng tuổi uống nước?\nNhiều gia đình có thói quen cho bé uống thêm nước khi bú, hoặc bổ sung nước cho bé sau các cữ bú để bé đỡ khát hoặc để tráng miệng cho bé. Điều này nghe có vẻ hợp lý, nhưng sự thật đây là điều không tốt cho bé sơ sinh dưới 6 tháng tuổi.\nCho trẻ sơ sinh uống nước khiến bé có nguy cơ bị tiêu chảy và suy dinh dưỡng\nNguồn nước có thể không sạch và khiến bé bị nhiễm trùng.\nBên cạnh đó, dạ dày của trẻ sơ sinh có dung tích nhỏ, việc cho bé uống thêm nước sẽ làm cho bé bị no và bú mẹ ít đi, hoặc ngưng bú sữa mẹ, từ đó bé kém hấp thu chất dinh dưỡng dẫn đến tình trạng suy dinh dưỡng. Cho bé uống thêm nước sau mỗi cử bú dễ khiến bé bị ọc hay bị sặc. Mặt khác, nếu các bà mẹ cho con uống nước thay vì bú cũng sẽ khiến mẹ dần ít sữa trong tương lai.\nSữa mẹ có hơn 80% là nước:\nSữa mẹ chứa hơn 80% là nước, đặc biệt là sữa đầu dòng (sữa đầu mỗi cử bú). Do đó, bất cứ khi nào người mẹ cảm thấy con mình khát, mẹ có thể cho con bú. Điều này sẽ thỏa mãn “cơn khát” của bé và tiếp tục bảo vệ bé khỏi nguy cơ nhiễm trùng. Bé không cần nước trước khi được 6 tháng tuổi, ngay cả trong điều kiện khí hậu nóng. Đây cũng là một trong những lý ', 'NHỮNG VẤN ĐỀ PHỔ BIẾN Đối với trẻ lớn hơn • Cho trẻ bú liên tục • Khuyến khích trẻ uống càng nhiều nước bù điện giải (Oresol) càng tốt • Cho trẻ ăn đơn giản, dễ tiêu, có thể là thức ăn lỏng • Không cho trẻ uống nước hoa quả, các món tráng miệng ngọt hoặc bất cứ đồ ăn đồ uống ngọt cho đến khi ngừng tiêu chảy. Bạn có thể tự làm Oresol (nước điện giải). Trộn đều với nước đun sôi để nguội: 1 lít nước(4 cốc) • Đường: 20 ml (4 thìa cà phê) • Muối: 2 ml (1/2 thìa cà phê) Gọi trợ giúp y tế nếu trẻ: • Bị tiêu chảy kéo dài hơn 24 giờ • Bị tiêu chảy và nôn • Bị tiêu chảy có phân màu đen hoặc có máu trong phân và bị sốt trên 38.5°C • Rất uể oải và từ chối ăn hoặc uống • Có các dấu hiệu cơ thể bị mất nước như: o Mắt bị trũng o Da hoặc miệng khô o Ít đi tiểu hoặc nước tiểu có màu vàng đậm 29', 'Một đứa trẻ được coi là bú mẹ hoàn toàn khi chỉ nhận được sữa mẹ, không có bất kỳ thức ăn hoặc chất lỏng bổ sung nào, ngay cả nước; ngoại trừ khi trẻ cần dùng thuốc, dung dịch bù nước đường uống, thuốc nhỏ, xi-rô vitamin, khoáng chất theo chỉ định của bác sĩ.\nKhi cho con bú nghĩa là mẹ đã cho bé uống tất cả nước mà bé cần, đồng thời cung cấp nước an toàn và bảo vệ bé chống lại bệnh tiêu chảy.\nCho trẻ uống nước với số lượng lớn thậm chí có thể dẫn đến ngộ độc nước uống, đó là tình trạng các chất điện giải (như natri) trong máu của em bé bị pha loãng, ức chế các chức năng cơ thể bình thường và dẫn đến các vấn đề nguy hiểm như nhiệt độ cơ thể thấp hoặc co giật .Vì trẻ dưới 6 tháng tuổi có khối lượng cơ thể thấp, việc uống nước rất dễ khiến vượt nhu cầu Natri bình thường của cơ thể - những khoáng chất và chất điện giải này đã có đủ trong sữa mẹ khi mẹ cho bé bú.\nKhi nào có thể cho bé uống thêm nước?\nCác tổ chức Y tế trên thế giới khuyên mẹ nên đợi đến khi bé bắt đầu ăn dặm. Tại thời điểm đó, mẹ có thể cung cấp một lượng nhỏ nước đun sôi để nguội nhưng không thay thế sữa mẹ. Bé vẫn nên được cho bú mẹ tiếp tục và kéo dài về sau mà theo khuyến cáo của WHO là nên kéo dài đến 24 tháng để tr', 'Lưu ý: Trẻ sơ sinh dễ nôn trớ khi ăn no do cơ thắt tâm vị đóng chưa tốt. Trẻ đẻ non hay bị sặc, tím tái khi ăn do chưa có sự phối hợp tốt 3 phản xạ thở, bú và nuốt. Vì vậy không ép trẻ bú nhiều. Cho trẻ ăn ít một, đổ thìa. Sau khi trẻ ăn no, không đặt trẻ nằm ngay, đỡ trẻ ở tư thế đầu cao, mặt\xa0 nghiêng sang một bên, vỗ ợ hơi.\n\xa0– Chăm sóc da:Tắm cho trẻ hàng ngày bằng nước ấm 370C\nPhòng tránh hăm cho trẻ: Da trẻ sơ sinh mỏng, dễ bị tổn thương, hăm, đỏ. Vì vậy không để da trẻ tiếp xúc lâu với tã ẩm, ướt, nên thay tã thường xuyên cho trẻ, khi trẻ bị hăm cần bôi thuốc theo hướng dẫn của thầy thuốc.\n– Chăm sóc rốn:Vệ sinh rốn cho trẻ hàng ngày đến khi rốn rụng và khô bằng cồn 70° và bông vô khuẩn, không nên bôi bất cứ thứ thuốc mỡ hay thuốc bột gì vào rốn trẻ\nCần đưa trẻ đến khám khi có một trong các triệu chứng sau:\nRốn có mùi hôi hoặc rỉ nước vàng hoặc rỉ máu.\nRốn có nang, rỉ nước.\nDa quanh rốn sưng tấy đỏ.\nRốn chậm rụng sau 3 tuần.\nVệ sinh mắt cho trẻ, theo dõi xem mắt có sưng đỏ, có nhử, mủ không?\nVệ sinh miệng cho trẻ thường xuyên bằng nước đun sôi để nguội hoặc nước muối sinh lý .\n\xa0Các theo dõi khác:\nTiêm chủng đúng lịch.\nTheo dõi sự phát triển về tinh thần, vận động của trẻ theo ']","Mẹ ạ, tôi hiểu rằng bạn đang lo lắng về tình trạng tiêu chảy của bé. Tuy nhiên, theo khuyến cáo của các tổ chức y tế, trẻ dưới 6 tháng tuổi không cần uống nước ngoài sữa mẹ. Sữa mẹ đã cung cấp đủ nước và chất điện giải cho bé.

Nếu bé bị tiêu chảy, mẹ có thể cho bé bú liên tục để giúp bé bù lại nước và chất điện giải. Nếu bé không muốn bú, mẹ có thể thử cho bé uống sữa mẹ đã được đun sôi để nguội.

Nếu bé vẫn không muốn uống sữa mẹ, mẹ có thể tự làm Oresol (nước điện giải) theo công thức trong tài liệu. Tuy nhiên, cần lưu ý rằng Oresol không phải là nước chanh đường, mà là một loại nước điện giải được pha chế từ nước đun sôi để nguội, đường và muối.

Về việc pha nước chanh đường, tôi không khuyến cáo mẹ nên làm điều này cho bé. Chanh và đường có thể không phù hợp với hệ tiêu hóa của bé, và có thể gây ra các vấn đề như tiêu chảy, nôn mửa hoặc đau bụng.

Nếu bé vẫn bị tiêu chảy và không muốn uống sữa mẹ hoặc Oresol, mẹ nên đưa bé đến cơ sở y tế để được tư vấn và điều trị.","Cho trẻ bú nhiều hơn và lâu hơn. Cho trẻ uống Ô-rê-zôn, nước cháo, nước cơm hoặc nước ép quả tươi.",0.0,0.0,0.4129222620619382,0.7272727272727273
"Em thấy con cao 1m20 nhưng hơi gầy, giai đoạn ""Cửa sổ cơ hội"" để phòng chống thấp còi là khi nào để em theo dõi sát?","Cảm ơn mẹ đã tin tưởng MomCare. Giai đoạn ""Cửa sổ cơ hội"" để phòng chống thấp còi là giai đoạn từ 0 đến 2 tuổi, đặc biệt là từ 6 tháng đến 2 tuổi. Đây là giai đoạn trẻ phát triển nhanh chóng và cần được cung cấp đủ dinh dưỡng để hỗ trợ sự phát triển toàn diện.

Để phòng chống thấp còi, mẹ nên:

- Đảm bảo trẻ được bú mẹ hoàn toàn trong 6 tháng đầu, sau đó bổ sung thêm sữa ngoài và các loại thực phẩm giàu dinh dưỡng.
- Cung cấp đủ calo và chất dinh dưỡng cho trẻ thông qua chế độ ăn uống cân đối và đa dạng.
- Đảm bảo trẻ được nghỉ ngơi và ngủ đủ giấc để hỗ trợ quá trình phát triển.
- Theo dõi sát sự phát triển của trẻ, đặc biệt là chiều cao và cân nặng, để có thể phát hiện sớm bất kỳ vấn đề nào.

Nếu mẹ có bất kỳ lo lắng nào về sự phát triển của con, hãy liên hệ với MomCare để được tư vấn và hỗ trợ.","['Trẻ 21 tháng chậm phát triển chiều cao, chân tay ngắn có nguy cơ mắc bệnh lùn không?\nHỏi\nChào bác sĩ ạ! Em muốn hỏi bác sĩ là bé nhà em nay được 21 tháng, chiều cao khoảng 79cm, nặng 12kg. Bé sinh 34 tuần vì mẹ bị bong rau tiền đạo, chảy máu trong phải mổ cấp cứu. Lúc mang bầu em có chọc ối để kiểm tra dị tật cho bé, vì độ mờ da gáy là 3,8 cm và kết quả là bé bình thường, quá trình bé phát triển em thấy bé có vẻ chậm phát triển về chiều cao, tay và chân thì ngắn bác sĩ ạ. Em sợ bé bị bệnh lùn và rất muốn cho bé đi khám. Nếu bị bệnh lùn thì có chữa được không ạ? Có phải do bé bị ngộp ối nên mới ảnh hưởng không ạ hay do đột biến gen? Mong bác sĩ trả lời em với ạ. Cảm ơn bác sĩ!\nTrần Thị Tú Oanh (1987)\nTrả lời\nChào chị! Hiện bác sĩ không rõ giới tính của con chị. Tuy nhiên, dù trai hay gái thì cân nặng và chiều cao của con chị phù hợp tuổi. Chị và gia đình có thể đưa bé đến các sơ sở y tế hoặc chuyên khoa Nhi - Bệnh viện thuộc Hệ thống Y tế Vinmec để được các bác sĩ giàu chuyên môn thăm khám và đưa ra lời khuyên cụ thể nhất trong tình trạng sức khỏe của con.\nCảm ơn chị đã gửi tin tưởng và chia sẻ những lo lắng tới Vinmec. Chúc con chị luôn khỏe mạnh và phát triển tốt.\nĐược giải đáp bở', 'Chủ đề: Disease. Tiêu đề: Dấu hiệu nhận biết ở trẻ - Giai đoạn sau. Từ khoá: Suy giáp bẩm sinh. Câu hỏi: Trẻ em mắc bệnh suy giáp bẩm sinh ở giai đoạn sau sơ sinh thường có đặc điểm gì về thể chất?. Trả lời: Trẻ em mắc bệnh suy giáp bẩm sinh ở giai đoạn sau sơ sinh thường thấp bé, nhẹ cân hơn so với tuổi.. Ngữ cảnh: Trong giai đoạn sau sơ sinh, thể tạng của bé có chiều hướng kém phát triển. Trẻ sẽ thấp bé, nhẹ cân hơn so với tuổi. Về tâm vận, em bé thụ động, không có khả năng tập trung. Trong học hành, bé khó tiếp thu, khó đọc hiểu. Trong sinh hoạt, em bé kém ghi nhớ, thụ động.', 'Câu hỏi: Khi nào thì cha mẹ nên tìm sự giúp đỡ từ những người có chuyên môn thay vì dạy trẻ chậm nói tại nhà?. Trả lời: Theo Viện Hàn lâm Thần kinh học của Mỹ, có 5 dấu hiệu cờ đỏ( dấu hiệu cảnh báo) của trẻ mà khi phát hiện, cha mẹ cần sớm đưa trẻ đến thăm khám tại các cơ sở có chuyên môn. Đó là:\n- Không bi bô, không biết dùng cử chỉ, ra dấu vào khoảng 12 tháng\n- Không biết nói từ đơn khi 16 tháng\n- Không biết đáp lại khi được gọi tên\n- Không tự nói được câu có 2 từ khi 24 tháng\n- Mất kỹ năng ngôn ngữ hoặc xã hội ở bất kỳ độ tuổi nào..', '| 225 SUY HÔ HẤP SƠ SINH 1. Tổng quan Suy hô hấp là nguyên nhân nhập viện hàng đầu ở trẻ sơ sinh, đặc biệt là trẻ sơ sinh thiếu tháng. Suy hô hấp có thể gây tử vong nhanh hoặc các di chứng lâu dài nếu không được chẩn đoán và xử trí kịp thời. Suy hô hấp có thể gây ra bởi bệnh lý từ phổi hoặc ngoài phổi. 1.1 Triệu chứng của suy hô hấp - Thở nhanh ≥ 60 lần/phút; Thở chậm < 30 lần/phút. - Ngừng thở >20 giây hoặc < 20 giây kèm nhịp tim chậm <100 lần/phút hoặc SpO2 giảm - Phập phồng cánh mũi. - Co kéo lồng ngực. - Thở rên. - Tím tái. 1.2 Nguyên tắc cơ bản xử trí suy hô hấp ở trẻ sơ sinh - Thông đường thở. - Cấp cứu ngừng hô hấp tuần hoàn. - Hỗ trợ hô hấp liên tục. - Xử trí tràn khí màng phổi, tràn dịch màng phổi gây chèn ép nếu có. - Theo dõi liên tục nhịp tim, SpO2, các dấu hiệu suy hô hấp. - Khi trẻ bị suy hô hấp, cần hạn chế can thiệp hay thủ thuật không cần thiết làm tăng stress cho trẻ. - Điều kiện lý tưởng cho các cơ sở y tế chăm sóc điều trị trẻ sơ sinh là có máy CPAP di động, máy đo SpO2, bộ trộn oxy để biết nồng độ oxy hoặc bình thở oxy lưu lượng thấp 1.3 Chỉ định các phương pháp hỗ trợ hô hấp Thở ôxy - Trẻ thở gắng sức, tím hoặc SpO2 <90%. - Thở ôxy đảm bảo SpO2 90 -95%, nếu kh', 'Câu hỏi: Trẻ em bao nhiêu tuổi uống được thuốc tẩy giun?. Trả lời: Các chuyên gia khuyến cáo rằng, chỉ nên tẩy giun trẻ nhỏ khi trẻ đạt độ tuổi 2, trong khi trẻ nhỏ hơn nên đưa đến bác sĩ để kiểm tra và xác định tình trạng nhiễm giun. Nếu trẻ bị nhiễm giun, bác sĩ sẽ chỉ định thuốc tẩy giun và theo dõi để đảm bảo không gây ra tác dụng phụ nghiêm trọng cho sức khỏe của trẻ.\nĐể đảm bảo sức khỏe cho trẻ em và ngăn ngừa các rủi ro sức khỏe nghiêm trọng do bị nhiễm sán, các chuyên gia khuyến cáo rằng trẻ em trong một độ tuổi cụ thể nên được điều trị sát khuẩn mỗi 6 tháng. Trên thị trường có nhiều loại thuốc tẩy giun khác nhau, các bậc cha mẹ nên tham khảo ý kiến của bác sĩ hoặc nhà dược để chọn thuốc phù hợp với độ tuổi và tình trạng của trẻ. Hầu hết các loại thuốc này được khuyến cáo sử dụng vào buổi sáng trước khi ăn sáng. Tuy nhiên, một số bác sĩ chuyên khoa Nhi khuyên rằng trẻ khi uống thuốc tẩy giun không cần nhịn đói, ăn kiêng hoặc sử dụng thuốc xổ.\nSau khi uống thuốc, trẻ có thể gặp phải một số tác dụng phụ như buồn nôn, nôn, đau đầu, chóng mặt, đau bụng, rối loạn tiêu hóa và tiêu chảy, v.v. Những tác dụng phụ này thường tự khỏi sau vài ngày và trẻ sẽ khỏe mạnh và ăn uống tốt hơn']",Là giai đoạn trẻ từ 6 đến 24 tháng tuổi. ,"Em thấy con cao 1m20 nhưng hơi gầy, giai đoạn ""Cửa sổ cơ hội"" để phòng chống thấp còi là khi nào để em theo dõi sát?","['Trẻ 21 tháng chậm phát triển chiều cao, chân tay ngắn có nguy cơ mắc bệnh lùn không?\nHỏi\nChào bác sĩ ạ! Em muốn hỏi bác sĩ là bé nhà em nay được 21 tháng, chiều cao khoảng 79cm, nặng 12kg. Bé sinh 34 tuần vì mẹ bị bong rau tiền đạo, chảy máu trong phải mổ cấp cứu. Lúc mang bầu em có chọc ối để kiểm tra dị tật cho bé, vì độ mờ da gáy là 3,8 cm và kết quả là bé bình thường, quá trình bé phát triển em thấy bé có vẻ chậm phát triển về chiều cao, tay và chân thì ngắn bác sĩ ạ. Em sợ bé bị bệnh lùn và rất muốn cho bé đi khám. Nếu bị bệnh lùn thì có chữa được không ạ? Có phải do bé bị ngộp ối nên mới ảnh hưởng không ạ hay do đột biến gen? Mong bác sĩ trả lời em với ạ. Cảm ơn bác sĩ!\nTrần Thị Tú Oanh (1987)\nTrả lời\nChào chị! Hiện bác sĩ không rõ giới tính của con chị. Tuy nhiên, dù trai hay gái thì cân nặng và chiều cao của con chị phù hợp tuổi. Chị và gia đình có thể đưa bé đến các sơ sở y tế hoặc chuyên khoa Nhi - Bệnh viện thuộc Hệ thống Y tế Vinmec để được các bác sĩ giàu chuyên môn thăm khám và đưa ra lời khuyên cụ thể nhất trong tình trạng sức khỏe của con.\nCảm ơn chị đã gửi tin tưởng và chia sẻ những lo lắng tới Vinmec. Chúc con chị luôn khỏe mạnh và phát triển tốt.\nĐược giải đáp bở', 'Chủ đề: Disease. Tiêu đề: Dấu hiệu nhận biết ở trẻ - Giai đoạn sau. Từ khoá: Suy giáp bẩm sinh. Câu hỏi: Trẻ em mắc bệnh suy giáp bẩm sinh ở giai đoạn sau sơ sinh thường có đặc điểm gì về thể chất?. Trả lời: Trẻ em mắc bệnh suy giáp bẩm sinh ở giai đoạn sau sơ sinh thường thấp bé, nhẹ cân hơn so với tuổi.. Ngữ cảnh: Trong giai đoạn sau sơ sinh, thể tạng của bé có chiều hướng kém phát triển. Trẻ sẽ thấp bé, nhẹ cân hơn so với tuổi. Về tâm vận, em bé thụ động, không có khả năng tập trung. Trong học hành, bé khó tiếp thu, khó đọc hiểu. Trong sinh hoạt, em bé kém ghi nhớ, thụ động.', 'Câu hỏi: Khi nào thì cha mẹ nên tìm sự giúp đỡ từ những người có chuyên môn thay vì dạy trẻ chậm nói tại nhà?. Trả lời: Theo Viện Hàn lâm Thần kinh học của Mỹ, có 5 dấu hiệu cờ đỏ( dấu hiệu cảnh báo) của trẻ mà khi phát hiện, cha mẹ cần sớm đưa trẻ đến thăm khám tại các cơ sở có chuyên môn. Đó là:\n- Không bi bô, không biết dùng cử chỉ, ra dấu vào khoảng 12 tháng\n- Không biết nói từ đơn khi 16 tháng\n- Không biết đáp lại khi được gọi tên\n- Không tự nói được câu có 2 từ khi 24 tháng\n- Mất kỹ năng ngôn ngữ hoặc xã hội ở bất kỳ độ tuổi nào..', '| 225 SUY HÔ HẤP SƠ SINH 1. Tổng quan Suy hô hấp là nguyên nhân nhập viện hàng đầu ở trẻ sơ sinh, đặc biệt là trẻ sơ sinh thiếu tháng. Suy hô hấp có thể gây tử vong nhanh hoặc các di chứng lâu dài nếu không được chẩn đoán và xử trí kịp thời. Suy hô hấp có thể gây ra bởi bệnh lý từ phổi hoặc ngoài phổi. 1.1 Triệu chứng của suy hô hấp - Thở nhanh ≥ 60 lần/phút; Thở chậm < 30 lần/phút. - Ngừng thở >20 giây hoặc < 20 giây kèm nhịp tim chậm <100 lần/phút hoặc SpO2 giảm - Phập phồng cánh mũi. - Co kéo lồng ngực. - Thở rên. - Tím tái. 1.2 Nguyên tắc cơ bản xử trí suy hô hấp ở trẻ sơ sinh - Thông đường thở. - Cấp cứu ngừng hô hấp tuần hoàn. - Hỗ trợ hô hấp liên tục. - Xử trí tràn khí màng phổi, tràn dịch màng phổi gây chèn ép nếu có. - Theo dõi liên tục nhịp tim, SpO2, các dấu hiệu suy hô hấp. - Khi trẻ bị suy hô hấp, cần hạn chế can thiệp hay thủ thuật không cần thiết làm tăng stress cho trẻ. - Điều kiện lý tưởng cho các cơ sở y tế chăm sóc điều trị trẻ sơ sinh là có máy CPAP di động, máy đo SpO2, bộ trộn oxy để biết nồng độ oxy hoặc bình thở oxy lưu lượng thấp 1.3 Chỉ định các phương pháp hỗ trợ hô hấp Thở ôxy - Trẻ thở gắng sức, tím hoặc SpO2 <90%. - Thở ôxy đảm bảo SpO2 90 -95%, nếu kh', 'Câu hỏi: Trẻ em bao nhiêu tuổi uống được thuốc tẩy giun?. Trả lời: Các chuyên gia khuyến cáo rằng, chỉ nên tẩy giun trẻ nhỏ khi trẻ đạt độ tuổi 2, trong khi trẻ nhỏ hơn nên đưa đến bác sĩ để kiểm tra và xác định tình trạng nhiễm giun. Nếu trẻ bị nhiễm giun, bác sĩ sẽ chỉ định thuốc tẩy giun và theo dõi để đảm bảo không gây ra tác dụng phụ nghiêm trọng cho sức khỏe của trẻ.\nĐể đảm bảo sức khỏe cho trẻ em và ngăn ngừa các rủi ro sức khỏe nghiêm trọng do bị nhiễm sán, các chuyên gia khuyến cáo rằng trẻ em trong một độ tuổi cụ thể nên được điều trị sát khuẩn mỗi 6 tháng. Trên thị trường có nhiều loại thuốc tẩy giun khác nhau, các bậc cha mẹ nên tham khảo ý kiến của bác sĩ hoặc nhà dược để chọn thuốc phù hợp với độ tuổi và tình trạng của trẻ. Hầu hết các loại thuốc này được khuyến cáo sử dụng vào buổi sáng trước khi ăn sáng. Tuy nhiên, một số bác sĩ chuyên khoa Nhi khuyên rằng trẻ khi uống thuốc tẩy giun không cần nhịn đói, ăn kiêng hoặc sử dụng thuốc xổ.\nSau khi uống thuốc, trẻ có thể gặp phải một số tác dụng phụ như buồn nôn, nôn, đau đầu, chóng mặt, đau bụng, rối loạn tiêu hóa và tiêu chảy, v.v. Những tác dụng phụ này thường tự khỏi sau vài ngày và trẻ sẽ khỏe mạnh và ăn uống tốt hơn']","Cảm ơn mẹ đã tin tưởng MomCare. Giai đoạn ""Cửa sổ cơ hội"" để phòng chống thấp còi là giai đoạn từ 0 đến 2 tuổi, đặc biệt là từ 6 tháng đến 2 tuổi. Đây là giai đoạn trẻ phát triển nhanh chóng và cần được cung cấp đủ dinh dưỡng để hỗ trợ sự phát triển toàn diện.

Để phòng chống thấp còi, mẹ nên:

- Đảm bảo trẻ được bú mẹ hoàn toàn trong 6 tháng đầu, sau đó bổ sung thêm sữa ngoài và các loại thực phẩm giàu dinh dưỡng.
- Cung cấp đủ calo và chất dinh dưỡng cho trẻ thông qua chế độ ăn uống cân đối và đa dạng.
- Đảm bảo trẻ được nghỉ ngơi và ngủ đủ giấc để hỗ trợ quá trình phát triển.
- Theo dõi sát sự phát triển của trẻ, đặc biệt là chiều cao và cân nặng, để có thể phát hiện sớm bất kỳ vấn đề nào.

Nếu mẹ có bất kỳ lo lắng nào về sự phát triển của con, hãy liên hệ với MomCare để được tư vấn và hỗ trợ.",Là giai đoạn trẻ từ 6 đến 24 tháng tuổi. ,1.0,0.9999999999,0.6609938732034335,0.2222222222222222
"Em đang cân nhắc cho con uống sữa bò vì sữa mẹ ít, sự khác biệt về tỷ lệ Casein giữa sữa người và sữa bò là gì ạ","Mẹ ơi, tôi hiểu mối quan ngại của mẹ về việc cho con uống sữa bò. Tuy nhiên, trước khi quyết định, mẹ cần biết rằng sữa mẹ là nguồn dinh dưỡng hoàn hảo nhất cho trẻ sơ sinh. Sữa mẹ chứa các chất dinh dưỡng cần thiết cho sự phát triển và sức khỏe của trẻ, bao gồm protein, chất béo, carbohydrate, vitamin và khoáng chất.

Về tỷ lệ Casein giữa sữa người và sữa bò, sữa người có tỷ lệ Casein khoảng 0,8-1,2%, trong khi sữa bò có tỷ lệ Casein khoảng 3,2-3,5%. Casein là một loại protein quan trọng trong sữa, giúp trẻ hấp thụ các chất dinh dưỡng và phát triển cơ bắp.

Tuy nhiên, mẹ cần lưu ý rằng sữa bò không phải là một lựa chọn thay thế hoàn hảo cho sữa mẹ. Sữa bò có thể chứa các chất phụ gia và kháng sinh, có thể gây hại cho trẻ. Ngoài ra, sữa bò không chứa các kháng thể và kháng nguyên đặc biệt trong sữa mẹ, giúp trẻ chống lại các bệnh nhiễm trùng và phát triển hệ miễn dịch.

Nếu mẹ đang gặp khó khăn trong việc cho con uống sữa mẹ, mẹ có thể tham khảo các biện pháp sau:

- Tìm kiếm sự hỗ trợ từ bác sĩ hoặc chuyên gia dinh dưỡng để giúp mẹ tăng cường sữa mẹ.
- Sử dụng máy vắt sữa để giúp mẹ vắt sữa dễ dàng hơn.
- Tìm kiếm các nguồn sữa mẹ khác, chẳng hạn như sữa mẹ đông lạnh hoặc sữa mẹ từ các nguồn khác.

Tóm lại, mẹ nên ưu tiên cho con uống sữa mẹ, vì sữa mẹ là nguồn dinh dưỡng hoàn hảo nhất cho trẻ sơ sinh. Nếu mẹ gặp khó khăn trong việc cho con uống sữa mẹ, mẹ có thể tham khảo các biện pháp trên.","['Chủ đề: Drug. Tiêu đề: Các đối tượng sử dụng đặc biệt - Phụ nữ cho con bú. Từ khoá: Betahistine. Câu hỏi: Khi nào nên cân nhắc sử dụng betahistine cho phụ nữ đang cho con bú?. Trả lời: Cân nhắc vai trò quan trọng của thuốc đối với người mẹ so với lợi ích của việc cho con bú và nguy cơ có hại có thể xảy ra cho trẻ.. Ngữ cảnh: - Chưa có đầy đủ nghiên cứu cho biết liệu betahistine có được bài tiết vào sữa mẹ hay không.\n- Do đó, nên cân nhắc vai trò quan trọng của thuốc đối với người mẹ so với lợi ích của việc cho con bú và nguy cơ có hại có thể xảy ra cho trẻ.', 'Điều kiện 1 Có bản qui định về nuôi con bằng sữa mẹ và được phổ biến thường xuyên cho cán bộ y tế - Nội dung Bản qui định này phải bao gồm: • 10 điều kiện để nuôi con bằng sữa mẹ thành công. • Cấm việc cho không hoặc bán rẻ các loại sản phẩm thay thế sữa mẹ. • Giúp các bà mẹ nhiễm HIV dương tính lựa chọn cách nuôi dưỡng trẻ phù hợp với hoàn cảnh của mình và hỗ trợ họ thực hiện cách nuôi con mà họ đã chọn.', '• Không cho trẻ sơ sinh bất cứ đồ ăn thức uống gì ngoài sữa mẹ, trừ khi có chỉ định của y tế • Các trường hợp chỉ định cho trẻ ăn sữa thay thế sữa mẹ: – Trẻ có mẹ bị bệnh nặng không thể cho trẻ bú sữa hoặc vắt sữa được – Trẻ có mẹ đang bị chiếu tia xạ hoặc phải dùng thuốc chống chỉ định cho con bú (như các thuốc kháng giáp trạng, thuốc chống ung thư). – Trẻ có mẹ bị nhiễm HIV (trừ trường hợp bà mẹ đã được tư vấn và lựa chọn cách nuôi con bằng sữa mẹ). – Trẻ mắc các bệnh chuyển hoá không dung nạp được sữa mẹ Điều kiện 6', 'Chủ đề: Drug. Tiêu đề: Các đối tượng sử dụng đặc biệt - Phụ nữ cho con bú. Từ khoá: Actemra. Câu hỏi: Các yếu tố nào cần cân nhắc khi đưa ra quyết định tiếp tục cho bú hoặc điều trị với Actemra ở phụ nữ cho con bú?. Trả lời: Khi đưa ra quyết định tiếp tục cho bú hoặc điều trị với Actemra ở phụ nữ cho con bú, cần cân nhắc lợi ích và rủi ro cho cả mẹ và trẻ để đảm bảo an toàn và sức khỏe cho cả hai.. Ngữ cảnh: - Vẫn chưa đủ thông tin cho thấy liệu tocilizumab có bài tiết qua sữa mẹ hay không.\n- Lưu ý, mặc dù globulin miễn dịch nội sinh của kháng nguyên IgG được tiết ra và đi vào sữa mẹ, sự hấp thu toàn thân của tocilizumab thông qua việc cho bú sữa khó có thể xảy ra do sự thoái hoá nhờ thủy phân nhanh những loại protein này ở hệ thống tiêu hóa.\n- Do đó, việc nên quyết định liệu có nên tiếp tục hoặc ngừng cho bú hoặc tiếp tục hay ngừng điều trị với tocilizumab thì cần cân nhắc thận trọng về lợi ích và nguy cơ trên mẹ và trẻ khi dùng.', 'Chủ đề: Drug. Tiêu đề: Những đối tượng đặc biệt cần chú ý khi sử dụng thuốc Amiodarone - Phụ nữ có thai và đang cho con bú. Từ khoá: Amiodarone. Câu hỏi: Amiodarone có bài tiết qua sữa mẹ không?. Trả lời: Có, amiodarone và chất chuyển hóa của thuốc bài tiết nhiều vào sữa mẹ. Thuốc có thể làm giảm phát triển của trẻ đang còn bú sữa mẹ.. Ngữ cảnh: Amiodarone qua được hàng rào nhau thai. Tác dụng có hại tiềm tàng gồm chậm nhịp tim và tác dụng lên tuyến giáp ở trẻ sơ sinh. Gây nhiễm độc và làm chậm phát triển thai nhi. Thuốc này có thể gây nên bướu giáp trạng bẩm sinh (cường giáp trạng hoặc thiểu năng). Vì vậy không được dùng amiodarone cho người đang mang thai. Amiodarone và chất chuyển hóa của thuốc bài tiết nhiều vào sữa mẹ. Thuốc có thể làm giảm phát triển của trẻ đang còn bú sữa mẹ. Một mặt khác, vì thuốc chứa một hàm lượng cao iod nên không dùng được cho người đang cho con bú. Hoặc bạn phải ngừng cho con bú nếu buộc phải sử dụng. Bệnh nhân cũng cần phải quan tâm đến việc thuốc được đào thải chậm ra khỏi cơ thể sau khi đã ngừng thuốc. Do đó bạn nên hỏi ý kiến của bác sĩ trước khi có ý định dùng thuốc.']","Casein trong sữa người chiếm 35% (dễ tiêu hóa), trong khi sữa bò chiếm 80% (khó tiêu hóa). ","Em đang cân nhắc cho con uống sữa bò vì sữa mẹ ít, sự khác biệt về tỷ lệ Casein giữa sữa người và sữa bò là gì ạ","['Chủ đề: Drug. Tiêu đề: Các đối tượng sử dụng đặc biệt - Phụ nữ cho con bú. Từ khoá: Betahistine. Câu hỏi: Khi nào nên cân nhắc sử dụng betahistine cho phụ nữ đang cho con bú?. Trả lời: Cân nhắc vai trò quan trọng của thuốc đối với người mẹ so với lợi ích của việc cho con bú và nguy cơ có hại có thể xảy ra cho trẻ.. Ngữ cảnh: - Chưa có đầy đủ nghiên cứu cho biết liệu betahistine có được bài tiết vào sữa mẹ hay không.\n- Do đó, nên cân nhắc vai trò quan trọng của thuốc đối với người mẹ so với lợi ích của việc cho con bú và nguy cơ có hại có thể xảy ra cho trẻ.', 'Điều kiện 1 Có bản qui định về nuôi con bằng sữa mẹ và được phổ biến thường xuyên cho cán bộ y tế - Nội dung Bản qui định này phải bao gồm: • 10 điều kiện để nuôi con bằng sữa mẹ thành công. • Cấm việc cho không hoặc bán rẻ các loại sản phẩm thay thế sữa mẹ. • Giúp các bà mẹ nhiễm HIV dương tính lựa chọn cách nuôi dưỡng trẻ phù hợp với hoàn cảnh của mình và hỗ trợ họ thực hiện cách nuôi con mà họ đã chọn.', '• Không cho trẻ sơ sinh bất cứ đồ ăn thức uống gì ngoài sữa mẹ, trừ khi có chỉ định của y tế • Các trường hợp chỉ định cho trẻ ăn sữa thay thế sữa mẹ: – Trẻ có mẹ bị bệnh nặng không thể cho trẻ bú sữa hoặc vắt sữa được – Trẻ có mẹ đang bị chiếu tia xạ hoặc phải dùng thuốc chống chỉ định cho con bú (như các thuốc kháng giáp trạng, thuốc chống ung thư). – Trẻ có mẹ bị nhiễm HIV (trừ trường hợp bà mẹ đã được tư vấn và lựa chọn cách nuôi con bằng sữa mẹ). – Trẻ mắc các bệnh chuyển hoá không dung nạp được sữa mẹ Điều kiện 6', 'Chủ đề: Drug. Tiêu đề: Các đối tượng sử dụng đặc biệt - Phụ nữ cho con bú. Từ khoá: Actemra. Câu hỏi: Các yếu tố nào cần cân nhắc khi đưa ra quyết định tiếp tục cho bú hoặc điều trị với Actemra ở phụ nữ cho con bú?. Trả lời: Khi đưa ra quyết định tiếp tục cho bú hoặc điều trị với Actemra ở phụ nữ cho con bú, cần cân nhắc lợi ích và rủi ro cho cả mẹ và trẻ để đảm bảo an toàn và sức khỏe cho cả hai.. Ngữ cảnh: - Vẫn chưa đủ thông tin cho thấy liệu tocilizumab có bài tiết qua sữa mẹ hay không.\n- Lưu ý, mặc dù globulin miễn dịch nội sinh của kháng nguyên IgG được tiết ra và đi vào sữa mẹ, sự hấp thu toàn thân của tocilizumab thông qua việc cho bú sữa khó có thể xảy ra do sự thoái hoá nhờ thủy phân nhanh những loại protein này ở hệ thống tiêu hóa.\n- Do đó, việc nên quyết định liệu có nên tiếp tục hoặc ngừng cho bú hoặc tiếp tục hay ngừng điều trị với tocilizumab thì cần cân nhắc thận trọng về lợi ích và nguy cơ trên mẹ và trẻ khi dùng.', 'Chủ đề: Drug. Tiêu đề: Những đối tượng đặc biệt cần chú ý khi sử dụng thuốc Amiodarone - Phụ nữ có thai và đang cho con bú. Từ khoá: Amiodarone. Câu hỏi: Amiodarone có bài tiết qua sữa mẹ không?. Trả lời: Có, amiodarone và chất chuyển hóa của thuốc bài tiết nhiều vào sữa mẹ. Thuốc có thể làm giảm phát triển của trẻ đang còn bú sữa mẹ.. Ngữ cảnh: Amiodarone qua được hàng rào nhau thai. Tác dụng có hại tiềm tàng gồm chậm nhịp tim và tác dụng lên tuyến giáp ở trẻ sơ sinh. Gây nhiễm độc và làm chậm phát triển thai nhi. Thuốc này có thể gây nên bướu giáp trạng bẩm sinh (cường giáp trạng hoặc thiểu năng). Vì vậy không được dùng amiodarone cho người đang mang thai. Amiodarone và chất chuyển hóa của thuốc bài tiết nhiều vào sữa mẹ. Thuốc có thể làm giảm phát triển của trẻ đang còn bú sữa mẹ. Một mặt khác, vì thuốc chứa một hàm lượng cao iod nên không dùng được cho người đang cho con bú. Hoặc bạn phải ngừng cho con bú nếu buộc phải sử dụng. Bệnh nhân cũng cần phải quan tâm đến việc thuốc được đào thải chậm ra khỏi cơ thể sau khi đã ngừng thuốc. Do đó bạn nên hỏi ý kiến của bác sĩ trước khi có ý định dùng thuốc.']","Mẹ ơi, tôi hiểu mối quan ngại của mẹ về việc cho con uống sữa bò. Tuy nhiên, trước khi quyết định, mẹ cần biết rằng sữa mẹ là nguồn dinh dưỡng hoàn hảo nhất cho trẻ sơ sinh. Sữa mẹ chứa các chất dinh dưỡng cần thiết cho sự phát triển và sức khỏe của trẻ, bao gồm protein, chất béo, carbohydrate, vitamin và khoáng chất.

Về tỷ lệ Casein giữa sữa người và sữa bò, sữa người có tỷ lệ Casein khoảng 0,8-1,2%, trong khi sữa bò có tỷ lệ Casein khoảng 3,2-3,5%. Casein là một loại protein quan trọng trong sữa, giúp trẻ hấp thụ các chất dinh dưỡng và phát triển cơ bắp.

Tuy nhiên, mẹ cần lưu ý rằng sữa bò không phải là một lựa chọn thay thế hoàn hảo cho sữa mẹ. Sữa bò có thể chứa các chất phụ gia và kháng sinh, có thể gây hại cho trẻ. Ngoài ra, sữa bò không chứa các kháng thể và kháng nguyên đặc biệt trong sữa mẹ, giúp trẻ chống lại các bệnh nhiễm trùng và phát triển hệ miễn dịch.

Nếu mẹ đang gặp khó khăn trong việc cho con uống sữa mẹ, mẹ có thể tham khảo các biện pháp sau:

- Tìm kiếm sự hỗ trợ từ bác sĩ hoặc chuyên gia dinh dưỡng để giúp mẹ tăng cường sữa mẹ.
- Sử dụng máy vắt sữa để giúp mẹ vắt sữa dễ dàng hơn.
- Tìm kiếm các nguồn sữa mẹ khác, chẳng hạn như sữa mẹ đông lạnh hoặc sữa mẹ từ các nguồn khác.

Tóm lại, mẹ nên ưu tiên cho con uống sữa mẹ, vì sữa mẹ là nguồn dinh dưỡng hoàn hảo nhất cho trẻ sơ sinh. Nếu mẹ gặp khó khăn trong việc cho con uống sữa mẹ, mẹ có thể tham khảo các biện pháp trên.","Casein trong sữa người chiếm 35% (dễ tiêu hóa), trong khi sữa bò chiếm 80% (khó tiêu hóa). ",1.0,0.0,0.5517410952191824,0.41935483870967744
"Trời trở lạnh, em sợ con ho, tại sao sữa mẹ giúp trẻ chống được nhiễm khuận ạ","Chào mẹ, tôi hiểu mối quan ngại của mẹ về việc con ho khi trời trở lạnh. Sữa mẹ là nguồn dinh dưỡng hoàn hảo giúp trẻ chống lại bệnh tật, bao gồm cả nhiễm khuẩn. Theo Tổ chức Y tế Thế giới, sữa mẹ giúp trẻ chống lại bệnh tật bằng cách:

- Cung cấp kháng thể: Sữa mẹ chứa kháng thể giúp trẻ chống lại các loại vi khuẩn và virus.
- Cung cấp chất dinh dưỡng: Sữa mẹ cung cấp chất dinh dưỡng cần thiết cho sự phát triển và bảo vệ hệ miễn dịch của trẻ.
- Cung cấp chất chống oxy hóa: Sữa mẹ chứa chất chống oxy hóa giúp bảo vệ trẻ khỏi các tác động tiêu cực của các gốc tự do.

Khi trẻ bú sữa mẹ, hệ miễn dịch của trẻ sẽ được kích hoạt và giúp trẻ chống lại các loại vi khuẩn và virus. Điều này giúp trẻ giảm thiểu khả năng mắc các bệnh nhiễm khuẩn, bao gồm cả ho.

Tuy nhiên, mẹ cần lưu ý rằng sữa mẹ không thể ngăn chặn hoàn toàn các bệnh nhiễm khuẩn. Nếu trẻ có các triệu chứng ho, mẹ nên đưa trẻ đến cơ sở y tế để được tư vấn và điều trị kịp thời.

Về việc chăm sóc rốn, mẹ nên chú ý theo dõi tình trạng rốn của con và báo cáo với bác sĩ nếu có bất kỳ dấu hiệu bất thường nào.","['Lợi ích của nuôi con bằng sữa mẹ NCBSM • Giúp tăng cường tình cảm mẹ con, bảo đảm sự phát triển của trẻ • Giúp chậm có thai trở lại • Bảo vệ sức khỏe bà mẹ \uf06c Chi phí thấp hơn so với nuôi nhân tạo Sữa mẹ • Là nguồn dinh dưỡng hoàn hảo • Dễ tiêu hóa, sử dụng hiệu quả • Phòng ngừa các bệnh nhiễm khuẩn', '| 217 TƯ VẤN NUÔI CON BẰNG SỮA MẸ Sữa mẹ là nguồn dinh dưỡng quý giá nh ất giúp cho tr ẻ sơ sinh chống lại bệnh tật đồng thời tăng cường sức khỏe và sự phát triển của trẻ. Theo ước tính của Tổ chức Y tế Thế giới: 22% các trường hợp tử vong ở trẻ sơ sinh có thể phòng tránh được nếu được bú sữa mẹ sớm trong vòng 1 gi ờ đầu sau sinh, 13% tr ẻ dưới 5 tuổi bị tử vong có thể ngăn chặn được nếu được bú sữa mẹ hoàn toàn. 1. Khi mang thai. - Giải thích: lợi ích của bú mẹ; Giải thích: thế nào là bú sữa mẹ sớm và bú sữa mẹ hoàn toàn và lợi ích của nó - Hỏi kinh nghiệm nuôi con bằng sữa mẹ. - Giải thích tầm quan trọng của việc chăm sóc vú và núm vú, xin phép khám. - Tạo niềm tin là tất cả bà mẹ đều có thể nuôi con bằng sữa mẹ. 2. Ngay sau đẻ. - Thực hiện tiếp xúc da kề da ngay sau đẻ để giúp trẻ được bú sữa mẹ sớm (trong vòng 90 phút sau đẻ). Cho con nằm cạnh mẹ: \uf02b Mẹ dễ chăm sóc,theo dõi con. \uf02b Trẻ ít khóc hơn. \uf02b Thời gian bú mẹ được lâu hơn. - Tư vấn về lợi ích của việc cho bú sớm: \uf02b Lợi ích của sữa non. \uf02b Sữa về sớm hơn. \uf02b Trẻ tăng cân tốt hơn. \uf02b Ít bị cương tắc sữa. \uf02b Không vắt bỏ sữa non, cần cho con bú cả sữa non. - Hướng dẫn bà mẹ cho con bú đúng: Trẻ ngậm bắt vú đúng (Miệng trẻ mở rộng', '• Không cho trẻ sơ sinh bất cứ đồ ăn thức uống gì ngoài sữa mẹ, trừ khi có chỉ định của y tế • Các trường hợp chỉ định cho trẻ ăn sữa thay thế sữa mẹ: – Trẻ có mẹ bị bệnh nặng không thể cho trẻ bú sữa hoặc vắt sữa được – Trẻ có mẹ đang bị chiếu tia xạ hoặc phải dùng thuốc chống chỉ định cho con bú (như các thuốc kháng giáp trạng, thuốc chống ung thư). – Trẻ có mẹ bị nhiễm HIV (trừ trường hợp bà mẹ đã được tư vấn và lựa chọn cách nuôi con bằng sữa mẹ). – Trẻ mắc các bệnh chuyển hoá không dung nạp được sữa mẹ Điều kiện 6', '87 - Tắm cho trẻ mỗi gày kèm theo sử dụng kem dưỡng da lành tính để duy trì độ ẩm và cân bằng da; - Chọn sữa tắm có độ pH phù hợp, không kích ứng và không chứa chất tẩy rửa; - Tránh các yếu tố nguy cơ như khí hậu khô, bụi, lông động vật, phấn hoa - Mẹ cho con bú nên ăn những t hực phẩm chứa chất chống oxy hóa làm tăng sức đề kháng của da Viêm rốn Biểu hiện - Ngay tại chân rốn của trẻ sơ sinh bị đỏ và sưng + Tại vùng r ốn tr ẻ sơ sinh có ti ết ra ch ất d ịch m ủ có mùi hôi hoặc rốn vẫn còn ướt sau khi rụng + Đỏ vùng da xung quanh rốn + Rốn chảy máu - Trẻ bị sốt cao trên 37,5 đ ộ C, bé th ở nhanh (nhịp thở trên 60 lần/ phút), bé bị vàng da - Trẻ quấy khóc Phân độ nhiễm trùng rốn theo Tổ chức Y tế Thế giới - Mức độ nhiễm trùng nhẹ: Tình trạng sưng, đỏ chỉ diễn ra ngay tại chân rốn trẻ sơ sinh.', '74 | Cho con Phát hiện Xử trí Chưa bú mẹ hoặc khó khăn khi cho con bú. Hướng dẫn bà mẹ cách cho con bú Trẻ lạnh hoặc phòng lạnh. - Ủ ấm cho trẻ: cho trẻ nằm tiếp xúc da k ề da với mẹ, mặc thêm áo, đắp thêm chăn… - Làm ấm phòng. Khó thở, tím tái Xử trí cấp cứu Chảy máu rốn. Làm l ại r ốn. N ếu v ẫn ch ảy máu, không tìm được nguyên nhân, mời hội chẩn hoặc chuyển tuyến trên Không có phân su. Kiểm tra h ậu môn: ếu phát hi ện “không h ậu môn”, mời hội chẩn ngoại khoa ho ặc chuyển tuyến Không đái Kiểm tra xem tr ẻ có được bú đủ không? Nếu không tìm th ấy nguyên nhân, m ời h ội ch ẩn hoặc chuyển tuyến Vàng da Điều trị ngay hoặc chuyển tuyến 3. Chăm sóc bà mẹ và trẻ sơ sinh từ bà mẹ nhiễm HIV 3.1. Đối với trẻ sinh ra từ mẹ nhiễm HIV - Trẻ sinh ra từ mẹ nhiễm HIV (trẻ phơi nhiễ m HIV): chỉ chọn một trong hai cách nuôi trẻ: bằng sữa mẹ hoàn toàn hoặc bằng sữa thay thế hoàn toàn. - Nếu nuôi con bằng sữa mẹ: chỉ cho bú mẹ hoàn toàn, không cho ăn, uống bất cứ thức ăn đồ uống nào kể cả nước trắng, trừ trường hợp phải uống bổ sung vitami , khoáng chất hoặc thuốc. Tư vấn các nguy cơ cho trẻ khi nuôi dưỡng bằng sữa mẹ. - Nuôi trẻ bằng sữa thay thế là quá trình nuôi trẻ không bằng sữa mẹ, hoàn toàn ']","Vì sữa mẹ chứa các kháng thể, tế bào bạch cầu và các protein chống nhiễm khuẩn được tiết trực tiếp từ cơ thể mẹ. ","Trời trở lạnh, em sợ con ho, tại sao sữa mẹ giúp trẻ chống được nhiễm khuận ạ","['Lợi ích của nuôi con bằng sữa mẹ NCBSM • Giúp tăng cường tình cảm mẹ con, bảo đảm sự phát triển của trẻ • Giúp chậm có thai trở lại • Bảo vệ sức khỏe bà mẹ \uf06c Chi phí thấp hơn so với nuôi nhân tạo Sữa mẹ • Là nguồn dinh dưỡng hoàn hảo • Dễ tiêu hóa, sử dụng hiệu quả • Phòng ngừa các bệnh nhiễm khuẩn', '| 217 TƯ VẤN NUÔI CON BẰNG SỮA MẸ Sữa mẹ là nguồn dinh dưỡng quý giá nh ất giúp cho tr ẻ sơ sinh chống lại bệnh tật đồng thời tăng cường sức khỏe và sự phát triển của trẻ. Theo ước tính của Tổ chức Y tế Thế giới: 22% các trường hợp tử vong ở trẻ sơ sinh có thể phòng tránh được nếu được bú sữa mẹ sớm trong vòng 1 gi ờ đầu sau sinh, 13% tr ẻ dưới 5 tuổi bị tử vong có thể ngăn chặn được nếu được bú sữa mẹ hoàn toàn. 1. Khi mang thai. - Giải thích: lợi ích của bú mẹ; Giải thích: thế nào là bú sữa mẹ sớm và bú sữa mẹ hoàn toàn và lợi ích của nó - Hỏi kinh nghiệm nuôi con bằng sữa mẹ. - Giải thích tầm quan trọng của việc chăm sóc vú và núm vú, xin phép khám. - Tạo niềm tin là tất cả bà mẹ đều có thể nuôi con bằng sữa mẹ. 2. Ngay sau đẻ. - Thực hiện tiếp xúc da kề da ngay sau đẻ để giúp trẻ được bú sữa mẹ sớm (trong vòng 90 phút sau đẻ). Cho con nằm cạnh mẹ: \uf02b Mẹ dễ chăm sóc,theo dõi con. \uf02b Trẻ ít khóc hơn. \uf02b Thời gian bú mẹ được lâu hơn. - Tư vấn về lợi ích của việc cho bú sớm: \uf02b Lợi ích của sữa non. \uf02b Sữa về sớm hơn. \uf02b Trẻ tăng cân tốt hơn. \uf02b Ít bị cương tắc sữa. \uf02b Không vắt bỏ sữa non, cần cho con bú cả sữa non. - Hướng dẫn bà mẹ cho con bú đúng: Trẻ ngậm bắt vú đúng (Miệng trẻ mở rộng', '• Không cho trẻ sơ sinh bất cứ đồ ăn thức uống gì ngoài sữa mẹ, trừ khi có chỉ định của y tế • Các trường hợp chỉ định cho trẻ ăn sữa thay thế sữa mẹ: – Trẻ có mẹ bị bệnh nặng không thể cho trẻ bú sữa hoặc vắt sữa được – Trẻ có mẹ đang bị chiếu tia xạ hoặc phải dùng thuốc chống chỉ định cho con bú (như các thuốc kháng giáp trạng, thuốc chống ung thư). – Trẻ có mẹ bị nhiễm HIV (trừ trường hợp bà mẹ đã được tư vấn và lựa chọn cách nuôi con bằng sữa mẹ). – Trẻ mắc các bệnh chuyển hoá không dung nạp được sữa mẹ Điều kiện 6', '87 - Tắm cho trẻ mỗi gày kèm theo sử dụng kem dưỡng da lành tính để duy trì độ ẩm và cân bằng da; - Chọn sữa tắm có độ pH phù hợp, không kích ứng và không chứa chất tẩy rửa; - Tránh các yếu tố nguy cơ như khí hậu khô, bụi, lông động vật, phấn hoa - Mẹ cho con bú nên ăn những t hực phẩm chứa chất chống oxy hóa làm tăng sức đề kháng của da Viêm rốn Biểu hiện - Ngay tại chân rốn của trẻ sơ sinh bị đỏ và sưng + Tại vùng r ốn tr ẻ sơ sinh có ti ết ra ch ất d ịch m ủ có mùi hôi hoặc rốn vẫn còn ướt sau khi rụng + Đỏ vùng da xung quanh rốn + Rốn chảy máu - Trẻ bị sốt cao trên 37,5 đ ộ C, bé th ở nhanh (nhịp thở trên 60 lần/ phút), bé bị vàng da - Trẻ quấy khóc Phân độ nhiễm trùng rốn theo Tổ chức Y tế Thế giới - Mức độ nhiễm trùng nhẹ: Tình trạng sưng, đỏ chỉ diễn ra ngay tại chân rốn trẻ sơ sinh.', '74 | Cho con Phát hiện Xử trí Chưa bú mẹ hoặc khó khăn khi cho con bú. Hướng dẫn bà mẹ cách cho con bú Trẻ lạnh hoặc phòng lạnh. - Ủ ấm cho trẻ: cho trẻ nằm tiếp xúc da k ề da với mẹ, mặc thêm áo, đắp thêm chăn… - Làm ấm phòng. Khó thở, tím tái Xử trí cấp cứu Chảy máu rốn. Làm l ại r ốn. N ếu v ẫn ch ảy máu, không tìm được nguyên nhân, mời hội chẩn hoặc chuyển tuyến trên Không có phân su. Kiểm tra h ậu môn: ếu phát hi ện “không h ậu môn”, mời hội chẩn ngoại khoa ho ặc chuyển tuyến Không đái Kiểm tra xem tr ẻ có được bú đủ không? Nếu không tìm th ấy nguyên nhân, m ời h ội ch ẩn hoặc chuyển tuyến Vàng da Điều trị ngay hoặc chuyển tuyến 3. Chăm sóc bà mẹ và trẻ sơ sinh từ bà mẹ nhiễm HIV 3.1. Đối với trẻ sinh ra từ mẹ nhiễm HIV - Trẻ sinh ra từ mẹ nhiễm HIV (trẻ phơi nhiễ m HIV): chỉ chọn một trong hai cách nuôi trẻ: bằng sữa mẹ hoàn toàn hoặc bằng sữa thay thế hoàn toàn. - Nếu nuôi con bằng sữa mẹ: chỉ cho bú mẹ hoàn toàn, không cho ăn, uống bất cứ thức ăn đồ uống nào kể cả nước trắng, trừ trường hợp phải uống bổ sung vitami , khoáng chất hoặc thuốc. Tư vấn các nguy cơ cho trẻ khi nuôi dưỡng bằng sữa mẹ. - Nuôi trẻ bằng sữa thay thế là quá trình nuôi trẻ không bằng sữa mẹ, hoàn toàn ']","Chào mẹ, tôi hiểu mối quan ngại của mẹ về việc con ho khi trời trở lạnh. Sữa mẹ là nguồn dinh dưỡng hoàn hảo giúp trẻ chống lại bệnh tật, bao gồm cả nhiễm khuẩn. Theo Tổ chức Y tế Thế giới, sữa mẹ giúp trẻ chống lại bệnh tật bằng cách:

- Cung cấp kháng thể: Sữa mẹ chứa kháng thể giúp trẻ chống lại các loại vi khuẩn và virus.
- Cung cấp chất dinh dưỡng: Sữa mẹ cung cấp chất dinh dưỡng cần thiết cho sự phát triển và bảo vệ hệ miễn dịch của trẻ.
- Cung cấp chất chống oxy hóa: Sữa mẹ chứa chất chống oxy hóa giúp bảo vệ trẻ khỏi các tác động tiêu cực của các gốc tự do.

Khi trẻ bú sữa mẹ, hệ miễn dịch của trẻ sẽ được kích hoạt và giúp trẻ chống lại các loại vi khuẩn và virus. Điều này giúp trẻ giảm thiểu khả năng mắc các bệnh nhiễm khuẩn, bao gồm cả ho.

Tuy nhiên, mẹ cần lưu ý rằng sữa mẹ không thể ngăn chặn hoàn toàn các bệnh nhiễm khuẩn. Nếu trẻ có các triệu chứng ho, mẹ nên đưa trẻ đến cơ sở y tế để được tư vấn và điều trị kịp thời.

Về việc chăm sóc rốn, mẹ nên chú ý theo dõi tình trạng rốn của con và báo cáo với bác sĩ nếu có bất kỳ dấu hiệu bất thường nào.","Vì sữa mẹ chứa các kháng thể, tế bào bạch cầu và các protein chống nhiễm khuẩn được tiết trực tiếp từ cơ thể mẹ. ",1.0,0.9999999999666667,0.5399216914987341,0.0
"Em đang ăn kiêng để giảm cân, cho em hỏi nhu cầu năng lượng từ sữa mẹ/ngày cho trẻ từ 3-5 tháng tuổi là bao nhiêu kcal","Mẹ ơi, chúc mừng mẹ có bé khỏe mạnh! Giai đoạn này mẹ cần chú ý chăm sóc rốn và tử cung.

Về câu hỏi của mẹ, nhu cầu năng lượng từ sữa mẹ/ngày cho trẻ từ 3-5 tháng tuổi là khoảng 600-700 kcal. Tuy nhiên, lượng sữa mẹ có thể thay đổi tùy thuộc vào nhiều yếu tố như cân nặng của mẹ, chế độ ăn uống của mẹ, và nhu cầu của trẻ.

Để đảm bảo cung cấp đủ năng lượng cho trẻ, mẹ nên duy trì chế độ ăn uống cân đối và đa dạng, bao gồm cả sữa mẹ và các loại thực phẩm khác. Mẹ cũng nên tham khảo ý kiến của bác sĩ hoặc chuyên gia dinh dưỡng để có được thông tin chính xác và phù hợp nhất cho bé.

Về tình trạng rốn bé sưng đỏ, mẹ có thể sử dụng cồn 90 độ lau nhẹ nhàng để giảm viêm và ngăn ngừa nhiễm trùng. Tuy nhiên, nếu tình trạng rốn không cải thiện sau khi sử dụng cồn, mẹ nên tham khảo ý kiến của bác sĩ để được tư vấn và điều trị phù hợp.

Về tình trạng nứt ti ta đau khi cho con bú, mẹ có thể sử dụng các biện pháp sau để giảm đau và ngăn ngừa nhiễm trùng:

- Sử dụng cồn 90 độ lau nhẹ nhàng để giảm viêm và ngăn ngừa nhiễm trùng.
- Sử dụng các sản phẩm hỗ trợ cho con bú như bỉm sữa hoặc bỉm sữa tự nhiên.
- Đảm bảo vệ sinh và vệ sinh sạch sẽ khi cho con bú.
- Tham khảo ý kiến của bác sĩ hoặc chuyên gia dinh dưỡng để được tư vấn và điều trị phù hợp.

Về tình trạng tưa miệng trắng ở lưỡi của bé, mẹ không cần lo lắng quá nhiều. Tưa miệng trắng ở lưỡi là một tình trạng phổ biến ở trẻ sơ sinh và thường tự khỏi sau một thời gian. Tuy nhiên, mẹ nên tham khảo ý kiến của bác sĩ để được tư vấn và điều trị phù hợp.

Về việc cho trẻ ăn dặm mấy bữa mỗi ngày, mẹ có thể tham khảo các thông tin sau:

- Trẻ từ 6-7 tháng tuổi nên ăn 1 bữa/ngày, kết hợp bú sữa mẹ.
- Trẻ từ 8-9 tháng tuổi nên ăn 2 bữa/ngày, kết hợp bú sữa mẹ.
- Trẻ từ 10-12 tháng tuổi nên ăn 3 bữa/ngày, kết hợp bú sữa mẹ.

Mẹ nên tham khảo ý kiến của bác sĩ hoặc chuyên gia dinh dưỡng để được tư vấn và điều trị phù hợp cho bé.","['10 điều kiện NCBSM thành công Các cơ sở y tế có nhiệm vụ chăm sóc sức khoẻ bà mẹ và trẻ em cần 1. Có bản qui định về nuôi con bằng sữa mẹ và được phổ biến thường xuyên cho cán bộ y tế. 2. Đào tạo cho tất cả cán bộ y tế những kỹ năng cần thiết để thực hiện quy định này. 3. Thông tin cho tất cả phụ nữ có thai về lợi ích và cách thực hiện nuôi con bằng sữa mẹ. 4. Giúp các bà mẹ bắt đầu cho con bú trong vòng 1 giờ đầu sau đẻ. 5. Chỉ dẫn cho các bà mẹ cách cho con bú và duy trì nguồn sữa ngay cả khi phải xa con. 6. Không cho trẻ sơ sinh bất cứ đồ ăn thức uống gì ngoài sữa mẹ, trừ khi có chỉ định của y tế. 7. Thực hiện mẹ con ở cùng phòng để con gần mẹ suốt 24 giờ trong ngày. 8. Khuyến khích cho trẻ bú theo nhu cầu. 9. Không cho trẻ nhỏ đang bú mẹ ngậm bất cứ loại vú giả hoặc đầu vú cao su nào. 10. Khuyến khích thành lập các nhóm hỗ trợ nuôi con bằng sữa mẹ và giới thiệu các bà mẹ tới đó sau khi họ ra viện.', 'Tại sao chúng ta không cần cho trẻ sơ sinh dưới 6 tháng tuổi uống nước?\nNhiều gia đình có thói quen cho bé uống thêm nước khi bú, hoặc bổ sung nước cho bé sau các cữ bú để bé đỡ khát hoặc để tráng miệng cho bé. Điều này nghe có vẻ hợp lý, nhưng sự thật đây là điều không tốt cho bé sơ sinh dưới 6 tháng tuổi.\nCho trẻ sơ sinh uống nước khiến bé có nguy cơ bị tiêu chảy và suy dinh dưỡng\nNguồn nước có thể không sạch và khiến bé bị nhiễm trùng.\nBên cạnh đó, dạ dày của trẻ sơ sinh có dung tích nhỏ, việc cho bé uống thêm nước sẽ làm cho bé bị no và bú mẹ ít đi, hoặc ngưng bú sữa mẹ, từ đó bé kém hấp thu chất dinh dưỡng dẫn đến tình trạng suy dinh dưỡng. Cho bé uống thêm nước sau mỗi cử bú dễ khiến bé bị ọc hay bị sặc. Mặt khác, nếu các bà mẹ cho con uống nước thay vì bú cũng sẽ khiến mẹ dần ít sữa trong tương lai.\nSữa mẹ có hơn 80% là nước:\nSữa mẹ chứa hơn 80% là nước, đặc biệt là sữa đầu dòng (sữa đầu mỗi cử bú). Do đó, bất cứ khi nào người mẹ cảm thấy con mình khát, mẹ có thể cho con bú. Điều này sẽ thỏa mãn “cơn khát” của bé và tiếp tục bảo vệ bé khỏi nguy cơ nhiễm trùng. Bé không cần nước trước khi được 6 tháng tuổi, ngay cả trong điều kiện khí hậu nóng. Đây cũng là một trong những lý ', 'Câu hỏi: Giải pháp phòng ngừa bệnh xuất huyết não ở trẻ. Trả lời: Xuất huyết não ở trẻ sơ sinh có thể để lại nhiều di chứng cho trẻ nên việc phòng ngừa là điều vô cùng quan trọng và cần thiết.\nVới mẹ bầu, bạn cần chú ý chăm sóc sức khỏe và bổ sung dinh dưỡng đầy đủ ở thời kỳ mang thai. Những thực phẩm giàu vitamin K mà bạn nên ưu tiên sử dụng gồm thịt bò, thịt lợn nạc, trứng gà, ngũ cốc, rau xanh, trứng gà, sữa,... Khi được chẩn đoán thiếu vitamin K, mẹ bầu có thể tiêm bắp 5mg vào 2 tuần cuối trước khi sinh.\nSau khi sinh, trẻ vẫn cần nhận vitamin K từ sữa mẹ hoặc bổ sung từ bên ngoài bằng cách tiêm bổ sung vitamin K (Thông thường tiêm 1 mũi vitamin K1 1mg hoặc vitamin K3 2mg). Trẻ sơ sinh cũng có thể uống vitamin K với liều 3 lần, sau khi sinh, lúc 7 ngày tuổi và 1 tháng tuổi (Mỗi lần 2mg).\nTrên đây là những thông tin cần biết về xuất huyết não ở trẻ sơ sinh mà các bậc phụ huynh có thể tham khảo. Do việc điều trị bệnh thường gặp nhiều khó khăn, thế nên bố mẹ cần áp dụng các giải pháp phòng ngừa để đảm bảo an toàn cho sức khỏe của trẻ..', '16 Nuôi ăn cho trẻ nhỏ Sản phụ được cung cấp thông tin và phải được đảm bảo về • Sữa non – cần thiết cho trẻ trong vài ngày đầu sau sinh • Canh thời gian cho cử bú mẹ đầu tiên, bao gồm hiệu quả của sữa non • Các lợi ích nuôi dưỡng của việc đưa trẻ vào vú bên cạnh những lợi ích dinh dưỡng của việc bú mẹ Tầm quan trọng của sữa non • Chất lỏng dày dính màu vàng do các tế bào nang vú tiết ra trong suốt 3 tháng cuối của thai kì và kéo dài 1 thời gian sau sinh • Số lượng ít, năng lượng cao • Chứa ít đường lactose, vitamin tan trong chất béo, natri cao hơn, kẽm và tất cả các yếu tố bảo vệ • Kháng thể bám vào thành ruột để tránh sự xâm nhập các mầm bệnh • Các yếu tố tăng trưởng kích thích sự phát triển của tế bào niêm mạc, biểu mô, tổng hợp ADN, sự phát triển của các cơ quan và hệ thần kinh • Thường sẽ chuyển sang sữa trưởng thành trong 30-40 giờ sau sinh', 'Bên cạnh đó, số bữa ăn dặm cũng cần được cân bằng với nguồn sữa mẹ để trẻ dần thích nghi với các loại thực phẩm, tránh ăn quá nhiều có thể khiến trẻ từ chối sữa mẹ, làm giảm lượng sữa mẹ sản xuất để đáp ứng nhu cầu của trẻ.\nĂn dặm mấy bữa mỗi ngày là thắc mắc của nhiều bậc cha mẹ \nHiện nay, có nhiều kiểu ăn dặm mẹ có thể lựa chọn để tập cho trẻ như ăn dặm kiểu truyền thống, ăn dặm kiểu Nhật, hoặc ăn dặm kiểu bé chỉ huy. Với phương pháp ăn dặm truyền thống và kiểu Nhật, thức ăn của trẻ cần được chế biến với độ đặc tăng dần và ăn dặm mấy bữa mỗi ngày mẹ có thể tham khảo như sau:\n6 - 7 tháng tuổi: 1 bữa/ngày, kết hợp bú sữa mẹ. Lượng thức ăn từ 100 - 200ml/bữa. Bắt đầu từ bột, cháo nấu loãng cùng thức ăn xay, nghiền, sau đó tăng dần độ sệt, đặc.\n8 - 9 tháng tuổi: 2 bữa/ngày, kết hợp bú sữa mẹ. Lượng thức ăn khoảng 200ml/bữa. Cho trẻ ăn cháo hoặc bột nấu đặc cùng thức ăn nghiền hoặc thái nhỏ.\n10 - 12 tuổi: 3 bữa/ngày, kết hợp bú sữa mẹ. Lượng thức ăn tăng lên khoảng từ 200 - 250ml/bữa. Cho trẻ ăn cháo hoặc bột nấu đặc cùng thức ăn thái nhỏ. Ngoài ra, cần tập cho trẻ cầm nắm thức ăn cắt khúc đã được hấp, luộc, nấu chín.\n12 - 24 tháng: 3 bữa/ngày, kết hợp bú sữa mẹ. Lượng thức ăn tăng lê']",Năng lượng từ sữa mẹ khoảng  500 kcal đến gần 600 kcal.,"Em đang ăn kiêng để giảm cân, cho em hỏi nhu cầu năng lượng từ sữa mẹ/ngày cho trẻ từ 3-5 tháng tuổi là bao nhiêu kcal","['10 điều kiện NCBSM thành công Các cơ sở y tế có nhiệm vụ chăm sóc sức khoẻ bà mẹ và trẻ em cần 1. Có bản qui định về nuôi con bằng sữa mẹ và được phổ biến thường xuyên cho cán bộ y tế. 2. Đào tạo cho tất cả cán bộ y tế những kỹ năng cần thiết để thực hiện quy định này. 3. Thông tin cho tất cả phụ nữ có thai về lợi ích và cách thực hiện nuôi con bằng sữa mẹ. 4. Giúp các bà mẹ bắt đầu cho con bú trong vòng 1 giờ đầu sau đẻ. 5. Chỉ dẫn cho các bà mẹ cách cho con bú và duy trì nguồn sữa ngay cả khi phải xa con. 6. Không cho trẻ sơ sinh bất cứ đồ ăn thức uống gì ngoài sữa mẹ, trừ khi có chỉ định của y tế. 7. Thực hiện mẹ con ở cùng phòng để con gần mẹ suốt 24 giờ trong ngày. 8. Khuyến khích cho trẻ bú theo nhu cầu. 9. Không cho trẻ nhỏ đang bú mẹ ngậm bất cứ loại vú giả hoặc đầu vú cao su nào. 10. Khuyến khích thành lập các nhóm hỗ trợ nuôi con bằng sữa mẹ và giới thiệu các bà mẹ tới đó sau khi họ ra viện.', 'Tại sao chúng ta không cần cho trẻ sơ sinh dưới 6 tháng tuổi uống nước?\nNhiều gia đình có thói quen cho bé uống thêm nước khi bú, hoặc bổ sung nước cho bé sau các cữ bú để bé đỡ khát hoặc để tráng miệng cho bé. Điều này nghe có vẻ hợp lý, nhưng sự thật đây là điều không tốt cho bé sơ sinh dưới 6 tháng tuổi.\nCho trẻ sơ sinh uống nước khiến bé có nguy cơ bị tiêu chảy và suy dinh dưỡng\nNguồn nước có thể không sạch và khiến bé bị nhiễm trùng.\nBên cạnh đó, dạ dày của trẻ sơ sinh có dung tích nhỏ, việc cho bé uống thêm nước sẽ làm cho bé bị no và bú mẹ ít đi, hoặc ngưng bú sữa mẹ, từ đó bé kém hấp thu chất dinh dưỡng dẫn đến tình trạng suy dinh dưỡng. Cho bé uống thêm nước sau mỗi cử bú dễ khiến bé bị ọc hay bị sặc. Mặt khác, nếu các bà mẹ cho con uống nước thay vì bú cũng sẽ khiến mẹ dần ít sữa trong tương lai.\nSữa mẹ có hơn 80% là nước:\nSữa mẹ chứa hơn 80% là nước, đặc biệt là sữa đầu dòng (sữa đầu mỗi cử bú). Do đó, bất cứ khi nào người mẹ cảm thấy con mình khát, mẹ có thể cho con bú. Điều này sẽ thỏa mãn “cơn khát” của bé và tiếp tục bảo vệ bé khỏi nguy cơ nhiễm trùng. Bé không cần nước trước khi được 6 tháng tuổi, ngay cả trong điều kiện khí hậu nóng. Đây cũng là một trong những lý ', 'Câu hỏi: Giải pháp phòng ngừa bệnh xuất huyết não ở trẻ. Trả lời: Xuất huyết não ở trẻ sơ sinh có thể để lại nhiều di chứng cho trẻ nên việc phòng ngừa là điều vô cùng quan trọng và cần thiết.\nVới mẹ bầu, bạn cần chú ý chăm sóc sức khỏe và bổ sung dinh dưỡng đầy đủ ở thời kỳ mang thai. Những thực phẩm giàu vitamin K mà bạn nên ưu tiên sử dụng gồm thịt bò, thịt lợn nạc, trứng gà, ngũ cốc, rau xanh, trứng gà, sữa,... Khi được chẩn đoán thiếu vitamin K, mẹ bầu có thể tiêm bắp 5mg vào 2 tuần cuối trước khi sinh.\nSau khi sinh, trẻ vẫn cần nhận vitamin K từ sữa mẹ hoặc bổ sung từ bên ngoài bằng cách tiêm bổ sung vitamin K (Thông thường tiêm 1 mũi vitamin K1 1mg hoặc vitamin K3 2mg). Trẻ sơ sinh cũng có thể uống vitamin K với liều 3 lần, sau khi sinh, lúc 7 ngày tuổi và 1 tháng tuổi (Mỗi lần 2mg).\nTrên đây là những thông tin cần biết về xuất huyết não ở trẻ sơ sinh mà các bậc phụ huynh có thể tham khảo. Do việc điều trị bệnh thường gặp nhiều khó khăn, thế nên bố mẹ cần áp dụng các giải pháp phòng ngừa để đảm bảo an toàn cho sức khỏe của trẻ..', '16 Nuôi ăn cho trẻ nhỏ Sản phụ được cung cấp thông tin và phải được đảm bảo về • Sữa non – cần thiết cho trẻ trong vài ngày đầu sau sinh • Canh thời gian cho cử bú mẹ đầu tiên, bao gồm hiệu quả của sữa non • Các lợi ích nuôi dưỡng của việc đưa trẻ vào vú bên cạnh những lợi ích dinh dưỡng của việc bú mẹ Tầm quan trọng của sữa non • Chất lỏng dày dính màu vàng do các tế bào nang vú tiết ra trong suốt 3 tháng cuối của thai kì và kéo dài 1 thời gian sau sinh • Số lượng ít, năng lượng cao • Chứa ít đường lactose, vitamin tan trong chất béo, natri cao hơn, kẽm và tất cả các yếu tố bảo vệ • Kháng thể bám vào thành ruột để tránh sự xâm nhập các mầm bệnh • Các yếu tố tăng trưởng kích thích sự phát triển của tế bào niêm mạc, biểu mô, tổng hợp ADN, sự phát triển của các cơ quan và hệ thần kinh • Thường sẽ chuyển sang sữa trưởng thành trong 30-40 giờ sau sinh', 'Bên cạnh đó, số bữa ăn dặm cũng cần được cân bằng với nguồn sữa mẹ để trẻ dần thích nghi với các loại thực phẩm, tránh ăn quá nhiều có thể khiến trẻ từ chối sữa mẹ, làm giảm lượng sữa mẹ sản xuất để đáp ứng nhu cầu của trẻ.\nĂn dặm mấy bữa mỗi ngày là thắc mắc của nhiều bậc cha mẹ \nHiện nay, có nhiều kiểu ăn dặm mẹ có thể lựa chọn để tập cho trẻ như ăn dặm kiểu truyền thống, ăn dặm kiểu Nhật, hoặc ăn dặm kiểu bé chỉ huy. Với phương pháp ăn dặm truyền thống và kiểu Nhật, thức ăn của trẻ cần được chế biến với độ đặc tăng dần và ăn dặm mấy bữa mỗi ngày mẹ có thể tham khảo như sau:\n6 - 7 tháng tuổi: 1 bữa/ngày, kết hợp bú sữa mẹ. Lượng thức ăn từ 100 - 200ml/bữa. Bắt đầu từ bột, cháo nấu loãng cùng thức ăn xay, nghiền, sau đó tăng dần độ sệt, đặc.\n8 - 9 tháng tuổi: 2 bữa/ngày, kết hợp bú sữa mẹ. Lượng thức ăn khoảng 200ml/bữa. Cho trẻ ăn cháo hoặc bột nấu đặc cùng thức ăn nghiền hoặc thái nhỏ.\n10 - 12 tuổi: 3 bữa/ngày, kết hợp bú sữa mẹ. Lượng thức ăn tăng lên khoảng từ 200 - 250ml/bữa. Cho trẻ ăn cháo hoặc bột nấu đặc cùng thức ăn thái nhỏ. Ngoài ra, cần tập cho trẻ cầm nắm thức ăn cắt khúc đã được hấp, luộc, nấu chín.\n12 - 24 tháng: 3 bữa/ngày, kết hợp bú sữa mẹ. Lượng thức ăn tăng lê']","Mẹ ơi, chúc mừng mẹ có bé khỏe mạnh! Giai đoạn này mẹ cần chú ý chăm sóc rốn và tử cung.

Về câu hỏi của mẹ, nhu cầu năng lượng từ sữa mẹ/ngày cho trẻ từ 3-5 tháng tuổi là khoảng 600-700 kcal. Tuy nhiên, lượng sữa mẹ có thể thay đổi tùy thuộc vào nhiều yếu tố như cân nặng của mẹ, chế độ ăn uống của mẹ, và nhu cầu của trẻ.

Để đảm bảo cung cấp đủ năng lượng cho trẻ, mẹ nên duy trì chế độ ăn uống cân đối và đa dạng, bao gồm cả sữa mẹ và các loại thực phẩm khác. Mẹ cũng nên tham khảo ý kiến của bác sĩ hoặc chuyên gia dinh dưỡng để có được thông tin chính xác và phù hợp nhất cho bé.

Về tình trạng rốn bé sưng đỏ, mẹ có thể sử dụng cồn 90 độ lau nhẹ nhàng để giảm viêm và ngăn ngừa nhiễm trùng. Tuy nhiên, nếu tình trạng rốn không cải thiện sau khi sử dụng cồn, mẹ nên tham khảo ý kiến của bác sĩ để được tư vấn và điều trị phù hợp.

Về tình trạng nứt ti ta đau khi cho con bú, mẹ có thể sử dụng các biện pháp sau để giảm đau và ngăn ngừa nhiễm trùng:

- Sử dụng cồn 90 độ lau nhẹ nhàng để giảm viêm và ngăn ngừa nhiễm trùng.
- Sử dụng các sản phẩm hỗ trợ cho con bú như bỉm sữa hoặc bỉm sữa tự nhiên.
- Đảm bảo vệ sinh và vệ sinh sạch sẽ khi cho con bú.
- Tham khảo ý kiến của bác sĩ hoặc chuyên gia dinh dưỡng để được tư vấn và điều trị phù hợp.

Về tình trạng tưa miệng trắng ở lưỡi của bé, mẹ không cần lo lắng quá nhiều. Tưa miệng trắng ở lưỡi là một tình trạng phổ biến ở trẻ sơ sinh và thường tự khỏi sau một thời gian. Tuy nhiên, mẹ nên tham khảo ý kiến của bác sĩ để được tư vấn và điều trị phù hợp.

Về việc cho trẻ ăn dặm mấy bữa mỗi ngày, mẹ có thể tham khảo các thông tin sau:

- Trẻ từ 6-7 tháng tuổi nên ăn 1 bữa/ngày, kết hợp bú sữa mẹ.
- Trẻ từ 8-9 tháng tuổi nên ăn 2 bữa/ngày, kết hợp bú sữa mẹ.
- Trẻ từ 10-12 tháng tuổi nên ăn 3 bữa/ngày, kết hợp bú sữa mẹ.

Mẹ nên tham khảo ý kiến của bác sĩ hoặc chuyên gia dinh dưỡng để được tư vấn và điều trị phù hợp cho bé.",Năng lượng từ sữa mẹ khoảng  500 kcal đến gần 600 kcal.,1.0,0.49999999995,,0.4117647058823529
" Em vừa mua thuốc bổ não cho con, giải pháp hỗ trợ phản xạ oxytocin hoạt động tốt ạ","Mẹ ạ, tôi không thể trả lời câu hỏi của mẹ về việc sử dụng thuốc bổ não cho con. Nếu mẹ có bất kỳ thắc mắc nào về chăm sóc sức khỏe cho con, tôi sẵn sàng giúp đỡ. Tuy nhiên, giải pháp hỗ trợ phản xạ oxytocin hoạt động tốt như sau:

- Tạo điều kiện cho bà mẹ luôn ở bên cạnh con.
- Bà mẹ luôn có được cảm giác thoải mái.
- Luôn củng cố niềm tin cho bà mẹ.
- Không đề cập đến bất cứ điều gì làm cho bà mẹ nghi ngờ về khả năng tạo sữa của mình.

Nếu mẹ có bất kỳ thắc mắc nào khác, xin vui lòng hỏi tôi.","['Giải pháp hỗ trợ phản xạ oxytocin hoạt động tốt • Tạo điều kiện cho bà mẹ luôn ở bên cạnh con, • Bà mẹ luôn có được cảm giác thoải mái, • Luôn củng cố niềm tin cho bà mẹ, • Không đề cập đến bất cứ điều gì làm cho bà mẹ nghi ngờ về khả năng tạo sữa của mình.', 'Chủ đề: Body Part. Tiêu đề: Hormone oxytocin được kiểm soát như thế nào?. Từ khoá: Oxytocin. Câu hỏi: Cảm ứng oxytocin có tác động như thế nào sau khi sinh?. Trả lời: Oxytocin sẽ ngừng tiết sau khi sinh em bé.. Ngữ cảnh: Oxytocin được kiểm soát bởi một cơ chế phản hồi tích cực. Trong đó việc giải phóng hormone gây ra một hành động kích thích, từ hành động này lại phản hồi kích thích tiết nhiều oxytocin hơn. Ví dụ, khi tử cung bắt đầu co bóp, oxytocin được giải phóng, kích thích các cơn co thắt tử cung. Khi tử cung co thắt lại tiếp tục kích thích lượng oxytocin được giải phóng nhiều hơn. Bằng cách này, các cơn co thắt sẽ tiếp tục tăng cường độ và tần suất nhờ nồng độ oxytocin ngày một tăng cao. Không chỉ tác động lên cơn co thắt tử cung, phản hồi tích cực còn liên quan đến phản xạ tạo sữa. Khi trẻ bú vú mẹ, kích thích từ vú sẽ dẫn đến tiết oxytocin vào máu. Oxytocin lại tác động vào cơ trơn của vú và tiếp tục đẩy sữa ra ngoài. Ngoài ra, oxytocin cũng được giải phóng vào não để giúp kích thích bài tiết oxytocin hơn nữa. Tuy nhiên các quá trình này sẽ tự giới hạn khi không còn sự kích thích các cơ quan đích. Ví dụ oxytocin sẽ ngừng tiết sau khi sinh em bé hoặc khi em bé ngừng bú sữa m', 'Chủ đề: Body Part. Tiêu đề: Hormone oxytocin được kiểm soát như thế nào?. Từ khoá: Oxytocin. Câu hỏi: Hormone oxytocin được kiểm soát như thế nào?. Trả lời: Oxytocin được kiểm soát bởi một cơ chế phản hồi tích cực.. Ngữ cảnh: Oxytocin được kiểm soát bởi một cơ chế phản hồi tích cực. Trong đó việc giải phóng hormone gây ra một hành động kích thích, từ hành động này lại phản hồi kích thích tiết nhiều oxytocin hơn. Ví dụ, khi tử cung bắt đầu co bóp, oxytocin được giải phóng, kích thích các cơn co thắt tử cung. Khi tử cung co thắt lại tiếp tục kích thích lượng oxytocin được giải phóng nhiều hơn. Bằng cách này, các cơn co thắt sẽ tiếp tục tăng cường độ và tần suất nhờ nồng độ oxytocin ngày một tăng cao. Không chỉ tác động lên cơn co thắt tử cung, phản hồi tích cực còn liên quan đến phản xạ tạo sữa. Khi trẻ bú vú mẹ, kích thích từ vú sẽ dẫn đến tiết oxytocin vào máu. Oxytocin lại tác động vào cơ trơn của vú và tiếp tục đẩy sữa ra ngoài. Ngoài ra, oxytocin cũng được giải phóng vào não để giúp kích thích bài tiết oxytocin hơn nữa. Tuy nhiên các quá trình này sẽ tự giới hạn khi không còn sự kích thích các cơ quan đích. Ví dụ oxytocin sẽ ngừng tiết sau khi sinh em bé hoặc khi em bé ngừng bú ', ""Chuyên khoa: ['Obstetrics and Gynecology' 'Oncology']. Câu hỏi: Trong điều trị ung thư CTC giai đoạn IIa, người ta không dùng phương pháp:. Các lựa chọn: ['Xạ trị trước mổ' 'Cắt TC hoàn toàn mở rộng + nạo vét hạch'\n 'Xạ trị sau mổ' 'Hóa chất đơn thuần']. Đáp án: D."", '124 | SỬ DỤNG OXYTOCIN Thuốc oxytocin là thuốc gây co cơ tử cung cả về tần số và cường độ. 1. Chỉ định. - Xử trí tích cực giai đoạn ba trong chuyển dạ, sau khi sổ thai để đề phòng chảy máu sau đẻ. - Điều trị chảy máu sau đẻ. - Sử dụng oxytocin để gây cơn co tử cung trong trường hợp gây chuyển dạ hoặc đã chuyển dạ nhưng cơn co thưa, yếu. Chỉ định này áp dụng ở nơi có phẫu thuật với chỉ định rõ ràng của bác sĩ. 2. Chống chỉ định. - Bất tương xứng đầu-chậu. - Ngôi không có chỉ định đẻ đường âm đạo. - Rau tiền đạo. - Rau bong non. - Suy thai cấp và mạn tính. - Không có phòng phẫu thuật, bác sĩ và phương tiện phẫu thuật. 3. Cách dùng. - Để xử trí tích cực giai đoạn 3 của chuyển dạ (xem bài“Đỡ đẻ thường ngôi chỏm”). - Để phòng và điều trị băng huyết do đờ tử cung (xem bài “Chảy máu sau đẻ”). - Trong trường hợp chuyển dạ nếu cơn co tử cung thưa và yếu hoặc do ối vỡ sớm mà cơn co không đủ cho cuộc chuyển dạ tích cực,cách thực hiện như sau: \uf02b Dung dịch glucose 5% x 500ml pha với oxytocin 5đv (1 ống), nhỏ giọt tĩnh mạch với tốc độ sau: • Ban đầu là 5 giọt/phút, sau đó theo dõi cơn co tử cung (cường độ, khoảng cách các cơn co) mà điều chỉnh tốc độ giọt hợp lý (10, 20, 30, 40 giọt) sao cho đạt']","• Tạo điều kiện cho bà mẹ luôn ở bên cạnh con.
• Bà mẹ luôn có được cảm giác thoải mái.
• Luôn củng cố niềm tin cho bà mẹ.
• Không đề cập đến bất cứ điều gì làm cho bà mẹ nghi ngờ về khả năng tạo sữa của mình."," Em vừa mua thuốc bổ não cho con, giải pháp hỗ trợ phản xạ oxytocin hoạt động tốt ạ","['Giải pháp hỗ trợ phản xạ oxytocin hoạt động tốt • Tạo điều kiện cho bà mẹ luôn ở bên cạnh con, • Bà mẹ luôn có được cảm giác thoải mái, • Luôn củng cố niềm tin cho bà mẹ, • Không đề cập đến bất cứ điều gì làm cho bà mẹ nghi ngờ về khả năng tạo sữa của mình.', 'Chủ đề: Body Part. Tiêu đề: Hormone oxytocin được kiểm soát như thế nào?. Từ khoá: Oxytocin. Câu hỏi: Cảm ứng oxytocin có tác động như thế nào sau khi sinh?. Trả lời: Oxytocin sẽ ngừng tiết sau khi sinh em bé.. Ngữ cảnh: Oxytocin được kiểm soát bởi một cơ chế phản hồi tích cực. Trong đó việc giải phóng hormone gây ra một hành động kích thích, từ hành động này lại phản hồi kích thích tiết nhiều oxytocin hơn. Ví dụ, khi tử cung bắt đầu co bóp, oxytocin được giải phóng, kích thích các cơn co thắt tử cung. Khi tử cung co thắt lại tiếp tục kích thích lượng oxytocin được giải phóng nhiều hơn. Bằng cách này, các cơn co thắt sẽ tiếp tục tăng cường độ và tần suất nhờ nồng độ oxytocin ngày một tăng cao. Không chỉ tác động lên cơn co thắt tử cung, phản hồi tích cực còn liên quan đến phản xạ tạo sữa. Khi trẻ bú vú mẹ, kích thích từ vú sẽ dẫn đến tiết oxytocin vào máu. Oxytocin lại tác động vào cơ trơn của vú và tiếp tục đẩy sữa ra ngoài. Ngoài ra, oxytocin cũng được giải phóng vào não để giúp kích thích bài tiết oxytocin hơn nữa. Tuy nhiên các quá trình này sẽ tự giới hạn khi không còn sự kích thích các cơ quan đích. Ví dụ oxytocin sẽ ngừng tiết sau khi sinh em bé hoặc khi em bé ngừng bú sữa m', 'Chủ đề: Body Part. Tiêu đề: Hormone oxytocin được kiểm soát như thế nào?. Từ khoá: Oxytocin. Câu hỏi: Hormone oxytocin được kiểm soát như thế nào?. Trả lời: Oxytocin được kiểm soát bởi một cơ chế phản hồi tích cực.. Ngữ cảnh: Oxytocin được kiểm soát bởi một cơ chế phản hồi tích cực. Trong đó việc giải phóng hormone gây ra một hành động kích thích, từ hành động này lại phản hồi kích thích tiết nhiều oxytocin hơn. Ví dụ, khi tử cung bắt đầu co bóp, oxytocin được giải phóng, kích thích các cơn co thắt tử cung. Khi tử cung co thắt lại tiếp tục kích thích lượng oxytocin được giải phóng nhiều hơn. Bằng cách này, các cơn co thắt sẽ tiếp tục tăng cường độ và tần suất nhờ nồng độ oxytocin ngày một tăng cao. Không chỉ tác động lên cơn co thắt tử cung, phản hồi tích cực còn liên quan đến phản xạ tạo sữa. Khi trẻ bú vú mẹ, kích thích từ vú sẽ dẫn đến tiết oxytocin vào máu. Oxytocin lại tác động vào cơ trơn của vú và tiếp tục đẩy sữa ra ngoài. Ngoài ra, oxytocin cũng được giải phóng vào não để giúp kích thích bài tiết oxytocin hơn nữa. Tuy nhiên các quá trình này sẽ tự giới hạn khi không còn sự kích thích các cơ quan đích. Ví dụ oxytocin sẽ ngừng tiết sau khi sinh em bé hoặc khi em bé ngừng bú ', ""Chuyên khoa: ['Obstetrics and Gynecology' 'Oncology']. Câu hỏi: Trong điều trị ung thư CTC giai đoạn IIa, người ta không dùng phương pháp:. Các lựa chọn: ['Xạ trị trước mổ' 'Cắt TC hoàn toàn mở rộng + nạo vét hạch'\n 'Xạ trị sau mổ' 'Hóa chất đơn thuần']. Đáp án: D."", '124 | SỬ DỤNG OXYTOCIN Thuốc oxytocin là thuốc gây co cơ tử cung cả về tần số và cường độ. 1. Chỉ định. - Xử trí tích cực giai đoạn ba trong chuyển dạ, sau khi sổ thai để đề phòng chảy máu sau đẻ. - Điều trị chảy máu sau đẻ. - Sử dụng oxytocin để gây cơn co tử cung trong trường hợp gây chuyển dạ hoặc đã chuyển dạ nhưng cơn co thưa, yếu. Chỉ định này áp dụng ở nơi có phẫu thuật với chỉ định rõ ràng của bác sĩ. 2. Chống chỉ định. - Bất tương xứng đầu-chậu. - Ngôi không có chỉ định đẻ đường âm đạo. - Rau tiền đạo. - Rau bong non. - Suy thai cấp và mạn tính. - Không có phòng phẫu thuật, bác sĩ và phương tiện phẫu thuật. 3. Cách dùng. - Để xử trí tích cực giai đoạn 3 của chuyển dạ (xem bài“Đỡ đẻ thường ngôi chỏm”). - Để phòng và điều trị băng huyết do đờ tử cung (xem bài “Chảy máu sau đẻ”). - Trong trường hợp chuyển dạ nếu cơn co tử cung thưa và yếu hoặc do ối vỡ sớm mà cơn co không đủ cho cuộc chuyển dạ tích cực,cách thực hiện như sau: \uf02b Dung dịch glucose 5% x 500ml pha với oxytocin 5đv (1 ống), nhỏ giọt tĩnh mạch với tốc độ sau: • Ban đầu là 5 giọt/phút, sau đó theo dõi cơn co tử cung (cường độ, khoảng cách các cơn co) mà điều chỉnh tốc độ giọt hợp lý (10, 20, 30, 40 giọt) sao cho đạt']","Mẹ ạ, tôi không thể trả lời câu hỏi của mẹ về việc sử dụng thuốc bổ não cho con. Nếu mẹ có bất kỳ thắc mắc nào về chăm sóc sức khỏe cho con, tôi sẵn sàng giúp đỡ. Tuy nhiên, giải pháp hỗ trợ phản xạ oxytocin hoạt động tốt như sau:

- Tạo điều kiện cho bà mẹ luôn ở bên cạnh con.
- Bà mẹ luôn có được cảm giác thoải mái.
- Luôn củng cố niềm tin cho bà mẹ.
- Không đề cập đến bất cứ điều gì làm cho bà mẹ nghi ngờ về khả năng tạo sữa của mình.

Nếu mẹ có bất kỳ thắc mắc nào khác, xin vui lòng hỏi tôi.","• Tạo điều kiện cho bà mẹ luôn ở bên cạnh con.
• Bà mẹ luôn có được cảm giác thoải mái.
• Luôn củng cố niềm tin cho bà mẹ.
• Không đề cập đến bất cứ điều gì làm cho bà mẹ nghi ngờ về khả năng tạo sữa của mình.",1.0,0.9999999999,0.0,0.6666666666666666
