question,answer,contexts,reference,user_input,retrieved_contexts,response,faithfulness,context_recall,answer_relevancy,context_precision
Dấu hiệu cho thấy trẻ đang bú hiệu quả?,"Dấu hiệu cho thấy trẻ đang bú hiệu quả:

- Trẻ bú có hiệu quả (mút chậm, sâu, thỉnh thoảng dừng lại rồi bú tiếp. Có thể nhìn hoặc nghe thấy tiếng trẻ nuốt).
- Trẻ bú no thì nhả vú tự nhiên và ngủ yên.","['\ufeffCâu hỏi: Dấu hiệu nào cho thấy trẻ bú đủ sữa?\nTrả lời: Bé bú đủ khi: tiểu 6–8 lần/ngày (nước tiểu trong vàng nhạt), đại tiện 3–5 lần/ngày, tăng cân 150–200g/tuần trong tháng đầu, bú no thì nhả vú tự nhiên và ngủ yên.\nNguồn: Vinmec — Nuôi con bằng sữa mẹ; BV Nhi Đồng 1', '\uf02b Tư thế cho bú đúng (đầu và thân trẻ ở trên cùng một đường thẳng, mặt trẻ đối diện \nvới vú và môi trẻ đối diện với núm vú, thân trẻ sát với mẹ, đỡ toàn bộ người trẻ) \n\uf02b Trẻ bú có hiệu quả (mút chậm, sâu, thỉnh thoảng dừng lại r ồi bú tiếp. Có thể nhìn \nhoặc nghe thấy tiếng trẻ nuốt). \n- Phát hiện các trường hợp có khó khăn khi cho bú mẹ để hướng dẫn chi tiết. \n- Cách giữ gìn nguồn sữa mẹ:', 'Điều kiện 8\nKhuyến khích cho trẻ bú mẹ theo nhu cầu. Bú theo nhu cầu là \ncho trẻ bú bất cứ khi nào trẻ hoặc bà mẹ muốn, không hạn chế \nthời gian và số lần bú.\n• Giúp bà mẹ biết cách nhận biết các dấu hiệu muốn bú của trẻ \nđể cho trẻ bú ngay không nên chờ đến khi trẻ khóc hay mệt \nmới cho trẻ bú\n• Hãy để trẻ bú bao lâu tuỳ thích và giúp trẻ ngậm bắt vú đúng.', 'NHỮNG THÔNG TIN CẦN NHỚ VÀ NHỮNG VIỆC CẦN LÀM\n\uf076 Theo dõi sự tăng trưởng của trẻ:\n\uf075 Theo dõi sự tăng trưởng của trẻ cần phải theo dõi cả chiều cao và cân \nnặng.\n\uf075 Cân nặng và chiều cao tăng đều đặn là dấu hiệu quan trọng nhất cho thấy \ntrẻ đang lớn và phát triển tốt.  \n\uf075 Từ khi sinh ra cho tới khi được hai tuổi, trẻ cần được cân và đo hàng \ntháng. Sau đó, trẻ cần được cân và đo 6 tháng một lần.', '\uf075 Người mẹ không thấy đau ở đầu vú.\n\uf076 Để có đủ sữa nuôi con người mẹ cần:\n\uf075 Ăn đủ chất dinh dưỡng, uống đủ, ngủ tốt.\n\uf075 Tinh thần thoải mái, nghỉ ngơi hợp lý và tin tưởng rằng mình có đủ sữa để \nnuôi con.\n\uf075 Cho trẻ bú nhiều lần cả ban ngày lẫn ban đêm.\n\uf075 Cho trẻ bú lần lượt từng bên, bú hết vú bên này mới chuyển sang bên kia.\n\uf075 Cho trẻ ngậm vú đúng thì trẻ sẽ bú đủ và mẹ sẽ tiết sữa nhiều hơn.']","Trẻ bú chậm, sâu, có lúc nghỉ; má căng phồng; sữa chảy thành tia khi trẻ nhả vú.",Dấu hiệu cho thấy trẻ đang bú hiệu quả?,"['\ufeffCâu hỏi: Dấu hiệu nào cho thấy trẻ bú đủ sữa?\nTrả lời: Bé bú đủ khi: tiểu 6–8 lần/ngày (nước tiểu trong vàng nhạt), đại tiện 3–5 lần/ngày, tăng cân 150–200g/tuần trong tháng đầu, bú no thì nhả vú tự nhiên và ngủ yên.\nNguồn: Vinmec — Nuôi con bằng sữa mẹ; BV Nhi Đồng 1', '\uf02b Tư thế cho bú đúng (đầu và thân trẻ ở trên cùng một đường thẳng, mặt trẻ đối diện \nvới vú và môi trẻ đối diện với núm vú, thân trẻ sát với mẹ, đỡ toàn bộ người trẻ) \n\uf02b Trẻ bú có hiệu quả (mút chậm, sâu, thỉnh thoảng dừng lại r ồi bú tiếp. Có thể nhìn \nhoặc nghe thấy tiếng trẻ nuốt). \n- Phát hiện các trường hợp có khó khăn khi cho bú mẹ để hướng dẫn chi tiết. \n- Cách giữ gìn nguồn sữa mẹ:', 'Điều kiện 8\nKhuyến khích cho trẻ bú mẹ theo nhu cầu. Bú theo nhu cầu là \ncho trẻ bú bất cứ khi nào trẻ hoặc bà mẹ muốn, không hạn chế \nthời gian và số lần bú.\n• Giúp bà mẹ biết cách nhận biết các dấu hiệu muốn bú của trẻ \nđể cho trẻ bú ngay không nên chờ đến khi trẻ khóc hay mệt \nmới cho trẻ bú\n• Hãy để trẻ bú bao lâu tuỳ thích và giúp trẻ ngậm bắt vú đúng.', 'NHỮNG THÔNG TIN CẦN NHỚ VÀ NHỮNG VIỆC CẦN LÀM\n\uf076 Theo dõi sự tăng trưởng của trẻ:\n\uf075 Theo dõi sự tăng trưởng của trẻ cần phải theo dõi cả chiều cao và cân \nnặng.\n\uf075 Cân nặng và chiều cao tăng đều đặn là dấu hiệu quan trọng nhất cho thấy \ntrẻ đang lớn và phát triển tốt.  \n\uf075 Từ khi sinh ra cho tới khi được hai tuổi, trẻ cần được cân và đo hàng \ntháng. Sau đó, trẻ cần được cân và đo 6 tháng một lần.', '\uf075 Người mẹ không thấy đau ở đầu vú.\n\uf076 Để có đủ sữa nuôi con người mẹ cần:\n\uf075 Ăn đủ chất dinh dưỡng, uống đủ, ngủ tốt.\n\uf075 Tinh thần thoải mái, nghỉ ngơi hợp lý và tin tưởng rằng mình có đủ sữa để \nnuôi con.\n\uf075 Cho trẻ bú nhiều lần cả ban ngày lẫn ban đêm.\n\uf075 Cho trẻ bú lần lượt từng bên, bú hết vú bên này mới chuyển sang bên kia.\n\uf075 Cho trẻ ngậm vú đúng thì trẻ sẽ bú đủ và mẹ sẽ tiết sữa nhiều hơn.']","Dấu hiệu cho thấy trẻ đang bú hiệu quả:

- Trẻ bú có hiệu quả (mút chậm, sâu, thỉnh thoảng dừng lại rồi bú tiếp. Có thể nhìn hoặc nghe thấy tiếng trẻ nuốt).
- Trẻ bú no thì nhả vú tự nhiên và ngủ yên.",0.875,0.0,0.531271139969118,0.5888888888692593
Sau khi sinh bao lâu thì em có thể bắt đầu tập các bài thể dục nhẹ nhàng để lấy lại vóc dáng ạ?,"Theo tài liệu, mẹ có thể bắt đầu tập các bài thể dục nhẹ nhàng sau 2-4 tuần sau khi sinh. Bài tập nhẹ như Kegel, đi bộ có thể thực hiện từ tuần 2-4, trong khi bài tập vừa như yoga, bơi lội có thể thực hiện sau 8 tuần nếu vết mổ lành tốt.","['\ufeffCâu hỏi: Mẹ sinh mổ khi nào được tập thể dục lại?\nTrả lời: Bài tập nhẹ (Kegel, đi bộ): từ tuần 2–4. Bài tập vừa (yoga, bơi lội): sau 8 tuần nếu vết mổ lành tốt. Bài tập cường độ cao: sau 3–6 tháng có sự đồng ý của bác sĩ. Không tập bụng nặng trong 6 tháng đầu.\nNguồn: BS Sản Phụ Khoa — Vinmec Phú Quốc', 'Bài tập này cũng đặc biệt hữu hiệu cho phụ nữ sau khi sinh con, nhất là các bà mẹ chọn phương pháp sinh thường. Bình thường, phải mất vài tháng, thậm chí vài năm sau khi sinh con, âm đạo của người phụ nữ mới có thể săn chắc trở lại sau một lần chuyển dạ. Tuy nhiên, thời gian này sẽ rút ngắn lại nếu kiên trì tập luyện bài tập Kegel. Các động tác tập Kegel còn giúp phụ nữ sau sinh phòng ngừa bệnh', 'Chỉ nhíu và kéo lên thôi.\nKhông gồng cứng hai mông và để hai đùi buông lỏng.\nHãy cố gắng bắt đầu bài tập Kegel này thường xuyên sau khi sinh. Thành công chỉ đến với những ai đủ kiên trì tập luyện hàng ngày. Nếu tập liên tục và đúng kỹ thuật, chỉ sau 3-4 tuần bạn sẽ cảm nhận được sự thay đổi tuyệt vời trong cơ thể mình.', 'Đối với đau lưng sau sinh, tại bệnh viện Vinmec các kỹ thuật điều trị đau bao gồm:\nCác bài tập vật lý trị liệu chuyên sâu với mục đích hồi phục sức cơ, hồi phục chức năng cột sống và các khớp. Các bác sĩ sẽ hướng dẫn mẹ các bài tập để các mẹ có thể chủ động tự tập tại nhà.', 'Hạn chế những tác động lên bầu ngực: Mẹ không nên mặc áo ngực quá ngực, không nằm sấp khi ngủ và cần hạn chế những tác động mạnh lên bầu ngực.\nTập luyện thể dục thể thao nhẹ nhàng: Mẹ có thể tham khảo các bộ môn nhẹ nhàng với phụ nữ sau sinh như yoga, kegel, đi bộ… ngoài việc hỗ trợ hoạt động sản xuất sữa mẹ, cải thiện sắc vóc còn mang đến nhiều lợi ích sức khỏe khác.']","Tùy vào tình trạng sức khỏe, thông thường sau khoảng 1 tuần là bạn có thể bắt đầu thực hiện các động tác thể dục nhẹ nhàng.",Sau khi sinh bao lâu thì em có thể bắt đầu tập các bài thể dục nhẹ nhàng để lấy lại vóc dáng ạ?,"['\ufeffCâu hỏi: Mẹ sinh mổ khi nào được tập thể dục lại?\nTrả lời: Bài tập nhẹ (Kegel, đi bộ): từ tuần 2–4. Bài tập vừa (yoga, bơi lội): sau 8 tuần nếu vết mổ lành tốt. Bài tập cường độ cao: sau 3–6 tháng có sự đồng ý của bác sĩ. Không tập bụng nặng trong 6 tháng đầu.\nNguồn: BS Sản Phụ Khoa — Vinmec Phú Quốc', 'Bài tập này cũng đặc biệt hữu hiệu cho phụ nữ sau khi sinh con, nhất là các bà mẹ chọn phương pháp sinh thường. Bình thường, phải mất vài tháng, thậm chí vài năm sau khi sinh con, âm đạo của người phụ nữ mới có thể săn chắc trở lại sau một lần chuyển dạ. Tuy nhiên, thời gian này sẽ rút ngắn lại nếu kiên trì tập luyện bài tập Kegel. Các động tác tập Kegel còn giúp phụ nữ sau sinh phòng ngừa bệnh', 'Chỉ nhíu và kéo lên thôi.\nKhông gồng cứng hai mông và để hai đùi buông lỏng.\nHãy cố gắng bắt đầu bài tập Kegel này thường xuyên sau khi sinh. Thành công chỉ đến với những ai đủ kiên trì tập luyện hàng ngày. Nếu tập liên tục và đúng kỹ thuật, chỉ sau 3-4 tuần bạn sẽ cảm nhận được sự thay đổi tuyệt vời trong cơ thể mình.', 'Đối với đau lưng sau sinh, tại bệnh viện Vinmec các kỹ thuật điều trị đau bao gồm:\nCác bài tập vật lý trị liệu chuyên sâu với mục đích hồi phục sức cơ, hồi phục chức năng cột sống và các khớp. Các bác sĩ sẽ hướng dẫn mẹ các bài tập để các mẹ có thể chủ động tự tập tại nhà.', 'Hạn chế những tác động lên bầu ngực: Mẹ không nên mặc áo ngực quá ngực, không nằm sấp khi ngủ và cần hạn chế những tác động mạnh lên bầu ngực.\nTập luyện thể dục thể thao nhẹ nhàng: Mẹ có thể tham khảo các bộ môn nhẹ nhàng với phụ nữ sau sinh như yoga, kegel, đi bộ… ngoài việc hỗ trợ hoạt động sản xuất sữa mẹ, cải thiện sắc vóc còn mang đến nhiều lợi ích sức khỏe khác.']","Theo tài liệu, mẹ có thể bắt đầu tập các bài thể dục nhẹ nhàng sau 2-4 tuần sau khi sinh. Bài tập nhẹ như Kegel, đi bộ có thể thực hiện từ tuần 2-4, trong khi bài tập vừa như yoga, bơi lội có thể thực hiện sau 8 tuần nếu vết mổ lành tốt.",1.0,1.0,0.742303104120424,0.99999999998
"tại sao sau khi sinh xong em lại bị đau nhức khắp người, đặc biệt là vùng lưng và các khớp tay chân ạ?","Dưới đây là lý do tại sao sau khi sinh, mẹ bị đau nhức khắp người, đặc biệt là vùng lưng và các khớp tay chân:

- Cơ thể phụ nữ sau sinh rất yếu.
- Nhiều phụ nữ bị thiếu máu, mất cân bằng gan thận.
- Làm việc quá sức hay ít vận động có thể là nguyên nhân khiến đau nhức xương khớp sau sinh.","['Sau sinh, nhiều phụ nữ phải đối mặt với những cơn đau nhức mỏi toàn thân, đặc biệt là đau lưng và đau vai gáy. Tình trạng này kéo dài ảnh hưởng rất lớn tới sức khỏe và chất lượng cuộc sống. Những cơn đau nhức xương khớp diễn ra chỉ vài ngày sau khi sinh và kéo dài liên tục, thậm chí dai dẳng nhiều năm trời, nhất là với sản phụ sinh mổ. Nhiều bà mẹ cảm thấy đau lưng, khó khăn khi di chuyển, đứng', '\ufeffCâu hỏi: Sau sinh bị đau lưng phải làm sao?\nTrả lời: Dùng đai lưng hỗ trợ, tập bài tập phục hồi nhẹ nhàng, tránh cúi gập người đột ngột, khi bế bé nhớ ngồi xuống rồi đứng lên. Nếu đau kéo dài hơn 3 tháng hoặc đau lan xuống chân cần khám vật lý trị liệu.\nNguồn: Vinmec — Phục hồi chức năng sau sinh', 'Đau hậu sản, bàng quang, chảy máu... là những vấn đề thường gặp nhất sau sinh thường. Chúng khiến các mẹ khó chịu, đau nhức và mệt mỏi. Nếu không may gặp phải các tình trạng này thì mẹ nên tham khảo ý kiến của bác sĩ chuyên khoa để có cách kiêng cữ sau sinh thường an toàn và giảm thiểu khó chịu một cách hiệu quả.', 'chí dai dẳng nhiều năm trời, nhất là với sản phụ sinh mổ. Nhiều bà mẹ cảm thấy đau lưng, khó khăn khi di chuyển, đứng lên ngồi xuống, không xoay vặn được người. Việc đặt và bế con lên cũng khiến xương khớp nhức mỏi.', 'Cơ thể phụ nữ sau sinh rất yếu, nhiều phụ nữ bị thiếu máu, mất cân bằng gan thận. Đông y cho rằng đó là một trong những nguyên nhân khiến sức khỏe chị em bị giảm sút, ảnh hưởng đến xương khớp. \nLàm việc quá sức hay ít vận động có thể là nguyên nhân khiến đau nhức xương khớp sau sinh']","Tình trạng này thường do cơ thể thiếu hụt canxi và vitamin D sau thai kỳ, thay đổi nội tiết tố làm giãn các dây chằng, hoặc do mẹ phải bế bé và cho bú sai tư thế kéo dài.","tại sao sau khi sinh xong em lại bị đau nhức khắp người, đặc biệt là vùng lưng và các khớp tay chân ạ?","['Sau sinh, nhiều phụ nữ phải đối mặt với những cơn đau nhức mỏi toàn thân, đặc biệt là đau lưng và đau vai gáy. Tình trạng này kéo dài ảnh hưởng rất lớn tới sức khỏe và chất lượng cuộc sống. Những cơn đau nhức xương khớp diễn ra chỉ vài ngày sau khi sinh và kéo dài liên tục, thậm chí dai dẳng nhiều năm trời, nhất là với sản phụ sinh mổ. Nhiều bà mẹ cảm thấy đau lưng, khó khăn khi di chuyển, đứng', '\ufeffCâu hỏi: Sau sinh bị đau lưng phải làm sao?\nTrả lời: Dùng đai lưng hỗ trợ, tập bài tập phục hồi nhẹ nhàng, tránh cúi gập người đột ngột, khi bế bé nhớ ngồi xuống rồi đứng lên. Nếu đau kéo dài hơn 3 tháng hoặc đau lan xuống chân cần khám vật lý trị liệu.\nNguồn: Vinmec — Phục hồi chức năng sau sinh', 'Đau hậu sản, bàng quang, chảy máu... là những vấn đề thường gặp nhất sau sinh thường. Chúng khiến các mẹ khó chịu, đau nhức và mệt mỏi. Nếu không may gặp phải các tình trạng này thì mẹ nên tham khảo ý kiến của bác sĩ chuyên khoa để có cách kiêng cữ sau sinh thường an toàn và giảm thiểu khó chịu một cách hiệu quả.', 'chí dai dẳng nhiều năm trời, nhất là với sản phụ sinh mổ. Nhiều bà mẹ cảm thấy đau lưng, khó khăn khi di chuyển, đứng lên ngồi xuống, không xoay vặn được người. Việc đặt và bế con lên cũng khiến xương khớp nhức mỏi.', 'Cơ thể phụ nữ sau sinh rất yếu, nhiều phụ nữ bị thiếu máu, mất cân bằng gan thận. Đông y cho rằng đó là một trong những nguyên nhân khiến sức khỏe chị em bị giảm sút, ảnh hưởng đến xương khớp. \nLàm việc quá sức hay ít vận động có thể là nguyên nhân khiến đau nhức xương khớp sau sinh']","Dưới đây là lý do tại sao sau khi sinh, mẹ bị đau nhức khắp người, đặc biệt là vùng lưng và các khớp tay chân:

- Cơ thể phụ nữ sau sinh rất yếu.
- Nhiều phụ nữ bị thiếu máu, mất cân bằng gan thận.
- Làm việc quá sức hay ít vận động có thể là nguyên nhân khiến đau nhức xương khớp sau sinh.",1.0,0.21428571428571427,0.7942495524618922,0.8874999999778125
Sữa mẹ chứa bao nhiêu phần trăm là nước?,"Sữa mẹ chủ yếu là nước, không có thông tin cụ thể về phần trăm nước trong sữa mẹ. Tuy nhiên, tài liệu 1 cho biết sữa mẹ cần thêm 500ml nước so với bình thường khi cho con bú.","['\ufeffCâu hỏi: Mẹ sau sinh uống bao nhiêu nước mỗi ngày?\nTrả lời: Tối thiểu 2–3 lít/ngày (8–10 ly nước). Khi cho con bú cần thêm 500ml so với bình thường vì sữa mẹ chủ yếu là nước. Nên uống 1 ly nước trước mỗi cữ bú. Nước trái cây tươi, sữa, canh đều tính vào lượng nước.\nNguồn: BV Từ Dũ — Dinh dưỡng mẹ bỉm sữa', 'nhu cầu của bé, \nnghĩa là tùy \ntheo lượng \nmà bé muốn.\nSữa mẹ là thực phẩm tốt nhất và đầy đủ nhất cho em bé \ntừ 0 đến 6 tháng tuổi. Ngoài sữa mẹ, trẻ không cần bất \ncứ các loại thực phẩm nào khác, kể cả nước \n10', 'Bảo quản sữa mẹ đã vắt như thế nào?\nMục lục\nTrước khi vắt sữa mẹ\nBảo quản sữa mẹ sau khi vắt sữa\nĐiều kiện bảo quản sữa mẹ mới vắt tốt nhất\nLưu ý khi cất trữ sữa mẹ\nLưu ý khi đông lạnh sữa mẹ\nSữa mẹ đã rã đông có mùi hoặc trông khác với sữa mẹ tươi không?\nNuôi con bằng sữa mẹ trữ đông\nVệ sinh an toàn các vật dụng cho trẻ sơ sinh và thiết bị hút sữa', 'đường lactose, nước và các chất dinh dưỡng khác\n\uf0fc Sữa cuối bữa bú: bài tiết cuối bữa bú của trẻ. Sữa cuối bữa \nmầu trắng đục vì chứa nhiều chất béo, chất béo này cung \ncấp nhiều năng lượng\n• Tại sao cần cho bú mẹ hết bên vú này mới chuyển sang bế vú\nđối diện?', 'Chế độ ăn khi có thai. \n- Lượng tăng ít nhất 1/4 (tăng số bữa ăn và số lượng cơm, thức ăn trong mỗi bữa). \n- Tăng chất: đảm bảo cho sự phát triển của mẹ và con (thịt, cá, tôm, sữa, trứng, đậu lạc, \nvừng, dầu ăn, rau quả tươi). \n- Uống ít nhất 02 lít nước mỗi ngày (sữa + nước hoa quả + nước lọc) cho đến hết thời kỳ \ncho con bú.']",Sữa mẹ chứa tới 88% là nước.,Sữa mẹ chứa bao nhiêu phần trăm là nước?,"['\ufeffCâu hỏi: Mẹ sau sinh uống bao nhiêu nước mỗi ngày?\nTrả lời: Tối thiểu 2–3 lít/ngày (8–10 ly nước). Khi cho con bú cần thêm 500ml so với bình thường vì sữa mẹ chủ yếu là nước. Nên uống 1 ly nước trước mỗi cữ bú. Nước trái cây tươi, sữa, canh đều tính vào lượng nước.\nNguồn: BV Từ Dũ — Dinh dưỡng mẹ bỉm sữa', 'nhu cầu của bé, \nnghĩa là tùy \ntheo lượng \nmà bé muốn.\nSữa mẹ là thực phẩm tốt nhất và đầy đủ nhất cho em bé \ntừ 0 đến 6 tháng tuổi. Ngoài sữa mẹ, trẻ không cần bất \ncứ các loại thực phẩm nào khác, kể cả nước \n10', 'Bảo quản sữa mẹ đã vắt như thế nào?\nMục lục\nTrước khi vắt sữa mẹ\nBảo quản sữa mẹ sau khi vắt sữa\nĐiều kiện bảo quản sữa mẹ mới vắt tốt nhất\nLưu ý khi cất trữ sữa mẹ\nLưu ý khi đông lạnh sữa mẹ\nSữa mẹ đã rã đông có mùi hoặc trông khác với sữa mẹ tươi không?\nNuôi con bằng sữa mẹ trữ đông\nVệ sinh an toàn các vật dụng cho trẻ sơ sinh và thiết bị hút sữa', 'đường lactose, nước và các chất dinh dưỡng khác\n\uf0fc Sữa cuối bữa bú: bài tiết cuối bữa bú của trẻ. Sữa cuối bữa \nmầu trắng đục vì chứa nhiều chất béo, chất béo này cung \ncấp nhiều năng lượng\n• Tại sao cần cho bú mẹ hết bên vú này mới chuyển sang bế vú\nđối diện?', 'Chế độ ăn khi có thai. \n- Lượng tăng ít nhất 1/4 (tăng số bữa ăn và số lượng cơm, thức ăn trong mỗi bữa). \n- Tăng chất: đảm bảo cho sự phát triển của mẹ và con (thịt, cá, tôm, sữa, trứng, đậu lạc, \nvừng, dầu ăn, rau quả tươi). \n- Uống ít nhất 02 lít nước mỗi ngày (sữa + nước hoa quả + nước lọc) cho đến hết thời kỳ \ncho con bú.']","Sữa mẹ chủ yếu là nước, không có thông tin cụ thể về phần trăm nước trong sữa mẹ. Tuy nhiên, tài liệu 1 cho biết sữa mẹ cần thêm 500ml nước so với bình thường khi cho con bú.",1.0,1.0,0.6545543291378413,0.9999999999
Thời gian bảo quản sữa mẹ trong ngăn đá tủ lạnh (-18 đến -20°C)?,"Theo tài liệu 1, thời gian bảo quản sữa mẹ trong ngăn đá tủ lạnh có nhiệt độ từ -18 đến -20°C là tốt nhất 6 tháng (có thể để tới 12 tháng).","['Bảo quản sữa mẹ đã vắt ra\nNơi bảo quản Nhiệt độ Thời gian bảo quản\n\uf0b7 Ở nhiệt độ \nphòng 19 - 26°C \uf0b7 Tốt nhất 4 tiếng (có thể để\ntừ 6-8 tiếng)\n\uf0b7 Trong ngăn mát \ntủ lạnh <4°C \uf0b7 Tốt nhất 4 ngày (có thể để\ntới 8 ngày)\n\uf0b7 Trong ngăn đá\ntủ lạnh -18 đến -20°C \uf0b7 Tốt nhất 6 tháng (có thể để \ntới 12 tháng)', 'và trên cùng của ngăn đá tủ lạnh. \n- Thời gian bảo quản sữa mẹ: Nếu ở nhiệt độ 19 - 26 độ \nC thì bảo quản được tốt nhất 4 tiếng (có thể để từ 6-8 tiếng).', 'Lưu ý khi cất trữ sữa mẹ\nGhi nhãn rõ ràng trên bình/túi sữa trước khi trữ đông.\nTrữ đông sữa mẹ bằng tủ đông riêng để đạt được thời gian bảo quản tốt tối đa. Không bảo quản lâu sữa mẹ trong ngăn mát tủ lạnh hoặc ngăn đá tủ lạnh. Thay đổi nhiệt độ từ việc đóng - mở cửa tủ lạnh thường xuyên có thể ảnh hưởng đến chất lượng sữa bảo quản.', 'Sữa mẹ có thể được bảo quản trong túi đá giữ nhiệt tối đa 24 giờ nếu bạn đi du lịch hoặc vận chuyển sữa đến nơi khác, sau đó hãy bảo quản trong tủ đông nếu chưa dùng đến.\nCó thể bảo quản sữa mẹ vắt ra trong túi đá giữ nhiệt tối đa 24 giờ\nRã đông sữa mẹ an toàn\n-Luôn luôn rã đông sữa mẹ cũ nhất trước. Theo thời gian, chất lượng sữa mẹ có thể giảm xuống.\n-Một số cách rã đông sữa mẹ:', '*Thời gian bảo quản được khuyến nghị là rất quan trọng cần tuân theo để có chất lượng tốt nhất.\nNghiên cứu cho thấy rằng việc bảo quản sữa mẹ càng lâu - cho dù trong tủ lạnh hay trong tủ đông thì lượng vitamin C trong sữa bị mất đi càng nhiều.']",Tốt nhất trong 6 tháng và có thể lên tới 12 tháng.,Thời gian bảo quản sữa mẹ trong ngăn đá tủ lạnh (-18 đến -20°C)?,"['Bảo quản sữa mẹ đã vắt ra\nNơi bảo quản Nhiệt độ Thời gian bảo quản\n\uf0b7 Ở nhiệt độ \nphòng 19 - 26°C \uf0b7 Tốt nhất 4 tiếng (có thể để\ntừ 6-8 tiếng)\n\uf0b7 Trong ngăn mát \ntủ lạnh <4°C \uf0b7 Tốt nhất 4 ngày (có thể để\ntới 8 ngày)\n\uf0b7 Trong ngăn đá\ntủ lạnh -18 đến -20°C \uf0b7 Tốt nhất 6 tháng (có thể để \ntới 12 tháng)', 'và trên cùng của ngăn đá tủ lạnh. \n- Thời gian bảo quản sữa mẹ: Nếu ở nhiệt độ 19 - 26 độ \nC thì bảo quản được tốt nhất 4 tiếng (có thể để từ 6-8 tiếng).', 'Lưu ý khi cất trữ sữa mẹ\nGhi nhãn rõ ràng trên bình/túi sữa trước khi trữ đông.\nTrữ đông sữa mẹ bằng tủ đông riêng để đạt được thời gian bảo quản tốt tối đa. Không bảo quản lâu sữa mẹ trong ngăn mát tủ lạnh hoặc ngăn đá tủ lạnh. Thay đổi nhiệt độ từ việc đóng - mở cửa tủ lạnh thường xuyên có thể ảnh hưởng đến chất lượng sữa bảo quản.', 'Sữa mẹ có thể được bảo quản trong túi đá giữ nhiệt tối đa 24 giờ nếu bạn đi du lịch hoặc vận chuyển sữa đến nơi khác, sau đó hãy bảo quản trong tủ đông nếu chưa dùng đến.\nCó thể bảo quản sữa mẹ vắt ra trong túi đá giữ nhiệt tối đa 24 giờ\nRã đông sữa mẹ an toàn\n-Luôn luôn rã đông sữa mẹ cũ nhất trước. Theo thời gian, chất lượng sữa mẹ có thể giảm xuống.\n-Một số cách rã đông sữa mẹ:', '*Thời gian bảo quản được khuyến nghị là rất quan trọng cần tuân theo để có chất lượng tốt nhất.\nNghiên cứu cho thấy rằng việc bảo quản sữa mẹ càng lâu - cho dù trong tủ lạnh hay trong tủ đông thì lượng vitamin C trong sữa bị mất đi càng nhiều.']","Theo tài liệu 1, thời gian bảo quản sữa mẹ trong ngăn đá tủ lạnh có nhiệt độ từ -18 đến -20°C là tốt nhất 6 tháng (có thể để tới 12 tháng).",1.0,1.0,0.9560781135138409,0.8055555555287036
Nguyên nhân phổ biến nhất gây băng huyết sau sinh là gì?,"Dựa trên tài liệu, nguyên nhân phổ biến nhất gây băng huyết sau sinh là đờ tử cung, chiếm khoảng 80%.","['• Băng huyết sau sinh muộn (hay thứ phát): xảy ra từ 24 giờ đến 6 tuần sau sinh. \nBăng huyết sau sinh nguyên phát chiếm 4- 6% tổng số ca sinh, trong đó đờ tử cung là \nnguyên nhân thường gặp nhất chiếm khoảng 80% \nƯớc tính mỗi năm trên thế giới có khoảng 140.000 trường hợp tử vong vì băng huyết \nsau sinh nặng. \nII. TRIỆU CHỨNG', 'Trầm cảm sau sinh xảy ra khi nào?\nTrầm cảm sau sinh có thể xảy ra trong vòng 1 năm sau khi sinh con, nhưng thường bắt đầu khoảng 1–3 tuần sau khi sinh.\nNguyên nhân gây ra chứng trầm cảm sau sinh là gì?\nTrầm cảm sau sinh có thể là do sự kết hợp của nhiều yếu tố. Các yếu tố này bao gồm:\nNguyên nhân gây ra chứng trầm cảm sau sinh là gì?', 'Trung tâm Sản và Hỗ trợ Sinh sản - Bệnh viện Đa khoa Vinmec Đà Nẵng \nĐăng ký khám \nPhụ nữ sau sinh rất dễ bị nhiễm lạnh do tổn thương khí huyết. Nếu không giữ ấm cơ thể, để gió lạnh lùa vào có thể gây đau lưng, đau nhức xương khớp toàn thân.', 'với số lượng từ 500ml trở lên trong vòng 24 giờ sau khi sổ thai hoặc mổ sinh VÀ có ảnh \nhưởng đến tổng trạng, tri giác và sinh hiệu của sản phụ. \nBăng huyết sau sinh là một cấp cứu sản khoa, được phân loại thành : \n• Băng huyết sau sinh sớm (hay nguyên phát): xảy ra trong vòng 24 giờ đầu. \n• Băng huyết sau sinh muộn (hay thứ phát): xảy ra từ 24 giờ đến 6 tuần sau sinh.', 'VI. DỰ PHÒNG \nKhông phải ""Đa số"" sản phụ được có nguy cơ đều bị băng huyết sau sinh, chỉ có một số \nít bị băng huyết sau sinh (ngoại trừ nhau bất thường). Ngược lại,  ""Nhiều"" trường hợp không \ncó yếu tố nguy cơ băng huyết sau sinh nhưng lại bị băng huyết sau sinh.']","Đờ tử cung là nguyên nhân thường gặp nhất, chiếm khoảng 80% các trường hợp.",Nguyên nhân phổ biến nhất gây băng huyết sau sinh là gì?,"['• Băng huyết sau sinh muộn (hay thứ phát): xảy ra từ 24 giờ đến 6 tuần sau sinh. \nBăng huyết sau sinh nguyên phát chiếm 4- 6% tổng số ca sinh, trong đó đờ tử cung là \nnguyên nhân thường gặp nhất chiếm khoảng 80% \nƯớc tính mỗi năm trên thế giới có khoảng 140.000 trường hợp tử vong vì băng huyết \nsau sinh nặng. \nII. TRIỆU CHỨNG', 'Trầm cảm sau sinh xảy ra khi nào?\nTrầm cảm sau sinh có thể xảy ra trong vòng 1 năm sau khi sinh con, nhưng thường bắt đầu khoảng 1–3 tuần sau khi sinh.\nNguyên nhân gây ra chứng trầm cảm sau sinh là gì?\nTrầm cảm sau sinh có thể là do sự kết hợp của nhiều yếu tố. Các yếu tố này bao gồm:\nNguyên nhân gây ra chứng trầm cảm sau sinh là gì?', 'Trung tâm Sản và Hỗ trợ Sinh sản - Bệnh viện Đa khoa Vinmec Đà Nẵng \nĐăng ký khám \nPhụ nữ sau sinh rất dễ bị nhiễm lạnh do tổn thương khí huyết. Nếu không giữ ấm cơ thể, để gió lạnh lùa vào có thể gây đau lưng, đau nhức xương khớp toàn thân.', 'với số lượng từ 500ml trở lên trong vòng 24 giờ sau khi sổ thai hoặc mổ sinh VÀ có ảnh \nhưởng đến tổng trạng, tri giác và sinh hiệu của sản phụ. \nBăng huyết sau sinh là một cấp cứu sản khoa, được phân loại thành : \n• Băng huyết sau sinh sớm (hay nguyên phát): xảy ra trong vòng 24 giờ đầu. \n• Băng huyết sau sinh muộn (hay thứ phát): xảy ra từ 24 giờ đến 6 tuần sau sinh.', 'VI. DỰ PHÒNG \nKhông phải ""Đa số"" sản phụ được có nguy cơ đều bị băng huyết sau sinh, chỉ có một số \nít bị băng huyết sau sinh (ngoại trừ nhau bất thường). Ngược lại,  ""Nhiều"" trường hợp không \ncó yếu tố nguy cơ băng huyết sau sinh nhưng lại bị băng huyết sau sinh.']","Dựa trên tài liệu, nguyên nhân phổ biến nhất gây băng huyết sau sinh là đờ tử cung, chiếm khoảng 80%.",0.5,0.4444444444444444,1.0000000000000002,0.9999999999
Sữa mẹ sau khi vắt ra để ở nhiệt độ phòng (khoảng 25 độ C) thì dùng được trong bao lâu?,"Theo tài liệu, sữa mẹ vắt ra có thể được bảo quản trong nhiệt độ phòng (25°C) trong khoảng 4-6 giờ.","['Sữa mẹ có thể được bảo quản trong túi đá giữ nhiệt tối đa 24 giờ nếu bạn đi du lịch hoặc vận chuyển sữa đến nơi khác, sau đó hãy bảo quản trong tủ đông nếu chưa dùng đến.\nCó thể bảo quản sữa mẹ vắt ra trong túi đá giữ nhiệt tối đa 24 giờ\nRã đông sữa mẹ an toàn\n-Luôn luôn rã đông sữa mẹ cũ nhất trước. Theo thời gian, chất lượng sữa mẹ có thể giảm xuống.\n-Một số cách rã đông sữa mẹ:', 'Nuôi con bằng sữa mẹ trữ đông\n-Sữa mẹ không cần hâm nóng. Nó có thể được dùng ở nhiệt độ phòng hoặc dùng lạnh.\n-Nếu mẹ muốn hâm nóng sữa cho con, cần lưu ý:\n+\xa0\xa0\xa0\xa0\xa0\xa0 Luôn đậy kín bình/túi chứa sữa khi hâm nóng.\n+\xa0\xa0\xa0\xa0\xa0\xa0 Hâm nóng trong nước ấm\n+\xa0\xa0\xa0\xa0\xa0\xa0 Kiểm tra nhiệt độ của sữa trước khi cho bé bú bằng cách nhỏ vài giọt lên cổ tay.\n+\xa0\xa0\xa0\xa0\xa0\xa0 Không đun sữa mẹ trực tiếp trên bếp hoặc trong lò vi sóng.', 'Bảo quản sữa mẹ đã vắt như thế nào?\nMục lục\nTrước khi vắt sữa mẹ\nBảo quản sữa mẹ sau khi vắt sữa\nĐiều kiện bảo quản sữa mẹ mới vắt tốt nhất\nLưu ý khi cất trữ sữa mẹ\nLưu ý khi đông lạnh sữa mẹ\nSữa mẹ đã rã đông có mùi hoặc trông khác với sữa mẹ tươi không?\nNuôi con bằng sữa mẹ trữ đông\nVệ sinh an toàn các vật dụng cho trẻ sơ sinh và thiết bị hút sữa', '-Nếu bạn rã đông sữa mẹ trong tủ lạnh, hãy sử dụng nó trong vòng 24 giờ (tính từ lúc sữa mẹ được rã đông hoàn toàn, không phải từ khi bạn lấy sữa ra khỏi tủ đông)\n-Sau khi sữa mẹ được rã đông và làm ấm, chỉ sử dụng trong vòng 2 giờ.\n-Không nên đông lạnh lại sữa mẹ đã rã đông.\nSữa mẹ đã rã đông có mùi hoặc trông khác với sữa mẹ tươi không?', '\ufeffCâu hỏi: Sữa mẹ vắt ra bảo quản được bao lâu?\nTrả lời: Nhiệt độ phòng (25°C): 4–6 giờ. Ngăn mát tủ lạnh (4°C): 3–4 ngày. Ngăn đá một cánh (-15°C): 2 tuần. Ngăn đông riêng (-18°C): 3–6 tháng. Sữa rã đông trong ngăn mát dùng trong 24 giờ, không đông lại.\nNguồn: Vinmec; VSBA — Hội Tư vấn Sữa mẹ Việt Nam']",Sữa bảo quản tốt nhất trong 4 tiếng và có thể để tối đa từ 6 đến 8 tiếng ở nhiệt độ này.,Sữa mẹ sau khi vắt ra để ở nhiệt độ phòng (khoảng 25 độ C) thì dùng được trong bao lâu?,"['Sữa mẹ có thể được bảo quản trong túi đá giữ nhiệt tối đa 24 giờ nếu bạn đi du lịch hoặc vận chuyển sữa đến nơi khác, sau đó hãy bảo quản trong tủ đông nếu chưa dùng đến.\nCó thể bảo quản sữa mẹ vắt ra trong túi đá giữ nhiệt tối đa 24 giờ\nRã đông sữa mẹ an toàn\n-Luôn luôn rã đông sữa mẹ cũ nhất trước. Theo thời gian, chất lượng sữa mẹ có thể giảm xuống.\n-Một số cách rã đông sữa mẹ:', 'Nuôi con bằng sữa mẹ trữ đông\n-Sữa mẹ không cần hâm nóng. Nó có thể được dùng ở nhiệt độ phòng hoặc dùng lạnh.\n-Nếu mẹ muốn hâm nóng sữa cho con, cần lưu ý:\n+\xa0\xa0\xa0\xa0\xa0\xa0 Luôn đậy kín bình/túi chứa sữa khi hâm nóng.\n+\xa0\xa0\xa0\xa0\xa0\xa0 Hâm nóng trong nước ấm\n+\xa0\xa0\xa0\xa0\xa0\xa0 Kiểm tra nhiệt độ của sữa trước khi cho bé bú bằng cách nhỏ vài giọt lên cổ tay.\n+\xa0\xa0\xa0\xa0\xa0\xa0 Không đun sữa mẹ trực tiếp trên bếp hoặc trong lò vi sóng.', 'Bảo quản sữa mẹ đã vắt như thế nào?\nMục lục\nTrước khi vắt sữa mẹ\nBảo quản sữa mẹ sau khi vắt sữa\nĐiều kiện bảo quản sữa mẹ mới vắt tốt nhất\nLưu ý khi cất trữ sữa mẹ\nLưu ý khi đông lạnh sữa mẹ\nSữa mẹ đã rã đông có mùi hoặc trông khác với sữa mẹ tươi không?\nNuôi con bằng sữa mẹ trữ đông\nVệ sinh an toàn các vật dụng cho trẻ sơ sinh và thiết bị hút sữa', '-Nếu bạn rã đông sữa mẹ trong tủ lạnh, hãy sử dụng nó trong vòng 24 giờ (tính từ lúc sữa mẹ được rã đông hoàn toàn, không phải từ khi bạn lấy sữa ra khỏi tủ đông)\n-Sau khi sữa mẹ được rã đông và làm ấm, chỉ sử dụng trong vòng 2 giờ.\n-Không nên đông lạnh lại sữa mẹ đã rã đông.\nSữa mẹ đã rã đông có mùi hoặc trông khác với sữa mẹ tươi không?', '\ufeffCâu hỏi: Sữa mẹ vắt ra bảo quản được bao lâu?\nTrả lời: Nhiệt độ phòng (25°C): 4–6 giờ. Ngăn mát tủ lạnh (4°C): 3–4 ngày. Ngăn đá một cánh (-15°C): 2 tuần. Ngăn đông riêng (-18°C): 3–6 tháng. Sữa rã đông trong ngăn mát dùng trong 24 giờ, không đông lại.\nNguồn: Vinmec; VSBA — Hội Tư vấn Sữa mẹ Việt Nam']","Theo tài liệu, sữa mẹ vắt ra có thể được bảo quản trong nhiệt độ phòng (25°C) trong khoảng 4-6 giờ.",0.6666666666666666,1.0,0.782861440586054,0.5888888888692593
Làm sao để em tạo được thói quen ăn uống tốt cho con và tránh tình trạng trẻ chỉ thích ăn một vài món nhất định ạ?,"Để tạo thói quen ăn uống tốt cho con và giúp trẻ không chỉ thích ăn một vài món nhất định, bạn có thể tham khảo các gợi ý sau:

- Cho trẻ ngồi ăn cơm chung với cả gia đình để trẻ học cách ăn uống, gắp đồ ăn và nhai kỹ thức ăn (Tài liệu 2).
- Cho bé ăn dặm từ ít đến nhiều, tăng lượng ăn dần dần để dạ dày và hệ tiêu hóa của trẻ có thời gian làm quen và thích nghi với một loại thức ăn mới (Tài liệu 4).
- Hướng dẫn chế độ ăn uống cho sản phụ, bao gồm ăn nhiều chất dinh dưỡng, dễ tiêu hóa, và tránh các chất kích thích như chè, cà phê, thuốc lá (Tài liệu 5).","['\uf075 Cho con bú là một trong những hình thức cho ăn tự nhiên nhất, sữa mẹ \nluôn có sẵn và không bị hỏng.\n\uf075 Sữa mẹ giúp bảo vệ trẻ khỏi các nhiễm khuẩn và dị ứng.\n\uf075 Bú mẹ giúp trẻ phát triển tốt các giác quan, trẻ cảm thấy an toàn và được \nyêu quý.\n\uf075 Bú mẹ hoàn toàn làm cho kinh nguyệt trở lại chậm và giúp tránh thai.\n\uf075 Cho trẻ bú thường xuyên giúp mẹ có nhiều sữa hơn. Hầu hết tất cả các bà', 'Cho trẻ ngồi ăn cơm chung với cả gia đình để trẻ học cách ăn uống, gắp đồ ăn và nhai kỹ thức ăn.\nLưu ý: dù ở độ tuổi nào bạn cũng không nên cho trẻ ăn nhiều các loại đồ ăn vặt như bánh, kẹo, bim bim, khoai tây chiên... vì sẽ làm cho trẻ đầy bụng, bỏ bữa.', 'quả, không gây tổn thương các tuyến sữa bình thường khác, không cần sử dụng thuốc giảm đau và chống viêm toàn thân, trong thời gian điều trị mẹ vẫn có thể cho con bú bình thường, đảm bảo cung cấp dinh dưỡng thiết yếu và kháng thể tự nhiên cho con phát triển khỏe mạnh và phát triển toàn diện nhất.', 'Cho bé ăn dặm từ ít đến nhiều\nThời gian đầu cho bé ăn dặm, cha mẹ nên tập cho bé ăn từng chút một. 1 - 3 bữa đầu tiên có thể cho trẻ ăn từ 5 - 10ml thức ăn. Tăng lượng ăn dần dần để dạ dày và hệ tiêu hóa của trẻ có thời gian làm quen và thích nghi với một loại thức ăn mới không phải sữa mẹ.', 'phòng táo bón \n- Hướng dẫn chế độ ăn uống \n+ Cho sản phụ ăn nhiều chất dinh dưỡng để nhanh phục hồi sức khỏe, \năn chất dễ tiêu hóa, có th ể ăn nhiều bữa ăn trong ngày chỉ  kiêng các chất \nkích thích như: chè, cà phê, thuốc lá... \n+ Cho ăn nhiều thức ăn tạo sữa như: Móng giò, đu đù hầm... \n+ Khuyên sản phụ uống nhiều nước khoảng 2 lít/ ngày, nếu là nước có']","Bạn nên tập cho trẻ ăn đúng giờ, không ăn quà vặt trước bữa chính, trang trí món ăn đẹp mắt và tuyệt đối không ép buộc hay mắng nhiếc khi trẻ ăn.",Làm sao để em tạo được thói quen ăn uống tốt cho con và tránh tình trạng trẻ chỉ thích ăn một vài món nhất định ạ?,"['\uf075 Cho con bú là một trong những hình thức cho ăn tự nhiên nhất, sữa mẹ \nluôn có sẵn và không bị hỏng.\n\uf075 Sữa mẹ giúp bảo vệ trẻ khỏi các nhiễm khuẩn và dị ứng.\n\uf075 Bú mẹ giúp trẻ phát triển tốt các giác quan, trẻ cảm thấy an toàn và được \nyêu quý.\n\uf075 Bú mẹ hoàn toàn làm cho kinh nguyệt trở lại chậm và giúp tránh thai.\n\uf075 Cho trẻ bú thường xuyên giúp mẹ có nhiều sữa hơn. Hầu hết tất cả các bà', 'Cho trẻ ngồi ăn cơm chung với cả gia đình để trẻ học cách ăn uống, gắp đồ ăn và nhai kỹ thức ăn.\nLưu ý: dù ở độ tuổi nào bạn cũng không nên cho trẻ ăn nhiều các loại đồ ăn vặt như bánh, kẹo, bim bim, khoai tây chiên... vì sẽ làm cho trẻ đầy bụng, bỏ bữa.', 'quả, không gây tổn thương các tuyến sữa bình thường khác, không cần sử dụng thuốc giảm đau và chống viêm toàn thân, trong thời gian điều trị mẹ vẫn có thể cho con bú bình thường, đảm bảo cung cấp dinh dưỡng thiết yếu và kháng thể tự nhiên cho con phát triển khỏe mạnh và phát triển toàn diện nhất.', 'Cho bé ăn dặm từ ít đến nhiều\nThời gian đầu cho bé ăn dặm, cha mẹ nên tập cho bé ăn từng chút một. 1 - 3 bữa đầu tiên có thể cho trẻ ăn từ 5 - 10ml thức ăn. Tăng lượng ăn dần dần để dạ dày và hệ tiêu hóa của trẻ có thời gian làm quen và thích nghi với một loại thức ăn mới không phải sữa mẹ.', 'phòng táo bón \n- Hướng dẫn chế độ ăn uống \n+ Cho sản phụ ăn nhiều chất dinh dưỡng để nhanh phục hồi sức khỏe, \năn chất dễ tiêu hóa, có th ể ăn nhiều bữa ăn trong ngày chỉ  kiêng các chất \nkích thích như: chè, cà phê, thuốc lá... \n+ Cho ăn nhiều thức ăn tạo sữa như: Móng giò, đu đù hầm... \n+ Khuyên sản phụ uống nhiều nước khoảng 2 lít/ ngày, nếu là nước có']","Để tạo thói quen ăn uống tốt cho con và giúp trẻ không chỉ thích ăn một vài món nhất định, bạn có thể tham khảo các gợi ý sau:

- Cho trẻ ngồi ăn cơm chung với cả gia đình để trẻ học cách ăn uống, gắp đồ ăn và nhai kỹ thức ăn (Tài liệu 2).
- Cho bé ăn dặm từ ít đến nhiều, tăng lượng ăn dần dần để dạ dày và hệ tiêu hóa của trẻ có thời gian làm quen và thích nghi với một loại thức ăn mới (Tài liệu 4).
- Hướng dẫn chế độ ăn uống cho sản phụ, bao gồm ăn nhiều chất dinh dưỡng, dễ tiêu hóa, và tránh các chất kích thích như chè, cà phê, thuốc lá (Tài liệu 5).",0.7692307692307693,0.0,0.910217876415231,0.0
"Em cảm thấy rất tội lỗi khi không thể chăm sóc con tốt như mong đợi, đây có phải là dấu hiệu của trầm cảm không?","Dưới đây là trả lời dựa trên tài liệu:

- Cảm giác tội lỗi khi không thể chăm sóc con tốt như mong đợi có thể là dấu hiệu của trầm cảm sau sinh.
- Hội chứng baby blues thường kéo dài vài ngày hoặc 1-2 tuần, nhưng trầm cảm sau sinh có thể kéo dài hơn.
- Dấu hiệu của trầm cảm sau sinh bao gồm:
 + Không có hứng thú với em bé hoặc cảm thấy em bé không phải là con của mình.
 + Giảm trí nhớ, giảm khả năng suy nghĩ tập trung hoặc đưa ra quyết định.
 + Suy nghĩ làm hại bản thân hoặc em bé.
 + Suy nghĩ thường xuyên về cái chết hoặc tự tử.

Nếu bạn đang cảm thấy tội lỗi hoặc có các dấu hiệu trên, hãy tìm kiếm sự giúp đỡ từ bác sĩ hoặc chuyên gia tâm lý.","['Khóc mà không có lý do rõ ràng.\nKhó ngủ, khó ăn và khó đưa ra lựa chọn.\nTự hỏi liệu họ có thể chăm sóc em bé không.\nNhững cảm xúc này, thường được gọi là baby blues, có thể đến rồi đi trong vài ngày đầu sau khi sinh.\nHội chứng baby blues thường kéo dài bao lâu?\nHội chứng này thường sẽ thuyên giảm trong vòng vài ngày hoặc 1–2 tuần mà không cần điều trị.\nTrầm cảm sau sinh là gì?', 'điều không chấp nhận được\n• Hãy giữ bình tĩnh.  Mất bình tĩnh sẽ \nkhông giúp ích cho việc dạy dỗ trẻ. Đôi \nkhi cha mẹ có thể cảm thấy rất khó khăn \nđể giữ được sự bình tĩnh và sáng suốt. \nHãy cố gắng là một tấm gương tốt. Nếu \nbạn quá tức giận đến mức bạn nghĩ bạn \ncó thể nói hoặc làm gì đó mà sau này \nnghĩ lại bạn thấy có lỗi, hãy dừng lại một \nchút. Đảm bảo trẻ đang ở một nơi an', '“Anh có thể tiếp tục sống giống như trước khi sinh con, nhưng em đang gặp rất nhiều khó khăn với những thay đổi trong cuộc sống của mình. Em không thể chịu thêm được nữa!"", Asami khóc.\nChính sự cô đơn khi ở nhà một mình chăm con và sự thiếu quan tâm từ người chồng khiến nhiều phụ nữ không thể vượt qua được tình trạng tâm lý bất ổn sau sinh nở.\nSau khi sinh con, lượng nội tiết tố nữ giảm mạnh', '58 \n \n- Không có hứng thú với em bé hoặc cảm thấy em bé \ndường như không phải là con của mình \n- Giảm trí nhớ, giảm khả năng suy nghĩ tập trung hoặc \nđưa ra quyết định \n- Suy nghĩ làm hại bản thân hoặc em bé \n- Suy nghĩ thường xuyên về cái chết hoặc tự tử \n \nNguồn: Ảnh của Pch.vector tải từ Freepik \nhttps://www.freepik.com/free-vector/depressed-mother-', 'LỜI GIỚI THIỆU\nLàm cha mẹ là hành trình mang yêu \nthương và sự chăm sóc cho con bạn.  Làm \ncha mẹ không hề dễ dàng, đôi khi có thể khiến \nbạn nản lòng. Bên cạnh niềm vui từ việc nuôi \ndạy con cái, cha mẹ cũng phải đối mặt với rất \nnhiều vấn đề. Những khoảng thời gian khó \nkhăn có thể mang đến cho bạn cơ hội học hỏi \nvà trưởng thành trong vai trò làm cha mẹ']","Cảm giác tội lỗi, mất hy vọng hoặc thấy mình là người mẹ tồi là những triệu chứng phổ biến của sức khỏe tâm thần sau sinh bị suy giảm; bạn cần được hỗ trợ tâm lý kịp thời.","Em cảm thấy rất tội lỗi khi không thể chăm sóc con tốt như mong đợi, đây có phải là dấu hiệu của trầm cảm không?","['Khóc mà không có lý do rõ ràng.\nKhó ngủ, khó ăn và khó đưa ra lựa chọn.\nTự hỏi liệu họ có thể chăm sóc em bé không.\nNhững cảm xúc này, thường được gọi là baby blues, có thể đến rồi đi trong vài ngày đầu sau khi sinh.\nHội chứng baby blues thường kéo dài bao lâu?\nHội chứng này thường sẽ thuyên giảm trong vòng vài ngày hoặc 1–2 tuần mà không cần điều trị.\nTrầm cảm sau sinh là gì?', 'điều không chấp nhận được\n• Hãy giữ bình tĩnh.  Mất bình tĩnh sẽ \nkhông giúp ích cho việc dạy dỗ trẻ. Đôi \nkhi cha mẹ có thể cảm thấy rất khó khăn \nđể giữ được sự bình tĩnh và sáng suốt. \nHãy cố gắng là một tấm gương tốt. Nếu \nbạn quá tức giận đến mức bạn nghĩ bạn \ncó thể nói hoặc làm gì đó mà sau này \nnghĩ lại bạn thấy có lỗi, hãy dừng lại một \nchút. Đảm bảo trẻ đang ở một nơi an', '“Anh có thể tiếp tục sống giống như trước khi sinh con, nhưng em đang gặp rất nhiều khó khăn với những thay đổi trong cuộc sống của mình. Em không thể chịu thêm được nữa!"", Asami khóc.\nChính sự cô đơn khi ở nhà một mình chăm con và sự thiếu quan tâm từ người chồng khiến nhiều phụ nữ không thể vượt qua được tình trạng tâm lý bất ổn sau sinh nở.\nSau khi sinh con, lượng nội tiết tố nữ giảm mạnh', '58 \n \n- Không có hứng thú với em bé hoặc cảm thấy em bé \ndường như không phải là con của mình \n- Giảm trí nhớ, giảm khả năng suy nghĩ tập trung hoặc \nđưa ra quyết định \n- Suy nghĩ làm hại bản thân hoặc em bé \n- Suy nghĩ thường xuyên về cái chết hoặc tự tử \n \nNguồn: Ảnh của Pch.vector tải từ Freepik \nhttps://www.freepik.com/free-vector/depressed-mother-', 'LỜI GIỚI THIỆU\nLàm cha mẹ là hành trình mang yêu \nthương và sự chăm sóc cho con bạn.  Làm \ncha mẹ không hề dễ dàng, đôi khi có thể khiến \nbạn nản lòng. Bên cạnh niềm vui từ việc nuôi \ndạy con cái, cha mẹ cũng phải đối mặt với rất \nnhiều vấn đề. Những khoảng thời gian khó \nkhăn có thể mang đến cho bạn cơ hội học hỏi \nvà trưởng thành trong vai trò làm cha mẹ']","Dưới đây là trả lời dựa trên tài liệu:

- Cảm giác tội lỗi khi không thể chăm sóc con tốt như mong đợi có thể là dấu hiệu của trầm cảm sau sinh.
- Hội chứng baby blues thường kéo dài vài ngày hoặc 1-2 tuần, nhưng trầm cảm sau sinh có thể kéo dài hơn.
- Dấu hiệu của trầm cảm sau sinh bao gồm:
 + Không có hứng thú với em bé hoặc cảm thấy em bé không phải là con của mình.
 + Giảm trí nhớ, giảm khả năng suy nghĩ tập trung hoặc đưa ra quyết định.
 + Suy nghĩ làm hại bản thân hoặc em bé.
 + Suy nghĩ thường xuyên về cái chết hoặc tự tử.

Nếu bạn đang cảm thấy tội lỗi hoặc có các dấu hiệu trên, hãy tìm kiếm sự giúp đỡ từ bác sĩ hoặc chuyên gia tâm lý.",0.8666666666666667,0.9130434782608695,0.48675297415720276,0.8055555555287036
"Em nghe nói sau sinh không nên ngồi xổm lâu hoặc rặn mạnh khi đi vệ sinh để tránh sa tử cung, có đúng không?","Đúng vậy. Theo tài liệu, mẹ nên tránh ngồi xổm lâu hoặc rặn mạnh khi đi vệ sinh để ngăn chặn sa tử cung.

- Tránh đi lại nhiều, tránh ngồi xổm, nhấc vật nặng trong tuần đầu sau sinh.
- Các bài tập tăng cường co bóp cơ hông và cơ hậu môn là rất cần thiết để phòng ngừa sa tử cung.
- Không nên dùng sức để rặn mà nên thay đổi chế độ ăn với nhiều chất xơ, uống nhiều nước hoặc ăn các món ăn giúp hỗ trợ nhuận tràng.
- Các mẹ nên tránh ngồi xổm lâu hoặc rặn mạnh khi đi vệ sinh để ngăn chặn sa tử cung.","['Tránh đi lại nhiều, tránh ngồi xổm, nhấc vật nặng trong tuần đầu sau sinh.\nKhi ngồi nên chọn ghế mềm hoặc dùng gối donut để giảm áp lực lên vùng tầng sinh môn.\nMẹ có thể nằm nghiêng, kê gối dưới chân để giảm cảm giác căng tức vết khâu.', 'Về chế độ nghỉ ngơi: Hộ sinh trưởng Nguyễn Bích Hạnh - Vinmec Times City khuyên rằng, trong tuần đầu sau khi sinh mẹ nên cố gắng ngủ những khi có thể ngủ được. Càng nghỉ ngơi nhiều càng tốt. Đặc biệt, sau sinh thường mẹ sẽ có nguy cơ gặp phải tình trạng sa tử cung. Để phòng tránh thì mẹ không được làm việc nặng, không ngồi quá lâu và dành nhiều thời gian để nghỉ ngơi, thư giãn. Ngoài ra, việc cho', 'thì mẹ không được làm việc nặng, không ngồi quá lâu và dành nhiều thời gian để nghỉ ngơi, thư giãn. Ngoài ra, việc cho con bú sớm - sau sinh 24 tiếng sẽ giúp tử cung hồi phục tốt để đẩy sản dịch sau sinh thường ra ngoài, tránh được bệnh sa tử cung, giảm nguy cơ băng huyết sau sinh.', '\ufeffCâu hỏi: Mẹ sinh mổ khi nào mới được vận động?\nTrả lời: Sau 6–12 giờ đầu nên nằm nghỉ, tránh ngồi đột ngột. Từ 24 giờ sau mổ: xoay người, ngồi dậy từ từ, tập đi lại nhẹ trong phòng. Vận động sớm giúp phòng dính ruột, viêm tắc tĩnh mạch, kích thích tiêu hóa.\nNguồn: BV Phụ Sản MêKông; Vinmec Times City', 'Nếu sản phụ gặp khó khăn khi đi đại tiện, lưu ý không nên dùng sức để rặn mà nên thay đổi chế độ ăn với nhiều chất xơ, uống nhiều nước hoặc ăn các món ăn giúp hỗ trợ nhuận tràng;\nChú ý giữ ấm cho sản phụ sau sinh, đề phòng cảm ho trong tháng đầu sau sinh.\nCác bài tập tăng cường co bóp cơ hông và cơ hậu môn là rất cần thiết để phòng ngừa sa tử cung']","Đúng, việc ngồi xổm kéo dài hoặc rặn mạnh khi đại tiện gây áp lực lớn lên vùng sàn chậu đang tổn thương, làm tăng nguy cơ tử cung bị sa xuống thấp.","Em nghe nói sau sinh không nên ngồi xổm lâu hoặc rặn mạnh khi đi vệ sinh để tránh sa tử cung, có đúng không?","['Tránh đi lại nhiều, tránh ngồi xổm, nhấc vật nặng trong tuần đầu sau sinh.\nKhi ngồi nên chọn ghế mềm hoặc dùng gối donut để giảm áp lực lên vùng tầng sinh môn.\nMẹ có thể nằm nghiêng, kê gối dưới chân để giảm cảm giác căng tức vết khâu.', 'Về chế độ nghỉ ngơi: Hộ sinh trưởng Nguyễn Bích Hạnh - Vinmec Times City khuyên rằng, trong tuần đầu sau khi sinh mẹ nên cố gắng ngủ những khi có thể ngủ được. Càng nghỉ ngơi nhiều càng tốt. Đặc biệt, sau sinh thường mẹ sẽ có nguy cơ gặp phải tình trạng sa tử cung. Để phòng tránh thì mẹ không được làm việc nặng, không ngồi quá lâu và dành nhiều thời gian để nghỉ ngơi, thư giãn. Ngoài ra, việc cho', 'thì mẹ không được làm việc nặng, không ngồi quá lâu và dành nhiều thời gian để nghỉ ngơi, thư giãn. Ngoài ra, việc cho con bú sớm - sau sinh 24 tiếng sẽ giúp tử cung hồi phục tốt để đẩy sản dịch sau sinh thường ra ngoài, tránh được bệnh sa tử cung, giảm nguy cơ băng huyết sau sinh.', '\ufeffCâu hỏi: Mẹ sinh mổ khi nào mới được vận động?\nTrả lời: Sau 6–12 giờ đầu nên nằm nghỉ, tránh ngồi đột ngột. Từ 24 giờ sau mổ: xoay người, ngồi dậy từ từ, tập đi lại nhẹ trong phòng. Vận động sớm giúp phòng dính ruột, viêm tắc tĩnh mạch, kích thích tiêu hóa.\nNguồn: BV Phụ Sản MêKông; Vinmec Times City', 'Nếu sản phụ gặp khó khăn khi đi đại tiện, lưu ý không nên dùng sức để rặn mà nên thay đổi chế độ ăn với nhiều chất xơ, uống nhiều nước hoặc ăn các món ăn giúp hỗ trợ nhuận tràng;\nChú ý giữ ấm cho sản phụ sau sinh, đề phòng cảm ho trong tháng đầu sau sinh.\nCác bài tập tăng cường co bóp cơ hông và cơ hậu môn là rất cần thiết để phòng ngừa sa tử cung']","Đúng vậy. Theo tài liệu, mẹ nên tránh ngồi xổm lâu hoặc rặn mạnh khi đi vệ sinh để ngăn chặn sa tử cung.

- Tránh đi lại nhiều, tránh ngồi xổm, nhấc vật nặng trong tuần đầu sau sinh.
- Các bài tập tăng cường co bóp cơ hông và cơ hậu môn là rất cần thiết để phòng ngừa sa tử cung.
- Không nên dùng sức để rặn mà nên thay đổi chế độ ăn với nhiều chất xơ, uống nhiều nước hoặc ăn các món ăn giúp hỗ trợ nhuận tràng.
- Các mẹ nên tránh ngồi xổm lâu hoặc rặn mạnh khi đi vệ sinh để ngăn chặn sa tử cung.",0.6666666666666666,1.0,0.32806256453742294,0.94999999997625
"Bác sĩ ơi, sau sinh bao lâu thì em có thể bắt đầu tập thể dục lại để lấy lại vóc dáng mà không ảnh hưởng vết mổ ạ?","Theo tài liệu, mẹ sinh mổ có thể bắt đầu tập thể dục lại sau 4-6 tuần sau sinh. Điều này sẽ giúp mẹ hồi phục nhanh chóng và giảm nguy cơ mắc biến chứng sau phẫu thuật.

* Mẹ có thể bắt đầu với bài tập nhẹ từ tuần 2-4.
* Sau 8 tuần nếu vết mổ lành tốt, mẹ có thể chuyển sang bài tập vừa như yoga, bơi lội.
* Sau 3-6 tháng có sự đồng ý của bác sĩ, mẹ có thể tập thể dục cường độ cao.","['\ufeffCâu hỏi: Mẹ sinh mổ khi nào được tập thể dục lại?\nTrả lời: Bài tập nhẹ (Kegel, đi bộ): từ tuần 2–4. Bài tập vừa (yoga, bơi lội): sau 8 tuần nếu vết mổ lành tốt. Bài tập cường độ cao: sau 3–6 tháng có sự đồng ý của bác sĩ. Không tập bụng nặng trong 6 tháng đầu.\nNguồn: BS Sản Phụ Khoa — Vinmec Phú Quốc', '\ufeffCâu hỏi: Sau sinh bao lâu mới được quan hệ tình dục?\nTrả lời: Tối thiểu 6 tuần sau sinh (hết thời kỳ hậu sản) khi đã khám và được bác sĩ xác nhận vết thương lành. Sinh mổ nên đợi đủ 6–8 tuần. Dùng bao cao su trong 3 tháng đầu vì tử cung chưa phục hồi hoàn toàn.\nNguồn: Vinmec — Chăm sóc sau sinh mổ; BV Từ Dũ hậu sản', 'Sau khi sinh, tầng sinh môn sẽ được khâu lại. Vết khâu này dù không lớn nhưng nằm ở vùng nhạy cảm, dễ ẩm ướt, nhiều vi khuẩn nên rất dễ sưng, đau hoặc viêm nếu không được chăm sóc đúng cách.\nVết may tầng sinh môn bao lâu thì lành?\nTrong 24–48 giờ đầu: mẹ thường cảm thấy đau, căng tức vùng khâu, đặc biệt khi ngồi hoặc đi lại.\nSau 5–7 ngày: cảm giác đau giảm dần, mô bắt đầu liền lại.', 'Việc vận động, đi bộ ngắn giúp các chức năng bình thường của cơ thể hồi phục nhanh hơn, đồng thời giảm các nguy cơ mắc biến chứng sau phẫu thuật như: Dính ruột, viêm tắc tĩnh mạch...\nTập thể dục sẽ rất tốt và thúc đẩy nhanh quá trình hồi phục sau sinh. Nhưng nếu mẹ sinh mổ thì vẫn cần từ 4 - 6 tuần sau sinh mới được tập luyện trở lại.', 'Trong tuần đầu tiên sau sinh mổ, vết mổ vẫn chưa khô nên các bác sĩ sản khoa và nữ hộ sinh sẽ chăm sóc cho mẹ, vệ sinh vết mổ, cho các thuốc giảm đau, kháng sinh, co hồi tử cung để tránh các biến chứng, nhiễm trùng có thể xảy ra đối với mẹ. Những thuốc này không ảnh hưởng tới sữa non. Ngày thứ 3 có thể mở băng, để khô. Mẹ lưu ý không để nước thấm ướt vùng vết mổ. Sang tuần thứ 2, bác sĩ sẽ chỉ']",Sau sinh thường 6 tuần hoặc sinh mổ 3 tháng bạn có thể tập nhẹ nhàng; nên bắt đầu bằng bài tập Kegel hoặc đi bộ trước khi tập nặng.,"Bác sĩ ơi, sau sinh bao lâu thì em có thể bắt đầu tập thể dục lại để lấy lại vóc dáng mà không ảnh hưởng vết mổ ạ?","['\ufeffCâu hỏi: Mẹ sinh mổ khi nào được tập thể dục lại?\nTrả lời: Bài tập nhẹ (Kegel, đi bộ): từ tuần 2–4. Bài tập vừa (yoga, bơi lội): sau 8 tuần nếu vết mổ lành tốt. Bài tập cường độ cao: sau 3–6 tháng có sự đồng ý của bác sĩ. Không tập bụng nặng trong 6 tháng đầu.\nNguồn: BS Sản Phụ Khoa — Vinmec Phú Quốc', '\ufeffCâu hỏi: Sau sinh bao lâu mới được quan hệ tình dục?\nTrả lời: Tối thiểu 6 tuần sau sinh (hết thời kỳ hậu sản) khi đã khám và được bác sĩ xác nhận vết thương lành. Sinh mổ nên đợi đủ 6–8 tuần. Dùng bao cao su trong 3 tháng đầu vì tử cung chưa phục hồi hoàn toàn.\nNguồn: Vinmec — Chăm sóc sau sinh mổ; BV Từ Dũ hậu sản', 'Sau khi sinh, tầng sinh môn sẽ được khâu lại. Vết khâu này dù không lớn nhưng nằm ở vùng nhạy cảm, dễ ẩm ướt, nhiều vi khuẩn nên rất dễ sưng, đau hoặc viêm nếu không được chăm sóc đúng cách.\nVết may tầng sinh môn bao lâu thì lành?\nTrong 24–48 giờ đầu: mẹ thường cảm thấy đau, căng tức vùng khâu, đặc biệt khi ngồi hoặc đi lại.\nSau 5–7 ngày: cảm giác đau giảm dần, mô bắt đầu liền lại.', 'Việc vận động, đi bộ ngắn giúp các chức năng bình thường của cơ thể hồi phục nhanh hơn, đồng thời giảm các nguy cơ mắc biến chứng sau phẫu thuật như: Dính ruột, viêm tắc tĩnh mạch...\nTập thể dục sẽ rất tốt và thúc đẩy nhanh quá trình hồi phục sau sinh. Nhưng nếu mẹ sinh mổ thì vẫn cần từ 4 - 6 tuần sau sinh mới được tập luyện trở lại.', 'Trong tuần đầu tiên sau sinh mổ, vết mổ vẫn chưa khô nên các bác sĩ sản khoa và nữ hộ sinh sẽ chăm sóc cho mẹ, vệ sinh vết mổ, cho các thuốc giảm đau, kháng sinh, co hồi tử cung để tránh các biến chứng, nhiễm trùng có thể xảy ra đối với mẹ. Những thuốc này không ảnh hưởng tới sữa non. Ngày thứ 3 có thể mở băng, để khô. Mẹ lưu ý không để nước thấm ướt vùng vết mổ. Sang tuần thứ 2, bác sĩ sẽ chỉ']","Theo tài liệu, mẹ sinh mổ có thể bắt đầu tập thể dục lại sau 4-6 tuần sau sinh. Điều này sẽ giúp mẹ hồi phục nhanh chóng và giảm nguy cơ mắc biến chứng sau phẫu thuật.

* Mẹ có thể bắt đầu với bài tập nhẹ từ tuần 2-4.
* Sau 8 tuần nếu vết mổ lành tốt, mẹ có thể chuyển sang bài tập vừa như yoga, bơi lội.
* Sau 3-6 tháng có sự đồng ý của bác sĩ, mẹ có thể tập thể dục cường độ cao.",0.8,1.0,0.6133552928960496,0.8874999999778125
"""Khối cầu an toàn"" của tử cung sau sinh là gì?","Theo Tài liệu 2, ""khối cầu an toàn"" của tử cung sau sinh là khi tử cung co chặt thành ""quả cầu an toàn"" trước khi thực hiện bước tiếp theo trong quá trình chuyển dạ.","['- Gợi hỏi nhu cầu, mong muốn, lý do khách hàng cần tư vấn. Tìm hiểu những nhu cầu về \nSKSS hiện tại và sắp tới của khách hàng. \n- Gợi hỏi các thông tin có liên quan đến các vấn đề cần được tư vấn (gia đình, điều kiện \nsống, bệnh sử, những lo lắng và hiểu biết của khách...). \n- Nên sử dụng câu hỏi mở, chú ý lắng nghe, quan sát.', 'rau như sau (theo cách xử trí tích cực giai đoạn 3 của chuyển dạ): \n Đầu tiên đặt tay lên b ụng sản phụ xem tử cung đã co l ại tốt chưa. Nếu co chưa t ốt thì \nphải xoa bóp bên ngoài cho đến khi tử cung co chặt thành “quả cầu an toàn” mới làm bước \ntiếp theo.', 'Sa tử cung là tình trạng tử cung sa xuống, thập thò trong vùng âm đạo hoặc tử cung lộ ra ngoài âm đạo nhưng thân vẫn nằm trong, và mức độ nặng nhất là toàn bộ tử cung sa hẳn ra ngoài. Tuy đây không phải là một bệnh lý đe dọa đến tính mạng nhưng lại ảnh hưởng nghiêm trọng đến chất lượng cuộc sống của người bệnh. Vì vậy phụ nữ, đặc biệt là sản phụ sau sinh cần học cách trị sa tử cung tại nhà thông', '• Băng huyết sau sinh muộn (hay thứ phát): xảy ra từ 24 giờ đến 6 tuần sau sinh. \nBăng huyết sau sinh nguyên phát chiếm 4- 6% tổng số ca sinh, trong đó đờ tử cung là \nnguyên nhân thường gặp nhất chiếm khoảng 80% \nƯớc tính mỗi năm trên thế giới có khoảng 140.000 trường hợp tử vong vì băng huyết \nsau sinh nặng. \nII. TRIỆU CHỨNG', 'chăm sóc m ột cách hi ệu qu ả, an toàn cho bà m ẹ và tr ẻ sơ \nsinh ở thời k ỳ này phù h ợp v ới ch ức năng nhi ệm v ụ của \nngười h ộ sinh cũng như đáp ứng thông đi ệp c ủa d ự án 4 \nSteps là :  \n+ Giảm tỉ lệ tử vong ở bà mẹ và trẻ sơ sinh \n+ Đạt được các mục tiêu của Tổ chức Y tế thế giới']",Là hiện tượng tử cung co rút lại thành một khối cứng ngay sau khi nhau bong để thực hiện cầm máu tự nhiên.,"""Khối cầu an toàn"" của tử cung sau sinh là gì?","['- Gợi hỏi nhu cầu, mong muốn, lý do khách hàng cần tư vấn. Tìm hiểu những nhu cầu về \nSKSS hiện tại và sắp tới của khách hàng. \n- Gợi hỏi các thông tin có liên quan đến các vấn đề cần được tư vấn (gia đình, điều kiện \nsống, bệnh sử, những lo lắng và hiểu biết của khách...). \n- Nên sử dụng câu hỏi mở, chú ý lắng nghe, quan sát.', 'rau như sau (theo cách xử trí tích cực giai đoạn 3 của chuyển dạ): \n Đầu tiên đặt tay lên b ụng sản phụ xem tử cung đã co l ại tốt chưa. Nếu co chưa t ốt thì \nphải xoa bóp bên ngoài cho đến khi tử cung co chặt thành “quả cầu an toàn” mới làm bước \ntiếp theo.', 'Sa tử cung là tình trạng tử cung sa xuống, thập thò trong vùng âm đạo hoặc tử cung lộ ra ngoài âm đạo nhưng thân vẫn nằm trong, và mức độ nặng nhất là toàn bộ tử cung sa hẳn ra ngoài. Tuy đây không phải là một bệnh lý đe dọa đến tính mạng nhưng lại ảnh hưởng nghiêm trọng đến chất lượng cuộc sống của người bệnh. Vì vậy phụ nữ, đặc biệt là sản phụ sau sinh cần học cách trị sa tử cung tại nhà thông', '• Băng huyết sau sinh muộn (hay thứ phát): xảy ra từ 24 giờ đến 6 tuần sau sinh. \nBăng huyết sau sinh nguyên phát chiếm 4- 6% tổng số ca sinh, trong đó đờ tử cung là \nnguyên nhân thường gặp nhất chiếm khoảng 80% \nƯớc tính mỗi năm trên thế giới có khoảng 140.000 trường hợp tử vong vì băng huyết \nsau sinh nặng. \nII. TRIỆU CHỨNG', 'chăm sóc m ột cách hi ệu qu ả, an toàn cho bà m ẹ và tr ẻ sơ \nsinh ở thời k ỳ này phù h ợp v ới ch ức năng nhi ệm v ụ của \nngười h ộ sinh cũng như đáp ứng thông đi ệp c ủa d ự án 4 \nSteps là :  \n+ Giảm tỉ lệ tử vong ở bà mẹ và trẻ sơ sinh \n+ Đạt được các mục tiêu của Tổ chức Y tế thế giới']","Theo Tài liệu 2, ""khối cầu an toàn"" của tử cung sau sinh là khi tử cung co chặt thành ""quả cầu an toàn"" trước khi thực hiện bước tiếp theo trong quá trình chuyển dạ.",0.75,1.0,0.7221480662970059,0.499999999975
"Em có thói quen ngâm tã bẩn trong chậu nước pha baking soda để khử mùi, cách này có an toàn và sạch khuẩn không ạ?","Không, cách ngâm tã bẩn trong chậu nước pha baking soda không được các chuyên gia khuyến nghị vì hai lý do sau:

- Tạo nguy cơ đuối nước ở trẻ nhỏ
- Việc ngâm tã quá lâu có thể làm tã bẩn hơn, tạo điều kiện cho vi khuẩn sinh sôi phát triển.","['Một số gia đình sau khi thay tã vải bẩn đã ngâm ngay vào trong thùng chứa đầy nước, có thể thêm một ít baking soda để chống lại mùi hôi. Nhưng điều này không được các chuyên gia khuyến nghị vì hai lý do sau:\nThau chậu chứa đầy nước trong nhà tạo nguy cơ đuối nước ở trẻ nhỏ\nViệc ngâm tã quá lâu có thể làm tã bẩn hơn, tạo điều kiện cho vi khuẩn sinh sôi phát triển.', 'Việc ngâm tã lâu kèm với baking soda có thể khiến vi khuẩn phát triển \nNên sử dụng chất tẩy rửa (không phải xà phòng) không chứa hương liệu, enzyme và các chất phụ gia khác, bao gồm thành phần làm trắng và sáng quần áo. Tránh dùng nước xả làm mềm vải vì có thể gây kích ứng cho làn da nhạy cảm của bé và khiến tã vải giảm độ thấm hút.', 'Việc ngâm tã quá lâu có thể làm tã bẩn hơn, tạo điều kiện cho vi khuẩn sinh sôi phát triển.\nNếu có ngâm tã trong thùng, hãy đổ bỏ hết nước cũ trước khi bắt đầu giặt tã vải.\nViệc ngâm tã lâu kèm với baking soda có thể khiến vi khuẩn phát triển', 'Để loại bỏ mùi hôi, một số người thích thêm khoảng nửa cốc baking soda hoặc một cốc giấm trắng vào nước giặt. Ngoài khả năng giúp khử mùi, giấm còn có công dụng làm mềm tã. Nhưng một số nhà sản xuất không khuyến nghị cách này, vì vậy hãy kiểm tra kỹ hướng dẫn trên bao bì.', 'Cần đảm bảo xả sạch vết bẩn và chất tẩy rửa trong tã. Nước giặt cuối cùng phải hoàn toàn không còn xà phòng. Nếu không, bạn cần giặt lại tã thêm lần nữa. Khi lấy ra khỏi máy giặt, tã phải có mùi mới và sạch sẽ. Nếu vẫn còn mùi tã bẩn, dù chỉ thoang thoảng, bạn vẫn nên giặt lại. Mùi hôi bám lại có nghĩa là tã còn chứa vi khuẩn, có thể gây kích ứng da của bé hoặc hăm tã.']",Bạn không nên ngâm tã quá lâu vì có thể làm vi khuẩn sinh sôi và tạo nguy cơ đuối nước cho trẻ; thay vào đó nên giặt ngay hoặc chỉ ngâm thời gian ngắn rồi đổ bỏ nước cũ trước khi giặt chính thức.,"Em có thói quen ngâm tã bẩn trong chậu nước pha baking soda để khử mùi, cách này có an toàn và sạch khuẩn không ạ?","['Một số gia đình sau khi thay tã vải bẩn đã ngâm ngay vào trong thùng chứa đầy nước, có thể thêm một ít baking soda để chống lại mùi hôi. Nhưng điều này không được các chuyên gia khuyến nghị vì hai lý do sau:\nThau chậu chứa đầy nước trong nhà tạo nguy cơ đuối nước ở trẻ nhỏ\nViệc ngâm tã quá lâu có thể làm tã bẩn hơn, tạo điều kiện cho vi khuẩn sinh sôi phát triển.', 'Việc ngâm tã lâu kèm với baking soda có thể khiến vi khuẩn phát triển \nNên sử dụng chất tẩy rửa (không phải xà phòng) không chứa hương liệu, enzyme và các chất phụ gia khác, bao gồm thành phần làm trắng và sáng quần áo. Tránh dùng nước xả làm mềm vải vì có thể gây kích ứng cho làn da nhạy cảm của bé và khiến tã vải giảm độ thấm hút.', 'Việc ngâm tã quá lâu có thể làm tã bẩn hơn, tạo điều kiện cho vi khuẩn sinh sôi phát triển.\nNếu có ngâm tã trong thùng, hãy đổ bỏ hết nước cũ trước khi bắt đầu giặt tã vải.\nViệc ngâm tã lâu kèm với baking soda có thể khiến vi khuẩn phát triển', 'Để loại bỏ mùi hôi, một số người thích thêm khoảng nửa cốc baking soda hoặc một cốc giấm trắng vào nước giặt. Ngoài khả năng giúp khử mùi, giấm còn có công dụng làm mềm tã. Nhưng một số nhà sản xuất không khuyến nghị cách này, vì vậy hãy kiểm tra kỹ hướng dẫn trên bao bì.', 'Cần đảm bảo xả sạch vết bẩn và chất tẩy rửa trong tã. Nước giặt cuối cùng phải hoàn toàn không còn xà phòng. Nếu không, bạn cần giặt lại tã thêm lần nữa. Khi lấy ra khỏi máy giặt, tã phải có mùi mới và sạch sẽ. Nếu vẫn còn mùi tã bẩn, dù chỉ thoang thoảng, bạn vẫn nên giặt lại. Mùi hôi bám lại có nghĩa là tã còn chứa vi khuẩn, có thể gây kích ứng da của bé hoặc hăm tã.']","Không, cách ngâm tã bẩn trong chậu nước pha baking soda không được các chuyên gia khuyến nghị vì hai lý do sau:

- Tạo nguy cơ đuối nước ở trẻ nhỏ
- Việc ngâm tã quá lâu có thể làm tã bẩn hơn, tạo điều kiện cho vi khuẩn sinh sôi phát triển.",0.6666666666666666,1.0,0.7477831262864822,0.9999999999666667
"Tại sao bé nhà em lại hay quấy khóc vào một khung giờ cố định buổi tối (khóc dạ đề), em phải làm gì để dỗ con ạ?","Dựa trên tài liệu đã được cung cấp, có thể thấy rằng:

- Bé quấy khóc vào buổi tối là một xu hướng bình thường đối với tất cả các bé.
- Quấy khóc thường bắt đầu từ khoảng 02 tuần sau sinh và sau đó bé khóc thường xuyên hơn.
- Bé quấy khóc nhiều nhất ở giai đoạn 2 tháng tuổi và sau đó bắt đầu giảm dần.
- Có thể là cơn khóc dạ đề (colic) — khóc dữ dội >3 giờ/ngày, >3 ngày/tuần, thường chiều tối.

Về lý do đằng sau hiện tượng này, tài liệu không cung cấp thông tin cụ thể. Tuy nhiên, tài liệu đề xuất một số nguyên nhân phổ biến khiến em bé quấy khóc, bao gồm:

- Đói
- Sợ hãi
- Bị đau
- Bị lạnh
- Môi trường xung quanh có quá nhiều tiếng ồn hoặc bé bị phấn khích quá mức

Về cách để dỗ con một cách hiệu quả, tài liệu đề xuất:

- Bế bé lên sẽ không làm ""hư"" bé.
- Đừng để bé khó chịu quá lâu, bé sẽ không thể bình tĩnh lại được.
- Hãy cố tìm hiểu bé cần gì và giúp bé.
- Để bé bú khi bé khóc.
- Bế bé đi lại, vỗ lưng nhẹ, tắm ấm, giảm kích thích.","['hồ mỗi ngày, thường vào buổi đêm\nTất cả các em bé đều khóc, một số bé khóc \nnhiều hơn các bé khác. Quấy khóc là một xu \nhướng bình thường đối với tất cả các bé. Quấy \nkhóc thường bắt đầu từ khoảng 02 tuần sau \nsinh, và sau đó bé khóc thường xuyên hơn. \nBé quấy khóc nhiều nhất ở giai đoạn 2 tháng \ntuổi và sau đó bắt đầu giảm dần.\nKhóc dạ dề cũng theo xu hướng như vậy', 'NHỮNG VẤN ĐỀ PHỔ BIẾN\nNHỮNG VẤN ĐỀ PHỔ BIẾN\nHỘI CHỨNG QUẤY KHÓC Ở TRẺ SƠ SINH \n(KHÓC DẠ ĐỀ)\nBé khóc dạ đề:\n• Bé khóc và khóc trong thời gian dài, \ndường như không có cách nào có thể \ntrấn an bé, bất kể bạn làm gì\n• Bé khóc như vậy kéo dài hàng giờ đồng \nhồ mỗi ngày, thường vào buổi đêm\nTất cả các em bé đều khóc, một số bé khóc \nnhiều hơn các bé khác. Quấy khóc là một xu', 'khóc dạ đề.  Các lý do phổ biến khiến em bé \nquấy khóc là:\n• Đói\n• Sợ hãi\n• Bị đau\n• Bị lạnh\n• Môi trường xung quanh có quá nhiều \ntiếng ồn hoặc bé bị phấn khích quá mức \nBẠN CÓ THỂ LÀM GÌ?\nBế bé lên sẽ không làm ""hư"" bé. Tốt nhất là \nbạn nên đến với bé khi bé khóc. Đừng để bé \nkhó chịu quá lâu, bé sẽ không thể bình tĩnh \nlại được. \nHãy cố tìm hiểu bé cần gì và giúp bé. Để', '\ufeffCâu hỏi: Bé 3 tháng quấy nhiều về chiều có bình thường không?\nTrả lời: Có thể là cơn khóc dạ đề (colic) — khóc dữ dội >3 giờ/ngày, >3 ngày/tuần, thường chiều tối. Nguyên nhân chưa rõ. Cách xử lý: bế bé đi lại, vỗ lưng nhẹ, tắm ấm, giảm kích thích. Thường tự hết trước 4 tháng.\nNguồn: BV Nhi Đồng 1; Vinmec', '74 \n \nTrẻ quấy khóc, nôn trớ \nSơ sinh thường hay khóc, ngư ời Hộ sinh có thể nhận ra \ntiếng khóc khi trẻ đói hay ti ếng khóc khi trẻ bị ướt tã ho ặc \ncần mẹ, Trẻ cũng có thể khóc khi bị kích thích quá mức. Hãy \ncố gắng đáp ứng nhu c ầu của trẻ và điều quan tr ọng nhất là \nhãy cho trẻ bú khi trẻ khóc \n- Trẻ đói – cho trẻ bú  \n- Trẻ bị ướt tã – thay tã']","Đây có thể là hội chứng Colic; bạn hãy ôm ấp, massage bụng cho bé, tạo không gian yên tĩnh và kiên nhẫn vỗ về cho đến khi bé qua cơn quấy.","Tại sao bé nhà em lại hay quấy khóc vào một khung giờ cố định buổi tối (khóc dạ đề), em phải làm gì để dỗ con ạ?","['hồ mỗi ngày, thường vào buổi đêm\nTất cả các em bé đều khóc, một số bé khóc \nnhiều hơn các bé khác. Quấy khóc là một xu \nhướng bình thường đối với tất cả các bé. Quấy \nkhóc thường bắt đầu từ khoảng 02 tuần sau \nsinh, và sau đó bé khóc thường xuyên hơn. \nBé quấy khóc nhiều nhất ở giai đoạn 2 tháng \ntuổi và sau đó bắt đầu giảm dần.\nKhóc dạ dề cũng theo xu hướng như vậy', 'NHỮNG VẤN ĐỀ PHỔ BIẾN\nNHỮNG VẤN ĐỀ PHỔ BIẾN\nHỘI CHỨNG QUẤY KHÓC Ở TRẺ SƠ SINH \n(KHÓC DẠ ĐỀ)\nBé khóc dạ đề:\n• Bé khóc và khóc trong thời gian dài, \ndường như không có cách nào có thể \ntrấn an bé, bất kể bạn làm gì\n• Bé khóc như vậy kéo dài hàng giờ đồng \nhồ mỗi ngày, thường vào buổi đêm\nTất cả các em bé đều khóc, một số bé khóc \nnhiều hơn các bé khác. Quấy khóc là một xu', 'khóc dạ đề.  Các lý do phổ biến khiến em bé \nquấy khóc là:\n• Đói\n• Sợ hãi\n• Bị đau\n• Bị lạnh\n• Môi trường xung quanh có quá nhiều \ntiếng ồn hoặc bé bị phấn khích quá mức \nBẠN CÓ THỂ LÀM GÌ?\nBế bé lên sẽ không làm ""hư"" bé. Tốt nhất là \nbạn nên đến với bé khi bé khóc. Đừng để bé \nkhó chịu quá lâu, bé sẽ không thể bình tĩnh \nlại được. \nHãy cố tìm hiểu bé cần gì và giúp bé. Để', '\ufeffCâu hỏi: Bé 3 tháng quấy nhiều về chiều có bình thường không?\nTrả lời: Có thể là cơn khóc dạ đề (colic) — khóc dữ dội >3 giờ/ngày, >3 ngày/tuần, thường chiều tối. Nguyên nhân chưa rõ. Cách xử lý: bế bé đi lại, vỗ lưng nhẹ, tắm ấm, giảm kích thích. Thường tự hết trước 4 tháng.\nNguồn: BV Nhi Đồng 1; Vinmec', '74 \n \nTrẻ quấy khóc, nôn trớ \nSơ sinh thường hay khóc, ngư ời Hộ sinh có thể nhận ra \ntiếng khóc khi trẻ đói hay ti ếng khóc khi trẻ bị ướt tã ho ặc \ncần mẹ, Trẻ cũng có thể khóc khi bị kích thích quá mức. Hãy \ncố gắng đáp ứng nhu c ầu của trẻ và điều quan tr ọng nhất là \nhãy cho trẻ bú khi trẻ khóc \n- Trẻ đói – cho trẻ bú  \n- Trẻ bị ướt tã – thay tã']","Dựa trên tài liệu đã được cung cấp, có thể thấy rằng:

- Bé quấy khóc vào buổi tối là một xu hướng bình thường đối với tất cả các bé.
- Quấy khóc thường bắt đầu từ khoảng 02 tuần sau sinh và sau đó bé khóc thường xuyên hơn.
- Bé quấy khóc nhiều nhất ở giai đoạn 2 tháng tuổi và sau đó bắt đầu giảm dần.
- Có thể là cơn khóc dạ đề (colic) — khóc dữ dội >3 giờ/ngày, >3 ngày/tuần, thường chiều tối.

Về lý do đằng sau hiện tượng này, tài liệu không cung cấp thông tin cụ thể. Tuy nhiên, tài liệu đề xuất một số nguyên nhân phổ biến khiến em bé quấy khóc, bao gồm:

- Đói
- Sợ hãi
- Bị đau
- Bị lạnh
- Môi trường xung quanh có quá nhiều tiếng ồn hoặc bé bị phấn khích quá mức

Về cách để dỗ con một cách hiệu quả, tài liệu đề xuất:

- Bế bé lên sẽ không làm ""hư"" bé.
- Đừng để bé khó chịu quá lâu, bé sẽ không thể bình tĩnh lại được.
- Hãy cố tìm hiểu bé cần gì và giúp bé.
- Để bé bú khi bé khóc.
- Bế bé đi lại, vỗ lưng nhẹ, tắm ấm, giảm kích thích.",0.7058823529411765,0.9166666666666666,0.7800298705227071,0.999999999975
Khi nào thì rốn của bé bị sưng đỏ được coi là nhiễm trùng mức độ nặng ạ?,"Theo Tài liệu 5:

- Nhiễm trùng rốn mức độ nặng: Tình trạng sưng, đỏ lan rộng hơn 2cm và bắt đầu hoại tử xuống lớp cơ dưới da trẻ, cùng với đó là các triệu chứng của nhiễm trùng huyết, sốc nhiễm trùng.

Do đó, tình trạng rốn của bé bị sưng đỏ được coi là nhiễm trùng mức độ nặng và cần được xử lý khẩn cấp khi tình trạng sưng đỏ lan rộng hơn 2cm và bắt đầu hoại tử xuống lớp cơ dưới da trẻ.","['- Mẹ cho con bú nên ăn những t hực phẩm chứa chất \nchống oxy hóa làm tăng sức đề kháng của da \nViêm rốn \nBiểu hiện  \n- Ngay tại chân rốn của trẻ sơ sinh bị đỏ và sưng \n+ Tại vùng r ốn tr ẻ sơ sinh có ti ết ra ch ất d ịch m ủ có \nmùi hôi hoặc rốn vẫn còn ướt sau khi rụng \n+ Đỏ vùng da xung quanh rốn \n+ Rốn chảy máu \n- Trẻ bị sốt cao trên 37,5 đ ộ C, bé th ở nhanh (nhịp thở', '+ Đỏ vùng da xung quanh rốn \n+ Rốn chảy máu \n- Trẻ bị sốt cao trên 37,5 đ ộ C, bé th ở nhanh (nhịp thở \ntrên 60 lần/ phút), bé bị vàng da \n- Trẻ quấy khóc \nPhân độ nhiễm trùng rốn theo Tổ chức Y tế Thế giới \n- Mức độ nhiễm trùng nhẹ: Tình trạng sưng, đỏ chỉ diễn \nra ngay tại chân rốn trẻ sơ sinh.', 'NHỮNG VẤN ĐỀ PHỔ BIẾN\nSỐT \nSốt là tình trạng nhiệt độ cơ thể cao hơn bình thường. Sốt là dấu hiệu cho thấy trẻ có thể bị ốm. \nĐây là cách cơ thể đang chống lại bệnh tật. Trẻ có thể bị sốt cao hơn so với người lớn. Một số \nnguyên nhân phổ biến khiến trẻ bị sốt là nhiễm trùng hoặc các bệnh khác, tuy nhiên trẻ cũng \ncó thể bị sốt do tiêm chủng hoặc do mặc quá nhiều quần áo\nCẦN PHẢI LÀM GÌ', 'sưng tấy đỏ thì nên cho trẻ đi khám để được xử lý kịp thời vì rất có thể đó là dấu hiệu nhiễm khuẩn hoặc nhiễm trùng rốn.', '88 \n \n- Mức độ nhiễm trùng rốn trung bình: M ức độ sưng đỏ \ndiễn ra ngay t ại chân r ốn lan ra xung quanh v ới đường kính \ndưới 2cm, kèm theo các tri ệu ch ứng s ốt, vàng da ở trẻ sơ \nsinh... \n- Nhiễm trùng r ốn m ức đ ộ nặng: Tình tr ạng sưng, đ ỏ \nlan rộng hơn 2cm và b ắt đầu hoại tử xuống lớp cơ dư ới da \ntrẻ, cùng v ới đó là các tri ệu ch ứng c ủa nhi ễm trùng huy ết, \nsốc nhiễm trùng.']",Khi vùng sưng đỏ lan rộng hơn 2cm xung quanh rốn và bắt đầu có dấu hiệu hoại tử hoặc kèm nhiễm trùng huyết.,Khi nào thì rốn của bé bị sưng đỏ được coi là nhiễm trùng mức độ nặng ạ?,"['- Mẹ cho con bú nên ăn những t hực phẩm chứa chất \nchống oxy hóa làm tăng sức đề kháng của da \nViêm rốn \nBiểu hiện  \n- Ngay tại chân rốn của trẻ sơ sinh bị đỏ và sưng \n+ Tại vùng r ốn tr ẻ sơ sinh có ti ết ra ch ất d ịch m ủ có \nmùi hôi hoặc rốn vẫn còn ướt sau khi rụng \n+ Đỏ vùng da xung quanh rốn \n+ Rốn chảy máu \n- Trẻ bị sốt cao trên 37,5 đ ộ C, bé th ở nhanh (nhịp thở', '+ Đỏ vùng da xung quanh rốn \n+ Rốn chảy máu \n- Trẻ bị sốt cao trên 37,5 đ ộ C, bé th ở nhanh (nhịp thở \ntrên 60 lần/ phút), bé bị vàng da \n- Trẻ quấy khóc \nPhân độ nhiễm trùng rốn theo Tổ chức Y tế Thế giới \n- Mức độ nhiễm trùng nhẹ: Tình trạng sưng, đỏ chỉ diễn \nra ngay tại chân rốn trẻ sơ sinh.', 'NHỮNG VẤN ĐỀ PHỔ BIẾN\nSỐT \nSốt là tình trạng nhiệt độ cơ thể cao hơn bình thường. Sốt là dấu hiệu cho thấy trẻ có thể bị ốm. \nĐây là cách cơ thể đang chống lại bệnh tật. Trẻ có thể bị sốt cao hơn so với người lớn. Một số \nnguyên nhân phổ biến khiến trẻ bị sốt là nhiễm trùng hoặc các bệnh khác, tuy nhiên trẻ cũng \ncó thể bị sốt do tiêm chủng hoặc do mặc quá nhiều quần áo\nCẦN PHẢI LÀM GÌ', 'sưng tấy đỏ thì nên cho trẻ đi khám để được xử lý kịp thời vì rất có thể đó là dấu hiệu nhiễm khuẩn hoặc nhiễm trùng rốn.', '88 \n \n- Mức độ nhiễm trùng rốn trung bình: M ức độ sưng đỏ \ndiễn ra ngay t ại chân r ốn lan ra xung quanh v ới đường kính \ndưới 2cm, kèm theo các tri ệu ch ứng s ốt, vàng da ở trẻ sơ \nsinh... \n- Nhiễm trùng r ốn m ức đ ộ nặng: Tình tr ạng sưng, đ ỏ \nlan rộng hơn 2cm và b ắt đầu hoại tử xuống lớp cơ dư ới da \ntrẻ, cùng v ới đó là các tri ệu ch ứng c ủa nhi ễm trùng huy ết, \nsốc nhiễm trùng.']","Theo Tài liệu 5:

- Nhiễm trùng rốn mức độ nặng: Tình trạng sưng, đỏ lan rộng hơn 2cm và bắt đầu hoại tử xuống lớp cơ dưới da trẻ, cùng với đó là các triệu chứng của nhiễm trùng huyết, sốc nhiễm trùng.

Do đó, tình trạng rốn của bé bị sưng đỏ được coi là nhiễm trùng mức độ nặng và cần được xử lý khẩn cấp khi tình trạng sưng đỏ lan rộng hơn 2cm và bắt đầu hoại tử xuống lớp cơ dưới da trẻ.",0.75,1.0,0.42028002317583435,0.19999999998
Làm sao để em biết bé nhà em bị sốt và khi nào thì mức nhiệt đó là nguy hiểm ạ?,"Dưới đây là thông tin liên quan đến câu hỏi của bạn:

- Sốt là tình trạng nhiệt độ cơ thể cao hơn bình thường, thường là dấu hiệu cho thấy trẻ có thể bị ốm.
- Trẻ có thể bị sốt cao hơn so với người lớn.
- Một số nguyên nhân phổ biến khiến trẻ bị sốt là nhiễm trùng hoặc các bệnh khác.
- Trẻ cũng có thể bị sốt do tiêm chủng hoặc do mặc quá nhiều quần áo.

Về mức nhiệt nguy hiểm, tài liệu 4 cho biết:

- Tăng thân nhiệt nặng: thân nhiệt đo ở nách trên 39°C.
- Nguyên tắc xử trí bằng phương pháp vật lý và phương pháp dùng thuốc.
- Nhận biết nguy cơ tăng thân nhiệt: trẻ nhẹ cân, trẻ không khỏe (nhiễm khuẩn nặng), thời tiết nóng.
- Phát hiện kịp thời dấu hiệu tăng thân nhiệt: sờ bàn tay/bàn chân nóng.

Tài liệu 5 cho biết:

- Đến cấp cứu NGAY khi bé sốt ≥38°C (dưới 28 ngày tuổi).","['CHĂM SÓC TRẺ HO, SỐT TẠI NHÀ\ntriển tốt?\nNHỮNG THÔNG TIN CẦN NHỚ VÀ NHỮNG VIỆC CẦN LÀM\n\uf076 Khi trẻ bị ho, sốt các bà mẹ cần: \n\uf075 Theo dõi thân nhiệt của trẻ thường xuyên 1 tiếng 1 lần.\n0\uf075 Khi trẻ bị sốt cao trên 38,5 C các bà mẹ cần làm mát trẻ bằng cách:', 'NHỮNG VẤN ĐỀ PHỔ BIẾN\nSỐT \nSốt là tình trạng nhiệt độ cơ thể cao hơn bình thường. Sốt là dấu hiệu cho thấy trẻ có thể bị ốm. \nĐây là cách cơ thể đang chống lại bệnh tật. Trẻ có thể bị sốt cao hơn so với người lớn. Một số \nnguyên nhân phổ biến khiến trẻ bị sốt là nhiễm trùng hoặc các bệnh khác, tuy nhiên trẻ cũng \ncó thể bị sốt do tiêm chủng hoặc do mặc quá nhiều quần áo\nCẦN PHẢI LÀM GÌ', '| 221 \n- Đối với bà mẹ:  \n\uf02b Thành thạo cách thực hiện tiếp xúc da-kề-da tiếp tục cho trẻ tại nhà. \n\uf02b Biết cách điều chỉnh theo nhu c ầu của trẻ như tăng thời gian tiếp xúc da-kề-da nếu \ntrẻ lạnh tay, chân hoặc nhiệt độ môi trường thấp về ban đêm. \n\uf02b Biết cách chăm sóc, theo dõi tại nhà và nhận biết các dấu hiệu nguy hiểm đưa trẻ đến \nkhám kịp thời.', '- Tăng thân nhiệt trung bình: thân nhiệt đo ở nách từ 380C đến 390C. \n- Tăng thân nhiệt nặng: thân nhiệt đo ở nách trên 390C. \nNguyên tắc xử trí bằng phương pháp vật lý và phương pháp dùng thuốc. \n- Nhận biết nguy cơ tăng thân nhiệt: trẻ nhẹ cân, trẻ không khỏe (nhiễm khuẩn nặng), thời \ntiết nóng. \n- Phát hiện kịp thời dấu hiệu tăng thân nhiệt: sờ bàn tay/bàn chân nóng.', '\ufeffCâu hỏi: Dấu hiệu nguy hiểm ở trẻ sơ sinh cần đến cấp cứu ngay?\nTrả lời: Đến cấp cứu NGAY khi bé: (1) Khó thở, thở rút lõm ngực, tím tái, (2) Bỏ bú hoàn toàn >2 cữ, (3) Sốt ≥38°C (dưới 28 ngày tuổi), (4) Co giật, (5) Lơ mơ không tỉnh, (6) Rốn đỏ chảy mủ, (7) Vàng da đến lòng bàn tay/chân.\nNguồn: BV Nhi Trung ương; Bộ Y tế VN — Hướng dẫn 2025']","Trẻ được coi là sốt khi nhiệt độ nách từ $37,5 độ C trở lên; bạn nên đưa bé đi khám ngay nếu sốt kèm li bì, khó thở, co giật hoặc sốt cao không hạ sau khi dùng thuốc.",Làm sao để em biết bé nhà em bị sốt và khi nào thì mức nhiệt đó là nguy hiểm ạ?,"['CHĂM SÓC TRẺ HO, SỐT TẠI NHÀ\ntriển tốt?\nNHỮNG THÔNG TIN CẦN NHỚ VÀ NHỮNG VIỆC CẦN LÀM\n\uf076 Khi trẻ bị ho, sốt các bà mẹ cần: \n\uf075 Theo dõi thân nhiệt của trẻ thường xuyên 1 tiếng 1 lần.\n0\uf075 Khi trẻ bị sốt cao trên 38,5 C các bà mẹ cần làm mát trẻ bằng cách:', 'NHỮNG VẤN ĐỀ PHỔ BIẾN\nSỐT \nSốt là tình trạng nhiệt độ cơ thể cao hơn bình thường. Sốt là dấu hiệu cho thấy trẻ có thể bị ốm. \nĐây là cách cơ thể đang chống lại bệnh tật. Trẻ có thể bị sốt cao hơn so với người lớn. Một số \nnguyên nhân phổ biến khiến trẻ bị sốt là nhiễm trùng hoặc các bệnh khác, tuy nhiên trẻ cũng \ncó thể bị sốt do tiêm chủng hoặc do mặc quá nhiều quần áo\nCẦN PHẢI LÀM GÌ', '| 221 \n- Đối với bà mẹ:  \n\uf02b Thành thạo cách thực hiện tiếp xúc da-kề-da tiếp tục cho trẻ tại nhà. \n\uf02b Biết cách điều chỉnh theo nhu c ầu của trẻ như tăng thời gian tiếp xúc da-kề-da nếu \ntrẻ lạnh tay, chân hoặc nhiệt độ môi trường thấp về ban đêm. \n\uf02b Biết cách chăm sóc, theo dõi tại nhà và nhận biết các dấu hiệu nguy hiểm đưa trẻ đến \nkhám kịp thời.', '- Tăng thân nhiệt trung bình: thân nhiệt đo ở nách từ 380C đến 390C. \n- Tăng thân nhiệt nặng: thân nhiệt đo ở nách trên 390C. \nNguyên tắc xử trí bằng phương pháp vật lý và phương pháp dùng thuốc. \n- Nhận biết nguy cơ tăng thân nhiệt: trẻ nhẹ cân, trẻ không khỏe (nhiễm khuẩn nặng), thời \ntiết nóng. \n- Phát hiện kịp thời dấu hiệu tăng thân nhiệt: sờ bàn tay/bàn chân nóng.', '\ufeffCâu hỏi: Dấu hiệu nguy hiểm ở trẻ sơ sinh cần đến cấp cứu ngay?\nTrả lời: Đến cấp cứu NGAY khi bé: (1) Khó thở, thở rút lõm ngực, tím tái, (2) Bỏ bú hoàn toàn >2 cữ, (3) Sốt ≥38°C (dưới 28 ngày tuổi), (4) Co giật, (5) Lơ mơ không tỉnh, (6) Rốn đỏ chảy mủ, (7) Vàng da đến lòng bàn tay/chân.\nNguồn: BV Nhi Trung ương; Bộ Y tế VN — Hướng dẫn 2025']","Dưới đây là thông tin liên quan đến câu hỏi của bạn:

- Sốt là tình trạng nhiệt độ cơ thể cao hơn bình thường, thường là dấu hiệu cho thấy trẻ có thể bị ốm.
- Trẻ có thể bị sốt cao hơn so với người lớn.
- Một số nguyên nhân phổ biến khiến trẻ bị sốt là nhiễm trùng hoặc các bệnh khác.
- Trẻ cũng có thể bị sốt do tiêm chủng hoặc do mặc quá nhiều quần áo.

Về mức nhiệt nguy hiểm, tài liệu 4 cho biết:

- Tăng thân nhiệt nặng: thân nhiệt đo ở nách trên 39°C.
- Nguyên tắc xử trí bằng phương pháp vật lý và phương pháp dùng thuốc.
- Nhận biết nguy cơ tăng thân nhiệt: trẻ nhẹ cân, trẻ không khỏe (nhiễm khuẩn nặng), thời tiết nóng.
- Phát hiện kịp thời dấu hiệu tăng thân nhiệt: sờ bàn tay/bàn chân nóng.

Tài liệu 5 cho biết:

- Đến cấp cứu NGAY khi bé sốt ≥38°C (dưới 28 ngày tuổi).",0.5,1.0,0.7082268032478478,
Làm sao để dạy con cách kiểm soát cảm giác tức giận mà không la hét?,"Dưới đây là một số cách giúp con bạn học cách kiểm soát cảm giác tức giận mà không cần phải la hét:

 * Nói chuyện thường xuyên với con về những cảm xúc thường gặp như tức giận.
 * Gọi tên cảm xúc của con, ví dụ ""Mẹ thấy con đang tức giận"".
 * Chấp nhận cảm xúc của con, nhưng không chấp nhận việc cư xử tiêu cực.
 * Hãy giữ bình tĩnh và không la hét khi con tức giận.
 * Thay vào đó, hãy đổi hoạt động và làm gì đó bình tĩnh hơn.","['nghĩa\nGiúp trẻ chuyển cảm xúc thành lời nói \n- Nói chuyện thường xuyên với trẻ \nvề những cảm xúc thường gặp như \nvui vẻ, phấn khích, buồn phiền, lo \nsợ, tức giận hay ghen tị\n- Gọi tên những cảm xúc của trẻ, ví \ndụ “Mẹ thấy rằng con đang buồn”. \nĐiều này sẽ giúp trẻ học cách tự gọi \ntên cảm xúc của mình\n• Chấp nhận những cảm xúc của trẻ,  \nngay cả khi trẻ buồn phiền hay giận dữ.', 'này giúp bé cảm thấy được thấu hiểu và \nđỡ bực bội hơn. “Mẹ/ba thấy là con đang \ntức giận. Mẹ/ba không thể biết là con \nmuốn gì khi con cứ gào lên như thế. Nếu \ncon có thể nói cho ba/mẹ biết con muốn \ngì, ba/mẹ có thể sẽ làm được điều gì đó \ncho con.”\n• Nếu bạn thấy có dấu hiệu của cơn ăn vạ, \nhãy đổi hoạt động và làm gì đó bình tĩnh \nhơn. Hãy cố ngăn chặn cơn ăn vạ trước \nkhi nó bắt đầu', 'ĐÁNH ĐÒN THÌ SAO? \nViệc bạn cảm thấy tức giận là một điều hoàn \ntoàn bình thường nhưng đòn roi không giúp \ngiải quyết vấn đề một cách hiệu quả. Trẻ \nkhông nên cảm thấy sợ hãi vì những điều \nbạn có thể làm.\nNếu trẻ cảm thấy sợ rằng bạn sẽ đánh đòn \ntrẻ, trẻ sẽ làm theo những gì bạn muốn bởi vì \ntrẻ sợ hãi chứ không phải bởi vì trẻ hiểu TẠI \nSAO hành vi này lại sai.', 'thường gặp như vui vẻ, buồn phiền, sợ \nhãi hay giận dữ. Hãy gọi tên cảm xúc \ncủa trẻ. Ví dụ, bạn có thể nói “Mẹ thấy \ncon đang buồn”. Trẻ học về cảm xúc của \nngười khác thông qua việc nói về cảm \nxúc. Trẻ học cách biết cảm thông khi \ncảm xúc của chính trẻ được tôn trọng \nvà thấu hiểu\n• Chấp nhận cảm xúc của trẻ. Hãy cho trẻ \nbiết rằng việc buồn phiền hay tức giận là', 'và thấu hiểu\n• Chấp nhận cảm xúc của trẻ. Hãy cho trẻ \nbiết rằng việc buồn phiền hay tức giận là \nđiều bình thường. Bạn có thể chấp nhận \ncác cảm xúc tiêu cực của con nhưng \nkhông chấp nhận việc cư xử một cách \ntiêu cực. Sẽ không sao nếu trẻ cảm thấy \ntức giận, nhưng việc đánh người khác là \nđiều không chấp nhận được\n• Hãy giữ bình tĩnh.  Mất bình tĩnh sẽ \nkhông giúp ích cho việc dạy dỗ trẻ. Đôi']",Hãy dạy trẻ cách hít thở sâu hoặc gọi tên cảm xúc của mình khi đang giận. Cha mẹ cũng cần làm gương bằng cách giữ bình tĩnh khi gặp tình huống căng thẳng.,Làm sao để dạy con cách kiểm soát cảm giác tức giận mà không la hét?,"['nghĩa\nGiúp trẻ chuyển cảm xúc thành lời nói \n- Nói chuyện thường xuyên với trẻ \nvề những cảm xúc thường gặp như \nvui vẻ, phấn khích, buồn phiền, lo \nsợ, tức giận hay ghen tị\n- Gọi tên những cảm xúc của trẻ, ví \ndụ “Mẹ thấy rằng con đang buồn”. \nĐiều này sẽ giúp trẻ học cách tự gọi \ntên cảm xúc của mình\n• Chấp nhận những cảm xúc của trẻ,  \nngay cả khi trẻ buồn phiền hay giận dữ.', 'này giúp bé cảm thấy được thấu hiểu và \nđỡ bực bội hơn. “Mẹ/ba thấy là con đang \ntức giận. Mẹ/ba không thể biết là con \nmuốn gì khi con cứ gào lên như thế. Nếu \ncon có thể nói cho ba/mẹ biết con muốn \ngì, ba/mẹ có thể sẽ làm được điều gì đó \ncho con.”\n• Nếu bạn thấy có dấu hiệu của cơn ăn vạ, \nhãy đổi hoạt động và làm gì đó bình tĩnh \nhơn. Hãy cố ngăn chặn cơn ăn vạ trước \nkhi nó bắt đầu', 'ĐÁNH ĐÒN THÌ SAO? \nViệc bạn cảm thấy tức giận là một điều hoàn \ntoàn bình thường nhưng đòn roi không giúp \ngiải quyết vấn đề một cách hiệu quả. Trẻ \nkhông nên cảm thấy sợ hãi vì những điều \nbạn có thể làm.\nNếu trẻ cảm thấy sợ rằng bạn sẽ đánh đòn \ntrẻ, trẻ sẽ làm theo những gì bạn muốn bởi vì \ntrẻ sợ hãi chứ không phải bởi vì trẻ hiểu TẠI \nSAO hành vi này lại sai.', 'thường gặp như vui vẻ, buồn phiền, sợ \nhãi hay giận dữ. Hãy gọi tên cảm xúc \ncủa trẻ. Ví dụ, bạn có thể nói “Mẹ thấy \ncon đang buồn”. Trẻ học về cảm xúc của \nngười khác thông qua việc nói về cảm \nxúc. Trẻ học cách biết cảm thông khi \ncảm xúc của chính trẻ được tôn trọng \nvà thấu hiểu\n• Chấp nhận cảm xúc của trẻ. Hãy cho trẻ \nbiết rằng việc buồn phiền hay tức giận là', 'và thấu hiểu\n• Chấp nhận cảm xúc của trẻ. Hãy cho trẻ \nbiết rằng việc buồn phiền hay tức giận là \nđiều bình thường. Bạn có thể chấp nhận \ncác cảm xúc tiêu cực của con nhưng \nkhông chấp nhận việc cư xử một cách \ntiêu cực. Sẽ không sao nếu trẻ cảm thấy \ntức giận, nhưng việc đánh người khác là \nđiều không chấp nhận được\n• Hãy giữ bình tĩnh.  Mất bình tĩnh sẽ \nkhông giúp ích cho việc dạy dỗ trẻ. Đôi']","Dưới đây là một số cách giúp con bạn học cách kiểm soát cảm giác tức giận mà không cần phải la hét:

 * Nói chuyện thường xuyên với con về những cảm xúc thường gặp như tức giận.
 * Gọi tên cảm xúc của con, ví dụ ""Mẹ thấy con đang tức giận"".
 * Chấp nhận cảm xúc của con, nhưng không chấp nhận việc cư xử tiêu cực.
 * Hãy giữ bình tĩnh và không la hét khi con tức giận.
 * Thay vào đó, hãy đổi hoạt động và làm gì đó bình tĩnh hơn.",0.8,1.0,0.8210199428099454,0.3333333333
"Ngoài việc cải thiện chuyện tiểu tiện, tập phục hồi sàn chậu có giúp ích gì cho đời sống vợ chồng sau sinh không ạ?","Tập phục hồi sàn chậu sau sinh bằng bài tập Kegel hoặc tập luyện với máy có thể giúp cải thiện các rối loạn chức năng do sa sàn chậu gây nên, từ đó cải thiện tình trạng bệnh và chất lượng cuộc sống ở người phụ nữ sau sinh đẻ.

- Tập luyện phục hồi chức năng sàn chậu có thể giúp cải thiện chức năng tình dục.
- Bài tập Kegel giúp siết cơ sàn chậu, cải thiện các rối loạn chức năng.
- Tập luyện với máy cũng có thể giúp cải thiện các rối loạn chức năng do sa sàn chậu gây nên.
- Cải thiện chất lượng cuộc sống ở người phụ nữ sau sinh đẻ.","['\ufeffCâu hỏi: Sau sinh bị đau lưng phải làm sao?\nTrả lời: Dùng đai lưng hỗ trợ, tập bài tập phục hồi nhẹ nhàng, tránh cúi gập người đột ngột, khi bế bé nhớ ngồi xuống rồi đứng lên. Nếu đau kéo dài hơn 3 tháng hoặc đau lan xuống chân cần khám vật lý trị liệu.\nNguồn: Vinmec — Phục hồi chức năng sau sinh', 'Bài tập này cũng đặc biệt hữu hiệu cho phụ nữ sau khi sinh con, nhất là các bà mẹ chọn phương pháp sinh thường. Bình thường, phải mất vài tháng, thậm chí vài năm sau khi sinh con, âm đạo của người phụ nữ mới có thể săn chắc trở lại sau một lần chuyển dạ. Tuy nhiên, thời gian này sẽ rút ngắn lại nếu kiên trì tập luyện bài tập Kegel. Các động tác tập Kegel còn giúp phụ nữ sau sinh phòng ngừa bệnh', '\ufeffCâu hỏi: Sau sinh mẹ bị tiểu không tự chủ, có nguy hiểm không?\nTrả lời: Không nguy hiểm nhưng cần được điều trị. Tiểu không tự chủ sau sinh (nhất là sinh thường) do tổn thương cơ sàn chậu. Tập bài tập Kegel (siết cơ sàn chậu 3 giây, lặp 10 lần, 3 lần/ngày) trong 6 tháng thường cải thiện rõ rệt.\nNguồn: BV Tâm Anh — Đơn vị Niệu nữ; Vinmec — Phục hồi sàn chậu', 'bằng bài tập Kegel hay tập luyện với máy sẽ sớm giúp cải thiện các rối loạn chức năng do sa sàn chậu gây nên, từ đó cải thiện tình trạng bệnh và chất lượng cuộc sống ở người phụ nữ sau sinh đẻ.', 'Rối loạn chức năng sàn chậu ở phụ nữ sau sinh nở là một vấn đề rất hay gặp. Nguyên nhân là do khi sinh con nhiều lần dẫn đến sàn chậu bị kéo giãn và sa xuống gây ra một số rối loạn chức năng như: són tiểu, táo bón, suy giảm chức năng tình dục... Tập luyện phục hồi chức năng sàn chậu bằng bài tập Kegel hay tập luyện với máy sẽ sớm giúp cải thiện các rối loạn chức năng do sa sàn chậu gây nên, từ đó']","Có, tập luyện giúp thu nhỏ âm đạo, tăng sức mạn cơ vùng chậu, từ đó cải thiện chức năng tình dục và tăng cảm giác trong quan hệ vợ chồng.","Ngoài việc cải thiện chuyện tiểu tiện, tập phục hồi sàn chậu có giúp ích gì cho đời sống vợ chồng sau sinh không ạ?","['\ufeffCâu hỏi: Sau sinh bị đau lưng phải làm sao?\nTrả lời: Dùng đai lưng hỗ trợ, tập bài tập phục hồi nhẹ nhàng, tránh cúi gập người đột ngột, khi bế bé nhớ ngồi xuống rồi đứng lên. Nếu đau kéo dài hơn 3 tháng hoặc đau lan xuống chân cần khám vật lý trị liệu.\nNguồn: Vinmec — Phục hồi chức năng sau sinh', 'Bài tập này cũng đặc biệt hữu hiệu cho phụ nữ sau khi sinh con, nhất là các bà mẹ chọn phương pháp sinh thường. Bình thường, phải mất vài tháng, thậm chí vài năm sau khi sinh con, âm đạo của người phụ nữ mới có thể săn chắc trở lại sau một lần chuyển dạ. Tuy nhiên, thời gian này sẽ rút ngắn lại nếu kiên trì tập luyện bài tập Kegel. Các động tác tập Kegel còn giúp phụ nữ sau sinh phòng ngừa bệnh', '\ufeffCâu hỏi: Sau sinh mẹ bị tiểu không tự chủ, có nguy hiểm không?\nTrả lời: Không nguy hiểm nhưng cần được điều trị. Tiểu không tự chủ sau sinh (nhất là sinh thường) do tổn thương cơ sàn chậu. Tập bài tập Kegel (siết cơ sàn chậu 3 giây, lặp 10 lần, 3 lần/ngày) trong 6 tháng thường cải thiện rõ rệt.\nNguồn: BV Tâm Anh — Đơn vị Niệu nữ; Vinmec — Phục hồi sàn chậu', 'bằng bài tập Kegel hay tập luyện với máy sẽ sớm giúp cải thiện các rối loạn chức năng do sa sàn chậu gây nên, từ đó cải thiện tình trạng bệnh và chất lượng cuộc sống ở người phụ nữ sau sinh đẻ.', 'Rối loạn chức năng sàn chậu ở phụ nữ sau sinh nở là một vấn đề rất hay gặp. Nguyên nhân là do khi sinh con nhiều lần dẫn đến sàn chậu bị kéo giãn và sa xuống gây ra một số rối loạn chức năng như: són tiểu, táo bón, suy giảm chức năng tình dục... Tập luyện phục hồi chức năng sàn chậu bằng bài tập Kegel hay tập luyện với máy sẽ sớm giúp cải thiện các rối loạn chức năng do sa sàn chậu gây nên, từ đó']","Tập phục hồi sàn chậu sau sinh bằng bài tập Kegel hoặc tập luyện với máy có thể giúp cải thiện các rối loạn chức năng do sa sàn chậu gây nên, từ đó cải thiện tình trạng bệnh và chất lượng cuộc sống ở người phụ nữ sau sinh đẻ.

- Tập luyện phục hồi chức năng sàn chậu có thể giúp cải thiện chức năng tình dục.
- Bài tập Kegel giúp siết cơ sàn chậu, cải thiện các rối loạn chức năng.
- Tập luyện với máy cũng có thể giúp cải thiện các rối loạn chức năng do sa sàn chậu gây nên.
- Cải thiện chất lượng cuộc sống ở người phụ nữ sau sinh đẻ.",0.875,0.2777777777777778,0.5625630642201923,0.99999999998
Cách xử trí tại nhà khi trẻ sơ sinh bị sốt cao?,"Khi trẻ sơ sinh bị sốt cao, bạn nên:

- Tắm bằng nước ấm để giúp thân nhiệt hạ xuống.
- Tắm còn giúp bé cảm thấy dễ chịu hơn.

Lưu ý: Nếu trẻ có các dấu hiệu nghiêm trọng như rét run, xu ất huyết, co giật, khó thở, người tím tái, li bì, bạn nên nhanh chóng đưa trẻ đến bệnh viện để được kiểm tra và điều trị kịp thời.","['- Trẻ sơ sinh bị sốt virus, siêu vi: sốt xuất huyết… \n- Trẻ bị sốt sau khi tiêm phòng  \n- Trẻ bị sốt do ăn mặc quá ấm hoặc dành quá nhiều thời \ngian bên ngoài trong một ngày nắng nóng \nXử trí – Chăm sóc: \n- Tắm bằng nước ấm \nKhi tắm bằng nước ấm, nước sẽ bốc hơi t ừ làn da c ủa \nbé và sẽ giúp thân nhiệt hạ xuống. Ngoài ra, tắm còn giúp bé', 'bé rét run, xu ất huyết, co giật, khó thở, người tím tái, li bì… \nnên nhanh chóng đưa tr ẻ đến bệnh viện để được kiểm tra và \nđiều trị kịp thời. \nNguyên nhân  \n- Trẻ bị sốt do vi khuẩn: viêm phổi, đường tiết niệu, tai \nhoặc các nhiễm khuẩn máu hay viêm màng não \n- Trẻ sơ sinh bị sốt virus, siêu vi: sốt xuất huyết… \n- Trẻ bị sốt sau khi tiêm phòng', 'Khoa nhi tại hệ thống Bệnh viện Đa khoa Quốc tế Vinmec là địa chỉ tiếp nhận và thăm khám các bệnh lý mà trẻ sơ sinh cũng như trẻ nhỏ dễ mắc phải: sốt virus, sốt vi khuẩn, viêm tai giữa, viêm phổi ở trẻ,... Với hệ thống cơ sở vật chất, trang thiết bị y tế hiện đại, không gian vô trùng, giảm thiểu tối đa tác động cũng như nguy cơ lây lan bệnh, Vinmec sẽ mang lại sự hài lòng cho Quý khách hàng và', 'NHỮNG VẤN ĐỀ PHỔ BIẾN\nSỐT \nSốt là tình trạng nhiệt độ cơ thể cao hơn bình thường. Sốt là dấu hiệu cho thấy trẻ có thể bị ốm. \nĐây là cách cơ thể đang chống lại bệnh tật. Trẻ có thể bị sốt cao hơn so với người lớn. Một số \nnguyên nhân phổ biến khiến trẻ bị sốt là nhiễm trùng hoặc các bệnh khác, tuy nhiên trẻ cũng \ncó thể bị sốt do tiêm chủng hoặc do mặc quá nhiều quần áo\nCẦN PHẢI LÀM GÌ', '\uf02b Chăm sóc trẻ sơ sinh bệnh lý: khi trẻ sơ sinh tại khoa Sản có vấn đề về sức khỏe cần \ncó hội chẩn với bác sĩ Nhi về chẩn đoán, chăm sóc, điều trị, tư vấn. Nếu quá khả năng \nchăm sóc tại khoa Sản chuyển trẻ sang khoa Nhi điều trị. Khi chuyển trẻ phải cung \ncấp đầy đủ thông tin về mẹ, cuộc đẻ và trẻ. Cần có sự chia sẻ trách nhiệm khi có bất \ncứ vấn đề gì xảy ra đối với trẻ.']","Lau người bằng khăn ấm, đắp khăn ấm để hạ nhiệt và đưa ngay đến cơ sở y tế.",Cách xử trí tại nhà khi trẻ sơ sinh bị sốt cao?,"['- Trẻ sơ sinh bị sốt virus, siêu vi: sốt xuất huyết… \n- Trẻ bị sốt sau khi tiêm phòng  \n- Trẻ bị sốt do ăn mặc quá ấm hoặc dành quá nhiều thời \ngian bên ngoài trong một ngày nắng nóng \nXử trí – Chăm sóc: \n- Tắm bằng nước ấm \nKhi tắm bằng nước ấm, nước sẽ bốc hơi t ừ làn da c ủa \nbé và sẽ giúp thân nhiệt hạ xuống. Ngoài ra, tắm còn giúp bé', 'bé rét run, xu ất huyết, co giật, khó thở, người tím tái, li bì… \nnên nhanh chóng đưa tr ẻ đến bệnh viện để được kiểm tra và \nđiều trị kịp thời. \nNguyên nhân  \n- Trẻ bị sốt do vi khuẩn: viêm phổi, đường tiết niệu, tai \nhoặc các nhiễm khuẩn máu hay viêm màng não \n- Trẻ sơ sinh bị sốt virus, siêu vi: sốt xuất huyết… \n- Trẻ bị sốt sau khi tiêm phòng', 'Khoa nhi tại hệ thống Bệnh viện Đa khoa Quốc tế Vinmec là địa chỉ tiếp nhận và thăm khám các bệnh lý mà trẻ sơ sinh cũng như trẻ nhỏ dễ mắc phải: sốt virus, sốt vi khuẩn, viêm tai giữa, viêm phổi ở trẻ,... Với hệ thống cơ sở vật chất, trang thiết bị y tế hiện đại, không gian vô trùng, giảm thiểu tối đa tác động cũng như nguy cơ lây lan bệnh, Vinmec sẽ mang lại sự hài lòng cho Quý khách hàng và', 'NHỮNG VẤN ĐỀ PHỔ BIẾN\nSỐT \nSốt là tình trạng nhiệt độ cơ thể cao hơn bình thường. Sốt là dấu hiệu cho thấy trẻ có thể bị ốm. \nĐây là cách cơ thể đang chống lại bệnh tật. Trẻ có thể bị sốt cao hơn so với người lớn. Một số \nnguyên nhân phổ biến khiến trẻ bị sốt là nhiễm trùng hoặc các bệnh khác, tuy nhiên trẻ cũng \ncó thể bị sốt do tiêm chủng hoặc do mặc quá nhiều quần áo\nCẦN PHẢI LÀM GÌ', '\uf02b Chăm sóc trẻ sơ sinh bệnh lý: khi trẻ sơ sinh tại khoa Sản có vấn đề về sức khỏe cần \ncó hội chẩn với bác sĩ Nhi về chẩn đoán, chăm sóc, điều trị, tư vấn. Nếu quá khả năng \nchăm sóc tại khoa Sản chuyển trẻ sang khoa Nhi điều trị. Khi chuyển trẻ phải cung \ncấp đầy đủ thông tin về mẹ, cuộc đẻ và trẻ. Cần có sự chia sẻ trách nhiệm khi có bất \ncứ vấn đề gì xảy ra đối với trẻ.']","Khi trẻ sơ sinh bị sốt cao, bạn nên:

- Tắm bằng nước ấm để giúp thân nhiệt hạ xuống.
- Tắm còn giúp bé cảm thấy dễ chịu hơn.

Lưu ý: Nếu trẻ có các dấu hiệu nghiêm trọng như rét run, xu ất huyết, co giật, khó thở, người tím tái, li bì, bạn nên nhanh chóng đưa trẻ đến bệnh viện để được kiểm tra và điều trị kịp thời.",0.45454545454545453,0.3333333333333333,0.7997481674431027,0.249999999975
"Bé nhà em bắt đầu mọc răng và rất hay sốt nhẹ, quấy khóc, em có thể làm gì giúp bé đỡ đau?","Dựa trên tài liệu, có một số nguyên nhân phổ biến khiến em bé quấy khóc, bao gồm:

- Đói
- Sợ hãi
- Bị đau
- Bị lạnh
- Môi trường xung quanh có quá nhiều tiếng ồn hoặc bé bị phấn khích quá mức

Để giúp bé giảm đau và cải thiện tình trạng, bạn có thể:

- Đến với bé ngay khi bé khóc
- Dỗ dành bé ngay lập tức khi bé khó chịu, sợ hãi, hay khi bé bị ốm, đau
- Chạm vào bé và nói chuyện với bé một cách yêu thương
- Chơi với bé, cười đùa, nói chuyện và hát cho bé nghe","['khóc dạ đề.  Các lý do phổ biến khiến em bé \nquấy khóc là:\n• Đói\n• Sợ hãi\n• Bị đau\n• Bị lạnh\n• Môi trường xung quanh có quá nhiều \ntiếng ồn hoặc bé bị phấn khích quá mức \nBẠN CÓ THỂ LÀM GÌ?\nBế bé lên sẽ không làm ""hư"" bé. Tốt nhất là \nbạn nên đến với bé khi bé khóc. Đừng để bé \nkhó chịu quá lâu, bé sẽ không thể bình tĩnh \nlại được. \nHãy cố tìm hiểu bé cần gì và giúp bé. Để', 'Khóc mà không có lý do rõ ràng.\nKhó ngủ, khó ăn và khó đưa ra lựa chọn.\nTự hỏi liệu họ có thể chăm sóc em bé không.\nNhững cảm xúc này, thường được gọi là baby blues, có thể đến rồi đi trong vài ngày đầu sau khi sinh.\nHội chứng baby blues thường kéo dài bao lâu?\nHội chứng này thường sẽ thuyên giảm trong vòng vài ngày hoặc 1–2 tuần mà không cần điều trị.\nTrầm cảm sau sinh là gì?', 'Các bậc phụ huynh có chế độ ăn với lượng đường thấp sẽ giúp làm giảm lượng vi khuẩn sâu răng trong miệng, từ đó làm giảm hay chậm khả năng truyền vi khuẩn sang cho trẻ.\nKhông cho bé nằm uống sữa. Khi đang mọc răng, bé thường có thói quen ngậm chặt núm bình. Do đó, răng sẽ ngâm trong sữa rất lâu nên dễ bị biến dạng, làm hỏng men răng, tạo điều kiện cho vi khuẩn sinh sôi nảy nở, dễ gây sâu răng.', 'Cách điều trị bệnh viêm da cơ địa trẻ 3 tháng tuổi\nHỏi\nChào bác sĩ ạ. Bé nhà em được 3 tháng tuổi rồi ạ. Bé nhà em có nổi nốt sần khắp người. Em có mang bé đi khám thì bác sĩ họ bảo bị viêm da cơ địa. Em xin hỏi cách điều trị bệnh viêm da cơ địa trẻ 3 tháng tuổi. Mong bác sĩ giải đáp cho em.\nThanh (1997)\nTrả lời', 'bé ngay từ khi bé mới sinh ra.\n• Hãy đến với bé ngay khi bé khóc. Sự \nquan tâm của bạn sẽ không làm  \nbé hư\n• Dỗ dành bé ngay lập tức khi bé khó \nchịu, sợ hãi, hay khi bé bị ốm, đau\n• Chạm vào bé và nói chuyện với bé \nmột cách yêu thương bằng việc ôm bé, \nnói chuyện và nhẹ nhàng hát cho bé \nnghe\n• Chơi với bé. Cười đùa, nói chuyện và \nhát cho bé nghe\n3']","Bạn có thể cho bé nhai vòng ngậm nướu sạch (để mát), massage nướu nhẹ nhàng và nếu bé sốt cao hoặc quá đau có thể dùng thuốc giảm đau theo liều lượng bác sĩ dặn.","Bé nhà em bắt đầu mọc răng và rất hay sốt nhẹ, quấy khóc, em có thể làm gì giúp bé đỡ đau?","['khóc dạ đề.  Các lý do phổ biến khiến em bé \nquấy khóc là:\n• Đói\n• Sợ hãi\n• Bị đau\n• Bị lạnh\n• Môi trường xung quanh có quá nhiều \ntiếng ồn hoặc bé bị phấn khích quá mức \nBẠN CÓ THỂ LÀM GÌ?\nBế bé lên sẽ không làm ""hư"" bé. Tốt nhất là \nbạn nên đến với bé khi bé khóc. Đừng để bé \nkhó chịu quá lâu, bé sẽ không thể bình tĩnh \nlại được. \nHãy cố tìm hiểu bé cần gì và giúp bé. Để', 'Khóc mà không có lý do rõ ràng.\nKhó ngủ, khó ăn và khó đưa ra lựa chọn.\nTự hỏi liệu họ có thể chăm sóc em bé không.\nNhững cảm xúc này, thường được gọi là baby blues, có thể đến rồi đi trong vài ngày đầu sau khi sinh.\nHội chứng baby blues thường kéo dài bao lâu?\nHội chứng này thường sẽ thuyên giảm trong vòng vài ngày hoặc 1–2 tuần mà không cần điều trị.\nTrầm cảm sau sinh là gì?', 'Các bậc phụ huynh có chế độ ăn với lượng đường thấp sẽ giúp làm giảm lượng vi khuẩn sâu răng trong miệng, từ đó làm giảm hay chậm khả năng truyền vi khuẩn sang cho trẻ.\nKhông cho bé nằm uống sữa. Khi đang mọc răng, bé thường có thói quen ngậm chặt núm bình. Do đó, răng sẽ ngâm trong sữa rất lâu nên dễ bị biến dạng, làm hỏng men răng, tạo điều kiện cho vi khuẩn sinh sôi nảy nở, dễ gây sâu răng.', 'Cách điều trị bệnh viêm da cơ địa trẻ 3 tháng tuổi\nHỏi\nChào bác sĩ ạ. Bé nhà em được 3 tháng tuổi rồi ạ. Bé nhà em có nổi nốt sần khắp người. Em có mang bé đi khám thì bác sĩ họ bảo bị viêm da cơ địa. Em xin hỏi cách điều trị bệnh viêm da cơ địa trẻ 3 tháng tuổi. Mong bác sĩ giải đáp cho em.\nThanh (1997)\nTrả lời', 'bé ngay từ khi bé mới sinh ra.\n• Hãy đến với bé ngay khi bé khóc. Sự \nquan tâm của bạn sẽ không làm  \nbé hư\n• Dỗ dành bé ngay lập tức khi bé khó \nchịu, sợ hãi, hay khi bé bị ốm, đau\n• Chạm vào bé và nói chuyện với bé \nmột cách yêu thương bằng việc ôm bé, \nnói chuyện và nhẹ nhàng hát cho bé \nnghe\n• Chơi với bé. Cười đùa, nói chuyện và \nhát cho bé nghe\n3']","Dựa trên tài liệu, có một số nguyên nhân phổ biến khiến em bé quấy khóc, bao gồm:

- Đói
- Sợ hãi
- Bị đau
- Bị lạnh
- Môi trường xung quanh có quá nhiều tiếng ồn hoặc bé bị phấn khích quá mức

Để giúp bé giảm đau và cải thiện tình trạng, bạn có thể:

- Đến với bé ngay khi bé khóc
- Dỗ dành bé ngay lập tức khi bé khó chịu, sợ hãi, hay khi bé bị ốm, đau
- Chạm vào bé và nói chuyện với bé một cách yêu thương
- Chơi với bé, cười đùa, nói chuyện và hát cho bé nghe",,0.0,0.657455528594677,0.3333333333
Hậu quả của thiếu dinh dưỡng trong 3 tháng cuối thai kỳ là gì?,"Dựa trên tài liệu, hậu quả của việc thiếu dinh dưỡng trong 3 tháng cuối thai kỳ đối với mẹ và thai nhi là:

- Mẹ có nguy cơ đẻ nhẹ cân
- Thai nhi có nguy cơ bị tiểu đường về sau khi trưởng thành

 *Lưu ý: Mẹ nên đưa bé đến cơ sở y tế để được thăm khám trực tiếp.*","['thăm khám thai định kỳ \n+ Đối với người có nguy cơ cao (bố hoặc mẹ có bệnh tiểu đường, thai phụ béo phì…): \ntrong 3 tháng đầu cần xét nghiệm đường huyết, HbA1C và làm nghiệm pháp tăng \nđường huyết. Xét nghiệm lại lần 2 khi thai 24 tuần (hoặc 3 tháng giữa) và lần 3 vào \n3 tháng cuối của thai kỳ. Nếu XNTĐH dương tinh cần khám chuyên ngành nội khoa \nkết hợp với thăm khám thai định kỳ', 'khám thai định kỳ \n- Đối với người có nguy cơ cao (bố hoặc mẹ có bệnh tiểu đường, thai phụ béo phì…): \ntrong 3 tháng đầu cần xét nghiệm đường huyết, HbA1C và làm nghiệm pháp tăng đường \nhuyết. Xét nghiệm lại lần 2 khi thai 24 tuần (hoặc 3 tháng giữa) và lần 3 vào 3 tháng cuối \ncủa thai kỳ. Nếu XNTĐH dương tinh cần khám chuyên ngành nội khoa kết hợp với thăm \nkhám thai định kỳ', 'lớn tới phát triển của con như sau:\n• Thiếu dinh dưỡng thời kỳ đầu bào thai: con đẻ ra có nguy cơ bị béo phì\nvà mắc bệnh tim mạch khi trưởng thành\n• Thiếu dinh dưỡng trong ba tháng giữa: con có nguy cơ thấp còi\n• Thiếu dinh dưỡng thời kỳ cuối: nguy cơ đẻ nhẹ cân và bị tiểu đường về\nsau', '- Uống bổ sung viên sắt và acid folic 400 mcg hàng ngày ít nhất trong 3 tháng trước khi \ncó thai và viên đa vi chất để đề phòng chống thiếu máu do thiếu sắt và thiếu vi chất. \n- Sử dụng muối iôt, bột canh iôt hàng ngày. \n- Tẩy giun bằng albendazol. \n- Tiêm vaccin phòng uốn ván cho phụ nữ từ 15 đến 35 tuổi. \n- Nên tiêm phòng cúm, rubella cho phụ nữ trước khi có thai ít nhất 3 tháng.', '| 141 \nThai nghén ảnh hưởng nhiều đến tim ở nửa sau của thai kỳ, các biến chứng thường gặp:  \n- Suy tim cấp. \n- Phù phổi cấp. \n- Thuyên tắc mạch phổi. \n- Rối loạn nhịp tim. \n- Thiếu máu trong thai k ỳ: tình trạng thiếu máu sẽ làm tăng lưu lư ợng tim, tim ph ải làm \nviệc nhiều dễ đưa đến suy tim kể cả suy tim độ I và II.']",Con đẻ ra có nguy cơ bị nhẹ cân và mắc bệnh tiểu đường về sau.,Hậu quả của thiếu dinh dưỡng trong 3 tháng cuối thai kỳ là gì?,"['thăm khám thai định kỳ \n+ Đối với người có nguy cơ cao (bố hoặc mẹ có bệnh tiểu đường, thai phụ béo phì…): \ntrong 3 tháng đầu cần xét nghiệm đường huyết, HbA1C và làm nghiệm pháp tăng \nđường huyết. Xét nghiệm lại lần 2 khi thai 24 tuần (hoặc 3 tháng giữa) và lần 3 vào \n3 tháng cuối của thai kỳ. Nếu XNTĐH dương tinh cần khám chuyên ngành nội khoa \nkết hợp với thăm khám thai định kỳ', 'khám thai định kỳ \n- Đối với người có nguy cơ cao (bố hoặc mẹ có bệnh tiểu đường, thai phụ béo phì…): \ntrong 3 tháng đầu cần xét nghiệm đường huyết, HbA1C và làm nghiệm pháp tăng đường \nhuyết. Xét nghiệm lại lần 2 khi thai 24 tuần (hoặc 3 tháng giữa) và lần 3 vào 3 tháng cuối \ncủa thai kỳ. Nếu XNTĐH dương tinh cần khám chuyên ngành nội khoa kết hợp với thăm \nkhám thai định kỳ', 'lớn tới phát triển của con như sau:\n• Thiếu dinh dưỡng thời kỳ đầu bào thai: con đẻ ra có nguy cơ bị béo phì\nvà mắc bệnh tim mạch khi trưởng thành\n• Thiếu dinh dưỡng trong ba tháng giữa: con có nguy cơ thấp còi\n• Thiếu dinh dưỡng thời kỳ cuối: nguy cơ đẻ nhẹ cân và bị tiểu đường về\nsau', '- Uống bổ sung viên sắt và acid folic 400 mcg hàng ngày ít nhất trong 3 tháng trước khi \ncó thai và viên đa vi chất để đề phòng chống thiếu máu do thiếu sắt và thiếu vi chất. \n- Sử dụng muối iôt, bột canh iôt hàng ngày. \n- Tẩy giun bằng albendazol. \n- Tiêm vaccin phòng uốn ván cho phụ nữ từ 15 đến 35 tuổi. \n- Nên tiêm phòng cúm, rubella cho phụ nữ trước khi có thai ít nhất 3 tháng.', '| 141 \nThai nghén ảnh hưởng nhiều đến tim ở nửa sau của thai kỳ, các biến chứng thường gặp:  \n- Suy tim cấp. \n- Phù phổi cấp. \n- Thuyên tắc mạch phổi. \n- Rối loạn nhịp tim. \n- Thiếu máu trong thai k ỳ: tình trạng thiếu máu sẽ làm tăng lưu lư ợng tim, tim ph ải làm \nviệc nhiều dễ đưa đến suy tim kể cả suy tim độ I và II.']","Dựa trên tài liệu, hậu quả của việc thiếu dinh dưỡng trong 3 tháng cuối thai kỳ đối với mẹ và thai nhi là:

- Mẹ có nguy cơ đẻ nhẹ cân
- Thai nhi có nguy cơ bị tiểu đường về sau khi trưởng thành

 *Lưu ý: Mẹ nên đưa bé đến cơ sở y tế để được thăm khám trực tiếp.*",0.6666666666666666,1.0,0.8686010723070815,0.0
"Em có nên sử dụng núm vú giả để dỗ bé ngủ không, việc này có gây ảnh hưởng đến khớp cắn hay khiến bé bỏ bú mẹ không","Theo tài liệu, việc sử dụng núm vú giả có thể gây ảnh hưởng đến khớp cắn và khiến bé bỏ bú mẹ. 

- Tài liệu 2: ""ngậm giả nên dễ từ chối vú mẹ khi cho trẻ bú mẹ. Điều này sẽ làm trẻ sẽ bú ít đi, từ đó bầu vú bà mẹ sẽ giảm sản xuất sữa dẫn đến việc không đủ sữa.""

- Tài liệu 5: ""Không cho bé mút đầu ngón tay, hoặc ngậm ti giả. Thói quen này sẽ khiến răng bé mọc không đều, không thẳng hàng.""

Vì vậy, không nên sử dụng núm vú giả để dỗ bé ngủ.","['vắt bỏ sữa thừa, tránh ứ đọng sữa. \n- Thay đổi vị trí cho con bú, không sử dụng vú như một \nnúm vú giả. \n- Nếu sau khi th ử các biện pháp trong vòng 24 gi ờ, các \ntriệu chứng không cải thiện, phải được khám và điều trị.  \nÁp xe vú \nNguyên nhân \n- Bà mẹ cho con bú không đúng cách có thể gây nứt \nnúm vú hoặc răng của bé cắn vào núm vú. .. tạo điều kiện cho \nvi khuẩn xâm nhập vào vú.', 'khuẩn khiến trẻ dễ có nguy cơ mắc \nnhiễm khuẩn đường tiêu hóa.\nngậm giả nên dễ từ chối vú mẹ khi cho \ntrẻ bú mẹ. Điều này sẽ làm trẻ sẽ bú ít đi, \ntừ đó bầu vú bà mẹ sẽ giảm sản xuất sữa \ndẫn đến việc không đủ sữa.\nBất lợi khi cho trẻ bú bình và vú ngậm giả', 'Cho trẻ bú đúng cách, bú đều hai bên vú. Nếu sữa nhiều mà trẻ bú ít, bạn nhớ nhẹ nhàng vắt cạn lượng sữa thừa để tránh tình trạng ứ đọng sữa gây viêm tắc tuyến sữa. Không nên cho trẻ vừa ngủ vừa ngậm vú. Khi trẻ vừa bú vừa ngủ thường nhay, cắn vào núm vú, có thể gây tổn thương dẫn đến viêm nhiễm núm vú.', 'Viêm vú và tắc ống dẫn sữa\nNguyên nhân\n• Sữa lưu thông kém tại toàn bộ bầu \nvú là do bà mẹ không cho trẻ bú \nthường xuyên hoặc trẻ bú không hiệu \nquả. Trẻ ngậm bắt vú không đúng\n• Sữa lưu thông kém tại một phần vú\ncó thể do bú không hiệu quả, áo quá \nchật đè vào bầu vú, đặc biệt là áo nịt \nngực vào ban đêm, hoặc ngón tay bà \nmẹ kẹp vào bầu vú khi cho trẻ bú.\n• Trẻ ngậm bắt vú kém sẽ làm nứt núm', 'Không cho bé mút đầu ngón tay, hoặc ngậm ti giả. Thói quen này sẽ khiến răng bé mọc không đều, không thẳng hàng.\nKhông cho bé nhai một bên. Thói quen này sẽ khiến bé bị lệch hàm, gây mất cân đối cho khuôn mặt.\nTập cho bé ăn cứng. Mẹ nên chú ý sự quan sát sự phát triển của răng cửa và cho bé ăn những thức ăn có độ cứng phù hợp để răng bé phát triển toàn diện hơn.']",Có thể dùng khi bé đã bú mẹ ổn định (sau 1 tháng); tuy nhiên không nên lạm dụng quá lâu để tránh ảnh hưởng đến cấu trúc hàm và sự gắn kết với mẹ.,"Em có nên sử dụng núm vú giả để dỗ bé ngủ không, việc này có gây ảnh hưởng đến khớp cắn hay khiến bé bỏ bú mẹ không","['vắt bỏ sữa thừa, tránh ứ đọng sữa. \n- Thay đổi vị trí cho con bú, không sử dụng vú như một \nnúm vú giả. \n- Nếu sau khi th ử các biện pháp trong vòng 24 gi ờ, các \ntriệu chứng không cải thiện, phải được khám và điều trị.  \nÁp xe vú \nNguyên nhân \n- Bà mẹ cho con bú không đúng cách có thể gây nứt \nnúm vú hoặc răng của bé cắn vào núm vú. .. tạo điều kiện cho \nvi khuẩn xâm nhập vào vú.', 'khuẩn khiến trẻ dễ có nguy cơ mắc \nnhiễm khuẩn đường tiêu hóa.\nngậm giả nên dễ từ chối vú mẹ khi cho \ntrẻ bú mẹ. Điều này sẽ làm trẻ sẽ bú ít đi, \ntừ đó bầu vú bà mẹ sẽ giảm sản xuất sữa \ndẫn đến việc không đủ sữa.\nBất lợi khi cho trẻ bú bình và vú ngậm giả', 'Cho trẻ bú đúng cách, bú đều hai bên vú. Nếu sữa nhiều mà trẻ bú ít, bạn nhớ nhẹ nhàng vắt cạn lượng sữa thừa để tránh tình trạng ứ đọng sữa gây viêm tắc tuyến sữa. Không nên cho trẻ vừa ngủ vừa ngậm vú. Khi trẻ vừa bú vừa ngủ thường nhay, cắn vào núm vú, có thể gây tổn thương dẫn đến viêm nhiễm núm vú.', 'Viêm vú và tắc ống dẫn sữa\nNguyên nhân\n• Sữa lưu thông kém tại toàn bộ bầu \nvú là do bà mẹ không cho trẻ bú \nthường xuyên hoặc trẻ bú không hiệu \nquả. Trẻ ngậm bắt vú không đúng\n• Sữa lưu thông kém tại một phần vú\ncó thể do bú không hiệu quả, áo quá \nchật đè vào bầu vú, đặc biệt là áo nịt \nngực vào ban đêm, hoặc ngón tay bà \nmẹ kẹp vào bầu vú khi cho trẻ bú.\n• Trẻ ngậm bắt vú kém sẽ làm nứt núm', 'Không cho bé mút đầu ngón tay, hoặc ngậm ti giả. Thói quen này sẽ khiến răng bé mọc không đều, không thẳng hàng.\nKhông cho bé nhai một bên. Thói quen này sẽ khiến bé bị lệch hàm, gây mất cân đối cho khuôn mặt.\nTập cho bé ăn cứng. Mẹ nên chú ý sự quan sát sự phát triển của răng cửa và cho bé ăn những thức ăn có độ cứng phù hợp để răng bé phát triển toàn diện hơn.']","Theo tài liệu, việc sử dụng núm vú giả có thể gây ảnh hưởng đến khớp cắn và khiến bé bỏ bú mẹ. 

- Tài liệu 2: ""ngậm giả nên dễ từ chối vú mẹ khi cho trẻ bú mẹ. Điều này sẽ làm trẻ sẽ bú ít đi, từ đó bầu vú bà mẹ sẽ giảm sản xuất sữa dẫn đến việc không đủ sữa.""

- Tài liệu 5: ""Không cho bé mút đầu ngón tay, hoặc ngậm ti giả. Thói quen này sẽ khiến răng bé mọc không đều, không thẳng hàng.""

Vì vậy, không nên sử dụng núm vú giả để dỗ bé ngủ.",0.7777777777777778,0.7857142857142857,0.4995049471524601,0.0
"Khi giặt tã vải cho con, em nên chọn loại chất tẩy rửa nào để vừa sạch vết bẩn vừa không làm hỏng tã ạ?","Để chọn loại chất tẩy rửa phù hợp khi giặt tã vải cho con, bạn nên chọn loại không chứa hương liệu, enzyme và các chất phụ gia khác. Nên ưu tiên sử dụng chất tẩy rửa không chứa xà phòng và nước xả làm mềm vải để tránh kích ứng da bé và giảm độ thấm hút của tã vải.

- Không sử dụng xà phòng.
- Không sử dụng nước xả làm mềm vải.
- Chọn chất tẩy rửa không chứa hương liệu, enzyme và các chất phụ gia khác.
- Sử dụng chất tẩy rửa không chứa xà phòng.","['Cần đảm bảo xả sạch vết bẩn và chất tẩy rửa trong tã. Nước giặt cuối cùng phải hoàn toàn không còn xà phòng. Nếu không, bạn cần giặt lại tã thêm lần nữa. Khi lấy ra khỏi máy giặt, tã phải có mùi mới và sạch sẽ. Nếu vẫn còn mùi tã bẩn, dù chỉ thoang thoảng, bạn vẫn nên giặt lại. Mùi hôi bám lại có nghĩa là tã còn chứa vi khuẩn, có thể gây kích ứng da của bé hoặc hăm tã.', 'Nếu thấy tã bị tích tụ chất giặt tẩy hoặc xuất hiện các vấn đề bất thường khác, chẳng hạn như giặt không sạch, bạn cần kiểm tra bằng cách giặt thử một món đồ khác với cùng loại nước giặt và chất tẩy. Cũng không nên sử dụng quá nhiều chất tẩy rửa khi giặt tã vải, chỉ nên sử dụng khoảng một nửa so với mức thường dùng cho cùng một lượng quần áo.', 'Nhìn chung, bạn có thể lấy tã bẩn từ thùng chứa hoặc túi ướt riêng và cho trực tiếp vào nước giặt. Nhưng nếu ngâm tã bẩn trong một vài giờ trước khi giặt có thể giúp loại bỏ vết bẩn tốt hơn, ngoại trừ một số loại tã vải bao phủ bởi lớp ngoài không thấm nước. Bạn cần đọc hướng dẫn giặt tã vải của nhà sản xuất để tìm hiểu thêm.', 'Khăn hoặc giẻ lau khô\nBa mẹ nên chuẩn bị kem chống phát ban do mặc tã cho trẻ \nCác vật dụng tùy chọn khác:\nKem chống phát ban do mặc tã dành cho trẻ em. Nên lưu ý chọn loại kem phù hợp với tã vải\nMột miếng vải lót dùng một lần, giúp hút ẩm và dọn phân dễ dàng hơn, cũng như hạn chế kem bôi thấm vào tã vải. Nếu dùng lại vải lót, nên được giặt riêng với tã bên ngoài.', 'Việc ngâm tã lâu kèm với baking soda có thể khiến vi khuẩn phát triển \nNên sử dụng chất tẩy rửa (không phải xà phòng) không chứa hương liệu, enzyme và các chất phụ gia khác, bao gồm thành phần làm trắng và sáng quần áo. Tránh dùng nước xả làm mềm vải vì có thể gây kích ứng cho làn da nhạy cảm của bé và khiến tã vải giảm độ thấm hút.']","Bạn nên sử dụng chất tẩy rửa không chứa hương liệu, enzyme và chất làm sáng vải; tránh dùng xà phòng nguyên chất hoặc chất làm mềm vải vì chúng có thể để lại cặn làm giảm độ thấm hút của tã.","Khi giặt tã vải cho con, em nên chọn loại chất tẩy rửa nào để vừa sạch vết bẩn vừa không làm hỏng tã ạ?","['Cần đảm bảo xả sạch vết bẩn và chất tẩy rửa trong tã. Nước giặt cuối cùng phải hoàn toàn không còn xà phòng. Nếu không, bạn cần giặt lại tã thêm lần nữa. Khi lấy ra khỏi máy giặt, tã phải có mùi mới và sạch sẽ. Nếu vẫn còn mùi tã bẩn, dù chỉ thoang thoảng, bạn vẫn nên giặt lại. Mùi hôi bám lại có nghĩa là tã còn chứa vi khuẩn, có thể gây kích ứng da của bé hoặc hăm tã.', 'Nếu thấy tã bị tích tụ chất giặt tẩy hoặc xuất hiện các vấn đề bất thường khác, chẳng hạn như giặt không sạch, bạn cần kiểm tra bằng cách giặt thử một món đồ khác với cùng loại nước giặt và chất tẩy. Cũng không nên sử dụng quá nhiều chất tẩy rửa khi giặt tã vải, chỉ nên sử dụng khoảng một nửa so với mức thường dùng cho cùng một lượng quần áo.', 'Nhìn chung, bạn có thể lấy tã bẩn từ thùng chứa hoặc túi ướt riêng và cho trực tiếp vào nước giặt. Nhưng nếu ngâm tã bẩn trong một vài giờ trước khi giặt có thể giúp loại bỏ vết bẩn tốt hơn, ngoại trừ một số loại tã vải bao phủ bởi lớp ngoài không thấm nước. Bạn cần đọc hướng dẫn giặt tã vải của nhà sản xuất để tìm hiểu thêm.', 'Khăn hoặc giẻ lau khô\nBa mẹ nên chuẩn bị kem chống phát ban do mặc tã cho trẻ \nCác vật dụng tùy chọn khác:\nKem chống phát ban do mặc tã dành cho trẻ em. Nên lưu ý chọn loại kem phù hợp với tã vải\nMột miếng vải lót dùng một lần, giúp hút ẩm và dọn phân dễ dàng hơn, cũng như hạn chế kem bôi thấm vào tã vải. Nếu dùng lại vải lót, nên được giặt riêng với tã bên ngoài.', 'Việc ngâm tã lâu kèm với baking soda có thể khiến vi khuẩn phát triển \nNên sử dụng chất tẩy rửa (không phải xà phòng) không chứa hương liệu, enzyme và các chất phụ gia khác, bao gồm thành phần làm trắng và sáng quần áo. Tránh dùng nước xả làm mềm vải vì có thể gây kích ứng cho làn da nhạy cảm của bé và khiến tã vải giảm độ thấm hút.']","Để chọn loại chất tẩy rửa phù hợp khi giặt tã vải cho con, bạn nên chọn loại không chứa hương liệu, enzyme và các chất phụ gia khác. Nên ưu tiên sử dụng chất tẩy rửa không chứa xà phòng và nước xả làm mềm vải để tránh kích ứng da bé và giảm độ thấm hút của tã vải.

- Không sử dụng xà phòng.
- Không sử dụng nước xả làm mềm vải.
- Chọn chất tẩy rửa không chứa hương liệu, enzyme và các chất phụ gia khác.
- Sử dụng chất tẩy rửa không chứa xà phòng.",1.0,0.36363636363636365,0.6316283972151606,0.94999999997625
"Em sờ thấy có cục cứng trong bầu ngực, nếu em không điều trị sớm thì có nguy hiểm gì không ạ?","- Sờ thấy có cục cứng trong bầu ngực là dấu hiệu của tắc tia sữa hoặc viêm tuyến vú.
- Tắc tia sữa có thể gây biến chứng nguy hiểm như mất sữa hoàn toàn, viêm tuyến vú, áp xe vú.
- Nếu không điều trị sớm, cục cứng có thể ngày càng to, sưng đỏ và đau.
- Cần gặp bác sĩ ngay lập tức để được chẩn đoán và điều trị kịp thời.

 *Lưu ý: Mẹ nên đưa bé đến cơ sở y tế để được thăm khám trực tiếp.*","['Sờ thấy có cục chai cứng ở bầu ngực.\nBạn đã cố gắng cho bé bú và đã vắt sữa nhưng vẫn không hết khối cứng ở vú.\nTình trạng tắc tia sữa kéo dài hơn 2-3 ngày mà không biến mất.\nKhối căng cứng ở ngực ngày càng to, sưng đỏ và đau.\nĐau ngực kèm sốt cao.\nĐã áp dụng các biện pháp cải thiện tình trạng tắc tia sữa tại nhà nhưng không hiệu quả.\nTắc tia sữa phải làm sao?', 'Viêm tuyến vú: ngực sưng to hơn và cảm thấy đau nhức, khi chạm tay vào sờ thấy nhiều cục cứng, sưng đỏ và đau, dù có cố gắng nặn cũng không thấy chảy sữa ra ngoài.\nÁp xe vú là tình trạng vú sưng đỏ đau, tụ mủ bên trong vú do vi khuẩn gây ra, thường xảy ra ở mẹ bị tắc tia sữa kéo dài\xa0 nhưng không được điều trị hiệu quả.', 'Sau khi bé bú no, mẹ nên hút hết sữa còn lại ra ngoài để tránh gây ứ đọng làm tắc tia sữa \nKhi nào cần gặp bác sĩ?\nTrước những nguy hiểm của tình trạng tắc ống dẫn sữa, mẹ thắc mắc khi nào cần đến gặp bác sĩ. Bác sĩ Khánh Quyên nhắn nhủ mẹ cần đến ngay bệnh viện khi có những bất thường ở vùng ngực, gồm: (4)\nSờ thấy có cục chai cứng ở bầu ngực.', 'Sờ vào đầu vú cảm giác có một hoặc nhiều cục cứng.\nMột số trường hợp gây sốt.\nTắc tia sữa có nguy hiểm không?\nMặc dù tắc tia sữa không gây nguy hiểm đến tính mạng nhưng sẽ gây nhiều biến chứng nguy hiểm cho sức khỏe của mẹ, tăng nguy cơ gặp các biến chứng như mất sữa hoàn toàn, viêm tuyến vú, áp xe vú lâu dần phát triển thành các dải xơ hóa ở vú.', 'Găng tay sạch. \n- Ngày có kinh đầu tiên trong chu kỳ kinh gần đây? \n- Có thường kiểm tra vú của mình không? Bao lâu một lần? \n- Có phát hiện thấy điều gì ở vú của mình không (đau, tiết dịch bất thường, u cục, thay đổi \nmàu sắc da? \n- Nếu thấy có u cục ở vú, u cục đó có kích thước cố định hay to lên trước khi có kinh và \nnhỏ đi sau khi hết kinh?']","Nếu không được điều trị sớm, tắc tia sữa có thể gây áp xe tuyến vú, lâu dần trở thành các dải xơ hóa hoặc u xơ tuyến vú rất nguy hiểm.","Em sờ thấy có cục cứng trong bầu ngực, nếu em không điều trị sớm thì có nguy hiểm gì không ạ?","['Sờ thấy có cục chai cứng ở bầu ngực.\nBạn đã cố gắng cho bé bú và đã vắt sữa nhưng vẫn không hết khối cứng ở vú.\nTình trạng tắc tia sữa kéo dài hơn 2-3 ngày mà không biến mất.\nKhối căng cứng ở ngực ngày càng to, sưng đỏ và đau.\nĐau ngực kèm sốt cao.\nĐã áp dụng các biện pháp cải thiện tình trạng tắc tia sữa tại nhà nhưng không hiệu quả.\nTắc tia sữa phải làm sao?', 'Viêm tuyến vú: ngực sưng to hơn và cảm thấy đau nhức, khi chạm tay vào sờ thấy nhiều cục cứng, sưng đỏ và đau, dù có cố gắng nặn cũng không thấy chảy sữa ra ngoài.\nÁp xe vú là tình trạng vú sưng đỏ đau, tụ mủ bên trong vú do vi khuẩn gây ra, thường xảy ra ở mẹ bị tắc tia sữa kéo dài\xa0 nhưng không được điều trị hiệu quả.', 'Sau khi bé bú no, mẹ nên hút hết sữa còn lại ra ngoài để tránh gây ứ đọng làm tắc tia sữa \nKhi nào cần gặp bác sĩ?\nTrước những nguy hiểm của tình trạng tắc ống dẫn sữa, mẹ thắc mắc khi nào cần đến gặp bác sĩ. Bác sĩ Khánh Quyên nhắn nhủ mẹ cần đến ngay bệnh viện khi có những bất thường ở vùng ngực, gồm: (4)\nSờ thấy có cục chai cứng ở bầu ngực.', 'Sờ vào đầu vú cảm giác có một hoặc nhiều cục cứng.\nMột số trường hợp gây sốt.\nTắc tia sữa có nguy hiểm không?\nMặc dù tắc tia sữa không gây nguy hiểm đến tính mạng nhưng sẽ gây nhiều biến chứng nguy hiểm cho sức khỏe của mẹ, tăng nguy cơ gặp các biến chứng như mất sữa hoàn toàn, viêm tuyến vú, áp xe vú lâu dần phát triển thành các dải xơ hóa ở vú.', 'Găng tay sạch. \n- Ngày có kinh đầu tiên trong chu kỳ kinh gần đây? \n- Có thường kiểm tra vú của mình không? Bao lâu một lần? \n- Có phát hiện thấy điều gì ở vú của mình không (đau, tiết dịch bất thường, u cục, thay đổi \nmàu sắc da? \n- Nếu thấy có u cục ở vú, u cục đó có kích thước cố định hay to lên trước khi có kinh và \nnhỏ đi sau khi hết kinh?']","- Sờ thấy có cục cứng trong bầu ngực là dấu hiệu của tắc tia sữa hoặc viêm tuyến vú.
- Tắc tia sữa có thể gây biến chứng nguy hiểm như mất sữa hoàn toàn, viêm tuyến vú, áp xe vú.
- Nếu không điều trị sớm, cục cứng có thể ngày càng to, sưng đỏ và đau.
- Cần gặp bác sĩ ngay lập tức để được chẩn đoán và điều trị kịp thời.

 *Lưu ý: Mẹ nên đưa bé đến cơ sở y tế để được thăm khám trực tiếp.*",1.0,0.8333333333333334,0.47738533649085635,0.999999999975
"Em lo ngại các hóa chất trong tã giấy, có loại tã nào không chứa gel siêu thấm hay chất tẩy trắng clo để an toàn hơn cho da bé không ạ?","Có, có loại tã không chứa gel siêu thấm và chất tẩy trắng clo. Theo tài liệu 1, có tã không có gel và clo, giúp giảm thiểu sử dụng hóa chất.

- Tã không có gel siêu thấm sử dụng đệm bông để thực hiện tính năng thấm hút.
- Tã không có clo cũng là một lựa chọn khác cho các bậc cha mẹ muốn giảm thiểu sử dụng hóa chất.
- Loại tã này giúp an toàn hơn cho da bé.","['Tã không có gel và clo\nMột số cha mẹ không hài lòng về loại gel siêu thấm thường được sử dụng trong tã dùng một lần để hút ẩm và giữ cho bé luôn khô ráo. Với những loại tã không có gel, đệm bông được sử dụng thay thế để thực hiện tính năng thấm hút. Bên cạnh đó, tã không có clo cũng là một lựa chọn khác cho các bậc cha mẹ muốn giảm thiểu sử dụng hóa chất.', 'Cần đảm bảo xả sạch vết bẩn và chất tẩy rửa trong tã. Nước giặt cuối cùng phải hoàn toàn không còn xà phòng. Nếu không, bạn cần giặt lại tã thêm lần nữa. Khi lấy ra khỏi máy giặt, tã phải có mùi mới và sạch sẽ. Nếu vẫn còn mùi tã bẩn, dù chỉ thoang thoảng, bạn vẫn nên giặt lại. Mùi hôi bám lại có nghĩa là tã còn chứa vi khuẩn, có thể gây kích ứng da của bé hoặc hăm tã.', 'Đây là loại tã sau khi sử dụng có thể phân hủy hoàn toàn thành phân ủ “compost”. Biến một chiếc tã bẩn thành phân bón giàu dinh dưỡng cho cây trồng nghe có vẻ thật tuyệt vời. Dù công nghệ này thực sự có hoạt động, nhưng quy trình không hề đơn giản và được ứng dụng rộng rãi. Tã chỉ có thể phân hủy thành phân bón hữu cơ khi được ủ tích cực. Nếu bạn ném chúng vào thùng rác, những chiếc tã này vẫn sẽ', 'Đóng tất cả miếng gai dán dính (khóa Velcro) trước khi cho tã vào máy sấy để tránh làm hỏng tã. Mặc dù hầu hết các loại tã vải có thể được sấy bằng máy, những vẫn có một số loại không chịu được nhiệt độ cao khi sấy. Vì vậy hãy kiểm tra hướng dẫn của nhà sản xuất. Một số yêu cầu xử lý đặc biệt của các loại tã vải thường là phải giặt bằng tay và phơi khô tự nhiên.', 'Việc ngâm tã lâu kèm với baking soda có thể khiến vi khuẩn phát triển \nNên sử dụng chất tẩy rửa (không phải xà phòng) không chứa hương liệu, enzyme và các chất phụ gia khác, bao gồm thành phần làm trắng và sáng quần áo. Tránh dùng nước xả làm mềm vải vì có thể gây kích ứng cho làn da nhạy cảm của bé và khiến tã vải giảm độ thấm hút.']","Có, bạn có thể chọn các loại tã không có gel (dùng đệm bông thay thế) và tã không có clo để giảm thiểu tiếp xúc với hóa chất và hạn chế kích ứng da cho bé.","Em lo ngại các hóa chất trong tã giấy, có loại tã nào không chứa gel siêu thấm hay chất tẩy trắng clo để an toàn hơn cho da bé không ạ?","['Tã không có gel và clo\nMột số cha mẹ không hài lòng về loại gel siêu thấm thường được sử dụng trong tã dùng một lần để hút ẩm và giữ cho bé luôn khô ráo. Với những loại tã không có gel, đệm bông được sử dụng thay thế để thực hiện tính năng thấm hút. Bên cạnh đó, tã không có clo cũng là một lựa chọn khác cho các bậc cha mẹ muốn giảm thiểu sử dụng hóa chất.', 'Cần đảm bảo xả sạch vết bẩn và chất tẩy rửa trong tã. Nước giặt cuối cùng phải hoàn toàn không còn xà phòng. Nếu không, bạn cần giặt lại tã thêm lần nữa. Khi lấy ra khỏi máy giặt, tã phải có mùi mới và sạch sẽ. Nếu vẫn còn mùi tã bẩn, dù chỉ thoang thoảng, bạn vẫn nên giặt lại. Mùi hôi bám lại có nghĩa là tã còn chứa vi khuẩn, có thể gây kích ứng da của bé hoặc hăm tã.', 'Đây là loại tã sau khi sử dụng có thể phân hủy hoàn toàn thành phân ủ “compost”. Biến một chiếc tã bẩn thành phân bón giàu dinh dưỡng cho cây trồng nghe có vẻ thật tuyệt vời. Dù công nghệ này thực sự có hoạt động, nhưng quy trình không hề đơn giản và được ứng dụng rộng rãi. Tã chỉ có thể phân hủy thành phân bón hữu cơ khi được ủ tích cực. Nếu bạn ném chúng vào thùng rác, những chiếc tã này vẫn sẽ', 'Đóng tất cả miếng gai dán dính (khóa Velcro) trước khi cho tã vào máy sấy để tránh làm hỏng tã. Mặc dù hầu hết các loại tã vải có thể được sấy bằng máy, những vẫn có một số loại không chịu được nhiệt độ cao khi sấy. Vì vậy hãy kiểm tra hướng dẫn của nhà sản xuất. Một số yêu cầu xử lý đặc biệt của các loại tã vải thường là phải giặt bằng tay và phơi khô tự nhiên.', 'Việc ngâm tã lâu kèm với baking soda có thể khiến vi khuẩn phát triển \nNên sử dụng chất tẩy rửa (không phải xà phòng) không chứa hương liệu, enzyme và các chất phụ gia khác, bao gồm thành phần làm trắng và sáng quần áo. Tránh dùng nước xả làm mềm vải vì có thể gây kích ứng cho làn da nhạy cảm của bé và khiến tã vải giảm độ thấm hút.']","Có, có loại tã không chứa gel siêu thấm và chất tẩy trắng clo. Theo tài liệu 1, có tã không có gel và clo, giúp giảm thiểu sử dụng hóa chất.

- Tã không có gel siêu thấm sử dụng đệm bông để thực hiện tính năng thấm hút.
- Tã không có clo cũng là một lựa chọn khác cho các bậc cha mẹ muốn giảm thiểu sử dụng hóa chất.
- Loại tã này giúp an toàn hơn cho da bé.",0.8333333333333334,1.0,0.7884227363192565,0.8666666666377778
Bé nhà em bị sặc sữa thì em cần phải xử lý sơ cứu tại chỗ như thế nào để đảm bảo an toàn cho con ạ?,"Để sơ cứu tại chỗ khi bé bị sặc sữa, bạn cần thực hiện các bước sau:

- Đặt trẻ nằm sấp trên tay hoặc đùi của bạn, đầu thấp hơn thân.
- Vỗ lưng: dùng gốc lòng bàn tay phải vỗ 5 cái vào lưng trẻ ở khoảng giữa 2 xương bả vai.
- Nếu còn tắc nghẽn, lật ngửa trẻ tiến hành ấn ngực.","['Khi trẻ bị tiêu chảy, trẻ cần được bù lại \nphần nước đã mất. \nĐối với em bé\n• Gọi trợ giúp y tế hoặc đưa bé đến cơ \nsở y tế nếu bé dưới 6 tháng tuổi.\n• Cho bé bú liên tục. Cho bú là cách tốt \nnhất để bù nước cho bé.\nBạn có thể ngăn chặn tiêu chảy lây lan bằng \ncách rửa tay sạch sau khi chăm sóc trẻ hoặc \nthay tã cho trẻ\n28', 'Dù là sinh thường hay sinh mổ thì mẹ cũng cần phải vận động đi lại sớm sau khi sinh, nếu có vấn đề tâm lý thì cần chia sẻ với mọi người để có thể giải tỏa, trong tuần đầu sau sinh mẹ nên khám lại để đảm bảo sức khỏe an toàn.\nTrường hợp mẹ gặp khó khăn khi cho trẻ bú thì cần có người hướng dẫn mẹ cho con bú đúng cách.', '259|   \nCẤP CỨU SẶC SỮA \n \n- Hướng dẫn các bà mẹ phát hiện, nhận biết các dấu hiệu sặc sữa và sơ cứu sặc sữa kịp \nthời theo qui trình kỹ thuật. Ngay lập tức: \n\uf02b Đặt trẻ nằm sấp trên tay hoặc đùi của bạn, đầu thấp hơn thân. \n\uf02b Vỗ lưng: dùng gốc lòng bàn tay phải vỗ 5 cái vào lưng trẻ ở khoảng giữa 2 xương bả \nvai.  \n\uf02b Nếu còn tắc nghẽn, lật ngửa trẻ tiến hành ấn ngực:', 'có trong nhà của mình và khi bạn đi ra \nngoài. Hãy loại bỏ những nguy hiểm này \nnếu được. \n• Hãy ở gần bên trẻ.  Nhiều tai nạn xảy \nra khi cha mẹ hay người chăm sóc trẻ \nkhông ở cạnh bên trẻ. Nếu em bé của \nbạn dưới 1 tuổi, hãy luôn ở bên cạnh bé \ntrừ khi bé đang ở một chỗ an toàn, như \ntrong cũi dành cho em bé. Hãy ở cạnh trẻ \nđể bạn có thể trông chừng trẻ và nhanh', 'Sau khi bé bú no, mẹ nên hút hết sữa còn lại ra ngoài để tránh gây ứ đọng làm tắc tia sữa \nKhi nào cần gặp bác sĩ?\nTrước những nguy hiểm của tình trạng tắc ống dẫn sữa, mẹ thắc mắc khi nào cần đến gặp bác sĩ. Bác sĩ Khánh Quyên nhắn nhủ mẹ cần đến ngay bệnh viện khi có những bất thường ở vùng ngực, gồm: (4)\nSờ thấy có cục chai cứng ở bầu ngực.']","Bạn cần đặt bé nằm sấp trên cánh tay, đầu thấp hơn ngực, vỗ lưng 5 lần; nếu không hiệu quả thì lật ngửa bé và ấn ngực 5 lần, sau đó đưa đến y tế ngay.",Bé nhà em bị sặc sữa thì em cần phải xử lý sơ cứu tại chỗ như thế nào để đảm bảo an toàn cho con ạ?,"['Khi trẻ bị tiêu chảy, trẻ cần được bù lại \nphần nước đã mất. \nĐối với em bé\n• Gọi trợ giúp y tế hoặc đưa bé đến cơ \nsở y tế nếu bé dưới 6 tháng tuổi.\n• Cho bé bú liên tục. Cho bú là cách tốt \nnhất để bù nước cho bé.\nBạn có thể ngăn chặn tiêu chảy lây lan bằng \ncách rửa tay sạch sau khi chăm sóc trẻ hoặc \nthay tã cho trẻ\n28', 'Dù là sinh thường hay sinh mổ thì mẹ cũng cần phải vận động đi lại sớm sau khi sinh, nếu có vấn đề tâm lý thì cần chia sẻ với mọi người để có thể giải tỏa, trong tuần đầu sau sinh mẹ nên khám lại để đảm bảo sức khỏe an toàn.\nTrường hợp mẹ gặp khó khăn khi cho trẻ bú thì cần có người hướng dẫn mẹ cho con bú đúng cách.', '259|   \nCẤP CỨU SẶC SỮA \n \n- Hướng dẫn các bà mẹ phát hiện, nhận biết các dấu hiệu sặc sữa và sơ cứu sặc sữa kịp \nthời theo qui trình kỹ thuật. Ngay lập tức: \n\uf02b Đặt trẻ nằm sấp trên tay hoặc đùi của bạn, đầu thấp hơn thân. \n\uf02b Vỗ lưng: dùng gốc lòng bàn tay phải vỗ 5 cái vào lưng trẻ ở khoảng giữa 2 xương bả \nvai.  \n\uf02b Nếu còn tắc nghẽn, lật ngửa trẻ tiến hành ấn ngực:', 'có trong nhà của mình và khi bạn đi ra \nngoài. Hãy loại bỏ những nguy hiểm này \nnếu được. \n• Hãy ở gần bên trẻ.  Nhiều tai nạn xảy \nra khi cha mẹ hay người chăm sóc trẻ \nkhông ở cạnh bên trẻ. Nếu em bé của \nbạn dưới 1 tuổi, hãy luôn ở bên cạnh bé \ntrừ khi bé đang ở một chỗ an toàn, như \ntrong cũi dành cho em bé. Hãy ở cạnh trẻ \nđể bạn có thể trông chừng trẻ và nhanh', 'Sau khi bé bú no, mẹ nên hút hết sữa còn lại ra ngoài để tránh gây ứ đọng làm tắc tia sữa \nKhi nào cần gặp bác sĩ?\nTrước những nguy hiểm của tình trạng tắc ống dẫn sữa, mẹ thắc mắc khi nào cần đến gặp bác sĩ. Bác sĩ Khánh Quyên nhắn nhủ mẹ cần đến ngay bệnh viện khi có những bất thường ở vùng ngực, gồm: (4)\nSờ thấy có cục chai cứng ở bầu ngực.']","Để sơ cứu tại chỗ khi bé bị sặc sữa, bạn cần thực hiện các bước sau:

- Đặt trẻ nằm sấp trên tay hoặc đùi của bạn, đầu thấp hơn thân.
- Vỗ lưng: dùng gốc lòng bàn tay phải vỗ 5 cái vào lưng trẻ ở khoảng giữa 2 xương bả vai.
- Nếu còn tắc nghẽn, lật ngửa trẻ tiến hành ấn ngực.",1.0,1.0,0.5545152040609629,0.36666666664833336
"Em mới sinh bé xong, trong mấy tiếng đầu bác sĩ sẽ theo dõi em thế nào?","Theo tài liệu, sau khi sinh con, bác sĩ sẽ:

- Khám toàn thân cho cả mẹ và con trước khi cho về nhà.
- Theo dõi tình trạng huyết áp, mạch và ra máu sản dịch.
- Đưa mẹ và con về phòng, theo dõi các nội dung như trên 1 giờ/lần.
- Hướng dẫn mẹ cho con bú sớm và đúng cách.
- Hướng dẫn mẹ cách chăm sóc con, theo dõi chảy máu rốn.","['đầu và tuần đầu sau sinh. \n- Tại trạm y tế: nội dung chăm sóc bà mẹ sau đẻ đã được hướng dẫn ở phần Chăm sóc bà \nmẹ. Khi theo dõi sức khỏe bà mẹ, cán bộ y tế phải đồng thời thực hiện các chăm sóc sơ \nsinh thiết yếu và theo dõi trẻ trong những ngày đầu sau sinh. Khám toàn thân cho cả mẹ \nvà con trước khi cho về nhà.', 'Sức khỏe của mẹ trong ngày đầu tiên sau sinh cũng sẽ còn rất yếu nên mọi việc chăm sóc sau sinh con sẽ nhờ cậy vào người thân, mẹ cần được theo dõi tình trạng huyết áp, mạch và ra máu sản dịch đảm bảo sức khỏe.\nNgày thứ 2 sau sinh', 'Cho mẹ                Cho con \n- Đưa mẹ và con về phòng, theo dõi các \nnội dung như trên 1 giờ/lần. \n- Mẹ có băng vệ sinh sạch, đủ thấm. \n- Giúp mẹ ăn uống và ngủ yên. \n- Cho mẹ vận động sớm sau đẻ 6 giờ. \n- Hướng dẫn mẹ cho con bú sớm và đúng \ncách. \n- Hướng dẫn mẹ cách chăm sóc con, theo \ndõi chảy máu rốn.', 'dụ sản phụ đột nhiên ra máu ồ ạt, ngất xỉu, co giật...và để chỉ định điều trị hoặc mời hội \nchẩn. \n- Thời điểm bắt đầu ghi đó trên phần thủ tục của biểu đồ phải ghi đúng theo giờ và phút \ntrong ngày nhưng khi theo dõi trên biểu đồ thì giờ đầu tiên theo dõi được làm “tròn số”. \n- Độ mở cổ tử cung.', '42 |  \nQUẢN LÝ THAI \n \n Quản lý thai là các biện pháp giúp cán bộ y tế xã nắm chắc số người có thai trong từng \nthôn xóm, trong đó ai có thai bình thư ờng, ai có nguy cơ cao, vi ệc khám thai c ủa thai phụ \nthế nào; hàng tháng sẽ có bao nhiêu ngư ời đẻ tại trạm hoặc phải đẻ ở tuyến trên; theo dõi, \nchăm sóc bà mẹ khi sinh đẻ và sau đẻ cho tới hết thời kỳ hậu sản.']","Sản phụ cần được đánh giá dấu hiệu sinh tồn 15 phút/lần trong giờ đầu, sau đó 30 phút/lần trong giờ tiếp theo để phòng băng huyết.","Em mới sinh bé xong, trong mấy tiếng đầu bác sĩ sẽ theo dõi em thế nào?","['đầu và tuần đầu sau sinh. \n- Tại trạm y tế: nội dung chăm sóc bà mẹ sau đẻ đã được hướng dẫn ở phần Chăm sóc bà \nmẹ. Khi theo dõi sức khỏe bà mẹ, cán bộ y tế phải đồng thời thực hiện các chăm sóc sơ \nsinh thiết yếu và theo dõi trẻ trong những ngày đầu sau sinh. Khám toàn thân cho cả mẹ \nvà con trước khi cho về nhà.', 'Sức khỏe của mẹ trong ngày đầu tiên sau sinh cũng sẽ còn rất yếu nên mọi việc chăm sóc sau sinh con sẽ nhờ cậy vào người thân, mẹ cần được theo dõi tình trạng huyết áp, mạch và ra máu sản dịch đảm bảo sức khỏe.\nNgày thứ 2 sau sinh', 'Cho mẹ                Cho con \n- Đưa mẹ và con về phòng, theo dõi các \nnội dung như trên 1 giờ/lần. \n- Mẹ có băng vệ sinh sạch, đủ thấm. \n- Giúp mẹ ăn uống và ngủ yên. \n- Cho mẹ vận động sớm sau đẻ 6 giờ. \n- Hướng dẫn mẹ cho con bú sớm và đúng \ncách. \n- Hướng dẫn mẹ cách chăm sóc con, theo \ndõi chảy máu rốn.', 'dụ sản phụ đột nhiên ra máu ồ ạt, ngất xỉu, co giật...và để chỉ định điều trị hoặc mời hội \nchẩn. \n- Thời điểm bắt đầu ghi đó trên phần thủ tục của biểu đồ phải ghi đúng theo giờ và phút \ntrong ngày nhưng khi theo dõi trên biểu đồ thì giờ đầu tiên theo dõi được làm “tròn số”. \n- Độ mở cổ tử cung.', '42 |  \nQUẢN LÝ THAI \n \n Quản lý thai là các biện pháp giúp cán bộ y tế xã nắm chắc số người có thai trong từng \nthôn xóm, trong đó ai có thai bình thư ờng, ai có nguy cơ cao, vi ệc khám thai c ủa thai phụ \nthế nào; hàng tháng sẽ có bao nhiêu ngư ời đẻ tại trạm hoặc phải đẻ ở tuyến trên; theo dõi, \nchăm sóc bà mẹ khi sinh đẻ và sau đẻ cho tới hết thời kỳ hậu sản.']","Theo tài liệu, sau khi sinh con, bác sĩ sẽ:

- Khám toàn thân cho cả mẹ và con trước khi cho về nhà.
- Theo dõi tình trạng huyết áp, mạch và ra máu sản dịch.
- Đưa mẹ và con về phòng, theo dõi các nội dung như trên 1 giờ/lần.
- Hướng dẫn mẹ cho con bú sớm và đúng cách.
- Hướng dẫn mẹ cách chăm sóc con, theo dõi chảy máu rốn.",0.6,1.0,0.624702236969127,0.0
"Bé nhà em hay hỏi ""Tại sao?"" liên tục, đôi khi em thấy rất mệt mỏi, em có nên trả lời hết các câu hỏi đó không?","Theo tài liệu, trẻ từ 3-6 tuổi đang học cách sử dụng từ ngữ để giải thích ý của mình, trả lời các câu hỏi và sáng tạo các câu chuyện. Tuy nhiên, tài liệu không đề cập cụ thể đến việc trẻ hỏi ""Tại sao?"" liên tục và cách trả lời.

Tuy nhiên, theo tài liệu ""6 đến 12 tháng tuổi"", trẻ đang học cách sử dụng ngôn ngữ và trò chơi trốn tìm, như trò chơi ""Ú oà"" và ""Nó đâu rồi nhỉ?"". Điều này cho thấy trẻ đang phát triển khả năng ngôn ngữ và tư duy.

Về câu hỏi của bạn, tài liệu không đề cập cụ thể đến việc trẻ hỏi ""Tại sao?"" liên tục và cách trả lời. Tuy nhiên, có thể nói rằng trẻ đang trong quá trình học hỏi và phát triển ngôn ngữ, vì vậy việc trả lời các câu hỏi của trẻ có thể giúp trẻ phát triển khả năng ngôn ngữ và tư duy.

Tuy nhiên, tài liệu không đề cập cụ thể đến việc trẻ hỏi ""Tại sao?"" liên tục và cách trả lời, vì vậy câu trả lời của tôi chỉ dựa trên thông tin có sẵn trong tài liệu.","['XỬ LÝ CÁC VẤN ĐỀ VỀ HÀNH VI\nQUẤY KHÓC (ĐỐI VỚI TRẺ NHỎ) \nĐIỀU GÌ ĐANG XẢY RA?\n“Tôi biết là bé đang quấy khóc, nhưng không biết vì sao? Tôi có thể làm gì đây?”\nTẠI SAO ĐIỀU NÀY LẠI XẢY RA?\nKhóc là một cách để em bé thể hiện rằng bé \nđang cần một điều gì đó. Đôi khi bạn rất khó \nbiết được rằng bé cần gì, ví dụ trường hợp bé \nkhóc dạ đề.  Các lý do phổ biến khiến em bé \nquấy khóc là:\n• Đói\n• Sợ hãi', 'Bé hơn 6 tháng chưa biết “ê, a” phải làm sao?\nHỏi\nChào bác sĩ! Bác sĩ cho em hỏi là con em nay được 6,5 tháng tuổi nhưng đến nay bé chưa biết ư, e.... hay nói chuyện gì hết, bé biết quay đầu về hướng có âm thanh nhưng không nói, em lo quá, mong bác sĩ tư vấn ạ. Cám ơn bác sĩ!\nMinh Đăng (2019)\nTrả lời', '6 ĐẾN 12 THÁNG TUỔI\nCác trò chơi trốn tìm\n• Trò chơi Ú oà: Đặt tay lên trước mặt \nbạn, sau đó thả xuống thật nhanh và \nnói “Ú oà” bằng giọng nói thân thiện\n• Trò chơi “Nó đâu rồi nhỉ?:  Khi bé đánh \nrơi một thứ gì đó, hãy hỏi bé là “Nó đâu \nrồi nhỉ?” Hãy nhặt lên, cho bé xem và \nnói, “A đây rồi!” Bé thích lặp lại trò chơi \nnày nhiều lần\nNói chuyện sách\n• Hãy tìm một số quyển sách mà bé thích.', 'quán \n• Các quy định và giới hạn hợp lý\n• Được an ủi, làm cho yên tâm mỗi khi sợ \nhãi hoặc lo lắng\n• Những câu trả lời đáng tin cậy cho các \ncâu hỏi\n• Cơ hội được độc lập và  đưa ra một số \nlựa chọn \n• Những nơi an toàn để chơi\n• Người lớn và trẻ em để chơi cùng\n3- 6 Tuổi\n40', '3 ĐẾN 6 TUỔI\nBẠN CÓ THỂ LÀM GÌ GIÚP TRẺ PHÁT TRIỂN TƯ DUY, \nCẢM XÚC, HỌC HỎI, VUI CHƠI\nỞ độ tuổi này, trẻ đang học để hiểu cảm giác \ncủa chính mình. Trẻ cũng biết và quan tâm \nđến cảm xúc của những người khác. \nTrẻ học cách sử dụng từ ngữ\n• Để giải thích ý của mình\n• Để có được thứ mà mình muốn\n• Để trả lời các câu hỏi\n• Để sáng tạo các câu chuyện và trò chơi\n• Để đếm']",Những câu hỏi này chứng tỏ bé rất tò mò và ham học hỏi; bạn hãy kiên nhẫn trả lời đơn giản hoặc cùng bé đi tìm câu trả lời để khuyến khích tư duy của con.,"Bé nhà em hay hỏi ""Tại sao?"" liên tục, đôi khi em thấy rất mệt mỏi, em có nên trả lời hết các câu hỏi đó không?","['XỬ LÝ CÁC VẤN ĐỀ VỀ HÀNH VI\nQUẤY KHÓC (ĐỐI VỚI TRẺ NHỎ) \nĐIỀU GÌ ĐANG XẢY RA?\n“Tôi biết là bé đang quấy khóc, nhưng không biết vì sao? Tôi có thể làm gì đây?”\nTẠI SAO ĐIỀU NÀY LẠI XẢY RA?\nKhóc là một cách để em bé thể hiện rằng bé \nđang cần một điều gì đó. Đôi khi bạn rất khó \nbiết được rằng bé cần gì, ví dụ trường hợp bé \nkhóc dạ đề.  Các lý do phổ biến khiến em bé \nquấy khóc là:\n• Đói\n• Sợ hãi', 'Bé hơn 6 tháng chưa biết “ê, a” phải làm sao?\nHỏi\nChào bác sĩ! Bác sĩ cho em hỏi là con em nay được 6,5 tháng tuổi nhưng đến nay bé chưa biết ư, e.... hay nói chuyện gì hết, bé biết quay đầu về hướng có âm thanh nhưng không nói, em lo quá, mong bác sĩ tư vấn ạ. Cám ơn bác sĩ!\nMinh Đăng (2019)\nTrả lời', '6 ĐẾN 12 THÁNG TUỔI\nCác trò chơi trốn tìm\n• Trò chơi Ú oà: Đặt tay lên trước mặt \nbạn, sau đó thả xuống thật nhanh và \nnói “Ú oà” bằng giọng nói thân thiện\n• Trò chơi “Nó đâu rồi nhỉ?:  Khi bé đánh \nrơi một thứ gì đó, hãy hỏi bé là “Nó đâu \nrồi nhỉ?” Hãy nhặt lên, cho bé xem và \nnói, “A đây rồi!” Bé thích lặp lại trò chơi \nnày nhiều lần\nNói chuyện sách\n• Hãy tìm một số quyển sách mà bé thích.', 'quán \n• Các quy định và giới hạn hợp lý\n• Được an ủi, làm cho yên tâm mỗi khi sợ \nhãi hoặc lo lắng\n• Những câu trả lời đáng tin cậy cho các \ncâu hỏi\n• Cơ hội được độc lập và  đưa ra một số \nlựa chọn \n• Những nơi an toàn để chơi\n• Người lớn và trẻ em để chơi cùng\n3- 6 Tuổi\n40', '3 ĐẾN 6 TUỔI\nBẠN CÓ THỂ LÀM GÌ GIÚP TRẺ PHÁT TRIỂN TƯ DUY, \nCẢM XÚC, HỌC HỎI, VUI CHƠI\nỞ độ tuổi này, trẻ đang học để hiểu cảm giác \ncủa chính mình. Trẻ cũng biết và quan tâm \nđến cảm xúc của những người khác. \nTrẻ học cách sử dụng từ ngữ\n• Để giải thích ý của mình\n• Để có được thứ mà mình muốn\n• Để trả lời các câu hỏi\n• Để sáng tạo các câu chuyện và trò chơi\n• Để đếm']","Theo tài liệu, trẻ từ 3-6 tuổi đang học cách sử dụng từ ngữ để giải thích ý của mình, trả lời các câu hỏi và sáng tạo các câu chuyện. Tuy nhiên, tài liệu không đề cập cụ thể đến việc trẻ hỏi ""Tại sao?"" liên tục và cách trả lời.

Tuy nhiên, theo tài liệu ""6 đến 12 tháng tuổi"", trẻ đang học cách sử dụng ngôn ngữ và trò chơi trốn tìm, như trò chơi ""Ú oà"" và ""Nó đâu rồi nhỉ?"". Điều này cho thấy trẻ đang phát triển khả năng ngôn ngữ và tư duy.

Về câu hỏi của bạn, tài liệu không đề cập cụ thể đến việc trẻ hỏi ""Tại sao?"" liên tục và cách trả lời. Tuy nhiên, có thể nói rằng trẻ đang trong quá trình học hỏi và phát triển ngôn ngữ, vì vậy việc trả lời các câu hỏi của trẻ có thể giúp trẻ phát triển khả năng ngôn ngữ và tư duy.

Tuy nhiên, tài liệu không đề cập cụ thể đến việc trẻ hỏi ""Tại sao?"" liên tục và cách trả lời, vì vậy câu trả lời của tôi chỉ dựa trên thông tin có sẵn trong tài liệu.",0.2857142857142857,0.8,0.0,0.32499999998375
"Làm sao để khuyến khích con tự lập trong việc vệ sinh cá nhân như đánh răng, rửa tay?","Dưới đây là các cách khuyến khích con tự lập trong việc vệ sinh cá nhân:

 * Hướng dẫn và khuyến khích trẻ tự vệ sinh thân thể: tắm, rửa mặt, đánh răng (Tài liệu 1)
 * Hướng dẫn và khuyến khích trẻ tự vệ sinh thân thể: tắm, rửa mặt, đánh răng (Tài liệu 3)
 * Hướng dẫn và khuyến khích trẻ tự vệ sinh thân thể: tắm, rửa mặt, đánh răng (Tài liệu 4)","['hoặc tự làm một cuốn sách của riêng \nmình\n• Hướng dẫn và khuyến khích trẻ tự vệ \nsinh thân thể: tắm, rửa mặt, đánh răng\n• Hướng dẫn và nhắc nhở trẻ chuẩn bị \nđầy đủ đồ dùng học tập và làm bài cho \nviệc đến lớp\n• Hướng dẫn và khuyến khích trẻ thể \nhiện sự quan tâm chăm sóc tới người \nkhác (ông bà, bố mẹ, anh chị em...), \nkính trọng người lớn, thày cô giáo; giúp \nđỡ bạn bè', 'Để loại bỏ mùi hôi, một số người thích thêm khoảng nửa cốc baking soda hoặc một cốc giấm trắng vào nước giặt. Ngoài khả năng giúp khử mùi, giấm còn có công dụng làm mềm tã. Nhưng một số nhà sản xuất không khuyến nghị cách này, vì vậy hãy kiểm tra kỹ hướng dẫn trên bao bì.', 'với những người khác\n• Đọc cùng trẻ. Đọc sách rất quan trọng \nđối với sự phát triển khả năng đọc viết \ncủa trẻ. Khi trẻ bắt đầu học đọc, hãy \nbảo trẻ đọc cho bạn nghe. Bạn cũng có \nthể thử một số hoạt động để giúp trẻ \nphát triển kĩ năng này như kể chuyện \nhoặc tự làm một cuốn sách của riêng \nmình\n• Hướng dẫn và khuyến khích trẻ tự vệ \nsinh thân thể: tắm, rửa mặt, đánh răng', 'Chăm sóc chuyên nghiệp: Ngoài việc thấu hiểu tâm lý trẻ, Vinmec còn đặc biệt quan tâm đến không gian vui chơi của các bé, giúp các bé vui chơi thoải mái và làm quen với môi trường của bệnh viện, hợp tác điều trị, nâng cao hiệu quả khám chữa bệnh.\nVới trẻ sơ sinh, bạn sẽ nên theo dõi số lần thay tã mỗi ngày \nNguồn tham khảo: babycenter.com, webmd.com, healthline.com', '- Cọ sạch các nơi dễ bám bẩn như răng, khe kẽ của dụng cụ. Sau đó rửa sạch xà phòng và \nlau khô bằng khăn sạch. Cọ rửa dưới vòi nước chảy hiệu quả hơn cọ rửa trong chậu nước. \n- Yêu cầu: máu mủ và các mô bám vào dụng cụ như rau thai, mỡ, cơ... không còn dính lại \ntrên dụng cụ. \nCó hai cách: \n- Khử khuẩn bằng luộc dụng cụ. \n- Khử khuẩn bằng hóa chất.']",Hãy biến các hoạt động này thành trò chơi và thực hiện cùng trẻ. Đừng quên khen ngợi khi trẻ nỗ lực thực hiện dù kết quả chưa hoàn hảo.,"Làm sao để khuyến khích con tự lập trong việc vệ sinh cá nhân như đánh răng, rửa tay?","['hoặc tự làm một cuốn sách của riêng \nmình\n• Hướng dẫn và khuyến khích trẻ tự vệ \nsinh thân thể: tắm, rửa mặt, đánh răng\n• Hướng dẫn và nhắc nhở trẻ chuẩn bị \nđầy đủ đồ dùng học tập và làm bài cho \nviệc đến lớp\n• Hướng dẫn và khuyến khích trẻ thể \nhiện sự quan tâm chăm sóc tới người \nkhác (ông bà, bố mẹ, anh chị em...), \nkính trọng người lớn, thày cô giáo; giúp \nđỡ bạn bè', 'Để loại bỏ mùi hôi, một số người thích thêm khoảng nửa cốc baking soda hoặc một cốc giấm trắng vào nước giặt. Ngoài khả năng giúp khử mùi, giấm còn có công dụng làm mềm tã. Nhưng một số nhà sản xuất không khuyến nghị cách này, vì vậy hãy kiểm tra kỹ hướng dẫn trên bao bì.', 'với những người khác\n• Đọc cùng trẻ. Đọc sách rất quan trọng \nđối với sự phát triển khả năng đọc viết \ncủa trẻ. Khi trẻ bắt đầu học đọc, hãy \nbảo trẻ đọc cho bạn nghe. Bạn cũng có \nthể thử một số hoạt động để giúp trẻ \nphát triển kĩ năng này như kể chuyện \nhoặc tự làm một cuốn sách của riêng \nmình\n• Hướng dẫn và khuyến khích trẻ tự vệ \nsinh thân thể: tắm, rửa mặt, đánh răng', 'Chăm sóc chuyên nghiệp: Ngoài việc thấu hiểu tâm lý trẻ, Vinmec còn đặc biệt quan tâm đến không gian vui chơi của các bé, giúp các bé vui chơi thoải mái và làm quen với môi trường của bệnh viện, hợp tác điều trị, nâng cao hiệu quả khám chữa bệnh.\nVới trẻ sơ sinh, bạn sẽ nên theo dõi số lần thay tã mỗi ngày \nNguồn tham khảo: babycenter.com, webmd.com, healthline.com', '- Cọ sạch các nơi dễ bám bẩn như răng, khe kẽ của dụng cụ. Sau đó rửa sạch xà phòng và \nlau khô bằng khăn sạch. Cọ rửa dưới vòi nước chảy hiệu quả hơn cọ rửa trong chậu nước. \n- Yêu cầu: máu mủ và các mô bám vào dụng cụ như rau thai, mỡ, cơ... không còn dính lại \ntrên dụng cụ. \nCó hai cách: \n- Khử khuẩn bằng luộc dụng cụ. \n- Khử khuẩn bằng hóa chất.']","Dưới đây là các cách khuyến khích con tự lập trong việc vệ sinh cá nhân:

 * Hướng dẫn và khuyến khích trẻ tự vệ sinh thân thể: tắm, rửa mặt, đánh răng (Tài liệu 1)
 * Hướng dẫn và khuyến khích trẻ tự vệ sinh thân thể: tắm, rửa mặt, đánh răng (Tài liệu 3)
 * Hướng dẫn và khuyến khích trẻ tự vệ sinh thân thể: tắm, rửa mặt, đánh răng (Tài liệu 4)",1.0,0.0,0.6357905244036405,0.0
Sữa mẹ vắt ra có thể bảo quản ở nhiệt độ thường trong bao lâu?,"Theo tài liệu 4, sữa mẹ vắt ra có thể bảo quản ở nhiệt độ phòng (25°C) trong 4-6 giờ.","['Sữa mẹ có thể được bảo quản trong túi đá giữ nhiệt tối đa 24 giờ nếu bạn đi du lịch hoặc vận chuyển sữa đến nơi khác, sau đó hãy bảo quản trong tủ đông nếu chưa dùng đến.\nCó thể bảo quản sữa mẹ vắt ra trong túi đá giữ nhiệt tối đa 24 giờ\nRã đông sữa mẹ an toàn\n-Luôn luôn rã đông sữa mẹ cũ nhất trước. Theo thời gian, chất lượng sữa mẹ có thể giảm xuống.\n-Một số cách rã đông sữa mẹ:', 'Bảo quản sữa mẹ đã vắt như thế nào?\nMục lục\nTrước khi vắt sữa mẹ\nBảo quản sữa mẹ sau khi vắt sữa\nĐiều kiện bảo quản sữa mẹ mới vắt tốt nhất\nLưu ý khi cất trữ sữa mẹ\nLưu ý khi đông lạnh sữa mẹ\nSữa mẹ đã rã đông có mùi hoặc trông khác với sữa mẹ tươi không?\nNuôi con bằng sữa mẹ trữ đông\nVệ sinh an toàn các vật dụng cho trẻ sơ sinh và thiết bị hút sữa', 'Lưu ý khi cất trữ sữa mẹ\nGhi nhãn rõ ràng trên bình/túi sữa trước khi trữ đông.\nTrữ đông sữa mẹ bằng tủ đông riêng để đạt được thời gian bảo quản tốt tối đa. Không bảo quản lâu sữa mẹ trong ngăn mát tủ lạnh hoặc ngăn đá tủ lạnh. Thay đổi nhiệt độ từ việc đóng - mở cửa tủ lạnh thường xuyên có thể ảnh hưởng đến chất lượng sữa bảo quản.', '\ufeffCâu hỏi: Sữa mẹ vắt ra bảo quản được bao lâu?\nTrả lời: Nhiệt độ phòng (25°C): 4–6 giờ. Ngăn mát tủ lạnh (4°C): 3–4 ngày. Ngăn đá một cánh (-15°C): 2 tuần. Ngăn đông riêng (-18°C): 3–6 tháng. Sữa rã đông trong ngăn mát dùng trong 24 giờ, không đông lại.\nNguồn: Vinmec; VSBA — Hội Tư vấn Sữa mẹ Việt Nam', '*Thời gian bảo quản được khuyến nghị là rất quan trọng cần tuân theo để có chất lượng tốt nhất.\nNghiên cứu cho thấy rằng việc bảo quản sữa mẹ càng lâu - cho dù trong tủ lạnh hay trong tủ đông thì lượng vitamin C trong sữa bị mất đi càng nhiều.']",Chỉ nên để sữa lâu nhất khoảng 3 giờ sau khi vắt.,Sữa mẹ vắt ra có thể bảo quản ở nhiệt độ thường trong bao lâu?,"['Sữa mẹ có thể được bảo quản trong túi đá giữ nhiệt tối đa 24 giờ nếu bạn đi du lịch hoặc vận chuyển sữa đến nơi khác, sau đó hãy bảo quản trong tủ đông nếu chưa dùng đến.\nCó thể bảo quản sữa mẹ vắt ra trong túi đá giữ nhiệt tối đa 24 giờ\nRã đông sữa mẹ an toàn\n-Luôn luôn rã đông sữa mẹ cũ nhất trước. Theo thời gian, chất lượng sữa mẹ có thể giảm xuống.\n-Một số cách rã đông sữa mẹ:', 'Bảo quản sữa mẹ đã vắt như thế nào?\nMục lục\nTrước khi vắt sữa mẹ\nBảo quản sữa mẹ sau khi vắt sữa\nĐiều kiện bảo quản sữa mẹ mới vắt tốt nhất\nLưu ý khi cất trữ sữa mẹ\nLưu ý khi đông lạnh sữa mẹ\nSữa mẹ đã rã đông có mùi hoặc trông khác với sữa mẹ tươi không?\nNuôi con bằng sữa mẹ trữ đông\nVệ sinh an toàn các vật dụng cho trẻ sơ sinh và thiết bị hút sữa', 'Lưu ý khi cất trữ sữa mẹ\nGhi nhãn rõ ràng trên bình/túi sữa trước khi trữ đông.\nTrữ đông sữa mẹ bằng tủ đông riêng để đạt được thời gian bảo quản tốt tối đa. Không bảo quản lâu sữa mẹ trong ngăn mát tủ lạnh hoặc ngăn đá tủ lạnh. Thay đổi nhiệt độ từ việc đóng - mở cửa tủ lạnh thường xuyên có thể ảnh hưởng đến chất lượng sữa bảo quản.', '\ufeffCâu hỏi: Sữa mẹ vắt ra bảo quản được bao lâu?\nTrả lời: Nhiệt độ phòng (25°C): 4–6 giờ. Ngăn mát tủ lạnh (4°C): 3–4 ngày. Ngăn đá một cánh (-15°C): 2 tuần. Ngăn đông riêng (-18°C): 3–6 tháng. Sữa rã đông trong ngăn mát dùng trong 24 giờ, không đông lại.\nNguồn: Vinmec; VSBA — Hội Tư vấn Sữa mẹ Việt Nam', '*Thời gian bảo quản được khuyến nghị là rất quan trọng cần tuân theo để có chất lượng tốt nhất.\nNghiên cứu cho thấy rằng việc bảo quản sữa mẹ càng lâu - cho dù trong tủ lạnh hay trong tủ đông thì lượng vitamin C trong sữa bị mất đi càng nhiều.']","Theo tài liệu 4, sữa mẹ vắt ra có thể bảo quản ở nhiệt độ phòng (25°C) trong 4-6 giờ.",1.0,0.0,0.7410885359173728,0.49999999995
Em thấy sản dịch có màu đen sậm và mùi hôi kèm sốt nhẹ là dấu hiệu gì ạ?,"Dựa trên tài liệu, em thấy sản dịch có màu đen sậm và mùi hôi kèm sốt nhẹ có thể là dấu hiệu của Bế sản dịch hoặc Viêm nội mạc tử cung.

- Bế sản dịch: Sản dịch ra ít hoặc không ra, mùi hôi, màu đen bẩn.
- Viêm nội mạc tử cung: Sốt nhẹ, cảm giác căng tức và đau vùng hạ vị, âm đạo ra ít sản dịch và kèm mùi hôi.

Cần chú ý và tham khảo thêm ý kiến của bác sĩ để có thể chẩn đoán chính xác.

 *Lưu ý: Mẹ nên đưa bé đến cơ sở y tế để được thăm khám trực tiếp.*","['Nguyên nhân \nCó thể là do nhi ễm trùng trong t ử cung hoặc bị nhiễm \nkhuẩn do rách tầng sinh môn \nBiểu hiện \n- Âm đạo tiết dịch ám mùi hôi gây khó chịu. \n- Ra máu nhiều, không giảm, có máu cục xuất hiện. \n- Thay đổi màu săc sản dịch: màu socola, màu mủ..  \n- Ấn vào đáy c ủa tử cung sẽ tiết sản dịch màu đen và \nkèm mùi hôi. \n- Có thể có phản ứng thành bụng', '24 \n \n- Ăn uống m ột s ố thực phẩm giúp gi ảm nhanh nh ững \ncơn đau dạ con \nNếu có các biểu hiện bất thường sau kèm theo v ới dấu \nhiệu đau bụng dưới thì cần phải chú ý có thể là: Bế sản dịch \nhoặc Viêm nội mạc tử cung \n+ Sốt nhẹ \n+ Cảm giác căng tức và đau vùng hạ vị \n+ Âm đạo ra ít sản dịch và kèm mùi hôi \n+ Khi sờ vào bụng thì thấy cứng và có cục', 'tuyến vú, nứt kẽ chảy dịch ở núm vú... \n- Phát hiện sớm các dấu hiệu của tắc tia sữa: Hai bầu vú căng hay mềm, \ncó u cục, nắn có sữa chảy ra. \n- Phát hiện sớm các dấu hiệu của bế sản dịch: Sản dịch ra ít hoặc không  ra \nmùi hôi, màu đen bẩn. \n- Vết khâu tầng sinh môn: đa u nhức tại vết khâu, đánh giá tì nh trạng vết \nkhâu.  \n- Phân cấp chăm sóc………………………………………………….............', '\uf02b Chlamydia trachomatis gây viêm ống cổ tử cung và niệu đạo. \n Các dấu hiệu và triệu chứng của tiết dịch âm đạo bệnh lý (khí hư): số lượng ít hoặc nhiều, \nloãng hoặc đặc, màu trong, đ ục hoặc màu vàng, mùi hôi ho ặc không hôi. Ngoài ra còn có \ncác triệu chứng khác đi kèm: \n- Ngứa vùng âm hộ, âm đạo (đặc biệt do nấm men candida).', 'khuẩn hậu sản. Đau bụng trong trường hợp nhiễm khuẩn hậu sản thường là \nđau liên tục, ấn vào thấy đau tăng lên. \n- Đo các dấu hiệu sinh tồn có thể phát hiện các dấu hiệu nhiễm khuẩn \n+ Nhiễm khuẩn \n+ Hiện tượng sinh lý và bệnh l ý ở vú: Sự xuống sữa, viêm tắc tia sữa,  áp xe \ntuyến vú, nứt kẽ chảy dịch ở núm vú... \n- Phát hiện sớm các dấu hiệu của tắc tia sữa: Hai bầu vú căng hay mềm,']","Đây có thể là dấu hiệu của bế sản dịch hoặc viêm nội mạc tử cung, bạn cần được bác sĩ kiểm tra ngay.",Em thấy sản dịch có màu đen sậm và mùi hôi kèm sốt nhẹ là dấu hiệu gì ạ?,"['Nguyên nhân \nCó thể là do nhi ễm trùng trong t ử cung hoặc bị nhiễm \nkhuẩn do rách tầng sinh môn \nBiểu hiện \n- Âm đạo tiết dịch ám mùi hôi gây khó chịu. \n- Ra máu nhiều, không giảm, có máu cục xuất hiện. \n- Thay đổi màu săc sản dịch: màu socola, màu mủ..  \n- Ấn vào đáy c ủa tử cung sẽ tiết sản dịch màu đen và \nkèm mùi hôi. \n- Có thể có phản ứng thành bụng', '24 \n \n- Ăn uống m ột s ố thực phẩm giúp gi ảm nhanh nh ững \ncơn đau dạ con \nNếu có các biểu hiện bất thường sau kèm theo v ới dấu \nhiệu đau bụng dưới thì cần phải chú ý có thể là: Bế sản dịch \nhoặc Viêm nội mạc tử cung \n+ Sốt nhẹ \n+ Cảm giác căng tức và đau vùng hạ vị \n+ Âm đạo ra ít sản dịch và kèm mùi hôi \n+ Khi sờ vào bụng thì thấy cứng và có cục', 'tuyến vú, nứt kẽ chảy dịch ở núm vú... \n- Phát hiện sớm các dấu hiệu của tắc tia sữa: Hai bầu vú căng hay mềm, \ncó u cục, nắn có sữa chảy ra. \n- Phát hiện sớm các dấu hiệu của bế sản dịch: Sản dịch ra ít hoặc không  ra \nmùi hôi, màu đen bẩn. \n- Vết khâu tầng sinh môn: đa u nhức tại vết khâu, đánh giá tì nh trạng vết \nkhâu.  \n- Phân cấp chăm sóc………………………………………………….............', '\uf02b Chlamydia trachomatis gây viêm ống cổ tử cung và niệu đạo. \n Các dấu hiệu và triệu chứng của tiết dịch âm đạo bệnh lý (khí hư): số lượng ít hoặc nhiều, \nloãng hoặc đặc, màu trong, đ ục hoặc màu vàng, mùi hôi ho ặc không hôi. Ngoài ra còn có \ncác triệu chứng khác đi kèm: \n- Ngứa vùng âm hộ, âm đạo (đặc biệt do nấm men candida).', 'khuẩn hậu sản. Đau bụng trong trường hợp nhiễm khuẩn hậu sản thường là \nđau liên tục, ấn vào thấy đau tăng lên. \n- Đo các dấu hiệu sinh tồn có thể phát hiện các dấu hiệu nhiễm khuẩn \n+ Nhiễm khuẩn \n+ Hiện tượng sinh lý và bệnh l ý ở vú: Sự xuống sữa, viêm tắc tia sữa,  áp xe \ntuyến vú, nứt kẽ chảy dịch ở núm vú... \n- Phát hiện sớm các dấu hiệu của tắc tia sữa: Hai bầu vú căng hay mềm,']","Dựa trên tài liệu, em thấy sản dịch có màu đen sậm và mùi hôi kèm sốt nhẹ có thể là dấu hiệu của Bế sản dịch hoặc Viêm nội mạc tử cung.

- Bế sản dịch: Sản dịch ra ít hoặc không ra, mùi hôi, màu đen bẩn.
- Viêm nội mạc tử cung: Sốt nhẹ, cảm giác căng tức và đau vùng hạ vị, âm đạo ra ít sản dịch và kèm mùi hôi.

Cần chú ý và tham khảo thêm ý kiến của bác sĩ để có thể chẩn đoán chính xác.

 *Lưu ý: Mẹ nên đưa bé đến cơ sở y tế để được thăm khám trực tiếp.*",0.6666666666666666,1.0,0.8730592110630196,0.99999999995
"Em bị đau núm vú quá, có cách nào để bớt đau khi cho con bú không?","Dưới đây là câu trả lời dựa trên tài liệu:

- Đau núm vú là tình trạng thường gặp ở các mẹ sau sinh.
- Nguyên nhân gây đau núm vú có thể do ngậm bắt vú của trẻ chưa đúng hoặc do dùng máy hút sữa sai cách.
- Để giảm đau núm vú, mẹ nên tham khảo ý kiến của bác sĩ chuyên khoa để có cách kiêng cữ sau sinh an toàn và giảm thiểu khó chịu.","['Đau hậu sản, bàng quang, chảy máu... là những vấn đề thường gặp nhất sau sinh thường. Chúng khiến các mẹ khó chịu, đau nhức và mệt mỏi. Nếu không may gặp phải các tình trạng này thì mẹ nên tham khảo ý kiến của bác sĩ chuyên khoa để có cách kiêng cữ sau sinh thường an toàn và giảm thiểu khó chịu một cách hiệu quả.', 'ngừa cương sữa. \nĐau núm vú:  \n          Bà mẹ nào cũng có thể gặp phải tình trạng này \nNguyên nhân \n- Do ngậm bắt vú của trẻ chưa đúng \n- Do dùng máy hút sữa sai cách', 'Sờ thấy có cục chai cứng ở bầu ngực.\nBạn đã cố gắng cho bé bú và đã vắt sữa nhưng vẫn không hết khối cứng ở vú.\nTình trạng tắc tia sữa kéo dài hơn 2-3 ngày mà không biến mất.\nKhối căng cứng ở ngực ngày càng to, sưng đỏ và đau.\nĐau ngực kèm sốt cao.\nĐã áp dụng các biện pháp cải thiện tình trạng tắc tia sữa tại nhà nhưng không hiệu quả.\nTắc tia sữa phải làm sao?', 'Tắc tia sữa là gì?\nTắc tia sữa còn gọi là tắc tuyến sữa hay tắc ống dẫn sữa, là tình trạng sữa mẹ bị ứ đọng bên trong các ống dẫn sữa ở bầu ngực mà không được đẩy ra ngoài, khiến việc cho con bú gặp nhiều khó khăn cũng như gây đau đớn cho người mẹ. Tình trạng này thường xảy ra ở sản phụ sau sinh khoảng 6-8 tuần hoặc bất kỳ thời điểm nào trong thời kỳ nuôi con bằng sữa mẹ.', '\ufeffCâu hỏi: Mẹ mổ lấy thai có cần dùng thuốc giảm đau?\nTrả lời: Có. Những ngày đầu vết mổ đau nhiều nên dùng thuốc giảm đau theo chỉ định (Paracetamol 500–1000mg mỗi 6–8 giờ). Các thuốc này an toàn với sữa mẹ. Không chịu đau vì sẽ ảnh hưởng đến việc cho con bú.\nNguồn: BV Phụ Sản MêKông; Vinmec Times City']","Tình trạng đau núm vú thường ổn định trong tuần thứ 2, bạn có thể dùng chính sữa mẹ bôi lên để làm dịu núm vú.","Em bị đau núm vú quá, có cách nào để bớt đau khi cho con bú không?","['Đau hậu sản, bàng quang, chảy máu... là những vấn đề thường gặp nhất sau sinh thường. Chúng khiến các mẹ khó chịu, đau nhức và mệt mỏi. Nếu không may gặp phải các tình trạng này thì mẹ nên tham khảo ý kiến của bác sĩ chuyên khoa để có cách kiêng cữ sau sinh thường an toàn và giảm thiểu khó chịu một cách hiệu quả.', 'ngừa cương sữa. \nĐau núm vú:  \n          Bà mẹ nào cũng có thể gặp phải tình trạng này \nNguyên nhân \n- Do ngậm bắt vú của trẻ chưa đúng \n- Do dùng máy hút sữa sai cách', 'Sờ thấy có cục chai cứng ở bầu ngực.\nBạn đã cố gắng cho bé bú và đã vắt sữa nhưng vẫn không hết khối cứng ở vú.\nTình trạng tắc tia sữa kéo dài hơn 2-3 ngày mà không biến mất.\nKhối căng cứng ở ngực ngày càng to, sưng đỏ và đau.\nĐau ngực kèm sốt cao.\nĐã áp dụng các biện pháp cải thiện tình trạng tắc tia sữa tại nhà nhưng không hiệu quả.\nTắc tia sữa phải làm sao?', 'Tắc tia sữa là gì?\nTắc tia sữa còn gọi là tắc tuyến sữa hay tắc ống dẫn sữa, là tình trạng sữa mẹ bị ứ đọng bên trong các ống dẫn sữa ở bầu ngực mà không được đẩy ra ngoài, khiến việc cho con bú gặp nhiều khó khăn cũng như gây đau đớn cho người mẹ. Tình trạng này thường xảy ra ở sản phụ sau sinh khoảng 6-8 tuần hoặc bất kỳ thời điểm nào trong thời kỳ nuôi con bằng sữa mẹ.', '\ufeffCâu hỏi: Mẹ mổ lấy thai có cần dùng thuốc giảm đau?\nTrả lời: Có. Những ngày đầu vết mổ đau nhiều nên dùng thuốc giảm đau theo chỉ định (Paracetamol 500–1000mg mỗi 6–8 giờ). Các thuốc này an toàn với sữa mẹ. Không chịu đau vì sẽ ảnh hưởng đến việc cho con bú.\nNguồn: BV Phụ Sản MêKông; Vinmec Times City']","Dưới đây là câu trả lời dựa trên tài liệu:

- Đau núm vú là tình trạng thường gặp ở các mẹ sau sinh.
- Nguyên nhân gây đau núm vú có thể do ngậm bắt vú của trẻ chưa đúng hoặc do dùng máy hút sữa sai cách.
- Để giảm đau núm vú, mẹ nên tham khảo ý kiến của bác sĩ chuyên khoa để có cách kiêng cữ sau sinh an toàn và giảm thiểu khó chịu.",,0.5,0.5063982472903997,0.0
Trẻ sơ sinh được định nghĩa là trẻ trong độ tuổi nào?,"Theo tài liệu 3: CHĂM SÓC TRẺ SƠ SINH

- Trẻ sơ sinh là trẻ từ khi lọt lòng mẹ đến 28 ngày tuổi.
- Trẻ sơ sinh còn yếu ớt dễ bị mắc bệnh, nếu mắc thì bệnh thường nặng và dễ tử vong.

 *Lưu ý: Mẹ nên đưa bé đến cơ sở y tế để được thăm khám trực tiếp.*","['\uf075 Trẻ bị ốm nhẹ, có khuyết tật hoặc suy dinh dưỡng đi tiêm chủng đều an \ntoàn.  \nTrẻ dưới 2 tuổi cần được tiêm hoặc uống vắc xin theo đúng lịch như\nsau:\nSơ sinh (càng sớm càng tốt)Văc xin Viêm gan B mũi sơ sinh (tốt nhất là 24 giờ đầu sau khi sinh). BCG (phòng lao)\n2 tháng tuổi\n3 tháng tuổi\n4 tháng tuổi\n9 tháng tuổi\n18 tháng tuổi', '\uf075 Ở nước ta mỗi ngày có 70 trẻ sơ sinh tử vong, trong số đó tử vong nhiều nhất là \ntrẻ mới sinh trong ngày đầu vì vậy trẻ sơ sinh cần được  chăm sóc chu đáo.\n\uf076 Chăm sóc ngày đầu sau sinh\n\uf075 Giữ ấm cho trẻ bằng cách cho nằm cùng mẹ. Không tắm hoặc rửa cho trẻ trong 6 \ngiờ đầu sau sinh.\n\uf075 Cho trẻ bú mẹ ngay trong vòng 1 giờ đầu sau sinh và cho bú theo nhu cầu của trẻ.', 'CHĂM SÓC TRẺ SƠ SINH\nNHỮNG THÔNG TIN CẦN NHỚ VÀ NHỮNG VIỆC CẦN LÀM\n\uf076 Sự cần thiết của việc chăm sóc sức khoẻ trẻ sơ sinh\n\uf075 Trẻ sơ sinh là trẻ từ khi lọt lòng mẹ đến 28 ngày tuổi. Trẻ sơ sinh còn yếu ớt dễ bị \nmắc bệnh, nếu mắc thì bệnh thường nặng và dễ tử vong.\n\uf075 Ở nước ta mỗi ngày có 70 trẻ sơ sinh tử vong, trong số đó tử vong nhiều nhất là', 'Cuốn sách SỨC KHỎE này sẽ đề cập \nđến những nội dung sau: \nNhững thông tin trong bộ tài liệu này \ndành cho những người làm cha, làm mẹ \nhoặc những người nam giới hay phụ nữ \nlàm nhiệm vụ chăm sóc trẻ. Khi chúng \ntôi sử dụng từ “bé” có nghĩa là áp dụng \ncho các em bé trai và gái trong lứa tuổi \ntừ 0-3, từ “trẻ” áp dụng cho trẻ em nói \nchung và lứa tuổi từ 3-8. Khi chúng tôi', '214 |  \nCHĂM SÓC TRẺ SƠ SINH NON THÁNG/NHẸ CÂN \nSinh non là trẻ sinh ra trước 37 tuần tuổi thai hoặc trước 259 ngày tính từ ngày đầu \ntiên của kì kinh cuối. Tuần tuổi thai được làm tròn, ví dụ trẻ sinh lúc 28 tuần 4 ngày sẽ được \ntính là sinh non 28 tuần hoặc chi tiết hơn 28 4/7 tuần. \n         Sơ sinh sinh non do được sinh ra trước thời điểm các cơ quan trong cơ thể hoàn chỉnh']",Trẻ sơ sinh là trẻ từ khi lọt lòng mẹ đến 28 ngày tuổi.,Trẻ sơ sinh được định nghĩa là trẻ trong độ tuổi nào?,"['\uf075 Trẻ bị ốm nhẹ, có khuyết tật hoặc suy dinh dưỡng đi tiêm chủng đều an \ntoàn.  \nTrẻ dưới 2 tuổi cần được tiêm hoặc uống vắc xin theo đúng lịch như\nsau:\nSơ sinh (càng sớm càng tốt)Văc xin Viêm gan B mũi sơ sinh (tốt nhất là 24 giờ đầu sau khi sinh). BCG (phòng lao)\n2 tháng tuổi\n3 tháng tuổi\n4 tháng tuổi\n9 tháng tuổi\n18 tháng tuổi', '\uf075 Ở nước ta mỗi ngày có 70 trẻ sơ sinh tử vong, trong số đó tử vong nhiều nhất là \ntrẻ mới sinh trong ngày đầu vì vậy trẻ sơ sinh cần được  chăm sóc chu đáo.\n\uf076 Chăm sóc ngày đầu sau sinh\n\uf075 Giữ ấm cho trẻ bằng cách cho nằm cùng mẹ. Không tắm hoặc rửa cho trẻ trong 6 \ngiờ đầu sau sinh.\n\uf075 Cho trẻ bú mẹ ngay trong vòng 1 giờ đầu sau sinh và cho bú theo nhu cầu của trẻ.', 'CHĂM SÓC TRẺ SƠ SINH\nNHỮNG THÔNG TIN CẦN NHỚ VÀ NHỮNG VIỆC CẦN LÀM\n\uf076 Sự cần thiết của việc chăm sóc sức khoẻ trẻ sơ sinh\n\uf075 Trẻ sơ sinh là trẻ từ khi lọt lòng mẹ đến 28 ngày tuổi. Trẻ sơ sinh còn yếu ớt dễ bị \nmắc bệnh, nếu mắc thì bệnh thường nặng và dễ tử vong.\n\uf075 Ở nước ta mỗi ngày có 70 trẻ sơ sinh tử vong, trong số đó tử vong nhiều nhất là', 'Cuốn sách SỨC KHỎE này sẽ đề cập \nđến những nội dung sau: \nNhững thông tin trong bộ tài liệu này \ndành cho những người làm cha, làm mẹ \nhoặc những người nam giới hay phụ nữ \nlàm nhiệm vụ chăm sóc trẻ. Khi chúng \ntôi sử dụng từ “bé” có nghĩa là áp dụng \ncho các em bé trai và gái trong lứa tuổi \ntừ 0-3, từ “trẻ” áp dụng cho trẻ em nói \nchung và lứa tuổi từ 3-8. Khi chúng tôi', '214 |  \nCHĂM SÓC TRẺ SƠ SINH NON THÁNG/NHẸ CÂN \nSinh non là trẻ sinh ra trước 37 tuần tuổi thai hoặc trước 259 ngày tính từ ngày đầu \ntiên của kì kinh cuối. Tuần tuổi thai được làm tròn, ví dụ trẻ sinh lúc 28 tuần 4 ngày sẽ được \ntính là sinh non 28 tuần hoặc chi tiết hơn 28 4/7 tuần. \n         Sơ sinh sinh non do được sinh ra trước thời điểm các cơ quan trong cơ thể hoàn chỉnh']","Theo tài liệu 3: CHĂM SÓC TRẺ SƠ SINH

- Trẻ sơ sinh là trẻ từ khi lọt lòng mẹ đến 28 ngày tuổi.
- Trẻ sơ sinh còn yếu ớt dễ bị mắc bệnh, nếu mắc thì bệnh thường nặng và dễ tử vong.

 *Lưu ý: Mẹ nên đưa bé đến cơ sở y tế để được thăm khám trực tiếp.*",0.8333333333333334,1.0,0.40117473734861225,0.36666666664833336
Em bị rách tầng sinh môn thì khi đi vệ sinh cần lưu ý rửa như thế nào cho đúng?,"Câu trả lời dựa trên tài liệu:

- Vệ sinh BPSD ngoài bằng nước ấm, vệ sinh ít nhất 3 lần/ngày, nhất là sau khi tiểu tiện.
- Giữ vùng vết khâu luôn khô ráo và sạch sẽ.
- Thay băng vệ sinh thường xuyên để đảm bảo không gây nhiễm trùng đến vết khâu.","['16 \n \nVết khâu tầng sinh môn \nCách vệ sinh tầng sinh môn  \n- Vệ sinh BPSD ngoài bằng nước chín, vệ sinh ít nhất 3 \nlần/ngày, nhất là sau khi ti ểu tiện, sau khi v ệ sinh nên th ấm \nkhô vùng kín bằng khăn mềm \n- Giữ vùng vết khâu luôn khô ráo và s ạch sẽ. Nên tránh \nđể vết thương tiếp xúc với bề mặt vải là tốt nhất \n- Thay băng vệ sinh thư ờng xuyên đ ể đảm bảo không \ngây nhiễm trùng đến vết khâu', 'Rửa tay kỹ bằng nước và xà phòng, hoặc sử dụng chất khử trùng tay nếu không thuận tiện tới bồn rửa.\nVideo đề xuất:\nHướng dẫn vệ sinh rốn cho trẻ sơ sinh\nKhi sử dụng tã vải, các bậc cha mẹ cần lưu ý những điều sau đây:', 'Vệ sinh vùng kín bằng nước ấm sạch hoặc dung dịch vệ sinh dịu nhẹ sau mỗi lần đi vệ sinh.\nDùng khăn mềm, thấm khô nhẹ nhàng từ trước ra sau để tránh đưa vi khuẩn từ hậu môn vào vùng vết thương.\nTránh dùng giấy vệ sinh thô ráp hoặc lau mạnh gây trầy xước.\nThay băng mỗi 4–6 giờ, hoặc ngay khi cảm thấy băng bị ẩm ướt.', 'Việc ngâm mình trong bồn tắm quá lâu hoặc dùng vòi xịt mạnh có thể khiến vi khuẩn lan vào vết khâu gây viêm nhiễm.\nChỉ thụt rửa khi có chỉ định rõ ràng từ bác sĩ.\nKhi nào mẹ cần đi khám lại?\nMẹ nên đến bệnh viện ngay nếu thấy một trong các dấu hiệu sau:\nVết khâu sưng to, đỏ, đau nhói nhiều hơn so với bình thường', 'Hướng dẫn chăm sóc vết may tầng sinh môn đúng cách\nDưới đây là những bí quyết quan trọng giúp mẹ giảm đau, đẩy nhanh quá trình lành vết thương và phòng ngừa nhiễm trùng:\nVệ sinh vùng kín bằng nước ấm sạch hoặc dung dịch vệ sinh dịu nhẹ sau mỗi lần đi vệ sinh.']","Bạn nên vệ sinh ít nhất 3 lần/ngày bằng nước sạch, sau khi rửa cần thấm khô bằng khăn mềm và lưu ý lau từ trước ra sau.",Em bị rách tầng sinh môn thì khi đi vệ sinh cần lưu ý rửa như thế nào cho đúng?,"['16 \n \nVết khâu tầng sinh môn \nCách vệ sinh tầng sinh môn  \n- Vệ sinh BPSD ngoài bằng nước chín, vệ sinh ít nhất 3 \nlần/ngày, nhất là sau khi ti ểu tiện, sau khi v ệ sinh nên th ấm \nkhô vùng kín bằng khăn mềm \n- Giữ vùng vết khâu luôn khô ráo và s ạch sẽ. Nên tránh \nđể vết thương tiếp xúc với bề mặt vải là tốt nhất \n- Thay băng vệ sinh thư ờng xuyên đ ể đảm bảo không \ngây nhiễm trùng đến vết khâu', 'Rửa tay kỹ bằng nước và xà phòng, hoặc sử dụng chất khử trùng tay nếu không thuận tiện tới bồn rửa.\nVideo đề xuất:\nHướng dẫn vệ sinh rốn cho trẻ sơ sinh\nKhi sử dụng tã vải, các bậc cha mẹ cần lưu ý những điều sau đây:', 'Vệ sinh vùng kín bằng nước ấm sạch hoặc dung dịch vệ sinh dịu nhẹ sau mỗi lần đi vệ sinh.\nDùng khăn mềm, thấm khô nhẹ nhàng từ trước ra sau để tránh đưa vi khuẩn từ hậu môn vào vùng vết thương.\nTránh dùng giấy vệ sinh thô ráp hoặc lau mạnh gây trầy xước.\nThay băng mỗi 4–6 giờ, hoặc ngay khi cảm thấy băng bị ẩm ướt.', 'Việc ngâm mình trong bồn tắm quá lâu hoặc dùng vòi xịt mạnh có thể khiến vi khuẩn lan vào vết khâu gây viêm nhiễm.\nChỉ thụt rửa khi có chỉ định rõ ràng từ bác sĩ.\nKhi nào mẹ cần đi khám lại?\nMẹ nên đến bệnh viện ngay nếu thấy một trong các dấu hiệu sau:\nVết khâu sưng to, đỏ, đau nhói nhiều hơn so với bình thường', 'Hướng dẫn chăm sóc vết may tầng sinh môn đúng cách\nDưới đây là những bí quyết quan trọng giúp mẹ giảm đau, đẩy nhanh quá trình lành vết thương và phòng ngừa nhiễm trùng:\nVệ sinh vùng kín bằng nước ấm sạch hoặc dung dịch vệ sinh dịu nhẹ sau mỗi lần đi vệ sinh.']","Câu trả lời dựa trên tài liệu:

- Vệ sinh BPSD ngoài bằng nước ấm, vệ sinh ít nhất 3 lần/ngày, nhất là sau khi tiểu tiện.
- Giữ vùng vết khâu luôn khô ráo và sạch sẽ.
- Thay băng vệ sinh thường xuyên để đảm bảo không gây nhiễm trùng đến vết khâu.",0.75,1.0,0.5192322730135528,0.8055555555287036
"Tại sao sau khi có con, vợ chồng em lại dễ nảy sinh mâu thuẫn và rạn nứt dù trước đó rất hạnh phúc ạ?","Sau khi sinh con, người vợ thay đổi cả về tinh thần và thể chất, người chồng thì cảm thấy bị bỏ rơi. Điều này có thể dẫn đến sự không hài lòng và rạn nứt trong mối quan hệ vợ chồng.

- Người vợ sa sút tinh thần sau khi sinh.
- Người chồng cảm thấy bị bỏ rơi.
- Thiếu hụt quan tâm từ người chồng ảnh hưởng lớn tới tình cảm vợ chồng.
- Cần thảo luận trước khi sinh con về kế hoạch sinh hoạt sau khi vợ đi làm trở lại.","['Sinh con được cho là cách gắn kết tình cảm vợ chồng nhưng cũng có thể là nguyên nhân gây ra rạn nứt mối quan hệ. Sau khi sinh con, người vợ thay đổi cả về tinh thần và thể chất, người chồng thì cảm thấy bị bỏ rơi.\nSau khi sinh, vợ sa sút\xa0tinh thần\n“Sau ngày sinh, tôi vừa khóc vừa gọi điện cho chồng”.', 'Cách vượt qua rạn nứt hôn nhân sau sinh con, vợ chồng trẻ cần biết\nBài viết dưới đây sẽ lý giải sự thay đổi của người phụ nữ sau sinh nở và vai trò quan trọng của người chồng trong thời kỳ này.', '""Tôi được biết rằng, nếu vợ không hài lòng với chồng trong tháng đầu tiên sau khi sinh con thì sự không hài lòng đó sẽ tiếp tục trong suốt quãng đời còn lại của cô ấy”, anh Tsurugi chia sẻ.\nHai vợ chồng cần phải thảo luận trước khi sinh con, chẳng hạn như lịch vợ đi làm trở lại, kế hoạch sinh hoạt sau khi vợ đi làm và những việc cần làm nếu con không thể vào nhà trẻ.', '- Thiếu hụt quan tâm từ người chồng, ảnh hưởng lớn tới tình cảm vợ chồng.\n“Sự chủ động của chồng"" là thiết yếu\nNhững thay đổi xảy ra trên cơ thể người phụ nữ sau khi sinh con là điều khó tránh khỏi. Tuy nhiên, có cách để giảm tình trạng tinh thần không ổn định của sản phụ sau sinh.', '188 |  \nCHẨN ĐOÁN VÀ ĐIỀU TRỊ VÔ SINH \n \nVô sinh là tình trạng vợ chồng sau một năm chung sống, có quan hệ tình dục trung bình \n2-3 lần/tuần, không sử dụng biện pháp tránh thai mà người vợ vẫn không có thai (nếu người \nvợ trên > 35 tuổi, thời gian này chỉ tính 6 tháng). \n- Vô sinh nguyên phát là khi người vợ chưa có thai lần nào.']","Sau khi sinh con, người vợ thay đổi lớn về cả thể chất lẫn tinh thần, trong khi người chồng có thể cảm thấy bị bỏ rơi hoặc không kịp thích nghi với lối sống mới, dẫn đến những khoảng cách và hiểu lầm.","Tại sao sau khi có con, vợ chồng em lại dễ nảy sinh mâu thuẫn và rạn nứt dù trước đó rất hạnh phúc ạ?","['Sinh con được cho là cách gắn kết tình cảm vợ chồng nhưng cũng có thể là nguyên nhân gây ra rạn nứt mối quan hệ. Sau khi sinh con, người vợ thay đổi cả về tinh thần và thể chất, người chồng thì cảm thấy bị bỏ rơi.\nSau khi sinh, vợ sa sút\xa0tinh thần\n“Sau ngày sinh, tôi vừa khóc vừa gọi điện cho chồng”.', 'Cách vượt qua rạn nứt hôn nhân sau sinh con, vợ chồng trẻ cần biết\nBài viết dưới đây sẽ lý giải sự thay đổi của người phụ nữ sau sinh nở và vai trò quan trọng của người chồng trong thời kỳ này.', '""Tôi được biết rằng, nếu vợ không hài lòng với chồng trong tháng đầu tiên sau khi sinh con thì sự không hài lòng đó sẽ tiếp tục trong suốt quãng đời còn lại của cô ấy”, anh Tsurugi chia sẻ.\nHai vợ chồng cần phải thảo luận trước khi sinh con, chẳng hạn như lịch vợ đi làm trở lại, kế hoạch sinh hoạt sau khi vợ đi làm và những việc cần làm nếu con không thể vào nhà trẻ.', '- Thiếu hụt quan tâm từ người chồng, ảnh hưởng lớn tới tình cảm vợ chồng.\n“Sự chủ động của chồng"" là thiết yếu\nNhững thay đổi xảy ra trên cơ thể người phụ nữ sau khi sinh con là điều khó tránh khỏi. Tuy nhiên, có cách để giảm tình trạng tinh thần không ổn định của sản phụ sau sinh.', '188 |  \nCHẨN ĐOÁN VÀ ĐIỀU TRỊ VÔ SINH \n \nVô sinh là tình trạng vợ chồng sau một năm chung sống, có quan hệ tình dục trung bình \n2-3 lần/tuần, không sử dụng biện pháp tránh thai mà người vợ vẫn không có thai (nếu người \nvợ trên > 35 tuổi, thời gian này chỉ tính 6 tháng). \n- Vô sinh nguyên phát là khi người vợ chưa có thai lần nào.']","Sau khi sinh con, người vợ thay đổi cả về tinh thần và thể chất, người chồng thì cảm thấy bị bỏ rơi. Điều này có thể dẫn đến sự không hài lòng và rạn nứt trong mối quan hệ vợ chồng.

- Người vợ sa sút tinh thần sau khi sinh.
- Người chồng cảm thấy bị bỏ rơi.
- Thiếu hụt quan tâm từ người chồng ảnh hưởng lớn tới tình cảm vợ chồng.
- Cần thảo luận trước khi sinh con về kế hoạch sinh hoạt sau khi vợ đi làm trở lại.",1.0,0.8333333333333334,0.8642763575074138,0.999999999975
Làm sao để em có thể phòng ngừa hiệu quả bệnh sa tử cung ngay tại nhà sau khi sinh em bé ạ?,"Dưới đây là các cách phòng ngừa bệnh sa tử cung tại nhà sau khi sinh em bé:

 * Phụ nữ, đặc biệt là sản phụ sau sinh cần học cách trị sa tử cung tại nhà thông qua bài tập sa tử cung đơn giản nhưng lại rất hiệu quả trong việc phòng ngừa bệnh.
 * Phụ nữ sau sinh cần dành nhiều thời gian để nghỉ ngơi, thư giãn.
 * Cho con bú sớm - sau sinh 24 tiếng sẽ giúp tử cung hồi phục tốt để đẩy sản dịch sau sinh thường ra ngoài, tránh được bệnh sa tử cung, giảm nguy cơ băng huyết sau sinh.
 * Thực hiện các bài tập nhẹ nhàng để giúp cơ và dây chằng hỗ trợ tử cung hồi phục tốt.","['lượng cuộc sống của người bệnh. Vì vậy phụ nữ, đặc biệt là sản phụ sau sinh cần học cách trị sa tử cung tại nhà thông qua bài tập sa tử cung đơn giản nhưng lại rất hiệu quả trong việc phòng ngừa bệnh.', 'Cách phòng ngừa tắc ống dẫn sữa sau sinh\nTắc tia sữa sau sinh có thể khiến mẹ đau đớn và mệt mỏi, tăng nguy cơ trầm cảm sau sinh cũng như không đảm bảo lượng sữa cung cấp dưỡng chất thiết yếu và kháng thể tự nhiên cho con. Vì thế, mẹ cần phòng ngừa tình trạng này bằng cách:', 'thì mẹ không được làm việc nặng, không ngồi quá lâu và dành nhiều thời gian để nghỉ ngơi, thư giãn. Ngoài ra, việc cho con bú sớm - sau sinh 24 tiếng sẽ giúp tử cung hồi phục tốt để đẩy sản dịch sau sinh thường ra ngoài, tránh được bệnh sa tử cung, giảm nguy cơ băng huyết sau sinh.', 'Đã áp dụng các biện pháp cải thiện tình trạng tắc tia sữa tại nhà nhưng không hiệu quả.\nTắc tia sữa phải làm sao?\nMục tiêu trong điều trị tắc tia sữa chính là làm tan các cục sữa bị ứ đọng, vón cục để khơi thông tia sữa. Mẹ có thể áp dụng những cách đơn giản dưới đây để thông tia sữa tại nhà, gồm:', 'Sa tử cung sau sinh nở là một tình trạng thường gặp nhưng cũng có thể dễ dàng ngăn ngừa nếu có phương pháp đúng. Một trong những nguyên nhân phổ biến nhất gây ra bệnh sa tử cung đó là tổn thương các cơ và dây chằng hỗ trợ tử cung. Vì vậy, để ngăn ngừa điều này, những thai phụ sau khi sinh cần thực hiện những lưu ý sau đây:']","Bạn nên thực hiện các bài tập cơ sàn chậu (như Kegel), tránh lao động nặng hoặc bê vác vật nặng quá sớm, và giữ cho hệ tiêu hóa tốt để không bị táo bón kinh niên.",Làm sao để em có thể phòng ngừa hiệu quả bệnh sa tử cung ngay tại nhà sau khi sinh em bé ạ?,"['lượng cuộc sống của người bệnh. Vì vậy phụ nữ, đặc biệt là sản phụ sau sinh cần học cách trị sa tử cung tại nhà thông qua bài tập sa tử cung đơn giản nhưng lại rất hiệu quả trong việc phòng ngừa bệnh.', 'Cách phòng ngừa tắc ống dẫn sữa sau sinh\nTắc tia sữa sau sinh có thể khiến mẹ đau đớn và mệt mỏi, tăng nguy cơ trầm cảm sau sinh cũng như không đảm bảo lượng sữa cung cấp dưỡng chất thiết yếu và kháng thể tự nhiên cho con. Vì thế, mẹ cần phòng ngừa tình trạng này bằng cách:', 'thì mẹ không được làm việc nặng, không ngồi quá lâu và dành nhiều thời gian để nghỉ ngơi, thư giãn. Ngoài ra, việc cho con bú sớm - sau sinh 24 tiếng sẽ giúp tử cung hồi phục tốt để đẩy sản dịch sau sinh thường ra ngoài, tránh được bệnh sa tử cung, giảm nguy cơ băng huyết sau sinh.', 'Đã áp dụng các biện pháp cải thiện tình trạng tắc tia sữa tại nhà nhưng không hiệu quả.\nTắc tia sữa phải làm sao?\nMục tiêu trong điều trị tắc tia sữa chính là làm tan các cục sữa bị ứ đọng, vón cục để khơi thông tia sữa. Mẹ có thể áp dụng những cách đơn giản dưới đây để thông tia sữa tại nhà, gồm:', 'Sa tử cung sau sinh nở là một tình trạng thường gặp nhưng cũng có thể dễ dàng ngăn ngừa nếu có phương pháp đúng. Một trong những nguyên nhân phổ biến nhất gây ra bệnh sa tử cung đó là tổn thương các cơ và dây chằng hỗ trợ tử cung. Vì vậy, để ngăn ngừa điều này, những thai phụ sau khi sinh cần thực hiện những lưu ý sau đây:']","Dưới đây là các cách phòng ngừa bệnh sa tử cung tại nhà sau khi sinh em bé:

 * Phụ nữ, đặc biệt là sản phụ sau sinh cần học cách trị sa tử cung tại nhà thông qua bài tập sa tử cung đơn giản nhưng lại rất hiệu quả trong việc phòng ngừa bệnh.
 * Phụ nữ sau sinh cần dành nhiều thời gian để nghỉ ngơi, thư giãn.
 * Cho con bú sớm - sau sinh 24 tiếng sẽ giúp tử cung hồi phục tốt để đẩy sản dịch sau sinh thường ra ngoài, tránh được bệnh sa tử cung, giảm nguy cơ băng huyết sau sinh.
 * Thực hiện các bài tập nhẹ nhàng để giúp cơ và dây chằng hỗ trợ tử cung hồi phục tốt.",0.75,0.36363636363636365,0.8606818728221166,0.699999999965
Phụ nữ Châu Á mang thai nên tăng bao nhiêu kg là hợp lý?,"Theo tài liệu 1, mức tăng cân trung bình của phụ nữ Châu Á nên là 10-12kg.","['• Tình trạng dinh dưỡng gầy (BMI <18,5): Mức tăng cân nên đạt là 25% cân \nnặng trước khi có thai.\n• Tình trạng dinh dưỡng thừa cân,béo phì (BMI>=25): Mức tăng cân nên đạt \nlà 15% cân nặng trước khi có thai.\nNguồn: Tổ chức Y tế thế giới năm 1998\nTheo tiêu chuẩn quốc tế \nmức tăng cân trung bình của phụ nữ Châu Á nên là 10-12kg', 'Lặp lại các động tác 10 lần, có thể tăng số giây thít chặt khi đã quen với bài tập.\nSản phụ cần duy trì cân nặng hợp lý, ăn nhiều rau quả để tránh táo bón, không bê vác quá nặng, cần biết sử dụng các kỹ thuật nâng vác đúng.', '208 |  \nPHỐI HỢP CHUYÊN NGÀNH SẢN KHOA VÀ NHI KHOA \nTRONG CHĂM SÓC TRẺ SƠ SINH \n \nCán bộ thực hiện là bác sĩ, n ữ hộ sinh, y sĩ s ản nhi hoặc điều dưỡng sản nhi đang làm \nviệc tại trạm y tế xã chịu trách nhiệm theo dõi sức khỏe cho phụ nữ ở lứa tuổi sinh đẻ. Nội \ndung thực hiên:', 'chlamydia, toxoplasma, lậu, giang mai, herpes sinh dục, Cytomegalovirus (CMV), HPV, \nHIV, viêm gan B.....  \n- Tuyên truyền dinh dưỡng là yếu tố quan trọng nhất cho sức khỏe người phụ nữ và sự \nphát triển của bào thai. Những phụ nữ thiếu dinh dưỡng có nguy cơ đẻ con nhẹ cân và \nngười mẹ sẽ không an toàn trong khi mang thai và trong khi đẻ.', 'Nhu cầu dinh dưỡng của bà mẹ thời kỳ \nmang thai và NCBSM\nNhu cầu\ndinh dưỡng\n/ngày\nPhụ nữ\nbình \nthường\nNhu cầu dinh dưỡng cần bổ sung\nBà mẹ thời kỳ mang thai Bà mẹ thời kỳ\nNCBSM6 tháng đầu 3 tháng cuối\nNăng lượng 2200-\n2600 kcal\n360 kcal \n(tương đương \n1 bát cơm)\n475 kcal \n(tương \nđương \n2 bát cơm)\n505 - 675 kcal \n(tương \nđương 3 bát \ncơm)\nProtein 55g 15 gam 18 gam 28 gam']",Mức tăng cân trung bình nên đạt từ 10 - 12 kg.,Phụ nữ Châu Á mang thai nên tăng bao nhiêu kg là hợp lý?,"['• Tình trạng dinh dưỡng gầy (BMI <18,5): Mức tăng cân nên đạt là 25% cân \nnặng trước khi có thai.\n• Tình trạng dinh dưỡng thừa cân,béo phì (BMI>=25): Mức tăng cân nên đạt \nlà 15% cân nặng trước khi có thai.\nNguồn: Tổ chức Y tế thế giới năm 1998\nTheo tiêu chuẩn quốc tế \nmức tăng cân trung bình của phụ nữ Châu Á nên là 10-12kg', 'Lặp lại các động tác 10 lần, có thể tăng số giây thít chặt khi đã quen với bài tập.\nSản phụ cần duy trì cân nặng hợp lý, ăn nhiều rau quả để tránh táo bón, không bê vác quá nặng, cần biết sử dụng các kỹ thuật nâng vác đúng.', '208 |  \nPHỐI HỢP CHUYÊN NGÀNH SẢN KHOA VÀ NHI KHOA \nTRONG CHĂM SÓC TRẺ SƠ SINH \n \nCán bộ thực hiện là bác sĩ, n ữ hộ sinh, y sĩ s ản nhi hoặc điều dưỡng sản nhi đang làm \nviệc tại trạm y tế xã chịu trách nhiệm theo dõi sức khỏe cho phụ nữ ở lứa tuổi sinh đẻ. Nội \ndung thực hiên:', 'chlamydia, toxoplasma, lậu, giang mai, herpes sinh dục, Cytomegalovirus (CMV), HPV, \nHIV, viêm gan B.....  \n- Tuyên truyền dinh dưỡng là yếu tố quan trọng nhất cho sức khỏe người phụ nữ và sự \nphát triển của bào thai. Những phụ nữ thiếu dinh dưỡng có nguy cơ đẻ con nhẹ cân và \nngười mẹ sẽ không an toàn trong khi mang thai và trong khi đẻ.', 'Nhu cầu dinh dưỡng của bà mẹ thời kỳ \nmang thai và NCBSM\nNhu cầu\ndinh dưỡng\n/ngày\nPhụ nữ\nbình \nthường\nNhu cầu dinh dưỡng cần bổ sung\nBà mẹ thời kỳ mang thai Bà mẹ thời kỳ\nNCBSM6 tháng đầu 3 tháng cuối\nNăng lượng 2200-\n2600 kcal\n360 kcal \n(tương đương \n1 bát cơm)\n475 kcal \n(tương \nđương \n2 bát cơm)\n505 - 675 kcal \n(tương \nđương 3 bát \ncơm)\nProtein 55g 15 gam 18 gam 28 gam']","Theo tài liệu 1, mức tăng cân trung bình của phụ nữ Châu Á nên là 10-12kg.",1.0,0.058823529411764705,0.7988653586706738,0.699999999965
"Bé nhà em bị nghẹt mũi và khò khè, em có nên tự ý dùng thuốc nhỏ mũi có chứa kháng sinh cho con tại nhà không?","Không, bạn không nên tự ý dùng thuốc nhỏ mũi có chứa kháng sinh cho con tại nhà. Theo tài liệu, không nên dùng thuốc nhỏ mũi co mạch cho trẻ dưới 2 tuổi. Thay vào đó, bạn có thể nhỏ nước muối sinh lý (NaCl 0.9%) 2–3 giọt mỗi bên mũi, dùng bóng hút mũi hút nhẹ.

Hậu quả của việc tự ý dùng thuốc nhỏ mũi có chứa kháng sinh cho con tại nhà có thể bao gồm:

- Tăng nguy cơ gây hại cho trẻ
- Không hiệu quả trong việc điều trị nghẹt mũi
- Có thể gây ra tác dụng phụ không mong muốn

Nguồn: BV Nhi Đồng 1; Bộ Y tế","['\ufeffCâu hỏi: Trẻ sơ sinh bị nghẹt mũi có nguy hiểm không?\nTrả lời: Trẻ sơ sinh thở chủ yếu bằng mũi, nên nghẹt mũi ảnh hưởng bú và ngủ. Nhỏ nước muối sinh lý (NaCl 0.9%) 2–3 giọt mỗi bên mũi, dùng bóng hút mũi hút nhẹ. Không dùng thuốc nhỏ mũi co mạch cho trẻ dưới 2 tuổi.\nNguồn: BV Nhi Đồng 1; Bộ Y tế', 'Nếu chứng trầm cảm của bạn trở nên tồi tệ hơn ngay sau khi bắt đầu dùng thuốc hoặc nếu bạn có ý định làm hại bản thân hoặc người khác, hãy gọi ngay cho bác sĩ sản phụ khoa, một chuyên gia chăm sóc sức khỏe khác hoặc dịch vụ y tế cấp cứu.\nThuốc chống trầm cảm có thể truyền sang em bé qua sữa mẹ không?\nThuốc chống trầm cảm có thể truyền sang em bé qua sữa mẹ không?', 'Zuranolone có thể truyền sang em bé qua sữa mẹ không?\nThuốc chống trầm cảm là gì?\nThuốc chống trầm cảm có thể gây ra tác dụng phụ không?\nThuốc chống trầm cảm có thể truyền sang em bé qua sữa mẹ không?\nLiệu pháp trò chuyện diễn ra như thế nào?\nCác loại liệu pháp trò chuyện là gì?\nCó thể làm gì để giúp ngăn ngừa trầm cảm sau sinh ở những phụ nữ có tiền sử trầm cảm?', 'NHỮNG VẤN ĐỀ PHỔ BIẾN\nHO\nHo không phải lúc nào cũng xấu. Mục đích \ncủa ho là tống chất nhầy ra\nCẦN PHẢI LÀM GÌ\n• Không tự ý cho trẻ dưới 2 tuổi uống  \nsi-rô trị ho mà không có sự tư vấn từ \nnhân viên y tế\n• Kiểm tra với cơ sở y tế hoặc dược sỹ \ntrước khi cho trẻ trên 2 tuổi uống si rô \ntrị ho \n• Đảm bảo rằng không có ai hút thuốc gần \ntrẻ\n•  Không để trẻ ở nơi có khói bếp', 'Núm và bình cần được rửa sạch, tiệt trùng và phơi khô trước khi sử dụng cho trẻ\nMặc dù bệnh nấm miệng tự khỏi trong vài tuần, trong trường hợp trẻ cảm thấy khó chịu, bác sĩ có thể kê toa các loại thuốc sau:\nMiconazole\nĐây là một loại gel chống nấm được thiết kế để tiêu diệt nấm candida. Gel phải được dùng. Đảm bảo bạn làm theo hướng dẫn của bác sĩ một cách cẩn thận.\nNystatin']","Không tự ý dùng kháng sinh; bạn chỉ nên vệ sinh mũi cho bé bằng nước muối sinh lý 0,9% và đưa con đi khám nếu tình trạng khò khè không giảm.","Bé nhà em bị nghẹt mũi và khò khè, em có nên tự ý dùng thuốc nhỏ mũi có chứa kháng sinh cho con tại nhà không?","['\ufeffCâu hỏi: Trẻ sơ sinh bị nghẹt mũi có nguy hiểm không?\nTrả lời: Trẻ sơ sinh thở chủ yếu bằng mũi, nên nghẹt mũi ảnh hưởng bú và ngủ. Nhỏ nước muối sinh lý (NaCl 0.9%) 2–3 giọt mỗi bên mũi, dùng bóng hút mũi hút nhẹ. Không dùng thuốc nhỏ mũi co mạch cho trẻ dưới 2 tuổi.\nNguồn: BV Nhi Đồng 1; Bộ Y tế', 'Nếu chứng trầm cảm của bạn trở nên tồi tệ hơn ngay sau khi bắt đầu dùng thuốc hoặc nếu bạn có ý định làm hại bản thân hoặc người khác, hãy gọi ngay cho bác sĩ sản phụ khoa, một chuyên gia chăm sóc sức khỏe khác hoặc dịch vụ y tế cấp cứu.\nThuốc chống trầm cảm có thể truyền sang em bé qua sữa mẹ không?\nThuốc chống trầm cảm có thể truyền sang em bé qua sữa mẹ không?', 'Zuranolone có thể truyền sang em bé qua sữa mẹ không?\nThuốc chống trầm cảm là gì?\nThuốc chống trầm cảm có thể gây ra tác dụng phụ không?\nThuốc chống trầm cảm có thể truyền sang em bé qua sữa mẹ không?\nLiệu pháp trò chuyện diễn ra như thế nào?\nCác loại liệu pháp trò chuyện là gì?\nCó thể làm gì để giúp ngăn ngừa trầm cảm sau sinh ở những phụ nữ có tiền sử trầm cảm?', 'NHỮNG VẤN ĐỀ PHỔ BIẾN\nHO\nHo không phải lúc nào cũng xấu. Mục đích \ncủa ho là tống chất nhầy ra\nCẦN PHẢI LÀM GÌ\n• Không tự ý cho trẻ dưới 2 tuổi uống  \nsi-rô trị ho mà không có sự tư vấn từ \nnhân viên y tế\n• Kiểm tra với cơ sở y tế hoặc dược sỹ \ntrước khi cho trẻ trên 2 tuổi uống si rô \ntrị ho \n• Đảm bảo rằng không có ai hút thuốc gần \ntrẻ\n•  Không để trẻ ở nơi có khói bếp', 'Núm và bình cần được rửa sạch, tiệt trùng và phơi khô trước khi sử dụng cho trẻ\nMặc dù bệnh nấm miệng tự khỏi trong vài tuần, trong trường hợp trẻ cảm thấy khó chịu, bác sĩ có thể kê toa các loại thuốc sau:\nMiconazole\nĐây là một loại gel chống nấm được thiết kế để tiêu diệt nấm candida. Gel phải được dùng. Đảm bảo bạn làm theo hướng dẫn của bác sĩ một cách cẩn thận.\nNystatin']","Không, bạn không nên tự ý dùng thuốc nhỏ mũi có chứa kháng sinh cho con tại nhà. Theo tài liệu, không nên dùng thuốc nhỏ mũi co mạch cho trẻ dưới 2 tuổi. Thay vào đó, bạn có thể nhỏ nước muối sinh lý (NaCl 0.9%) 2–3 giọt mỗi bên mũi, dùng bóng hút mũi hút nhẹ.

Hậu quả của việc tự ý dùng thuốc nhỏ mũi có chứa kháng sinh cho con tại nhà có thể bao gồm:

- Tăng nguy cơ gây hại cho trẻ
- Không hiệu quả trong việc điều trị nghẹt mũi
- Có thể gây ra tác dụng phụ không mong muốn

Nguồn: BV Nhi Đồng 1; Bộ Y tế",0.42857142857142855,,0.7533509522006631,0.9999999999
Sau khi sinh xong thì giai đoạn hậu sản được tính kéo dài bao lâu ạ?,"Theo tài liệu ""BV Từ Dũ — Hướng dẫn hậu sản"", thời kỳ hậu sản kéo dài 42 ngày (6 tuần) sau sinh.

- Thời kỳ hậu sản kéo dài 42 ngày (6 tuần) sau sinh.
- Đây là giai đoạn cơ thể mẹ phục hồi về trạng thái trước khi mang thai.
- Tử cung co hồi, sản dịch ra dần và tuyến sữa hoạt động.","['\ufeffCâu hỏi: Thời kỳ hậu sản kéo dài bao lâu?\nTrả lời: Thời kỳ hậu sản kéo dài 42 ngày (6 tuần) sau sinh. Đây là giai đoạn cơ thể mẹ phục hồi về trạng thái trước khi mang thai, tử cung co hồi, sản dịch ra dần và tuyến sữa hoạt động.\nNguồn: BV Từ Dũ — Hướng dẫn hậu sản', '\ufeffCâu hỏi: Sau sinh bao lâu mới được quan hệ tình dục?\nTrả lời: Tối thiểu 6 tuần sau sinh (hết thời kỳ hậu sản) khi đã khám và được bác sĩ xác nhận vết thương lành. Sinh mổ nên đợi đủ 6–8 tuần. Dùng bao cao su trong 3 tháng đầu vì tử cung chưa phục hồi hoàn toàn.\nNguồn: Vinmec — Chăm sóc sau sinh mổ; BV Từ Dũ hậu sản', 'Sau khi con chào đời, cơ thể mẹ bắt đầu khôi phục lại những gì đã thay đổi trong suốt thai kỳ và sinh nở. Số lượng rất lớn các nội tiết tố khi có thai có thể biến mất khiến cho giai đoạn hậu sản sau sinh thường rất mệt mỏi cho mẹ. Tuy nhiên, nếu biết cách chăm sóc sản phụ sau sinh thường thì mọi thứ sẽ được vượt qua dễ dàng.', '- Câu hỏi để chẩn đoán:  \n\uf02b Thời gian xuất tinh là bao lâu? Thời gian xuất tinh (IELT -Intravaginal Ejaculation \nLatency Time) là thời gian tí nh từ lúc đưa dương vật vào âm đạo cho tới khi xuất \ntinh. \n\uf02b Anh có thể trì hoãn xuất tinh được không? \n\uf02b Anh có cảm thấy hụt hẫng do xuất tinh sớm không? \n- Câu hỏi để phân biệt xuất tinh sớm nguyên phát hay thứ phát:', '""Tôi được biết rằng, nếu vợ không hài lòng với chồng trong tháng đầu tiên sau khi sinh con thì sự không hài lòng đó sẽ tiếp tục trong suốt quãng đời còn lại của cô ấy”, anh Tsurugi chia sẻ.\nHai vợ chồng cần phải thảo luận trước khi sinh con, chẳng hạn như lịch vợ đi làm trở lại, kế hoạch sinh hoạt sau khi vợ đi làm và những việc cần làm nếu con không thể vào nhà trẻ.']",Giai đoạn sau sinh bắt đầu từ 1 giờ sau khi sinh và kéo dài suốt 6 tuần sau đó.,Sau khi sinh xong thì giai đoạn hậu sản được tính kéo dài bao lâu ạ?,"['\ufeffCâu hỏi: Thời kỳ hậu sản kéo dài bao lâu?\nTrả lời: Thời kỳ hậu sản kéo dài 42 ngày (6 tuần) sau sinh. Đây là giai đoạn cơ thể mẹ phục hồi về trạng thái trước khi mang thai, tử cung co hồi, sản dịch ra dần và tuyến sữa hoạt động.\nNguồn: BV Từ Dũ — Hướng dẫn hậu sản', '\ufeffCâu hỏi: Sau sinh bao lâu mới được quan hệ tình dục?\nTrả lời: Tối thiểu 6 tuần sau sinh (hết thời kỳ hậu sản) khi đã khám và được bác sĩ xác nhận vết thương lành. Sinh mổ nên đợi đủ 6–8 tuần. Dùng bao cao su trong 3 tháng đầu vì tử cung chưa phục hồi hoàn toàn.\nNguồn: Vinmec — Chăm sóc sau sinh mổ; BV Từ Dũ hậu sản', 'Sau khi con chào đời, cơ thể mẹ bắt đầu khôi phục lại những gì đã thay đổi trong suốt thai kỳ và sinh nở. Số lượng rất lớn các nội tiết tố khi có thai có thể biến mất khiến cho giai đoạn hậu sản sau sinh thường rất mệt mỏi cho mẹ. Tuy nhiên, nếu biết cách chăm sóc sản phụ sau sinh thường thì mọi thứ sẽ được vượt qua dễ dàng.', '- Câu hỏi để chẩn đoán:  \n\uf02b Thời gian xuất tinh là bao lâu? Thời gian xuất tinh (IELT -Intravaginal Ejaculation \nLatency Time) là thời gian tí nh từ lúc đưa dương vật vào âm đạo cho tới khi xuất \ntinh. \n\uf02b Anh có thể trì hoãn xuất tinh được không? \n\uf02b Anh có cảm thấy hụt hẫng do xuất tinh sớm không? \n- Câu hỏi để phân biệt xuất tinh sớm nguyên phát hay thứ phát:', '""Tôi được biết rằng, nếu vợ không hài lòng với chồng trong tháng đầu tiên sau khi sinh con thì sự không hài lòng đó sẽ tiếp tục trong suốt quãng đời còn lại của cô ấy”, anh Tsurugi chia sẻ.\nHai vợ chồng cần phải thảo luận trước khi sinh con, chẳng hạn như lịch vợ đi làm trở lại, kế hoạch sinh hoạt sau khi vợ đi làm và những việc cần làm nếu con không thể vào nhà trẻ.']","Theo tài liệu ""BV Từ Dũ — Hướng dẫn hậu sản"", thời kỳ hậu sản kéo dài 42 ngày (6 tuần) sau sinh.

- Thời kỳ hậu sản kéo dài 42 ngày (6 tuần) sau sinh.
- Đây là giai đoạn cơ thể mẹ phục hồi về trạng thái trước khi mang thai.
- Tử cung co hồi, sản dịch ra dần và tuyến sữa hoạt động.",1.0,1.0,0.7271373133272896,0.99999999995
"bé nhà em 6 tháng tuổi đang tập ăn dặm mà bị tiêu chảy kéo dài, em có nên tiếp tục cho con ăn cháo cà rốt hay thay đổi chế độ ăn như thế nào không ạ?","Theo tài liệu, trẻ 6 tháng tuổi đang bị tiêu chảy kéo dài nên không nên thay đổi chế độ dinh dưỡng. Thay vào đó, cần điều trị dứt điểm tình trạng bệnh trước khi thay đổi chế độ ăn.

- Trẻ 6 tháng tuổi đang bị tiêu chảy kéo dài nên điều trị dứt điểm trước khi thay đổi chế độ ăn.
- Không nên thay đổi chế độ dinh dưỡng khi trẻ đang bị tiêu chảy.
- Cần chú ý thực phẩm giàu sắt khi bắt đầu ăn dặm.
- Bé 6 tháng tuổi cần bổ sung sắt.","['Dinh dưỡng khi trẻ bị tiêu chảy\nHỏi\nBác sĩ cho e hỏi con em 6 tháng tuổi bị tiêu chảy kéo dài, em cho bé ăn cháo ca rốt được không ạ, nếu không bác sĩ cho em biết cách chữa cho bé với ạ, em cảm ơn ạ.\nPhạm Thị Anh (1998)\nTrả lời\nĐược giải đáp bởi Bác sĩ chuyên khoa II Lê Thanh Cẩm - Khoa Nhi - Sơ sinh - Bệnh viện Đa khoa Quốc tế Vinmec Đà Nẵng\nChào bạn,', 'Trẻ 6 tháng tuổi là lứa tuổi chúng ta có thẻ tiến hành cho trẻ ăn dặm, nhưng hiện tại trẻ đang tiêu chảy kéo dài, bạn càn phải điều trị dứt điểm, vì nếu bạn thay đổi chế độ dinh dưỡng có thể khiến tình trạng bệnh càng nặng thêm.', 'Thực đơn ăn dặm cho trẻ từ 6 - 12 tháng\nTrẻ từ 6 - 8 tháng tuổi: Ở giai đoạn này, trẻ đang tập ăn, vì thế nên cho trẻ ăn các loại thức ăn mềm và dễ tiêu. Hệ tiêu hóa của trẻ cũng đang làm quen dần với thức ăn, nên cho trẻ ăn từng chút một, mỗi tuần tăng lượng ăn của trẻ lên một chút. Đầu tiên nên ăn 1 bữa/ngày, rồi tăng lên 2 bữa/ngày, đồng thời tăng độ đặc của cháo.', '\ufeffCâu hỏi: Bắt đầu cho bé ăn dặm nên cho ăn gì đầu tiên?\nTrả lời: Tháng đầu ăn dặm (6 tháng): bột/cháo loãng tỷ lệ 1:10, 2 bữa/ngày. Ưu tiên thực phẩm từng loại riêng lẻ để kiểm tra dị ứng. Bắt đầu với: bí đỏ, cà rốt, khoai lang nghiền, cháo gạo. Tiếp tục bú mẹ là chính.\nNguồn: Quyết định 318/QĐ-BYT — Bộ Y tế VN', '\ufeffCâu hỏi: Bé 6 tháng cần bổ sung sắt không?\nTrả lời: Cần. Bé bú mẹ hoàn toàn đến 6 tháng thì dự trữ sắt từ mẹ cạn dần. Khi bắt đầu ăn dặm cần chú ý thực phẩm giàu sắt: thịt đỏ, gan, đậu lăng. Nhu cầu sắt 11mg/ngày. Hỏi bác sĩ về bổ sung sắt nhỏ giọt nếu bé bú mẹ hoàn toàn.\nNguồn: BV Nhi Đồng 1; Vinmec']","Khi trẻ đang bị tiêu chảy kéo dài, bạn cần điều trị dứt điểm tình trạng rối loạn tiêu hóa trước; việc thay đổi chế độ dinh dưỡng đột ngột lúc này có thể khiến bệnh nặng thêm. Bạn nên đưa bé đi khám để được tư vấn cách chăm sóc phù hợp.","bé nhà em 6 tháng tuổi đang tập ăn dặm mà bị tiêu chảy kéo dài, em có nên tiếp tục cho con ăn cháo cà rốt hay thay đổi chế độ ăn như thế nào không ạ?","['Dinh dưỡng khi trẻ bị tiêu chảy\nHỏi\nBác sĩ cho e hỏi con em 6 tháng tuổi bị tiêu chảy kéo dài, em cho bé ăn cháo ca rốt được không ạ, nếu không bác sĩ cho em biết cách chữa cho bé với ạ, em cảm ơn ạ.\nPhạm Thị Anh (1998)\nTrả lời\nĐược giải đáp bởi Bác sĩ chuyên khoa II Lê Thanh Cẩm - Khoa Nhi - Sơ sinh - Bệnh viện Đa khoa Quốc tế Vinmec Đà Nẵng\nChào bạn,', 'Trẻ 6 tháng tuổi là lứa tuổi chúng ta có thẻ tiến hành cho trẻ ăn dặm, nhưng hiện tại trẻ đang tiêu chảy kéo dài, bạn càn phải điều trị dứt điểm, vì nếu bạn thay đổi chế độ dinh dưỡng có thể khiến tình trạng bệnh càng nặng thêm.', 'Thực đơn ăn dặm cho trẻ từ 6 - 12 tháng\nTrẻ từ 6 - 8 tháng tuổi: Ở giai đoạn này, trẻ đang tập ăn, vì thế nên cho trẻ ăn các loại thức ăn mềm và dễ tiêu. Hệ tiêu hóa của trẻ cũng đang làm quen dần với thức ăn, nên cho trẻ ăn từng chút một, mỗi tuần tăng lượng ăn của trẻ lên một chút. Đầu tiên nên ăn 1 bữa/ngày, rồi tăng lên 2 bữa/ngày, đồng thời tăng độ đặc của cháo.', '\ufeffCâu hỏi: Bắt đầu cho bé ăn dặm nên cho ăn gì đầu tiên?\nTrả lời: Tháng đầu ăn dặm (6 tháng): bột/cháo loãng tỷ lệ 1:10, 2 bữa/ngày. Ưu tiên thực phẩm từng loại riêng lẻ để kiểm tra dị ứng. Bắt đầu với: bí đỏ, cà rốt, khoai lang nghiền, cháo gạo. Tiếp tục bú mẹ là chính.\nNguồn: Quyết định 318/QĐ-BYT — Bộ Y tế VN', '\ufeffCâu hỏi: Bé 6 tháng cần bổ sung sắt không?\nTrả lời: Cần. Bé bú mẹ hoàn toàn đến 6 tháng thì dự trữ sắt từ mẹ cạn dần. Khi bắt đầu ăn dặm cần chú ý thực phẩm giàu sắt: thịt đỏ, gan, đậu lăng. Nhu cầu sắt 11mg/ngày. Hỏi bác sĩ về bổ sung sắt nhỏ giọt nếu bé bú mẹ hoàn toàn.\nNguồn: BV Nhi Đồng 1; Vinmec']","Theo tài liệu, trẻ 6 tháng tuổi đang bị tiêu chảy kéo dài nên không nên thay đổi chế độ dinh dưỡng. Thay vào đó, cần điều trị dứt điểm tình trạng bệnh trước khi thay đổi chế độ ăn.

- Trẻ 6 tháng tuổi đang bị tiêu chảy kéo dài nên điều trị dứt điểm trước khi thay đổi chế độ ăn.
- Không nên thay đổi chế độ dinh dưỡng khi trẻ đang bị tiêu chảy.
- Cần chú ý thực phẩm giàu sắt khi bắt đầu ăn dặm.
- Bé 6 tháng tuổi cần bổ sung sắt.",1.0,0.3076923076923077,0.4836121412535188,0.9999999999666667
"bé nhà em 2 tháng tuổi mà ngón tay cái cứ gập vào trong lòng bàn tay, không duỗi thẳng ra được thì có phải là dấu hiệu bệnh gì nguy hiểm không ạ?","Dựa trên tài liệu, có thể xác định rằng tình trạng của bé nhà bạn là ngón tay cò súng/ngón tay lò xo/ngón tay bật. Bệnh này có thể ở người lớn nhưng cũng có thể ở trẻ nhỏ. Trẻ nhỏ thì thường phải mổ giải phóng bao gân, để lâu dễ bị tật. Tốt nhất bạn nên đưa bé đến khám bác sĩ chấn thương chỉnh hình hoặc bác sĩ chỉnh hình nhi để điều trị tốt nhất.","['Trẻ 2 tháng tuổi không duỗi thẳng được ngón cái là dấu hiệu bệnh gì?\nHỏi\nChào bác sĩ. Bé nhà em hiện được 2 tháng tuổi. Đốt ngón tay cái không duỗi thẳng được. Bác sĩ cho em hỏi tình trạng của bé nhà em bị làm sao vậy ạ? Cần phải điều trị như thế nào? Mong bác sĩ giải đáp giúp em. Em xin cảm ơn.\nCâu hỏi ẩn danh\nTrả lời\nChào bạn!', 'Câu hỏi ẩn danh\nTrả lời\nChào bạn!\nCon của bạn 2 tháng tuổi không duỗi thẳng được nhiều khả năng là bị ngón tay cò súng/ngón tay lò xo/ngón tay bật. Bệnh này có thể ở người lớn nhưng cũng có thể ở trẻ nhỏ. Trẻ nhỏ thì thường phải mổ giải phóng bao gân, để lâu dễ bị tật. Tốt nhất bạn nên đưa bé đến khám bác sĩ chấn thương chỉnh hình hoặc bác sĩ chỉnh hình nhi để điều trị tốt nhất.', 'Một em bé khỏe mạnh sẽ có sự phát triển về vận động như sau:\nTrẻ 1 tháng tuổi biết xoay đầu;\nBé 2 tháng tuổi có thể ngóc đầu lên và khi ngủ có thể duỗi 2 chân thoải mái;\nKhi được 3 tháng tuổi, khi nằm sấp bé có thể chống được tay và lật người được, tay cầm nắm được đồ vật và thích đưa lên miệng để khám phá;', 'Hết 6 tháng tuổi bé vẫn không biết duỗi tay ra phía trước với lấy đồ vật. Dấu hiệu này cho thấy cơ thân mình của em bé không khỏe như mong đợi, cảnh báo tình trạng chậm biết đi trong tương lai;\nHết 12 tháng bé không thể tự đứng một mình (ngồi và tự đứng lên mà không cần bố mẹ trợ giúp) là biểu hiện cho thấy bé sắp rơi vào trạng thái chậm biết đi.', '- Phối hợp hai tay: để thai nhi cưỡi lên cánh tay phải, hai chân duỗi hai bên cánh tay, luồn \nngón trỏ và ngón giữa của tay phải vào mồm thai nhi và ấn vào cuống lưỡi rồi kéo vào \nhàm dưới để giúp đầu cúi thêm. Cùng lúc đó dùng ngón trỏ và ngón giữa của bàn tay trái \nấn vào vùng chẩm rồi đặt hai ngón tay đó vào gáy thai nhi kéo cho đầu cúi xuống.']","Đây có thể là dấu hiệu của tình trạng ""ngón tay cò súng"" bẩm sinh hoặc bất thường gân duỗi; bạn nên đưa bé đến chuyên khoa chỉnh hình nhi để bác sĩ thăm khám và tư vấn bài tập vận động hoặc can thiệp phù hợp.","bé nhà em 2 tháng tuổi mà ngón tay cái cứ gập vào trong lòng bàn tay, không duỗi thẳng ra được thì có phải là dấu hiệu bệnh gì nguy hiểm không ạ?","['Trẻ 2 tháng tuổi không duỗi thẳng được ngón cái là dấu hiệu bệnh gì?\nHỏi\nChào bác sĩ. Bé nhà em hiện được 2 tháng tuổi. Đốt ngón tay cái không duỗi thẳng được. Bác sĩ cho em hỏi tình trạng của bé nhà em bị làm sao vậy ạ? Cần phải điều trị như thế nào? Mong bác sĩ giải đáp giúp em. Em xin cảm ơn.\nCâu hỏi ẩn danh\nTrả lời\nChào bạn!', 'Câu hỏi ẩn danh\nTrả lời\nChào bạn!\nCon của bạn 2 tháng tuổi không duỗi thẳng được nhiều khả năng là bị ngón tay cò súng/ngón tay lò xo/ngón tay bật. Bệnh này có thể ở người lớn nhưng cũng có thể ở trẻ nhỏ. Trẻ nhỏ thì thường phải mổ giải phóng bao gân, để lâu dễ bị tật. Tốt nhất bạn nên đưa bé đến khám bác sĩ chấn thương chỉnh hình hoặc bác sĩ chỉnh hình nhi để điều trị tốt nhất.', 'Một em bé khỏe mạnh sẽ có sự phát triển về vận động như sau:\nTrẻ 1 tháng tuổi biết xoay đầu;\nBé 2 tháng tuổi có thể ngóc đầu lên và khi ngủ có thể duỗi 2 chân thoải mái;\nKhi được 3 tháng tuổi, khi nằm sấp bé có thể chống được tay và lật người được, tay cầm nắm được đồ vật và thích đưa lên miệng để khám phá;', 'Hết 6 tháng tuổi bé vẫn không biết duỗi tay ra phía trước với lấy đồ vật. Dấu hiệu này cho thấy cơ thân mình của em bé không khỏe như mong đợi, cảnh báo tình trạng chậm biết đi trong tương lai;\nHết 12 tháng bé không thể tự đứng một mình (ngồi và tự đứng lên mà không cần bố mẹ trợ giúp) là biểu hiện cho thấy bé sắp rơi vào trạng thái chậm biết đi.', '- Phối hợp hai tay: để thai nhi cưỡi lên cánh tay phải, hai chân duỗi hai bên cánh tay, luồn \nngón trỏ và ngón giữa của tay phải vào mồm thai nhi và ấn vào cuống lưỡi rồi kéo vào \nhàm dưới để giúp đầu cúi thêm. Cùng lúc đó dùng ngón trỏ và ngón giữa của bàn tay trái \nấn vào vùng chẩm rồi đặt hai ngón tay đó vào gáy thai nhi kéo cho đầu cúi xuống.']","Dựa trên tài liệu, có thể xác định rằng tình trạng của bé nhà bạn là ngón tay cò súng/ngón tay lò xo/ngón tay bật. Bệnh này có thể ở người lớn nhưng cũng có thể ở trẻ nhỏ. Trẻ nhỏ thì thường phải mổ giải phóng bao gân, để lâu dễ bị tật. Tốt nhất bạn nên đưa bé đến khám bác sĩ chấn thương chỉnh hình hoặc bác sĩ chỉnh hình nhi để điều trị tốt nhất.",0.8,1.0,0.40427094655649165,0.99999999995
"Bé nhà em mới sinh được vài tuần, em có thể chơi những trò gì đơn giản để bắt đầu tương tác và gắn kết với con không?","Dưới đây là một số trò chơi đơn giản mà bạn có thể chơi với bé nhà mình để bắt đầu tương tác và gắn kết với con khi bé mới sinh được vài tuần:

- Trò chơi ""Ú oà và trống tìm"" (TÀI LIỆU 2): Bạn có thể bắt đầu chơi trò này từ khi bé mới 4 hoặc 5 tháng tuổi.
- Trò chơi ""Tìm kiếm và chờ đến lượt"" (TÀI LIỆU 4): Điều này sẽ giúp bé học về sự chia sẻ và chờ đến lượt.
- Trò chơi ""Chơi ngoài trời"" (TÀI LIỆU 4): Bé sẽ thích thú được chơi ngoài trời trong bất cứ thời tiết nào.

Những trò chơi này sẽ giúp bạn bắt đầu tương tác và gắn kết với con khi bé mới sinh được vài tuần.","['tuổi này. Hãy để trẻ tự chọn cách mà \ntrẻ muốn chơi khi có thời gian rảnh. \nTrẻ có thể muốn ra ngoài và chơi với \nbóng, nhảy dây hoặc ở trong nhà và vẽ. \nquan trọng với trẻ. Điều này giúp bạn \nkết nối với trẻ và thể hiện sự quan tâm \ncủa bạn dành cho trẻ. Bởi trẻ đã lớn \nhơn, hãy cho phép trẻ đóng góp ý kiến \nvào việc ra quyết định của gia đình khi \nthích hợp\n48', 'CƠ THỂ PHÁT TRIỂN, TRÍ TUỆ PHÁT TRIỂN\nCác em bé và trẻ nhỏ đôi lúc sẽ thấy sợ hãi \nkhi cha mẹ đi đâu đó. Bạn có thể chơi các trò \nchơi để dạy cho bé biết rằng kể cả khi bạn có \nđi đâu đó, bạn sẽ luôn quay lại với bé. Điều \nnày sẽ giúp phát triển sự gắn bó giữa bé và \nbạn. \nÚ OÀ VÀ TRỐN TÌM\n• Bạn có thể bắt đầu chơi trò ú oà với bé từ \nkhi bé chỉ mới 4 hoặc 5 tháng tuổi. Ngồi', 'Có một vài lưu ý dành cho những bậc cha mẹ lần đầu sinh con và muốn làm quen với các trò chơi giải trí của trẻ sơ sinh: Sự lặp lại là rất quan trọng. Sự chú ý cũng như thích thú của bé sẽ khác nhau rất nhiều, tùy thuộc vào độ tuổi, tâm trạng và tính nết từng bé. Do đó một số trò chơi không thể khiến trẻ cảm thấy thích thú ngay trong lần đầu tiên. Đôi khi trẻ sẽ tận hưởng một trò chơi lâu nhất là', 'của quê hương bạn\n• Làm cho thế giới của bé trở nên rộng \nlớn hơn. Hãy tìm ra các cách để \nbạn và bé có thể chơi và dành \nthời gian với nhau trong nhà \nhoặc ngoài trời \n• Dạy bé về sự thay \nphiên và chờ đến lượt \nvới bạn và với những \nđứa trẻ khác. Điều này \nsẽ giúp bé học về sự \nchia sẻ\n• Chơi ngoài trời. Bé sẽ thích thú được \nchơi ngoài trời trong bất cứ thời tiết \nnào\n1 - 2 TUỔI \n30', 'thấy điều này có nghĩa là bạn đang làm một công việc tuyệt vời. Trong bài viết này chúng tôi cung cấp những thông tin hữu ích về 20 trò chơi thú vị phù hợp với từng độ tuổi để cha mẹ và người chăm sóc trẻ giúp con phát triển.']","Đối với trẻ từ 0-3 tháng, bạn có thể thực hiện những trò chơi đơn giản như lè lưỡi, làm mặt xấu hoặc bắt chước các biểu cảm của bé để bắt đầu tương tác.","Bé nhà em mới sinh được vài tuần, em có thể chơi những trò gì đơn giản để bắt đầu tương tác và gắn kết với con không?","['tuổi này. Hãy để trẻ tự chọn cách mà \ntrẻ muốn chơi khi có thời gian rảnh. \nTrẻ có thể muốn ra ngoài và chơi với \nbóng, nhảy dây hoặc ở trong nhà và vẽ. \nquan trọng với trẻ. Điều này giúp bạn \nkết nối với trẻ và thể hiện sự quan tâm \ncủa bạn dành cho trẻ. Bởi trẻ đã lớn \nhơn, hãy cho phép trẻ đóng góp ý kiến \nvào việc ra quyết định của gia đình khi \nthích hợp\n48', 'CƠ THỂ PHÁT TRIỂN, TRÍ TUỆ PHÁT TRIỂN\nCác em bé và trẻ nhỏ đôi lúc sẽ thấy sợ hãi \nkhi cha mẹ đi đâu đó. Bạn có thể chơi các trò \nchơi để dạy cho bé biết rằng kể cả khi bạn có \nđi đâu đó, bạn sẽ luôn quay lại với bé. Điều \nnày sẽ giúp phát triển sự gắn bó giữa bé và \nbạn. \nÚ OÀ VÀ TRỐN TÌM\n• Bạn có thể bắt đầu chơi trò ú oà với bé từ \nkhi bé chỉ mới 4 hoặc 5 tháng tuổi. Ngồi', 'Có một vài lưu ý dành cho những bậc cha mẹ lần đầu sinh con và muốn làm quen với các trò chơi giải trí của trẻ sơ sinh: Sự lặp lại là rất quan trọng. Sự chú ý cũng như thích thú của bé sẽ khác nhau rất nhiều, tùy thuộc vào độ tuổi, tâm trạng và tính nết từng bé. Do đó một số trò chơi không thể khiến trẻ cảm thấy thích thú ngay trong lần đầu tiên. Đôi khi trẻ sẽ tận hưởng một trò chơi lâu nhất là', 'của quê hương bạn\n• Làm cho thế giới của bé trở nên rộng \nlớn hơn. Hãy tìm ra các cách để \nbạn và bé có thể chơi và dành \nthời gian với nhau trong nhà \nhoặc ngoài trời \n• Dạy bé về sự thay \nphiên và chờ đến lượt \nvới bạn và với những \nđứa trẻ khác. Điều này \nsẽ giúp bé học về sự \nchia sẻ\n• Chơi ngoài trời. Bé sẽ thích thú được \nchơi ngoài trời trong bất cứ thời tiết \nnào\n1 - 2 TUỔI \n30', 'thấy điều này có nghĩa là bạn đang làm một công việc tuyệt vời. Trong bài viết này chúng tôi cung cấp những thông tin hữu ích về 20 trò chơi thú vị phù hợp với từng độ tuổi để cha mẹ và người chăm sóc trẻ giúp con phát triển.']","Dưới đây là một số trò chơi đơn giản mà bạn có thể chơi với bé nhà mình để bắt đầu tương tác và gắn kết với con khi bé mới sinh được vài tuần:

- Trò chơi ""Ú oà và trống tìm"" (TÀI LIỆU 2): Bạn có thể bắt đầu chơi trò này từ khi bé mới 4 hoặc 5 tháng tuổi.
- Trò chơi ""Tìm kiếm và chờ đến lượt"" (TÀI LIỆU 4): Điều này sẽ giúp bé học về sự chia sẻ và chờ đến lượt.
- Trò chơi ""Chơi ngoài trời"" (TÀI LIỆU 4): Bé sẽ thích thú được chơi ngoài trời trong bất cứ thời tiết nào.

Những trò chơi này sẽ giúp bạn bắt đầu tương tác và gắn kết với con khi bé mới sinh được vài tuần.",0.8461538461538461,1.0,0.8822958699235717,0.0
Em nghe nói cho con bú hoàn toàn cũng là một cách tránh thai đúng không ạ?,"Có, cho con bú hoàn toàn có thể giúp ngăn ngừa thai. Theo tài liệu 3, khi bà mẹ cho con bú làm tăng nồng độ prolactin trong máu, ngăn chặn sự rụng trứng, giúp phụ nữ khó mang thai hơn, ngăn ngừa thai trong khoảng thời gian 6 tháng sau sinh.","['cho con bú mẹ hoàn toàn trong 6 tháng đầu đời. Trong trườ ng hợp này (cho con bú \nmẹ hoàn toàn trong 6 tháng đầu), có thể sử dụng BPTT cho bú -vô kinh nhưng cần \nyêu cầu khách hàng sử dụng bao cao su kèm theo. Khi sử dụng đúng cách và thường \nxuyên, bao cao su giúp ngăn ngừa lây nhiễm HIV và các NKLTQĐTD. Cho con bú \nxen kẽ (giữa bú mẹ và các loại sữa khác) có thể làm tăng nguy cơ lây nhiễm HIV.', 'mang thai. Biện pháp cho bú vô kinh không nên sử dụng cho những khách hàng nhiễm HIV \nhoặc có bạn tình nhiễm HIV và không giúp ngăn ngừa NKLTQĐTD, HIV/AIDS. \nPhụ nữ cho con bú hoàn toàn, chưa có kinh trở lại và con dưới 6 tháng tuổi. \n- Mẹ đang sử dụng những loại thuốc chống chỉ định cho con bú như: các loại thuốc chống', 'Đây là phương pháp tránh thai t ự nhiên. Khi bà mẹ cho \ncon bú làm tăng n ồng đ ộ prolactin trong máu, lúc này s ẽ \nngăn ch ặn s ự rụng tr ứng. Vì v ậy phụ nữ sẽ khó mang t hai \nhơn, giúp ngừa thai trong khoảng thời gian 6 tháng sau sinh. \nCác mẹ phải cho con bú thư ờng xuyên hoàn toàn b ằng sữa \nmẹ \nChỉ có thể áp dụng khi ngư ời mẹ chưa có kinh tr ở lại vì khi', '\ufeffCâu hỏi: Mẹ cho con bú uống thuốc tránh thai được không?\nTrả lời: Thuốc tránh thai kết hợp estrogen-progestin: KHÔNG nên dùng khi cho con bú (estrogen làm giảm sữa). Thuốc chỉ progestin (mini-pill): an toàn khi cho con bú, dùng từ tuần 6. Uống đúng giờ hàng ngày, không được quên.\nNguồn: BV Từ Dũ — Kế hoạch hóa gia đình hậu sản', '- Nếu xảy ra liên tục từ 2 ngày trở lên: thực hiện giống như trường hợp quên uống thuốc. \n- Nếu đang cho con bú: trấn an khách hàng rằng nhiều phụ nữ đang cho con bú sử dụng \nthuốc tránh thai cũng bị mất kinh và điều này không nguy hiểm.  \n- Thử thai nếu khách hàng không chắc chắn uống thuốc đều.']","Đúng, đây là phương pháp ""cho con bú vô kinh"" do hormone prolactin ngăn chặn sự rụng trứng, nhưng chỉ hiệu quả khi bạn chưa có kinh trở lại.",Em nghe nói cho con bú hoàn toàn cũng là một cách tránh thai đúng không ạ?,"['cho con bú mẹ hoàn toàn trong 6 tháng đầu đời. Trong trườ ng hợp này (cho con bú \nmẹ hoàn toàn trong 6 tháng đầu), có thể sử dụng BPTT cho bú -vô kinh nhưng cần \nyêu cầu khách hàng sử dụng bao cao su kèm theo. Khi sử dụng đúng cách và thường \nxuyên, bao cao su giúp ngăn ngừa lây nhiễm HIV và các NKLTQĐTD. Cho con bú \nxen kẽ (giữa bú mẹ và các loại sữa khác) có thể làm tăng nguy cơ lây nhiễm HIV.', 'mang thai. Biện pháp cho bú vô kinh không nên sử dụng cho những khách hàng nhiễm HIV \nhoặc có bạn tình nhiễm HIV và không giúp ngăn ngừa NKLTQĐTD, HIV/AIDS. \nPhụ nữ cho con bú hoàn toàn, chưa có kinh trở lại và con dưới 6 tháng tuổi. \n- Mẹ đang sử dụng những loại thuốc chống chỉ định cho con bú như: các loại thuốc chống', 'Đây là phương pháp tránh thai t ự nhiên. Khi bà mẹ cho \ncon bú làm tăng n ồng đ ộ prolactin trong máu, lúc này s ẽ \nngăn ch ặn s ự rụng tr ứng. Vì v ậy phụ nữ sẽ khó mang t hai \nhơn, giúp ngừa thai trong khoảng thời gian 6 tháng sau sinh. \nCác mẹ phải cho con bú thư ờng xuyên hoàn toàn b ằng sữa \nmẹ \nChỉ có thể áp dụng khi ngư ời mẹ chưa có kinh tr ở lại vì khi', '\ufeffCâu hỏi: Mẹ cho con bú uống thuốc tránh thai được không?\nTrả lời: Thuốc tránh thai kết hợp estrogen-progestin: KHÔNG nên dùng khi cho con bú (estrogen làm giảm sữa). Thuốc chỉ progestin (mini-pill): an toàn khi cho con bú, dùng từ tuần 6. Uống đúng giờ hàng ngày, không được quên.\nNguồn: BV Từ Dũ — Kế hoạch hóa gia đình hậu sản', '- Nếu xảy ra liên tục từ 2 ngày trở lên: thực hiện giống như trường hợp quên uống thuốc. \n- Nếu đang cho con bú: trấn an khách hàng rằng nhiều phụ nữ đang cho con bú sử dụng \nthuốc tránh thai cũng bị mất kinh và điều này không nguy hiểm.  \n- Thử thai nếu khách hàng không chắc chắn uống thuốc đều.']","Có, cho con bú hoàn toàn có thể giúp ngăn ngừa thai. Theo tài liệu 3, khi bà mẹ cho con bú làm tăng nồng độ prolactin trong máu, ngăn chặn sự rụng trứng, giúp phụ nữ khó mang thai hơn, ngăn ngừa thai trong khoảng thời gian 6 tháng sau sinh.",0.8333333333333334,1.0,0.7205492329008722,0.999999999975
Khoảng bao nhiêu ngày thì cổ tử cung của em sẽ đóng kín hoàn toàn sau khi đẻ ạ?,"Câu trả lời không được tìm thấy trong các tài liệu đã cung cấp. Tuy nhiên, có thể dựa trên thông tin trong Tài liệu 1:

- Sau 12 - 13 ngày, tử cung đã thu nhỏ vừa đủ để nằm gọn trong vùng chậu, không còn sờ thấy trên bụng nữa.

Tuy nhiên, thông tin này không nói rõ về việc cổ tử cung đóng kín hoàn toàn.","['Sau khi lấy nhau ra, tử cung sẽ co thành một khối cầu. Ngày đầu tiên, đáy tử cung cao khoảng 13cm, trung bình mỗi ngày giảm đi 1cm. Sau 12 - 13 ngày, tử cung đã thu nhỏ vừa đủ để nằm gọn trong vùng chậu, không còn sờ thấy trên bụng nữa. Sự thu hồi tử cung ở người mới làm mẹ lần đầu và cho con bú sẽ nhanh hơn, khác nhau tùy vào cơ địa và số lần sinh của mỗi phụ nữ. Tử cung bị nhiễm trùng sẽ thu', 'Vận động sau sinh là điều cần thiết, giúp tử cung co hồi tốt tránh chảy máu sau sanh, tránh bế sản dịch, tránh thuyên tắc mạch. Những ngày đầu sau sanh, sản phụ có thể ngồi dậy ra khỏi giường, đi lại nhẹ nhàng ở trong phòng. Chú ý vệ sinh vùng kín và lau khô sau mỗi lần tiêu, tiểu; thường xuyên thay băng vệ sinh để tránh viêm nhiễm. Tùy tình trạng sức khỏe của sản phụ, sau 1 tuần sản phụ có thể', '\ufeffCâu hỏi: Tử cung co hồi sau sinh bao lâu?\nTrả lời: Tử cung co hồi hoàn toàn sau 6 tuần. Ngay sau sinh tử cung to bằng thai 20 tuần, sau 1 tuần to bằng thai 12 tuần, sau 6 tuần trở về kích thước bình thường. Cho con bú sớm giúp tử cung co hồi nhanh hơn.\nNguồn: BV Từ Dũ — Hướng dẫn hậu sản', 'Về chế độ nghỉ ngơi: Hộ sinh trưởng Nguyễn Bích Hạnh - Vinmec Times City khuyên rằng, trong tuần đầu sau khi sinh mẹ nên cố gắng ngủ những khi có thể ngủ được. Càng nghỉ ngơi nhiều càng tốt. Đặc biệt, sau sinh thường mẹ sẽ có nguy cơ gặp phải tình trạng sa tử cung. Để phòng tránh thì mẹ không được làm việc nặng, không ngồi quá lâu và dành nhiều thời gian để nghỉ ngơi, thư giãn. Ngoài ra, việc cho', 'đích ngăn không cho tr ứng và tinh trùng g ặp nhau. Nhưng \nlưu ý ph ụ nữ sau khi sinh thư ờng muốn sử dụng biện pháp \ntránh thai này c ần chờ khoảng 4-6 tuần để tử cung hồi phục \ntrở lại, chưa quan h ệ tình dục sau sinh có th ể đặt vòng ho ặc \nđặt ngay khi kinh nguyệt xuất hiện trở lại. \n*Phương pháp dùng thuốc tránh thai \nCó hai lo ại thuốc tránh thai là tránh thai hàng ngày và']","Thông thường, cổ tử cung sẽ đóng kín sau khoảng 12 đến 13 ngày sau sinh.",Khoảng bao nhiêu ngày thì cổ tử cung của em sẽ đóng kín hoàn toàn sau khi đẻ ạ?,"['Sau khi lấy nhau ra, tử cung sẽ co thành một khối cầu. Ngày đầu tiên, đáy tử cung cao khoảng 13cm, trung bình mỗi ngày giảm đi 1cm. Sau 12 - 13 ngày, tử cung đã thu nhỏ vừa đủ để nằm gọn trong vùng chậu, không còn sờ thấy trên bụng nữa. Sự thu hồi tử cung ở người mới làm mẹ lần đầu và cho con bú sẽ nhanh hơn, khác nhau tùy vào cơ địa và số lần sinh của mỗi phụ nữ. Tử cung bị nhiễm trùng sẽ thu', 'Vận động sau sinh là điều cần thiết, giúp tử cung co hồi tốt tránh chảy máu sau sanh, tránh bế sản dịch, tránh thuyên tắc mạch. Những ngày đầu sau sanh, sản phụ có thể ngồi dậy ra khỏi giường, đi lại nhẹ nhàng ở trong phòng. Chú ý vệ sinh vùng kín và lau khô sau mỗi lần tiêu, tiểu; thường xuyên thay băng vệ sinh để tránh viêm nhiễm. Tùy tình trạng sức khỏe của sản phụ, sau 1 tuần sản phụ có thể', '\ufeffCâu hỏi: Tử cung co hồi sau sinh bao lâu?\nTrả lời: Tử cung co hồi hoàn toàn sau 6 tuần. Ngay sau sinh tử cung to bằng thai 20 tuần, sau 1 tuần to bằng thai 12 tuần, sau 6 tuần trở về kích thước bình thường. Cho con bú sớm giúp tử cung co hồi nhanh hơn.\nNguồn: BV Từ Dũ — Hướng dẫn hậu sản', 'Về chế độ nghỉ ngơi: Hộ sinh trưởng Nguyễn Bích Hạnh - Vinmec Times City khuyên rằng, trong tuần đầu sau khi sinh mẹ nên cố gắng ngủ những khi có thể ngủ được. Càng nghỉ ngơi nhiều càng tốt. Đặc biệt, sau sinh thường mẹ sẽ có nguy cơ gặp phải tình trạng sa tử cung. Để phòng tránh thì mẹ không được làm việc nặng, không ngồi quá lâu và dành nhiều thời gian để nghỉ ngơi, thư giãn. Ngoài ra, việc cho', 'đích ngăn không cho tr ứng và tinh trùng g ặp nhau. Nhưng \nlưu ý ph ụ nữ sau khi sinh thư ờng muốn sử dụng biện pháp \ntránh thai này c ần chờ khoảng 4-6 tuần để tử cung hồi phục \ntrở lại, chưa quan h ệ tình dục sau sinh có th ể đặt vòng ho ặc \nđặt ngay khi kinh nguyệt xuất hiện trở lại. \n*Phương pháp dùng thuốc tránh thai \nCó hai lo ại thuốc tránh thai là tránh thai hàng ngày và']","Câu trả lời không được tìm thấy trong các tài liệu đã cung cấp. Tuy nhiên, có thể dựa trên thông tin trong Tài liệu 1:

- Sau 12 - 13 ngày, tử cung đã thu nhỏ vừa đủ để nằm gọn trong vùng chậu, không còn sờ thấy trên bụng nữa.

Tuy nhiên, thông tin này không nói rõ về việc cổ tử cung đóng kín hoàn toàn.",0.25,0.5,0.6688605492904199,0.94999999997625
"Em bị sốt cao, rét run và đau bụng dữ dội sau sinh 2 tuần là dấu hiệu bệnh gì vậy?","Dựa trên tài liệu đã được cung cấp, tôi không tìm thấy thông tin cụ thể về các triệu chứng sốt cao, rét run và đau bụng dữ dội sau sinh 2 tuần. Tuy nhiên, tôi có thể đưa ra một số thông tin liên quan:

- Sốt cao và đau bụng có thể là dấu hiệu của nhiễm trùng hoặc nhiễm độc (Tài liệu 1).
- Đau bụng âm ỉ 2-3 ngày đầu sau sinh là bình thường do tử cung co hồi (Tài liệu 2).
- Sốt sau 2 tuần có thể do nhiễm trùng vết mổ trễ, viêm vú/áp xe vú, nhiễm trùng đường tiểu, viêm tĩnh mạch (Tài liệu 3).

Để xác định nguyên nhân chính xác, bạn nên tham khảo ý kiến của bác sĩ.","['không tốt\n-  Có thể xuất hiện sớm sau mổ lấy thai hoặc muộn 7-10 ngày sau các hình\nthái nhiễm trùng khác . \n+ Sốt cao 39oC-40oC, rét run, mạch nhanh nhẹ. \n+ Nhiễm trùng, nhiễm độc.\n+ Nôn và buồn nôn. Bụng chướng, đau, cảm ứng phúc mạc. \n+ Phản ứng thành bụng có thể không rõ do bụng mềm nhão sau sinh.\n+ Tử cung to ấn đau, túi cùng đầy đau.\n- Cận lâm sàng:', '\ufeffCâu hỏi: Đau bụng sau sinh có bình thường không?\nTrả lời: Có. Đau bụng âm ỉ 2–3 ngày đầu là bình thường do tử cung co hồi (đặc biệt khi cho con bú). Nếu đau dữ dội, sốt cao hoặc có máu tươi nhiều thì cần đến bệnh viện ngay.\nNguồn: BV Từ Dũ — Hướng dẫn hậu sản', '\ufeffCâu hỏi: Mẹ sau sinh bị sốt sau 2 tuần có phải nhiễm trùng vết mổ không?\nTrả lời: Sốt sau 2 tuần có thể do: nhiễm trùng vết mổ trễ, viêm vú/áp xe vú, nhiễm trùng đường tiểu, viêm tĩnh mạch. Cần khám để xác định nguyên nhân. Kèm đỏ/mủ vết mổ → nhiễm trùng vết mổ cần điều trị ngay.\nNguồn: BV Từ Dũ; BV Tâm Anh — Nhiễm khuẩn sau sinh', 'Sau sinh, nhiều phụ nữ phải đối mặt với những cơn đau nhức mỏi toàn thân, đặc biệt là đau lưng và đau vai gáy. Tình trạng này kéo dài ảnh hưởng rất lớn tới sức khỏe và chất lượng cuộc sống. Những cơn đau nhức xương khớp diễn ra chỉ vài ngày sau khi sinh và kéo dài liên tục, thậm chí dai dẳng nhiều năm trời, nhất là với sản phụ sinh mổ. Nhiều bà mẹ cảm thấy đau lưng, khó khăn khi di chuyển, đứng', '\ufeffCâu hỏi: Viêm vú sau sinh có triệu chứng gì?\nTrả lời: Viêm vú: vú sưng đỏ nóng đau một vùng, sốt >38.5°C, người mệt mỏi đau nhức như cúm. Khác với tắc tia sữa (không sốt cao). Cần khám bác sĩ để dùng kháng sinh sớm, vẫn tiếp tục cho bé bú để tránh áp xe.\nNguồn: BS.CKI Trần Thị Thu Hương — Vinmec Central Park']","Đây có thể là triệu chứng của viêm phúc mạc tiểu khung hoặc toàn thể (sốt 39-40 độ C, rét run, đau bụng chướng). Bạn cần đến bệnh viện ngay để được hồi sức và điều trị nội/ngoại khoa kịp thời.","Em bị sốt cao, rét run và đau bụng dữ dội sau sinh 2 tuần là dấu hiệu bệnh gì vậy?","['không tốt\n-  Có thể xuất hiện sớm sau mổ lấy thai hoặc muộn 7-10 ngày sau các hình\nthái nhiễm trùng khác . \n+ Sốt cao 39oC-40oC, rét run, mạch nhanh nhẹ. \n+ Nhiễm trùng, nhiễm độc.\n+ Nôn và buồn nôn. Bụng chướng, đau, cảm ứng phúc mạc. \n+ Phản ứng thành bụng có thể không rõ do bụng mềm nhão sau sinh.\n+ Tử cung to ấn đau, túi cùng đầy đau.\n- Cận lâm sàng:', '\ufeffCâu hỏi: Đau bụng sau sinh có bình thường không?\nTrả lời: Có. Đau bụng âm ỉ 2–3 ngày đầu là bình thường do tử cung co hồi (đặc biệt khi cho con bú). Nếu đau dữ dội, sốt cao hoặc có máu tươi nhiều thì cần đến bệnh viện ngay.\nNguồn: BV Từ Dũ — Hướng dẫn hậu sản', '\ufeffCâu hỏi: Mẹ sau sinh bị sốt sau 2 tuần có phải nhiễm trùng vết mổ không?\nTrả lời: Sốt sau 2 tuần có thể do: nhiễm trùng vết mổ trễ, viêm vú/áp xe vú, nhiễm trùng đường tiểu, viêm tĩnh mạch. Cần khám để xác định nguyên nhân. Kèm đỏ/mủ vết mổ → nhiễm trùng vết mổ cần điều trị ngay.\nNguồn: BV Từ Dũ; BV Tâm Anh — Nhiễm khuẩn sau sinh', 'Sau sinh, nhiều phụ nữ phải đối mặt với những cơn đau nhức mỏi toàn thân, đặc biệt là đau lưng và đau vai gáy. Tình trạng này kéo dài ảnh hưởng rất lớn tới sức khỏe và chất lượng cuộc sống. Những cơn đau nhức xương khớp diễn ra chỉ vài ngày sau khi sinh và kéo dài liên tục, thậm chí dai dẳng nhiều năm trời, nhất là với sản phụ sinh mổ. Nhiều bà mẹ cảm thấy đau lưng, khó khăn khi di chuyển, đứng', '\ufeffCâu hỏi: Viêm vú sau sinh có triệu chứng gì?\nTrả lời: Viêm vú: vú sưng đỏ nóng đau một vùng, sốt >38.5°C, người mệt mỏi đau nhức như cúm. Khác với tắc tia sữa (không sốt cao). Cần khám bác sĩ để dùng kháng sinh sớm, vẫn tiếp tục cho bé bú để tránh áp xe.\nNguồn: BS.CKI Trần Thị Thu Hương — Vinmec Central Park']","Dựa trên tài liệu đã được cung cấp, tôi không tìm thấy thông tin cụ thể về các triệu chứng sốt cao, rét run và đau bụng dữ dội sau sinh 2 tuần. Tuy nhiên, tôi có thể đưa ra một số thông tin liên quan:

- Sốt cao và đau bụng có thể là dấu hiệu của nhiễm trùng hoặc nhiễm độc (Tài liệu 1).
- Đau bụng âm ỉ 2-3 ngày đầu sau sinh là bình thường do tử cung co hồi (Tài liệu 2).
- Sốt sau 2 tuần có thể do nhiễm trùng vết mổ trễ, viêm vú/áp xe vú, nhiễm trùng đường tiểu, viêm tĩnh mạch (Tài liệu 3).

Để xác định nguyên nhân chính xác, bạn nên tham khảo ý kiến của bác sĩ.",0.8,0.6190476190476191,0.8240387760965271,0.9999999999666667
Em nên thực hiện những hoạt động nào để khuyến khích và hỗ trợ bé phát triển khả năng vận động lật lẫy tốt hơn?,"Dựa trên tài liệu, để khuyến khích và hỗ trợ bé phát triển khả năng vận động lật lẫy tốt hơn, bạn nên:

- Khen ngợi nỗ lực của em bé và mỉm cười mỗi khi em bé thực hiện xong một hoạt động.
- Cẩn trọng và hỗ trợ em bé khi lần đầu tiên thực hiện những hoạt động này.
- Khuyến khích cho những hoạt động đầu tiên này để trẻ có thể phát triển khả năng vận động tốt hơn nữa.
- Hướng dẫn và khuyến khích trẻ tự vệ sinh thân thể, bao gồm cả việc lăn qua.","['tầm với và xem liệu trẻ có lăn để đến gần bạn hơn không. Bạn nên khen ngợi nỗ lực của em bé và mỉm cười mỗi khi em bé thực hiện xong một hoạt động. Điều này sẽ kích thích chúng hoạt động nhiều hơn và thao tác sẽ linh hoạt hơn. Có thể hoạt động lăn qua sẽ mang lại cho bé một niềm vui nho nhỏ, nhưng bạn cũng nên cẩn trọng và hỗ trợ em bé khi lần đầu tiên thực hiện những hoạt động này.', 'vòng quan. Các bậc cha mẹ nên khuyến khích cho những hoạt động đầu tiên này để trẻ có thể phát triển khả năng vận động tốt hơn nữa.', 'với những người khác\n• Đọc cùng trẻ. Đọc sách rất quan trọng \nđối với sự phát triển khả năng đọc viết \ncủa trẻ. Khi trẻ bắt đầu học đọc, hãy \nbảo trẻ đọc cho bạn nghe. Bạn cũng có \nthể thử một số hoạt động để giúp trẻ \nphát triển kĩ năng này như kể chuyện \nhoặc tự làm một cuốn sách của riêng \nmình\n• Hướng dẫn và khuyến khích trẻ tự vệ \nsinh thân thể: tắm, rửa mặt, đánh răng', 'Khi con bạn bắt đầu tương tác với bạn nhiều hơn qua các trò chơi thú vị, hay ""ngớ ngẩn"", và bạn có thể cảm thấy áp lực mới để giúp con bạn phát triển trong tốt nhất. Và đôi khi, thật khó để biết phải làm gì để thúc đẩy sự phát triển của trẻ. May mắn thay, thực tế là bạn đang cảm thấy điều này có nghĩa là bạn đang làm một công việc tuyệt vời. Trong bài viết này chúng tôi cung cấp những thông tin', '• Trí tuệ và \ncảm xúc của trẻ \nphát triển như thế \nnào\n• Làm sao để khuyến khích trẻ \nhọc\n• Làm thế nào để giúp trẻ phát \ntriển thông qua các hoạt động \nvui chơi\n• Làm thế nào để tìm và chọn \nlựa nhiều loại đồ chơi khác \nnhau\n• Làm thế nào để tìm kiếm được \nnhững nguồn lực và sự hỗ trợ \ntrong cộng đồng\nCuốn sách TRÍ TUỆ này sẽ mang đến \nnhững nội dung sau: \nNhững thông tin trong bộ tài liệu này']","Bạn nên khuyến khích các hoạt động vận động sớm và ở cạnh để hỗ trợ, đảm bảo an toàn cho trẻ khi trẻ bắt đầu tập lật, ngồi và bò.",Em nên thực hiện những hoạt động nào để khuyến khích và hỗ trợ bé phát triển khả năng vận động lật lẫy tốt hơn?,"['tầm với và xem liệu trẻ có lăn để đến gần bạn hơn không. Bạn nên khen ngợi nỗ lực của em bé và mỉm cười mỗi khi em bé thực hiện xong một hoạt động. Điều này sẽ kích thích chúng hoạt động nhiều hơn và thao tác sẽ linh hoạt hơn. Có thể hoạt động lăn qua sẽ mang lại cho bé một niềm vui nho nhỏ, nhưng bạn cũng nên cẩn trọng và hỗ trợ em bé khi lần đầu tiên thực hiện những hoạt động này.', 'vòng quan. Các bậc cha mẹ nên khuyến khích cho những hoạt động đầu tiên này để trẻ có thể phát triển khả năng vận động tốt hơn nữa.', 'với những người khác\n• Đọc cùng trẻ. Đọc sách rất quan trọng \nđối với sự phát triển khả năng đọc viết \ncủa trẻ. Khi trẻ bắt đầu học đọc, hãy \nbảo trẻ đọc cho bạn nghe. Bạn cũng có \nthể thử một số hoạt động để giúp trẻ \nphát triển kĩ năng này như kể chuyện \nhoặc tự làm một cuốn sách của riêng \nmình\n• Hướng dẫn và khuyến khích trẻ tự vệ \nsinh thân thể: tắm, rửa mặt, đánh răng', 'Khi con bạn bắt đầu tương tác với bạn nhiều hơn qua các trò chơi thú vị, hay ""ngớ ngẩn"", và bạn có thể cảm thấy áp lực mới để giúp con bạn phát triển trong tốt nhất. Và đôi khi, thật khó để biết phải làm gì để thúc đẩy sự phát triển của trẻ. May mắn thay, thực tế là bạn đang cảm thấy điều này có nghĩa là bạn đang làm một công việc tuyệt vời. Trong bài viết này chúng tôi cung cấp những thông tin', '• Trí tuệ và \ncảm xúc của trẻ \nphát triển như thế \nnào\n• Làm sao để khuyến khích trẻ \nhọc\n• Làm thế nào để giúp trẻ phát \ntriển thông qua các hoạt động \nvui chơi\n• Làm thế nào để tìm và chọn \nlựa nhiều loại đồ chơi khác \nnhau\n• Làm thế nào để tìm kiếm được \nnhững nguồn lực và sự hỗ trợ \ntrong cộng đồng\nCuốn sách TRÍ TUỆ này sẽ mang đến \nnhững nội dung sau: \nNhững thông tin trong bộ tài liệu này']","Dựa trên tài liệu, để khuyến khích và hỗ trợ bé phát triển khả năng vận động lật lẫy tốt hơn, bạn nên:

- Khen ngợi nỗ lực của em bé và mỉm cười mỗi khi em bé thực hiện xong một hoạt động.
- Cẩn trọng và hỗ trợ em bé khi lần đầu tiên thực hiện những hoạt động này.
- Khuyến khích cho những hoạt động đầu tiên này để trẻ có thể phát triển khả năng vận động tốt hơn nữa.
- Hướng dẫn và khuyến khích trẻ tự vệ sinh thân thể, bao gồm cả việc lăn qua.",0.8,0.5,0.9576273126447585,0.9999999999
"Giai đoạn ""Cửa sổ cơ hội"" để phòng chống thấp còi là khi nào?","Tôi xin lỗi, nhưng tài liệu không cung cấp thông tin về giai đoạn ""Cửa sổ cơ hội"" để phòng chống thấp còi.","['- Ở thì lọt, xuống và xoay không can thiệp, chỉ theo dõi cơn co tử cung, tim thai, độ xóa \nmở cổ tử cung, độ lọt, khi cổ tử cung mở hết đầu lọt thấp mới cho sản phụ rặn. \n- Thời gian rặn tối đa ở người con so là 60 phút, ở người con rạ là 30 phút. Nếu quá thời \ngian này cần can thiệp để lấy thai ra bằng forceps hoặc bằng giác kéo.', '- Câu hỏi để chẩn đoán:  \n\uf02b Thời gian xuất tinh là bao lâu? Thời gian xuất tinh (IELT -Intravaginal Ejaculation \nLatency Time) là thời gian tí nh từ lúc đưa dương vật vào âm đạo cho tới khi xuất \ntinh. \n\uf02b Anh có thể trì hoãn xuất tinh được không? \n\uf02b Anh có cảm thấy hụt hẫng do xuất tinh sớm không? \n- Câu hỏi để phân biệt xuất tinh sớm nguyên phát hay thứ phát:', '84 |  \n       Liên quan tới nhóm này, phải kể đến các yếu tố như nghèo đói, trình độ văn hóa thấp, ở \nxa cơ sở y tế, giao thông không thuận tiện. Tất cả những yếu tố trên đều là những nguy cơ \ncao cho thai kỳ.', 'mỗi giai đoạn phát triển, bạn có thể ngăn \nchặn được những thương tích nghiêm \ntrọng cho trẻ\n• Hãy chuẩn bị và tính trước . Khi trẻ \nphát triển những kĩ năng mới, như biết \nđi và biết leo trèo, hãy nghĩ về những \ngì bạn cần làm để giữ cho trẻ được an \ntoàn. Tìm những mối nguy hiểm có thể \ncó trong nhà của mình và khi bạn đi ra \nngoài. Hãy loại bỏ những nguy hiểm này \nnếu được.', 'áp). \n- Các ký hiệu khác như tình trạng ối, độ chồng khớp, cơn co tử cung... theo hướng dẫn của \ntài liệu đào tạo hoặc trên biểu đồ.  \n- Cổ tử cung dưới 3 cm và xóa chưa hết.  \n- Khi cổ tử cung mở > 3 cm thì phải chuyển ký hiệu ghi độ mở lúc đó ở pha tích cực, nằm \ntrên đường báo động, tương ứng với mức chỉ độ mở của cổ tử cung lúc đó.']",Là giai đoạn trẻ từ 6 đến 24 tháng tuổi. ,"Giai đoạn ""Cửa sổ cơ hội"" để phòng chống thấp còi là khi nào?","['- Ở thì lọt, xuống và xoay không can thiệp, chỉ theo dõi cơn co tử cung, tim thai, độ xóa \nmở cổ tử cung, độ lọt, khi cổ tử cung mở hết đầu lọt thấp mới cho sản phụ rặn. \n- Thời gian rặn tối đa ở người con so là 60 phút, ở người con rạ là 30 phút. Nếu quá thời \ngian này cần can thiệp để lấy thai ra bằng forceps hoặc bằng giác kéo.', '- Câu hỏi để chẩn đoán:  \n\uf02b Thời gian xuất tinh là bao lâu? Thời gian xuất tinh (IELT -Intravaginal Ejaculation \nLatency Time) là thời gian tí nh từ lúc đưa dương vật vào âm đạo cho tới khi xuất \ntinh. \n\uf02b Anh có thể trì hoãn xuất tinh được không? \n\uf02b Anh có cảm thấy hụt hẫng do xuất tinh sớm không? \n- Câu hỏi để phân biệt xuất tinh sớm nguyên phát hay thứ phát:', '84 |  \n       Liên quan tới nhóm này, phải kể đến các yếu tố như nghèo đói, trình độ văn hóa thấp, ở \nxa cơ sở y tế, giao thông không thuận tiện. Tất cả những yếu tố trên đều là những nguy cơ \ncao cho thai kỳ.', 'mỗi giai đoạn phát triển, bạn có thể ngăn \nchặn được những thương tích nghiêm \ntrọng cho trẻ\n• Hãy chuẩn bị và tính trước . Khi trẻ \nphát triển những kĩ năng mới, như biết \nđi và biết leo trèo, hãy nghĩ về những \ngì bạn cần làm để giữ cho trẻ được an \ntoàn. Tìm những mối nguy hiểm có thể \ncó trong nhà của mình và khi bạn đi ra \nngoài. Hãy loại bỏ những nguy hiểm này \nnếu được.', 'áp). \n- Các ký hiệu khác như tình trạng ối, độ chồng khớp, cơn co tử cung... theo hướng dẫn của \ntài liệu đào tạo hoặc trên biểu đồ.  \n- Cổ tử cung dưới 3 cm và xóa chưa hết.  \n- Khi cổ tử cung mở > 3 cm thì phải chuyển ký hiệu ghi độ mở lúc đó ở pha tích cực, nằm \ntrên đường báo động, tương ứng với mức chỉ độ mở của cổ tử cung lúc đó.']","Tôi xin lỗi, nhưng tài liệu không cung cấp thông tin về giai đoạn ""Cửa sổ cơ hội"" để phòng chống thấp còi.",1.0,0.0,0.20351800513925183,0.0
"Em nghe nói sau sinh cần kiêng tắm gội cả tháng, điều này có đúng không và làm thế nào để vệ sinh cơ thể an toàn ạ","Dựa trên tài liệu đã được cung cấp, tôi có thể trả lời câu hỏi như sau:

- Không có thông tin cụ thể về thời gian kiêng tắm gội sau sinh trong tài liệu.
- Tư vấn sản phụ vận động sớm sau khi sinh, đặc biệt là vệ sinh thân thể như tắm gội, đánh răng mỗi ngày (Tài liệu 2).
- Không có thông tin cụ thể về cách vệ sinh cơ thể an toàn sau sinh trong tài liệu.

Tuy nhiên, dựa trên thông tin trong tài liệu 2, có thể thấy rằng tắm gội và đánh răng mỗi ngày là một phần quan trọng của việc vệ sinh thân thể sau sinh.","['Trắc nghiệm: Những điều cần biết về kiêng cữ sau sinh Sau sinh, cơ thể sản phụ sẽ có rất nhiều sự thay đổi, việc thực hiện tốt các kiêng cữ sau sinh và bổ sung đầy đủ các chất dinh dưỡng cho cơ thể sẽ giúp ích rất nhiều trong quá trình hồi phục sức khỏe. Bài trắc nghiệm dưới đây sẽ giúp mọi người có cái nhìn tổng quan về kiêng cữ sau sinh và thực hiện sao cho phù hợp nhất.', '- Tư vấn sản phụ vận động sớm sau khi sinh, đặc biệt là vệ sinh thân thể như tắm gội, đánh \nrăng mỗi ngày, nằm phòng thoáng mát, không nằm than, không uống thức uống có cồn, \nkhông ăn chế dộ ăn nhiều muối. \n- Tư vấn cho sản phụ và gia đình về theo dõi và chăm sóc sau sinh cho cả mẹ và con. \n- Tư vấn cho con bú ngay sau đẻ và cách nuôi con bằng sữa mẹ (tham khảo bài “ Tư vấn', '\ufeffCâu hỏi: Mẹ sau sinh muốn giảm cân phải làm sao?\nTrả lời: Không nên ăn kiêng trong khi cho con bú. Chờ đến 6 tháng sau sinh để bắt đầu giảm cân từ từ (0.5kg/tuần). Giảm cân bằng: ăn cân bằng đủ dinh dưỡng, vận động nhẹ (đi bộ, bơi), hạn chế đường và đồ chiên xào.\nNguồn: Vinmec — Sức khỏe mẹ sau sinh', 'Về chế độ nghỉ ngơi: Hộ sinh trưởng Nguyễn Bích Hạnh - Vinmec Times City khuyên rằng, trong tuần đầu sau khi sinh mẹ nên cố gắng ngủ những khi có thể ngủ được. Càng nghỉ ngơi nhiều càng tốt. Đặc biệt, sau sinh thường mẹ sẽ có nguy cơ gặp phải tình trạng sa tử cung. Để phòng tránh thì mẹ không được làm việc nặng, không ngồi quá lâu và dành nhiều thời gian để nghỉ ngơi, thư giãn. Ngoài ra, việc cho', 'Ngành y tế Hoa Kỳ đang cố gắng giảm tỷ lệ tử vong bà mẹ sau sinh bằng cách đảm bảo sức khỏe của phụ nữ vừa vượt cạn cũng phải được chú trọng như đứa trẻ vừa ra đời. Chăm sóc sức khỏe giữa các lần mang thai có thể bao gồm:\nHướng dẫn nuôi con bằng sữa mẹ tốt cho bạn và đứa trẻ\nLập kế hoạch sinh sản\nPhát hiện và điều trị trầm cảm sau sinh\nGiúp giảm cân và lấy lại vóc dáng']","Quan niệm kiêng tắm gội cả tháng là sai lầm; bạn có thể tắm nước ấm nhanh sau 1-2 ngày để giữ vệ sinh, tránh nhiễm trùng vết thương.","Em nghe nói sau sinh cần kiêng tắm gội cả tháng, điều này có đúng không và làm thế nào để vệ sinh cơ thể an toàn ạ","['Trắc nghiệm: Những điều cần biết về kiêng cữ sau sinh Sau sinh, cơ thể sản phụ sẽ có rất nhiều sự thay đổi, việc thực hiện tốt các kiêng cữ sau sinh và bổ sung đầy đủ các chất dinh dưỡng cho cơ thể sẽ giúp ích rất nhiều trong quá trình hồi phục sức khỏe. Bài trắc nghiệm dưới đây sẽ giúp mọi người có cái nhìn tổng quan về kiêng cữ sau sinh và thực hiện sao cho phù hợp nhất.', '- Tư vấn sản phụ vận động sớm sau khi sinh, đặc biệt là vệ sinh thân thể như tắm gội, đánh \nrăng mỗi ngày, nằm phòng thoáng mát, không nằm than, không uống thức uống có cồn, \nkhông ăn chế dộ ăn nhiều muối. \n- Tư vấn cho sản phụ và gia đình về theo dõi và chăm sóc sau sinh cho cả mẹ và con. \n- Tư vấn cho con bú ngay sau đẻ và cách nuôi con bằng sữa mẹ (tham khảo bài “ Tư vấn', '\ufeffCâu hỏi: Mẹ sau sinh muốn giảm cân phải làm sao?\nTrả lời: Không nên ăn kiêng trong khi cho con bú. Chờ đến 6 tháng sau sinh để bắt đầu giảm cân từ từ (0.5kg/tuần). Giảm cân bằng: ăn cân bằng đủ dinh dưỡng, vận động nhẹ (đi bộ, bơi), hạn chế đường và đồ chiên xào.\nNguồn: Vinmec — Sức khỏe mẹ sau sinh', 'Về chế độ nghỉ ngơi: Hộ sinh trưởng Nguyễn Bích Hạnh - Vinmec Times City khuyên rằng, trong tuần đầu sau khi sinh mẹ nên cố gắng ngủ những khi có thể ngủ được. Càng nghỉ ngơi nhiều càng tốt. Đặc biệt, sau sinh thường mẹ sẽ có nguy cơ gặp phải tình trạng sa tử cung. Để phòng tránh thì mẹ không được làm việc nặng, không ngồi quá lâu và dành nhiều thời gian để nghỉ ngơi, thư giãn. Ngoài ra, việc cho', 'Ngành y tế Hoa Kỳ đang cố gắng giảm tỷ lệ tử vong bà mẹ sau sinh bằng cách đảm bảo sức khỏe của phụ nữ vừa vượt cạn cũng phải được chú trọng như đứa trẻ vừa ra đời. Chăm sóc sức khỏe giữa các lần mang thai có thể bao gồm:\nHướng dẫn nuôi con bằng sữa mẹ tốt cho bạn và đứa trẻ\nLập kế hoạch sinh sản\nPhát hiện và điều trị trầm cảm sau sinh\nGiúp giảm cân và lấy lại vóc dáng']","Dựa trên tài liệu đã được cung cấp, tôi có thể trả lời câu hỏi như sau:

- Không có thông tin cụ thể về thời gian kiêng tắm gội sau sinh trong tài liệu.
- Tư vấn sản phụ vận động sớm sau khi sinh, đặc biệt là vệ sinh thân thể như tắm gội, đánh răng mỗi ngày (Tài liệu 2).
- Không có thông tin cụ thể về cách vệ sinh cơ thể an toàn sau sinh trong tài liệu.

Tuy nhiên, dựa trên thông tin trong tài liệu 2, có thể thấy rằng tắm gội và đánh răng mỗi ngày là một phần quan trọng của việc vệ sinh thân thể sau sinh.",0.75,1.0,0.0,0.9999999999
"Con em thường xuyên thức giấc giữa đêm và khóc, em phải làm gì để bé ngủ sâu hơn?","Dưới đây là một số gợi ý để giúp con em ngủ sâu hơn:

 * Đảm bảo con em đã được cho ăn đầy đủ và không còn đói.
 * Tạo môi trường ngủ yên tĩnh và thoải mái.
 * Đặt con em vào giường ngủ đúng giờ hàng ngày.
 * Cho con em ngủ giấc ngắn vào ban ngày nếu cảm thấy mệt.
 * Đảm bảo con em được ngủ đủ giấc mỗi ngày (khoảng 10-14 tiếng).","['XỬ LÝ CÁC VẤN ĐỀ VỀ HÀNH VI\nQUẤY KHÓC (ĐỐI VỚI TRẺ NHỎ) \nĐIỀU GÌ ĐANG XẢY RA?\n“Tôi biết là bé đang quấy khóc, nhưng không biết vì sao? Tôi có thể làm gì đây?”\nTẠI SAO ĐIỀU NÀY LẠI XẢY RA?\nKhóc là một cách để em bé thể hiện rằng bé \nđang cần một điều gì đó. Đôi khi bạn rất khó \nbiết được rằng bé cần gì, ví dụ trường hợp bé \nkhóc dạ đề.  Các lý do phổ biến khiến em bé \nquấy khóc là:\n• Đói\n• Sợ hãi', 'SỨC KHOẺ \nG I Ú P  T R Ẻ  N G Ủ  Đ Ủ                            \nPhần lớn trẻ em cần ngủ khoảng 10 đến 14 \ntiếng mỗi ngày.\nKhi mới sinh, em bé thường ngủ các giấc \nngắn, theo lịch riêng của mình, cả ban ngày \nlẫn ban đêm. Em bé có thể thức giấc thường \nxuyên. Có thể phải mất  vài tháng để trẻ bắt \nđầu ngủ những giấc dài hơn vào ban đêm.\nTrẻ cần ngủ và nghỉ ngơi để khoẻ mạnh. Với', 'đầu ngủ những giấc dài hơn vào ban đêm.\nTrẻ cần ngủ và nghỉ ngơi để khoẻ mạnh. Với \nthời gian ngủ hợp lý, cơ thể của trẻ có thể \nphát triển bình thường và khoẻ mạnh hơn.\nNếu trẻ cảm thấy mệt, hãy cho trẻ ngủ giấc \nngắn vào ban ngày.\nHãy cho trẻ đi ngủ buổi tối đúng giờ như một \nphần thói quen hàng ngày của bạn. Khi trẻ có \nthời gian ngủ đều đặn và được ngủ đủ, trẻ sẽ \nvui vẻ và khoẻ mạnh hơn.\n14', 'Trẻ sơ sinh gần như ngủ suốt ngày đêm, chỉ thức dậy để bú (khoảng 2 đến 3 giờ bú một lần). Thông thường, không cần phải đánh thức trẻ sơ sinh dậy để cho bú, nhưng cũng không nên để bé ngủ quá lâu >3 giờ mà không cho bú.\nTại sao con tôi bị vàng da?', 'hồ mỗi ngày, thường vào buổi đêm\nTất cả các em bé đều khóc, một số bé khóc \nnhiều hơn các bé khác. Quấy khóc là một xu \nhướng bình thường đối với tất cả các bé. Quấy \nkhóc thường bắt đầu từ khoảng 02 tuần sau \nsinh, và sau đó bé khóc thường xuyên hơn. \nBé quấy khóc nhiều nhất ở giai đoạn 2 tháng \ntuổi và sau đó bắt đầu giảm dần.\nKhóc dạ dề cũng theo xu hướng như vậy']","Hãy kiểm tra xem trẻ có bị đói, ướt tã hay phòng quá nóng/lạnh không. Duy trì các hoạt động nhẹ nhàng trước khi ngủ sẽ giúp trẻ có giấc ngủ ổn định hơn.","Con em thường xuyên thức giấc giữa đêm và khóc, em phải làm gì để bé ngủ sâu hơn?","['XỬ LÝ CÁC VẤN ĐỀ VỀ HÀNH VI\nQUẤY KHÓC (ĐỐI VỚI TRẺ NHỎ) \nĐIỀU GÌ ĐANG XẢY RA?\n“Tôi biết là bé đang quấy khóc, nhưng không biết vì sao? Tôi có thể làm gì đây?”\nTẠI SAO ĐIỀU NÀY LẠI XẢY RA?\nKhóc là một cách để em bé thể hiện rằng bé \nđang cần một điều gì đó. Đôi khi bạn rất khó \nbiết được rằng bé cần gì, ví dụ trường hợp bé \nkhóc dạ đề.  Các lý do phổ biến khiến em bé \nquấy khóc là:\n• Đói\n• Sợ hãi', 'SỨC KHOẺ \nG I Ú P  T R Ẻ  N G Ủ  Đ Ủ                            \nPhần lớn trẻ em cần ngủ khoảng 10 đến 14 \ntiếng mỗi ngày.\nKhi mới sinh, em bé thường ngủ các giấc \nngắn, theo lịch riêng của mình, cả ban ngày \nlẫn ban đêm. Em bé có thể thức giấc thường \nxuyên. Có thể phải mất  vài tháng để trẻ bắt \nđầu ngủ những giấc dài hơn vào ban đêm.\nTrẻ cần ngủ và nghỉ ngơi để khoẻ mạnh. Với', 'đầu ngủ những giấc dài hơn vào ban đêm.\nTrẻ cần ngủ và nghỉ ngơi để khoẻ mạnh. Với \nthời gian ngủ hợp lý, cơ thể của trẻ có thể \nphát triển bình thường và khoẻ mạnh hơn.\nNếu trẻ cảm thấy mệt, hãy cho trẻ ngủ giấc \nngắn vào ban ngày.\nHãy cho trẻ đi ngủ buổi tối đúng giờ như một \nphần thói quen hàng ngày của bạn. Khi trẻ có \nthời gian ngủ đều đặn và được ngủ đủ, trẻ sẽ \nvui vẻ và khoẻ mạnh hơn.\n14', 'Trẻ sơ sinh gần như ngủ suốt ngày đêm, chỉ thức dậy để bú (khoảng 2 đến 3 giờ bú một lần). Thông thường, không cần phải đánh thức trẻ sơ sinh dậy để cho bú, nhưng cũng không nên để bé ngủ quá lâu >3 giờ mà không cho bú.\nTại sao con tôi bị vàng da?', 'hồ mỗi ngày, thường vào buổi đêm\nTất cả các em bé đều khóc, một số bé khóc \nnhiều hơn các bé khác. Quấy khóc là một xu \nhướng bình thường đối với tất cả các bé. Quấy \nkhóc thường bắt đầu từ khoảng 02 tuần sau \nsinh, và sau đó bé khóc thường xuyên hơn. \nBé quấy khóc nhiều nhất ở giai đoạn 2 tháng \ntuổi và sau đó bắt đầu giảm dần.\nKhóc dạ dề cũng theo xu hướng như vậy']","Dưới đây là một số gợi ý để giúp con em ngủ sâu hơn:

 * Đảm bảo con em đã được cho ăn đầy đủ và không còn đói.
 * Tạo môi trường ngủ yên tĩnh và thoải mái.
 * Đặt con em vào giường ngủ đúng giờ hàng ngày.
 * Cho con em ngủ giấc ngắn vào ban ngày nếu cảm thấy mệt.
 * Đảm bảo con em được ngủ đủ giấc mỗi ngày (khoảng 10-14 tiếng).",0.6666666666666666,1.0,0.7832253184927159,0.699999999965
Em nghe nói gây tê ngoài màng cứng cũng làm mình bị bí tiểu lâu hơn phải không ạ?,"Không có thông tin trong tài liệu về việc gây tê ngoài màng cứng gây ra tình trạng bí tiểu kéo dài không. Tuy nhiên, tài liệu 3 đề cập đến việc lưu thông tiểu sau sinh, sau mổ 12 giờ trong các trường hợp như sau mổ, sinh gây tê giảm đau sản khoa, sinh giúp, bóc nhau bằng tay, may phục hồi rách tầng sinh môn độ 3-4.","['- Co thắt cơ, tăng trương lực gây nghiến răng và cứng trong tư thế duỗi (giai đoạn tăng \ntrương lực) theo sau là giật cơ theo nhịp (giai đoạn co giật). \n- Mất kiểm soát tư thế, cắn lưỡi, tiểu không tự chủ. \n- Các triệu chứng thần kinh thực vật như nhịp tim nhanh, tăng huyết áp, giãn đồng tử. \n- Sau cơn co giật: giai đoạn lú lẫn hay không đáp ứng, kéo dài từ vài phút đến vài giờ.', '\ufeffCâu hỏi: Mẹ bị sa tử cung sau sinh có dấu hiệu gì?\nTrả lời: Cảm giác nặng, vướng vùng âm hộ, nhìn thấy hoặc sờ thấy khối sa ra ngoài, tiểu không tự chủ, đại tiện khó. Cần khám sớm, tránh làm việc nặng, nâng đồ. Điều trị bằng tập Kegel hoặc phẫu thuật tùy mức độ.\nNguồn: BV Tâm Anh; Vinmec — Phục hồi sàn chậu', 'thông tiểu lưu thì nên rút thông ra để tránh tổn thương cổ BQ lúc sinh.\n- Lưu thông tiểu sau sanh, sau mổ 12 giờ trong các trường hợp\n\uf02b Sau mổ: mổ lấy thai, mổ phụ khoa\n\uf02b Sinh gây tê giảm đau sản khoa\n\uf02b Sinh giúp\n\uf02b Bóc nhau bằng tay\n\uf02b May phục hồi rách tầng sinh môn độ 3-4\n\uf02b Trong trường hợp rút thông tiểu hoặc thực hiện thông tiểu ngắt quãng mà', 'bệnh thấy:\n\uf02b Không tiểu được, tiểu phải rặn hoặc ra rất ít, lắt nhắt nhiều lần\n\uf02b Tia nước tiểu chậm, nhỏ giọt hoặc ngắt quãng kéo dài\n\uf02b Có cảm giác trằn nặng, căng, đau tức vùng hạ vị\n\uf02b Không có cảm giác mắc tiểu, tiểu không hết…\n- Triệu chứng thực thể:\n\uf02b Có thể có khối cầu BQ\n\uf02b Có thể đáy tử cung bị đẩy lên cao\n- Xác định chẩn đoán: NTTL ≥ 150 mL bằng các phép đo như:\n\uf02b Thông tiểu', 'dị tật không có hậu môn…), do nhiễm khuẩn đường sinh dục, đặc biệt do vi khuẩn lao, \ndo sử dụng một số thuốc kéo dài (như các loại thuốc an thần, thuốc chống trầm cảm…). \n- Di tinh: tình trạng tinh dịch rỉ ra không kiểm soát được và không liên quan đến cực khoái \nhay phản xạ xuất tinh. Nếu xảy ra thường xuyên có thể do các dị tật của hệ thống sinh \ndục hay bệnh lý của các cơ thắt…']","Đúng, gây tê ngoài màng cứng có thể làm giảm cảm giác bụng dưới tới 8 giờ, ảnh hưởng tạm thời đến chức năng bàng quang.",Em nghe nói gây tê ngoài màng cứng cũng làm mình bị bí tiểu lâu hơn phải không ạ?,"['- Co thắt cơ, tăng trương lực gây nghiến răng và cứng trong tư thế duỗi (giai đoạn tăng \ntrương lực) theo sau là giật cơ theo nhịp (giai đoạn co giật). \n- Mất kiểm soát tư thế, cắn lưỡi, tiểu không tự chủ. \n- Các triệu chứng thần kinh thực vật như nhịp tim nhanh, tăng huyết áp, giãn đồng tử. \n- Sau cơn co giật: giai đoạn lú lẫn hay không đáp ứng, kéo dài từ vài phút đến vài giờ.', '\ufeffCâu hỏi: Mẹ bị sa tử cung sau sinh có dấu hiệu gì?\nTrả lời: Cảm giác nặng, vướng vùng âm hộ, nhìn thấy hoặc sờ thấy khối sa ra ngoài, tiểu không tự chủ, đại tiện khó. Cần khám sớm, tránh làm việc nặng, nâng đồ. Điều trị bằng tập Kegel hoặc phẫu thuật tùy mức độ.\nNguồn: BV Tâm Anh; Vinmec — Phục hồi sàn chậu', 'thông tiểu lưu thì nên rút thông ra để tránh tổn thương cổ BQ lúc sinh.\n- Lưu thông tiểu sau sanh, sau mổ 12 giờ trong các trường hợp\n\uf02b Sau mổ: mổ lấy thai, mổ phụ khoa\n\uf02b Sinh gây tê giảm đau sản khoa\n\uf02b Sinh giúp\n\uf02b Bóc nhau bằng tay\n\uf02b May phục hồi rách tầng sinh môn độ 3-4\n\uf02b Trong trường hợp rút thông tiểu hoặc thực hiện thông tiểu ngắt quãng mà', 'bệnh thấy:\n\uf02b Không tiểu được, tiểu phải rặn hoặc ra rất ít, lắt nhắt nhiều lần\n\uf02b Tia nước tiểu chậm, nhỏ giọt hoặc ngắt quãng kéo dài\n\uf02b Có cảm giác trằn nặng, căng, đau tức vùng hạ vị\n\uf02b Không có cảm giác mắc tiểu, tiểu không hết…\n- Triệu chứng thực thể:\n\uf02b Có thể có khối cầu BQ\n\uf02b Có thể đáy tử cung bị đẩy lên cao\n- Xác định chẩn đoán: NTTL ≥ 150 mL bằng các phép đo như:\n\uf02b Thông tiểu', 'dị tật không có hậu môn…), do nhiễm khuẩn đường sinh dục, đặc biệt do vi khuẩn lao, \ndo sử dụng một số thuốc kéo dài (như các loại thuốc an thần, thuốc chống trầm cảm…). \n- Di tinh: tình trạng tinh dịch rỉ ra không kiểm soát được và không liên quan đến cực khoái \nhay phản xạ xuất tinh. Nếu xảy ra thường xuyên có thể do các dị tật của hệ thống sinh \ndục hay bệnh lý của các cơ thắt…']","Không có thông tin trong tài liệu về việc gây tê ngoài màng cứng gây ra tình trạng bí tiểu kéo dài không. Tuy nhiên, tài liệu 3 đề cập đến việc lưu thông tiểu sau sinh, sau mổ 12 giờ trong các trường hợp như sau mổ, sinh gây tê giảm đau sản khoa, sinh giúp, bóc nhau bằng tay, may phục hồi rách tầng sinh môn độ 3-4.",0.5,1.0,0.4045874715041204,0.8333333332916666
