question_id,kb,source_row,budget,question,reference_answer,expected_source,answer,valid_answer,retrieved_doc_count,generation_doc_count,context_estimated_tokens,context_chars,rouge_l_f1,latency_seconds,generation_sources,error
Q003,KB1,35,2200,Sữa mẹ chứa bao nhiêu phần trăm là nước?,Sữa mẹ chứa tới 88% là nước.,Tài liệu khóa học Nuôi con bằng sữa mẹ.pdf,Sữa mẹ chứa hơn 80% là nước.,1,5,5,2041,4689,0.7142857142857143,3.680731099999321,Bo_De_Me_Va_Be.xlsx | Bo_De_Me_Va_Be.xlsx | qa_me_bim_sau_sinh_100.xlsx | Bo_De_Me_Va_Be.xlsx | Tại sao chúng ta không cần cho trẻ sơ sinh dưới 6 tháng tuổi uống nước.docx,
Q003,KB1,35,3000,Sữa mẹ chứa bao nhiêu phần trăm là nước?,Sữa mẹ chứa tới 88% là nước.,Tài liệu khóa học Nuôi con bằng sữa mẹ.pdf,Sữa mẹ chứa hơn 80% là nước.,1,5,5,2041,4689,0.7142857142857143,0.9609930999995412,Bo_De_Me_Va_Be.xlsx | Bo_De_Me_Va_Be.xlsx | qa_me_bim_sau_sinh_100.xlsx | Bo_De_Me_Va_Be.xlsx | Tại sao chúng ta không cần cho trẻ sơ sinh dưới 6 tháng tuổi uống nước.docx,
Q004,KB1,212,1000,"Làm sao để em giúp bé nhận biết và học tên các màu sắc, hình khối một cách tự nhiên nhất ạ?","Bạn hãy lồng ghép vào các hoạt động hàng ngày như: ""Quả táo màu đỏ"", ""Cái hộp hình vuông"", việc học qua thực tế sẽ giúp trẻ ghi nhớ lâu hơn.",Sách Không ai hoàn hảo - Trí tuệ,"Để giúp bé nhận biết và học tên các màu sắc, hình khối tự nhiên nhất, bạn có thể thực hiện các hoạt động sau: - Bé lật người và bò xung quanh: Đây là một trong những cách giúp bé khám phá và nhận biết các màu sắc và hình khối xung quanh. - Bé tạo ra các tiếng động: Bé có thể tạo ra các tiếng động bằng cách đập, chọc chọc các vật thể khác nhau, giúp bé nhận biết và học tên các màu sắc và hình khối. - Bé cười khúc khích: Bé có thể cười khúc khích khi được tiếp xúc với các màu sắc và hình khối mới, giúp bé học hỏi và nhớ tên chúng. - Bé bập bẹ các từ: Bé có thể bập bẹ các từ liên quan đến màu sắc và hình khối, giúp bé học hỏi và nhớ tên chúng. MomCare chưa tìm thấy đủ thông tin trong kho tài liệu để trả lời câu hỏi này.",1,5,2,844,1937,0.0918367346938775,1.1778778999996575,data_store\pdf\Trí tuệ - Không ai hoàn hảo.pdf | data_store\pdf\Trí tuệ - Không ai hoàn hảo.pdf,
Q004,KB1,212,1500,"Làm sao để em giúp bé nhận biết và học tên các màu sắc, hình khối một cách tự nhiên nhất ạ?","Bạn hãy lồng ghép vào các hoạt động hàng ngày như: ""Quả táo màu đỏ"", ""Cái hộp hình vuông"", việc học qua thực tế sẽ giúp trẻ ghi nhớ lâu hơn.",Sách Không ai hoàn hảo - Trí tuệ,"Để giúp bé nhận biết và học tên các màu sắc, hình khối tự nhiên nhất, bạn có thể thực hiện các bước sau: - Bé di chuyển xung quanh và khám phá môi trường xung quanh để nhận biết và học tên các màu sắc. - Bé tạo ra các tiếng động và bập bẹ các từ để học cách sử dụng ngôn ngữ và nhận biết các màu sắc. - Bé bắt đầu hiểu những từ bé thường xuyên nghe thấy, bao gồm cả tên của các màu sắc. - Bé đang học cách sử dụng đôi tay của mình để nắm và để lắc, đập và chọc chọc các vật thể, giúp bé nhận biết và học tên các hình khối tự nhiên.",1,5,3,1312,3013,0.0784313725490196,1.2749079999994135,data_store\pdf\Trí tuệ - Không ai hoàn hảo.pdf | data_store\pdf\Trí tuệ - Không ai hoàn hảo.pdf | data_store\pdf\Hành vi - Không ai hoàn hảo.pdf,
Q004,KB1,212,2200,"Làm sao để em giúp bé nhận biết và học tên các màu sắc, hình khối một cách tự nhiên nhất ạ?","Bạn hãy lồng ghép vào các hoạt động hàng ngày như: ""Quả táo màu đỏ"", ""Cái hộp hình vuông"", việc học qua thực tế sẽ giúp trẻ ghi nhớ lâu hơn.",Sách Không ai hoàn hảo - Trí tuệ,"Để giúp bé nhận biết và học tên các màu sắc, hình khối tự nhiên nhất, bạn có thể thực hiện các bước sau: - Bé lật người và bò xung quanh để khám phá và nhận biết các màu sắc khác nhau. - Bé tạo ra các tiếng động để thể hiện sự quan tâm và khám phá về các hình khối tự nhiên. - Bé bắt đầu hiểu những từ bé thường xuyên nghe thấy, bao gồm cả tên của các màu sắc và hình khối. - Bé đang học cách sử dụng đôi tay của mình để khám phá và nhận biết các hình khối tự nhiên. MomCare chưa tìm thấy đủ thông tin trong kho tài liệu để trả lời câu hỏi này.",1,5,4,1879,4317,0.0779220779220779,1.3776868999993894,data_store\pdf\Trí tuệ - Không ai hoàn hảo.pdf | data_store\pdf\Trí tuệ - Không ai hoàn hảo.pdf | data_store\pdf\Hành vi - Không ai hoàn hảo.pdf | Bo_De_Me_Va_Be.xlsx,
Q004,KB1,212,3000,"Làm sao để em giúp bé nhận biết và học tên các màu sắc, hình khối một cách tự nhiên nhất ạ?","Bạn hãy lồng ghép vào các hoạt động hàng ngày như: ""Quả táo màu đỏ"", ""Cái hộp hình vuông"", việc học qua thực tế sẽ giúp trẻ ghi nhớ lâu hơn.",Sách Không ai hoàn hảo - Trí tuệ,"Để giúp bé nhận biết và học tên các màu sắc, hình khối tự nhiên nhất, bạn có thể thực hiện các bước sau: - Gọi tên các màu sắc khi chơi và khám phá cùng bé. - Sử dụng từ ngữ gọi tên các cảm giác như vui vẻ, buồn phiền, tức giận hay lo sợ. - Đọc cho bé nghe và xem các loại sách tranh, sau đó đặt câu hỏi để bé chỉ vào các thứ trong sách. - Hãy là một người biết lắng nghe và sử dụng từ ngữ gọi tên cảm xúc. MomCare chưa tìm thấy đủ thông tin trong kho tài liệu để trả lời câu hỏi này.",1,5,5,2241,5149,0.056338028169014,1.6605339999987336,data_store\pdf\Trí tuệ - Không ai hoàn hảo.pdf | data_store\pdf\Trí tuệ - Không ai hoàn hảo.pdf | data_store\pdf\Hành vi - Không ai hoàn hảo.pdf | Bo_De_Me_Va_Be.xlsx | data_store\pdf\Trí tuệ - Không ai hoàn hảo.pdf,
Q005,KB1,95,1000,Sữa non của em màu vàng và đặc thì có tốt cho bé không ạ?,"Rất tốt • Chất lỏng dày dính màu vàng do các tế bào nang vú tiết ra trong suốt 3 tháng cuối của thai kì và kéo dài 1 thời gian sau sinh • Số lượng ít, năng lượng cao • Chứa ít đường lactose, vitamin tan trong chất béo, natri cao hơn, kẽm và tất cả các yếu tố bảo vệ • Kháng thể bám vào thành ruột để tránh sự xâm nhập các mầm bệnh • Các yếu tố tăng trưởng kích thích sự phát triển của tế bào niêm mạc, biểu mô, tổng hợp ADN, sự phát triển của các cơ quan và hệ thần kinh • Thường sẽ chuyển sang sữa trưởng thành trong 30-40 giờ sau sinh",1445371_Improving-the-quality-and-care-of,"Sữa non màu vàng và đặc có tốt cho bé không? Có. Sữa non có nhiều năng lượng, chất đạm, nhiều vitamin A, kháng thể và tế bào bạch cầu, giúp bảo vệ bé khỏi bệnh tật và giúp bé thải ra phân su.",1,5,2,637,1463,0.1366459627329192,1.0240352999990137,data_store\pdf\Tài liệu khóa học Nuôi con bằng sữa mẹ.pdf | data_store\pdf\Sức khỏe - Không ai hoàn hảo.pdf,
Q005,KB1,95,1500,Sữa non của em màu vàng và đặc thì có tốt cho bé không ạ?,"Rất tốt • Chất lỏng dày dính màu vàng do các tế bào nang vú tiết ra trong suốt 3 tháng cuối của thai kì và kéo dài 1 thời gian sau sinh • Số lượng ít, năng lượng cao • Chứa ít đường lactose, vitamin tan trong chất béo, natri cao hơn, kẽm và tất cả các yếu tố bảo vệ • Kháng thể bám vào thành ruột để tránh sự xâm nhập các mầm bệnh • Các yếu tố tăng trưởng kích thích sự phát triển của tế bào niêm mạc, biểu mô, tổng hợp ADN, sự phát triển của các cơ quan và hệ thần kinh • Thường sẽ chuyển sang sữa trưởng thành trong 30-40 giờ sau sinh",1445371_Improving-the-quality-and-care-of,"Sữa non màu vàng và đặc có tốt cho bé không? Có. Sữa non có nhiều năng lượng, chất đạm, nhiều vitamin A, kháng thể và tế bào bạch cầu, giúp bảo vệ bé khỏi bệnh tật và giúp bé thải ra phân su.",1,5,3,1432,3290,0.1366459627329192,11.624234799999613,data_store\pdf\Tài liệu khóa học Nuôi con bằng sữa mẹ.pdf | data_store\pdf\Sức khỏe - Không ai hoàn hảo.pdf | data_store\pdf\quyet_dinh_hd_an_bo_sung.pdf,
Q005,KB1,95,2200,Sữa non của em màu vàng và đặc thì có tốt cho bé không ạ?,"Rất tốt • Chất lỏng dày dính màu vàng do các tế bào nang vú tiết ra trong suốt 3 tháng cuối của thai kì và kéo dài 1 thời gian sau sinh • Số lượng ít, năng lượng cao • Chứa ít đường lactose, vitamin tan trong chất béo, natri cao hơn, kẽm và tất cả các yếu tố bảo vệ • Kháng thể bám vào thành ruột để tránh sự xâm nhập các mầm bệnh • Các yếu tố tăng trưởng kích thích sự phát triển của tế bào niêm mạc, biểu mô, tổng hợp ADN, sự phát triển của các cơ quan và hệ thần kinh • Thường sẽ chuyển sang sữa trưởng thành trong 30-40 giờ sau sinh",1445371_Improving-the-quality-and-care-of,"Sữa non màu vàng và đặc có tốt cho bé không? Có. Sữa non có nhiều năng lượng, chất đạm, nhiều vitamin A, kháng thể và tế bào bạch cầu, giúp trẻ thải phân su và bảo vệ bé khỏi bệnh tật.",1,5,4,1849,4247,0.1383647798742138,1.2211872999996558,data_store\pdf\Tài liệu khóa học Nuôi con bằng sữa mẹ.pdf | data_store\pdf\Sức khỏe - Không ai hoàn hảo.pdf | data_store\pdf\quyet_dinh_hd_an_bo_sung.pdf | data_store\pdf\d3fa1053-wp8-postpartum-care-handbook-viet.pdf,
Q005,KB1,95,3000,Sữa non của em màu vàng và đặc thì có tốt cho bé không ạ?,"Rất tốt • Chất lỏng dày dính màu vàng do các tế bào nang vú tiết ra trong suốt 3 tháng cuối của thai kì và kéo dài 1 thời gian sau sinh • Số lượng ít, năng lượng cao • Chứa ít đường lactose, vitamin tan trong chất béo, natri cao hơn, kẽm và tất cả các yếu tố bảo vệ • Kháng thể bám vào thành ruột để tránh sự xâm nhập các mầm bệnh • Các yếu tố tăng trưởng kích thích sự phát triển của tế bào niêm mạc, biểu mô, tổng hợp ADN, sự phát triển của các cơ quan và hệ thần kinh • Thường sẽ chuyển sang sữa trưởng thành trong 30-40 giờ sau sinh",1445371_Improving-the-quality-and-care-of,"Sữa non màu vàng và đặc có tốt cho bé không? Có. Sữa non có nhiều năng lượng, chất đạm, nhiều vitamin A, kháng thể và tế bào bạch cầu, giúp bảo vệ bé khỏi bệnh tật và giúp bé thải ra phân su.",1,5,5,2637,6058,0.1366459627329192,61.42246449999948,data_store\pdf\Tài liệu khóa học Nuôi con bằng sữa mẹ.pdf | data_store\pdf\Sức khỏe - Không ai hoàn hảo.pdf | data_store\pdf\quyet_dinh_hd_an_bo_sung.pdf | data_store\pdf\d3fa1053-wp8-postpartum-care-handbook-viet.pdf | Một số câu sản phụ thường hỏi trong thời kỳ hậu sản.docx,
Q006,KB1,86,1000,"Em mới sinh bé xong, trong mấy tiếng đầu bác sĩ sẽ theo dõi em thế nào?","• Đánh giá và ghi nhận các dấu hiệu sinh tồn 15 phút 1 lần trong giờ đầu sau sinh, sau đó 30 phút 1 lần trong giờ tiếp theo nếu các thông số đạt yêu cầu.",1445371_Improving-the-quality-and-care-of,MomCare chưa tìm thấy đủ thông tin trong kho tài liệu để trả lời câu hỏi này.,1,5,1,326,749,0.0377358490566037,0.920269800000824,Bo_De_Me_Va_Be.xlsx,
Q006,KB1,86,1500,"Em mới sinh bé xong, trong mấy tiếng đầu bác sĩ sẽ theo dõi em thế nào?","• Đánh giá và ghi nhận các dấu hiệu sinh tồn 15 phút 1 lần trong giờ đầu sau sinh, sau đó 30 phút 1 lần trong giờ tiếp theo nếu các thông số đạt yêu cầu.",1445371_Improving-the-quality-and-care-of,MomCare chưa tìm thấy đủ thông tin trong kho tài liệu để trả lời câu hỏi này.,1,5,3,1203,2762,0.0377358490566037,1.2477085999998965,Bo_De_Me_Va_Be.xlsx | Bo_De_Me_Va_Be.xlsx | data_store\pdf\1445371_Improving-the-quality-and-care-of-....pdf,
Q006,KB1,86,2200,"Em mới sinh bé xong, trong mấy tiếng đầu bác sĩ sẽ theo dõi em thế nào?","• Đánh giá và ghi nhận các dấu hiệu sinh tồn 15 phút 1 lần trong giờ đầu sau sinh, sau đó 30 phút 1 lần trong giờ tiếp theo nếu các thông số đạt yêu cầu.",1445371_Improving-the-quality-and-care-of,"Bác sĩ sẽ theo dõi mẹ trong khoảng thời gian sau sinh như thế nào? Theo tài liệu, giai đoạn sau sinh được định nghĩa là khoảng thời gian từ 1 giờ sau sinh và kéo dài 6 tuần sau đó. Tuy nhiên, tài liệu không cung cấp thông tin cụ thể về việc bác sĩ sẽ theo dõi mẹ trong mấy tiếng đầu sau sinh. MomCare chưa tìm thấy đủ thông tin trong kho tài liệu để trả lời câu hỏi này.",1,5,4,1964,4512,0.1512605042016806,61.63173650000135,Bo_De_Me_Va_Be.xlsx | Bo_De_Me_Va_Be.xlsx | data_store\pdf\1445371_Improving-the-quality-and-care-of-....pdf | Bo_De_Me_Va_Be.xlsx,
Q006,KB1,86,3000,"Em mới sinh bé xong, trong mấy tiếng đầu bác sĩ sẽ theo dõi em thế nào?","• Đánh giá và ghi nhận các dấu hiệu sinh tồn 15 phút 1 lần trong giờ đầu sau sinh, sau đó 30 phút 1 lần trong giờ tiếp theo nếu các thông số đạt yêu cầu.",1445371_Improving-the-quality-and-care-of,"Bác sĩ sẽ theo dõi tình trạng huyết áp, mạch và ra máu sản dịch của mẹ trong ngày đầu tiên sau sinh để đảm bảo sức khỏe của mẹ.",1,5,5,2709,6224,0.1515151515151515,61.41790260000016,Bo_De_Me_Va_Be.xlsx | Bo_De_Me_Va_Be.xlsx | data_store\pdf\1445371_Improving-the-quality-and-care-of-....pdf | Bo_De_Me_Va_Be.xlsx | Chăm sóc bà mẹ và trẻ trong tuần đầu tiên sau sinh.docx,
Q007,KB1,331,1000,"Em có cần phải đánh giá lại sự phát triển của bé thường xuyên không, hay chỉ cần thực hiện một lần khi bé có dấu hiệu lạ ạ?","Trẻ em lớn lên và phát triển rất nhanh với tốc độ khác nhau, do đó, điều quan trọng là phải đánh giá lại chúng thường xuyên. Trẻ có thể phát triển nhanh hơn hoặc chậm hơn ở một số khía cạnh so với những bạn đồng trang lứa. Tuy nhiên để xác định sự phát triển nhanh hay chậm ở trẻ có phải là vấn đề nghiêm trọng hay không cần có các đánh giá định kỳ.",Đánh giá sự phát triển của trẻ như thế nào.docx,"Đánh giá sự phát triển của trẻ cần được thực hiện thường xuyên để phát hiện sớm các dấu hiệu trẻ chậm phát triển tâm thần, chiều cao, hay sự tăng trưởng của trẻ nhanh hay chậm. Quá trình này sẽ giúp cha mẹ có kế hoạch điều chỉnh cách chăm sóc, nuôi dạy phù hợp và hiệu quả. Đánh giá sự phát triển của trẻ sẽ được điều chỉnh cho phù hợp với tuổi của bé, các vấn đề nghi ngờ hoặc chậm trễ. Nói chung, cha mẹ của trẻ có thể được dành thời gian trả lời một loạt các câu hỏi chi tiết về sự phát triển của con mình như về: thể chất, hành vi, cách chơi, tương tác với các thành viên trong gia đình và phần còn lại của thế giới.",1,5,1,660,1516,0.1581395348837209,1.1948045999997703,Đánh giá sự phát triển của trẻ như thế nào.docx,
Q007,KB1,331,1500,"Em có cần phải đánh giá lại sự phát triển của bé thường xuyên không, hay chỉ cần thực hiện một lần khi bé có dấu hiệu lạ ạ?","Trẻ em lớn lên và phát triển rất nhanh với tốc độ khác nhau, do đó, điều quan trọng là phải đánh giá lại chúng thường xuyên. Trẻ có thể phát triển nhanh hơn hoặc chậm hơn ở một số khía cạnh so với những bạn đồng trang lứa. Tuy nhiên để xác định sự phát triển nhanh hay chậm ở trẻ có phải là vấn đề nghiêm trọng hay không cần có các đánh giá định kỳ.",Đánh giá sự phát triển của trẻ như thế nào.docx,"Bé cần được đánh giá sự phát triển thường xuyên để phát hiện sớm các dấu hiệu trẻ chậm phát triển tâm thần, chiều cao, hay sự tăng trưởng của trẻ nhanh hay chậm. Qua đó giúp cha mẹ có kế hoạch điều chỉnh cách chăm sóc, nuôi dạy phù hợp và hiệu quả. Để đánh giá sự phát triển của bé, cha mẹ có thể được dành thời gian trả lời một loạt các câu hỏi chi tiết về sự phát triển của con mình như về: thể chất, hành vi, cách chơi, tương tác với các thành viên trong gia đình và phần còn lại của thế giới. Trẻ sẽ trải qua một loạt các bài kiểm tra có thể bao gồm khám sức khỏe, kiểm tra thính giác và mắt khi chơi, các bài kiểm tra tiêu chuẩn, cho bé thực hiện một số nhiệm vụ nhất định để xác định điểm mạnh và điểm yếu. Trẻ em lớn lên và phát triển rất nhanh, do đó điều quan trọng là phải đánh giá lại chúng thường xuyên.",1,5,2,1435,3297,0.1776061776061776,1.3575686999993195,Đánh giá sự phát triển của trẻ như thế nào.docx | Đánh giá sự phát triển của trẻ như thế nào.docx,
Q007,KB1,331,2200,"Em có cần phải đánh giá lại sự phát triển của bé thường xuyên không, hay chỉ cần thực hiện một lần khi bé có dấu hiệu lạ ạ?","Trẻ em lớn lên và phát triển rất nhanh với tốc độ khác nhau, do đó, điều quan trọng là phải đánh giá lại chúng thường xuyên. Trẻ có thể phát triển nhanh hơn hoặc chậm hơn ở một số khía cạnh so với những bạn đồng trang lứa. Tuy nhiên để xác định sự phát triển nhanh hay chậm ở trẻ có phải là vấn đề nghiêm trọng hay không cần có các đánh giá định kỳ.",Đánh giá sự phát triển của trẻ như thế nào.docx,"Bé cần được đánh giá sự phát triển thường xuyên để phát hiện sớm các dấu hiệu trẻ chậm phát triển tâm thần, chiều cao, hay sự tăng trưởng của trẻ nhanh hay chậm. Qua đó giúp cha mẹ có kế hoạch điều chỉnh cách chăm sóc, nuôi dạy phù hợp và hiệu quả. Để đánh giá sự phát triển của bé, cha mẹ có thể thực hiện các bước sau: - Đánh giá sự phát triển của bé dựa trên các tiêu chí về thể chất, phát triển ngôn ngữ, trí tuệ, xã hội và tình cảm. - Trả lời các câu hỏi chi tiết về sự phát triển của con mình như về: thể chất, hành vi, cách chơi, tương tác với các thành viên trong gia đình và phần còn lại của thế giới. - Trẻ sẽ trải qua một loạt các bài kiểm tra có thể bao gồm khám sức khỏe, kiểm tra thính giác và mắt khi chơi, các bài kiểm tra tiêu chuẩn, cho bé thực hiện một số nhiệm vụ nhất định để xác định điểm mạnh và điểm yếu. Ngoài ra, cha mẹ cũng cần thường xuyên theo dõi và đánh giá sức khỏe của bé, bao gồm: - Kiểm tra xác định bé dựa trên mẹ vào mỗi ca trực - Thực hiện đánh giá hàng ngày sức khỏe bé bao gồm phân, màu da, mắt và rốn - Hỗ trợ và theo dõi bé ăn - Đánh giá tình trạng ăn và ghi nhận vào biểu đồ thức ăn cho trẻ sơ sinh và sức khỏe Nếu nghi ngờ trẻ không khỏe, cha mẹ nên lấy nhiệt độ và theo dõi mức độ vàng da kèm với tổng trạng của bé liên quan đến việc bú và sự tỉnh táo.",1,5,3,1916,4401,0.1132075471698113,1.5435952999996516,Đánh giá sự phát triển của trẻ như thế nào.docx | Đánh giá sự phát triển của trẻ như thế nào.docx | data_store\pdf\1445371_Improving-the-quality-and-care-of-....pdf,
Q007,KB1,331,3000,"Em có cần phải đánh giá lại sự phát triển của bé thường xuyên không, hay chỉ cần thực hiện một lần khi bé có dấu hiệu lạ ạ?","Trẻ em lớn lên và phát triển rất nhanh với tốc độ khác nhau, do đó, điều quan trọng là phải đánh giá lại chúng thường xuyên. Trẻ có thể phát triển nhanh hơn hoặc chậm hơn ở một số khía cạnh so với những bạn đồng trang lứa. Tuy nhiên để xác định sự phát triển nhanh hay chậm ở trẻ có phải là vấn đề nghiêm trọng hay không cần có các đánh giá định kỳ.",Đánh giá sự phát triển của trẻ như thế nào.docx,"Bé cần được đánh giá sự phát triển thường xuyên để phát hiện sớm các dấu hiệu trẻ chậm phát triển tâm thần, chiều cao, hay sự tăng trưởng của trẻ nhanh hay chậm. Qua đó giúp cha mẹ có kế hoạch điều chỉnh cách chăm sóc, nuôi dạy phù hợp và hiệu quả. Theo tài liệu, quá trình đánh giá sự phát triển của trẻ nên được thực hiện bởi một nhóm có thể bao gồm: bác sĩ nhi khoa, nhà thính học, nhà tâm lý học trẻ em, nhà trị liệu vật lý, cùng những người khác, để có được bức tranh toàn cảnh về các kỹ năng của trẻ. Bé nên được quan sát trong một số môi trường với những người khác nhau để có được bức tranh toàn cảnh về cách trẻ chơi, học, di chuyển, tương tác, v.v. Quá trình này cần xác định điểm mạnh và điểm yếu của trẻ. Cha mẹ và các chuyên gia nên làm việc cùng nhau để đánh giá sự phát triển của trẻ. Thông tin và ý kiến của cha mẹ rất quan trọng trong việc xác định xem bé đang thực sự như thế nào. Bé cần được đánh giá lại thường xuyên để đảm bảo sự phát triển toàn diện của trẻ cả về thể chất, tâm thần và vận động.",1,5,4,2665,6123,0.1704918032786885,61.72873460000119,Đánh giá sự phát triển của trẻ như thế nào.docx | Đánh giá sự phát triển của trẻ như thế nào.docx | data_store\pdf\1445371_Improving-the-quality-and-care-of-....pdf | Đánh giá sự phát triển của trẻ như thế nào.docx,
Q008,KB1,96,1000,"Em bị đau núm vú quá, có cách nào để bớt đau khi cho con bú không?","Tình trạng đau núm vú thường ổn định trong tuần thứ 2, bạn có thể dùng chính sữa mẹ bôi lên để làm dịu núm vú.",1445371_Improving-the-quality-and-care-of,"Mẹ đang cho con bú có thể giảm đau núm vú bằng cách: - Chăm sóc và nghỉ ngơi nhiều - Có một chế độ ăn uống lành mạnh, cân đối - Tránh để cho ngực lúc nào cũng trong tình trạng căng, tắc sữa - Cho trẻ bú từng bên một, nếu trẻ bú không hết phải vắt bỏ sữa thừa, tránh ứ đọng sữa - Thay đổi vị trí cho con bú, không sử dụng vú như một núm vú giả Nếu sau khi thử các biện pháp trên trong vòng 24 giờ, các triệu chứng không cải thiện, mẹ cần được khám và điều trị.",1,5,2,680,1560,0.1085271317829457,1.1692231999986689,data_store\pdf\d3fa1053-wp8-postpartum-care-handbook-viet.pdf | data_store\pdf\d3fa1053-wp8-postpartum-care-handbook-viet.pdf,
Q008,KB1,96,1500,"Em bị đau núm vú quá, có cách nào để bớt đau khi cho con bú không?","Tình trạng đau núm vú thường ổn định trong tuần thứ 2, bạn có thể dùng chính sữa mẹ bôi lên để làm dịu núm vú.",1445371_Improving-the-quality-and-care-of,"Mẹ đang cho con bú có thể giảm đau núm vú bằng cách: - Nhỏ vài giọt sữa mẹ lên cổ núm vú và massage nhẹ nhàng các vùng xung quanh. Mỗi ngày thực hiện 3-5 lần. - Sử dụng thuốc bôi theo chỉ định cho cả mẹ và con. - Đảm bảo mặc áo ngực phù hợp. Thông tin này được nêu trong tài liệu ""43 - Cho con bú không đúng tư thế gây tổn thương đầu vú mẹ"" (TÀI LIỆU id=""3"").",1,5,4,1415,3248,0.1481481481481481,1.195009900000514,data_store\pdf\d3fa1053-wp8-postpartum-care-handbook-viet.pdf | data_store\pdf\d3fa1053-wp8-postpartum-care-handbook-viet.pdf | data_store\pdf\d3fa1053-wp8-postpartum-care-handbook-viet.pdf | data_store\pdf\dvcsskss_48201712.pdf,
Q008,KB1,96,2200,"Em bị đau núm vú quá, có cách nào để bớt đau khi cho con bú không?","Tình trạng đau núm vú thường ổn định trong tuần thứ 2, bạn có thể dùng chính sữa mẹ bôi lên để làm dịu núm vú.",1445371_Improving-the-quality-and-care-of,"Mẹ đang cho con bú có thể giảm đau núm vú bằng các cách sau: - Nhỏ vài giọt sữa mẹ lên cổ núm vú và massage nhẹ nhàng các vùng xung quanh. Mỗi ngày thực hiện 3-5 lần. - Sử dụng thuốc bôi theo chỉ định cho cả mẹ và con. - Đảm bảo mặc áo ngực phù hợp. Thông tin này được dựa trên tài liệu ""43 - Cho con bú không đúng tư thế gây tổn thương đầu vú mẹ"" trong kho tài liệu.",1,5,5,1684,3865,0.1454545454545454,1.344916000000012,data_store\pdf\d3fa1053-wp8-postpartum-care-handbook-viet.pdf | data_store\pdf\d3fa1053-wp8-postpartum-care-handbook-viet.pdf | data_store\pdf\d3fa1053-wp8-postpartum-care-handbook-viet.pdf | data_store\pdf\dvcsskss_48201712.pdf | data_store\pdf\Tài liệu khóa học Nuôi con bằng sữa mẹ.pdf,
Q008,KB1,96,3000,"Em bị đau núm vú quá, có cách nào để bớt đau khi cho con bú không?","Tình trạng đau núm vú thường ổn định trong tuần thứ 2, bạn có thể dùng chính sữa mẹ bôi lên để làm dịu núm vú.",1445371_Improving-the-quality-and-care-of,"Mẹ đang cho con bú có thể giảm đau núm vú bằng các cách sau: - Nhỏ vài giọt sữa mẹ lên cổ núm vú và massage nhẹ nhàng các vùng xung quanh. Mỗi ngày thực hiện 3-5 lần. - Sử dụng thuốc bôi theo chỉ định cho cả mẹ và con. - Đảm bảo mặc áo ngực phù hợp. Thông tin này được dựa trên tài liệu ""43 - Cho con bú không đúng tư thế gây tổn thương đầu vú mẹ"" trong kho tài liệu.",1,5,5,1684,3865,0.1454545454545454,1.110233599998537,data_store\pdf\d3fa1053-wp8-postpartum-care-handbook-viet.pdf | data_store\pdf\d3fa1053-wp8-postpartum-care-handbook-viet.pdf | data_store\pdf\d3fa1053-wp8-postpartum-care-handbook-viet.pdf | data_store\pdf\dvcsskss_48201712.pdf | data_store\pdf\Tài liệu khóa học Nuôi con bằng sữa mẹ.pdf,
Q009,KB1,268,1000,"Em nghe nói sau sinh không nên ngồi xổm lâu hoặc rặn mạnh khi đi vệ sinh để tránh sa tử cung, có đúng không?","Đúng, việc ngồi xổm kéo dài hoặc rặn mạnh khi đại tiện gây áp lực lớn lên vùng sàn chậu đang tổn thương, làm tăng nguy cơ tử cung bị sa xuống thấp. Nên thay đổi chế độ ăn với nhiều chất xơ, uống nhiều nước hoặc ăn các món ăn giúp hỗ trợ nhuận tràng;",Phòng ngừa sa tử cung sau sinh.docx,"Sau sinh, mẹ nên tránh ngồi xổm lâu hoặc rặn mạnh khi đi vệ sinh để tránh sa tử cung không. Trả lời: Không. Mẹ nên tránh đi lại nhiều, tránh ngồi xổm, nhấc vật nặng trong tuần đầu sau sinh để tránh sa tử cung.",1,5,1,680,1562,0.196078431372549,1.028608799999347,Hướng Dẫn Chăm Sóc Vết May Tầng Sinh Môn Sau Sinh Thường.docx,
Q009,KB1,268,1500,"Em nghe nói sau sinh không nên ngồi xổm lâu hoặc rặn mạnh khi đi vệ sinh để tránh sa tử cung, có đúng không?","Đúng, việc ngồi xổm kéo dài hoặc rặn mạnh khi đại tiện gây áp lực lớn lên vùng sàn chậu đang tổn thương, làm tăng nguy cơ tử cung bị sa xuống thấp. Nên thay đổi chế độ ăn với nhiều chất xơ, uống nhiều nước hoặc ăn các món ăn giúp hỗ trợ nhuận tràng;",Phòng ngừa sa tử cung sau sinh.docx,"Sau sinh, mẹ nên tránh ngồi xổm lâu hoặc rặn mạnh khi đi vệ sinh để tránh sa tử cung không? Không. Mẹ nên tránh đi lại nhiều, tránh ngồi xổm, nhấc vật nặng trong tuần đầu sau sinh để tránh sa tử cung.",1,5,2,1341,3081,0.2,1.0509936999987983,Hướng Dẫn Chăm Sóc Vết May Tầng Sinh Môn Sau Sinh Thường.docx | Phòng ngừa sa tử cung sau sinh.docx,
Q009,KB1,268,2200,"Em nghe nói sau sinh không nên ngồi xổm lâu hoặc rặn mạnh khi đi vệ sinh để tránh sa tử cung, có đúng không?","Đúng, việc ngồi xổm kéo dài hoặc rặn mạnh khi đại tiện gây áp lực lớn lên vùng sàn chậu đang tổn thương, làm tăng nguy cơ tử cung bị sa xuống thấp. Nên thay đổi chế độ ăn với nhiều chất xơ, uống nhiều nước hoặc ăn các món ăn giúp hỗ trợ nhuận tràng;",Phòng ngừa sa tử cung sau sinh.docx,"Sau sinh, mẹ nên tránh ngồi xổm lâu hoặc rặn mạnh khi đi vệ sinh để tránh sa tử cung không? Có. Mẹ nên tránh đi lại nhiều, tránh ngồi xổm, nhấc vật nặng trong tuần đầu sau sinh. Khi ngồi nên chọn ghế mềm hoặc dùng gối donut để giảm áp lực lên vùng tầng sinh môn.",1,5,3,2115,4859,0.1929824561403508,61.4939474999992,Hướng Dẫn Chăm Sóc Vết May Tầng Sinh Môn Sau Sinh Thường.docx | Phòng ngừa sa tử cung sau sinh.docx | Phòng ngừa sa tử cung sau sinh.docx,
Q009,KB1,268,3000,"Em nghe nói sau sinh không nên ngồi xổm lâu hoặc rặn mạnh khi đi vệ sinh để tránh sa tử cung, có đúng không?","Đúng, việc ngồi xổm kéo dài hoặc rặn mạnh khi đại tiện gây áp lực lớn lên vùng sàn chậu đang tổn thương, làm tăng nguy cơ tử cung bị sa xuống thấp. Nên thay đổi chế độ ăn với nhiều chất xơ, uống nhiều nước hoặc ăn các món ăn giúp hỗ trợ nhuận tràng;",Phòng ngừa sa tử cung sau sinh.docx,"Sau sinh, mẹ nên tránh ngồi xổm lâu hoặc rặn mạnh khi đi vệ sinh để tránh sa tử cung không? Có. Mẹ nên chọn ghế mềm hoặc dùng gối donut để giảm áp lực lên vùng tầng sinh môn. Ngoài ra, mẹ cũng nên tránh đi lại nhiều, tránh ngồi xổm, nhấc vật nặng trong tuần đầu sau sinh.",1,5,4,2705,6215,0.2068965517241379,1.2815988000002108,Hướng Dẫn Chăm Sóc Vết May Tầng Sinh Môn Sau Sinh Thường.docx | Phòng ngừa sa tử cung sau sinh.docx | Phòng ngừa sa tử cung sau sinh.docx | Hướng dẫn chăm sóc mẹ sau sinh thường.docx,
Q010,KB1,128,1000,Em nghe nói gây tê ngoài màng cứng cũng làm mình bị bí tiểu lâu hơn phải không ạ?,"Đúng, gây tê ngoài màng cứng có thể làm giảm cảm giác bụng dưới tới 8 giờ, ảnh hưởng tạm thời đến chức năng bàng quang.",Sổ tay 4Steps - Trang 18,"Gây tê ngoài màng cứng có thể làm gi ảm c ảm giác bụng dư ới t ới 8 gi ờ, t ừ đó ảnh hư ởng t ạm th ời đ ến bàng quang.",1,5,1,389,894,0.4590163934426229,1.010548700000072,data_store\pdf\d3fa1053-wp8-postpartum-care-handbook-viet.pdf,
Q010,KB1,128,1500,Em nghe nói gây tê ngoài màng cứng cũng làm mình bị bí tiểu lâu hơn phải không ạ?,"Đúng, gây tê ngoài màng cứng có thể làm giảm cảm giác bụng dưới tới 8 giờ, ảnh hưởng tạm thời đến chức năng bàng quang.",Sổ tay 4Steps - Trang 18,"Gây tê ngoài màng cứng có thể làm gi ảm cảm giác bụng dư ới t ới 8 gi ờ, t ừ đó ảnh hư ởng t ạm th ời đ ến bàng quang.",1,5,2,1183,2720,0.5,1.0500643999985186,data_store\pdf\d3fa1053-wp8-postpartum-care-handbook-viet.pdf | data_store\pdf\dvcsskss_48201712.pdf,
Q010,KB1,128,2200,Em nghe nói gây tê ngoài màng cứng cũng làm mình bị bí tiểu lâu hơn phải không ạ?,"Đúng, gây tê ngoài màng cứng có thể làm giảm cảm giác bụng dưới tới 8 giờ, ảnh hưởng tạm thời đến chức năng bàng quang.",Sổ tay 4Steps - Trang 18,"Gây tê ngoài màng cứng có thể làm giãn cảm giác bụng dư dưới tới 8 giờ, từ đó ảnh hưởng tạm thời đến bàng quang. Ngoài ra, khi bị bí tiểu, động tác thông tiểu nhiều lần có thể gây viêm bàng quang, làm cho triệu chứng bí tiểu thể hiện rõ. Vì vậy, gây tê ngoài màng cứng có thể gây bí tiểu lâu hơn.",1,5,3,1893,4351,0.4731182795698925,1.3922626999992644,data_store\pdf\d3fa1053-wp8-postpartum-care-handbook-viet.pdf | data_store\pdf\dvcsskss_48201712.pdf | Bo_De_Me_Va_Be.xlsx,
Q010,KB1,128,3000,Em nghe nói gây tê ngoài màng cứng cũng làm mình bị bí tiểu lâu hơn phải không ạ?,"Đúng, gây tê ngoài màng cứng có thể làm giảm cảm giác bụng dưới tới 8 giờ, ảnh hưởng tạm thời đến chức năng bàng quang.",Sổ tay 4Steps - Trang 18,"Gây tê ngoài màng cứng có thể gây bí tiểu lâu hơn không? Có. Gây tê ngoài màng cứng có thể làm giãn tĩnh mạch bàng quang, dẫn đến bí tiểu lâu hơn.",1,5,5,2949,6779,0.3389830508474576,61.36586239999997,data_store\pdf\d3fa1053-wp8-postpartum-care-handbook-viet.pdf | data_store\pdf\dvcsskss_48201712.pdf | Bo_De_Me_Va_Be.xlsx | Bo_De_Me_Va_Be.xlsx | Bo_De_Me_Va_Be.xlsx,
Q011,KB1,11,1000,Cách xử trí tại nhà khi trẻ sơ sinh bị sốt cao?,"Lau người bằng khăn ấm, đắp khăn ấm để hạ nhiệt và đưa ngay đến cơ sở y tế.",viendinhduong_nuoi_duong_cham_soc_tre_so_sinh.pdf,"⚠️ Nội dung câu hỏi có dấu hiệu cần được đánh giá y tế trực tiếp. Mẹ không nên tự xử lý tại nhà. Vui lòng liên hệ cơ sở y tế, bác sĩ hoặc gọi 115 nếu tình trạng khẩn cấp.",1,5,2,696,1597,0.1333333333333333,0.9724048000007316,Bo_De_Me_Va_Be.xlsx | Bo_De_Me_Va_Be.xlsx,
Q011,KB1,11,1500,Cách xử trí tại nhà khi trẻ sơ sinh bị sốt cao?,"Lau người bằng khăn ấm, đắp khăn ấm để hạ nhiệt và đưa ngay đến cơ sở y tế.",viendinhduong_nuoi_duong_cham_soc_tre_so_sinh.pdf,"⚠️ Nội dung câu hỏi có dấu hiệu cần được đánh giá y tế trực tiếp. Mẹ không nên tự xử lý tại nhà. Vui lòng liên hệ cơ sở y tế, bác sĩ hoặc gọi 115 nếu tình trạng khẩn cấp.",1,5,4,1413,3245,0.1333333333333333,1.1499297000009392,Bo_De_Me_Va_Be.xlsx | Bo_De_Me_Va_Be.xlsx | Hạ thân nhiệt ở trẻ sơ sinh.docx | Bo_De_Me_Va_Be.xlsx,
Q011,KB1,11,2200,Cách xử trí tại nhà khi trẻ sơ sinh bị sốt cao?,"Lau người bằng khăn ấm, đắp khăn ấm để hạ nhiệt và đưa ngay đến cơ sở y tế.",viendinhduong_nuoi_duong_cham_soc_tre_so_sinh.pdf,"⚠️ Nội dung câu hỏi có dấu hiệu cần được đánh giá y tế trực tiếp. Mẹ không nên tự xử lý tại nhà. Vui lòng liên hệ cơ sở y tế, bác sĩ hoặc gọi 115 nếu tình trạng khẩn cấp.",1,5,5,2175,4996,0.1333333333333333,1.118090600000869,Bo_De_Me_Va_Be.xlsx | Bo_De_Me_Va_Be.xlsx | Hạ thân nhiệt ở trẻ sơ sinh.docx | Bo_De_Me_Va_Be.xlsx | data_store\pdf\dvcsskss_48201712.pdf,
Q011,KB1,11,3000,Cách xử trí tại nhà khi trẻ sơ sinh bị sốt cao?,"Lau người bằng khăn ấm, đắp khăn ấm để hạ nhiệt và đưa ngay đến cơ sở y tế.",viendinhduong_nuoi_duong_cham_soc_tre_so_sinh.pdf,"⚠️ Nội dung câu hỏi có dấu hiệu cần được đánh giá y tế trực tiếp. Mẹ không nên tự xử lý tại nhà. Vui lòng liên hệ cơ sở y tế, bác sĩ hoặc gọi 115 nếu tình trạng khẩn cấp.",1,5,5,2175,4996,0.1333333333333333,61.2402030000012,Bo_De_Me_Va_Be.xlsx | Bo_De_Me_Va_Be.xlsx | Hạ thân nhiệt ở trẻ sơ sinh.docx | Bo_De_Me_Va_Be.xlsx | data_store\pdf\dvcsskss_48201712.pdf,
Q012,KB1,363,1000,Bệnh thủy đậu ở trẻ nhỏ là như thế nào?,"Thủy đậu (bệnh trái rạ) là bệnh nhiễm trùng cấp tính do virus varicella-zoster gây ra. Bệnh có khả năng lây lan nhanh chóng, tạo dịch thủy đậu thông qua tiếp xúc trực tiếp với giọt bắn có chứa virus gây bệnh được người bệnh phát tán ra không khí khi hắt hơi, ho, nói chuyện hoặc do tiếp xúc với dịch tiết từ các vết loét do thủy đậu. Bệnh thường sẽ bắt đầu và kết thúc trong khoảng 5-10 ngày với triệu chứng đặc trưng là sự xuất hiện của các vết phồng rộp đỏ, ngứa, bị nổ và trở thành vẩy khổ. Thông thường bệnh thủy đậu ở trẻ không gây ra các biến chứng nghiêm trọng. Tuy nhiên, trong một số trường hợp bệnh có thể gây nhiễm trùng da, nhiễm trùng phổi. Theo thống kê, thủy đậu có nguy cơ xảy ra cao ở trẻ dưới 15 tuổi. Trẻ dưới 12 tháng tuổi sau khi mắc bệnh thủy đậu sẽ có nguy cơ mắc bệnh zona về sao cao hơn 4.5 lần so với những đứa trẻ khác.",qa_me_bim_sau_sinh_100.csv.xlsx,Bệnh thủy đậu ở trẻ nhỏ là bệnh nhiễm trùng cấp tính do virus varicella-zoster gây ra.,1,5,3,967,2222,0.1372549019607843,0.8756995000003371,qa_me_bim_sau_sinh_100.xlsx | Bo_De_Me_Va_Be.xlsx | Bo_De_Me_Va_Be.xlsx,
Q012,KB1,363,1500,Bệnh thủy đậu ở trẻ nhỏ là như thế nào?,"Thủy đậu (bệnh trái rạ) là bệnh nhiễm trùng cấp tính do virus varicella-zoster gây ra. Bệnh có khả năng lây lan nhanh chóng, tạo dịch thủy đậu thông qua tiếp xúc trực tiếp với giọt bắn có chứa virus gây bệnh được người bệnh phát tán ra không khí khi hắt hơi, ho, nói chuyện hoặc do tiếp xúc với dịch tiết từ các vết loét do thủy đậu. Bệnh thường sẽ bắt đầu và kết thúc trong khoảng 5-10 ngày với triệu chứng đặc trưng là sự xuất hiện của các vết phồng rộp đỏ, ngứa, bị nổ và trở thành vẩy khổ. Thông thường bệnh thủy đậu ở trẻ không gây ra các biến chứng nghiêm trọng. Tuy nhiên, trong một số trường hợp bệnh có thể gây nhiễm trùng da, nhiễm trùng phổi. Theo thống kê, thủy đậu có nguy cơ xảy ra cao ở trẻ dưới 15 tuổi. Trẻ dưới 12 tháng tuổi sau khi mắc bệnh thủy đậu sẽ có nguy cơ mắc bệnh zona về sao cao hơn 4.5 lần so với những đứa trẻ khác.",qa_me_bim_sau_sinh_100.csv.xlsx,Bệnh thủy đậu ở trẻ nhỏ là bệnh nhiễm trùng cấp tính do virus varicella-zoster gây ra.,1,5,3,967,2222,0.1372549019607843,0.8361683000002813,qa_me_bim_sau_sinh_100.xlsx | Bo_De_Me_Va_Be.xlsx | Bo_De_Me_Va_Be.xlsx,
Q012,KB1,363,2200,Bệnh thủy đậu ở trẻ nhỏ là như thế nào?,"Thủy đậu (bệnh trái rạ) là bệnh nhiễm trùng cấp tính do virus varicella-zoster gây ra. Bệnh có khả năng lây lan nhanh chóng, tạo dịch thủy đậu thông qua tiếp xúc trực tiếp với giọt bắn có chứa virus gây bệnh được người bệnh phát tán ra không khí khi hắt hơi, ho, nói chuyện hoặc do tiếp xúc với dịch tiết từ các vết loét do thủy đậu. Bệnh thường sẽ bắt đầu và kết thúc trong khoảng 5-10 ngày với triệu chứng đặc trưng là sự xuất hiện của các vết phồng rộp đỏ, ngứa, bị nổ và trở thành vẩy khổ. Thông thường bệnh thủy đậu ở trẻ không gây ra các biến chứng nghiêm trọng. Tuy nhiên, trong một số trường hợp bệnh có thể gây nhiễm trùng da, nhiễm trùng phổi. Theo thống kê, thủy đậu có nguy cơ xảy ra cao ở trẻ dưới 15 tuổi. Trẻ dưới 12 tháng tuổi sau khi mắc bệnh thủy đậu sẽ có nguy cơ mắc bệnh zona về sao cao hơn 4.5 lần so với những đứa trẻ khác.",qa_me_bim_sau_sinh_100.csv.xlsx,Bệnh thủy đậu ở trẻ nhỏ là bệnh nhiễm trùng cấp tính do virus varicella-zoster gây ra.,1,5,4,1641,3770,0.1372549019607843,1.01608909999959,qa_me_bim_sau_sinh_100.xlsx | Bo_De_Me_Va_Be.xlsx | Bo_De_Me_Va_Be.xlsx | Bo_De_Me_Va_Be.xlsx,
Q012,KB1,363,3000,Bệnh thủy đậu ở trẻ nhỏ là như thế nào?,"Thủy đậu (bệnh trái rạ) là bệnh nhiễm trùng cấp tính do virus varicella-zoster gây ra. Bệnh có khả năng lây lan nhanh chóng, tạo dịch thủy đậu thông qua tiếp xúc trực tiếp với giọt bắn có chứa virus gây bệnh được người bệnh phát tán ra không khí khi hắt hơi, ho, nói chuyện hoặc do tiếp xúc với dịch tiết từ các vết loét do thủy đậu. Bệnh thường sẽ bắt đầu và kết thúc trong khoảng 5-10 ngày với triệu chứng đặc trưng là sự xuất hiện của các vết phồng rộp đỏ, ngứa, bị nổ và trở thành vẩy khổ. Thông thường bệnh thủy đậu ở trẻ không gây ra các biến chứng nghiêm trọng. Tuy nhiên, trong một số trường hợp bệnh có thể gây nhiễm trùng da, nhiễm trùng phổi. Theo thống kê, thủy đậu có nguy cơ xảy ra cao ở trẻ dưới 15 tuổi. Trẻ dưới 12 tháng tuổi sau khi mắc bệnh thủy đậu sẽ có nguy cơ mắc bệnh zona về sao cao hơn 4.5 lần so với những đứa trẻ khác.",qa_me_bim_sau_sinh_100.csv.xlsx,Bệnh thủy đậu ở trẻ nhỏ là bệnh nhiễm trùng cấp tính do virus varicella-zoster gây ra.,1,5,5,2346,5390,0.1372549019607843,61.45736609999949,qa_me_bim_sau_sinh_100.xlsx | Bo_De_Me_Va_Be.xlsx | Bo_De_Me_Va_Be.xlsx | Bo_De_Me_Va_Be.xlsx | Bo_De_Me_Va_Be.xlsx,
Q013,KB1,58,1000,Phụ nữ Châu Á mang thai nên tăng bao nhiêu kg là hợp lý?,Mức tăng cân trung bình nên đạt từ 10 - 12 kg.,Tài liệu khóa học Nuôi con bằng sữa mẹ.pdf,"Theo khuyến cáo của Tổ chức Y tế Thế giới (WHO), phụ nữ Châu Á mang thai nên tăng khoảng 10 - 12,5 kg trong thai kỳ.",1,5,2,961,2207,0.2105263157894736,1.0070785000007163,data_store\pdf\Tài liệu khóa học Nuôi con bằng sữa mẹ.pdf | Bo_De_Me_Va_Be.xlsx,
Q013,KB1,58,1500,Phụ nữ Châu Á mang thai nên tăng bao nhiêu kg là hợp lý?,Mức tăng cân trung bình nên đạt từ 10 - 12 kg.,Tài liệu khóa học Nuôi con bằng sữa mẹ.pdf,"Theo khuyến cáo của Tổ chức Y tế Thế giới (WHO), phụ nữ Châu Á mang thai nên tăng khoảng 10 - 12,5 kg trong thai kỳ.",1,5,2,961,2207,0.2105263157894736,1.0559565000003204,data_store\pdf\Tài liệu khóa học Nuôi con bằng sữa mẹ.pdf | Bo_De_Me_Va_Be.xlsx,
Q013,KB1,58,2200,Phụ nữ Châu Á mang thai nên tăng bao nhiêu kg là hợp lý?,Mức tăng cân trung bình nên đạt từ 10 - 12 kg.,Tài liệu khóa học Nuôi con bằng sữa mẹ.pdf,"Theo tiêu chuẩn quốc tế, mức tăng cân trung bình của phụ nữ Châu Á nên là 10-12kg.",1,5,3,1668,3832,0.4666666666666667,1.1032245000005787,data_store\pdf\Tài liệu khóa học Nuôi con bằng sữa mẹ.pdf | Bo_De_Me_Va_Be.xlsx | Bo_De_Me_Va_Be.xlsx,
Q013,KB1,58,3000,Phụ nữ Châu Á mang thai nên tăng bao nhiêu kg là hợp lý?,Mức tăng cân trung bình nên đạt từ 10 - 12 kg.,Tài liệu khóa học Nuôi con bằng sữa mẹ.pdf,"Theo Tổ chức Y tế Thế giới, phụ nữ Châu Á mang thai nên tăng khoảng 10-12,5 kg trong thai kỳ.",1,5,4,2352,5403,0.2352941176470588,1.1387551999996504,data_store\pdf\Tài liệu khóa học Nuôi con bằng sữa mẹ.pdf | Bo_De_Me_Va_Be.xlsx | Bo_De_Me_Va_Be.xlsx | Bo_De_Me_Va_Be.xlsx,
Q014,KB1,74,1000,Những thực phẩm nào mẹ mang thai nên dùng để cung cấp năng lượng?,"Gạo, mì, ngô, khoai, sắn và các chế phẩm từ nó.",Tài liệu khóa học Nuôi con bằng sữa mẹ.pdf,MomCare chưa tìm thấy đủ thông tin trong kho tài liệu để trả lời câu hỏi này.,1,5,1,795,1827,0.0,1.0226457999997365,data_store\pdf\quyet_dinh_hd_an_bo_sung.pdf,
Q014,KB1,74,1500,Những thực phẩm nào mẹ mang thai nên dùng để cung cấp năng lượng?,"Gạo, mì, ngô, khoai, sắn và các chế phẩm từ nó.",Tài liệu khóa học Nuôi con bằng sữa mẹ.pdf,MomCare chưa tìm thấy đủ thông tin trong kho tài liệu để trả lời câu hỏi này.,1,5,1,795,1827,0.0,1.0242710000002262,data_store\pdf\quyet_dinh_hd_an_bo_sung.pdf,
Q014,KB1,74,2200,Những thực phẩm nào mẹ mang thai nên dùng để cung cấp năng lượng?,"Gạo, mì, ngô, khoai, sắn và các chế phẩm từ nó.",Tài liệu khóa học Nuôi con bằng sữa mẹ.pdf,MomCare chưa tìm thấy đủ thông tin trong kho tài liệu để trả lời câu hỏi này.,1,5,2,1591,3656,0.0,0.9837946999996348,data_store\pdf\quyet_dinh_hd_an_bo_sung.pdf | data_store\pdf\quyet_dinh_hd_an_bo_sung.pdf,
Q014,KB1,74,3000,Những thực phẩm nào mẹ mang thai nên dùng để cung cấp năng lượng?,"Gạo, mì, ngô, khoai, sắn và các chế phẩm từ nó.",Tài liệu khóa học Nuôi con bằng sữa mẹ.pdf,"Mẹ mang thai cần bổ sung năng lượng từ thực phẩm giàu chất đạm, chất béo và chất bột đường, cũng như các loại thức ăn chế biến từ ngũ cốc (bột, cháo) để cung cấp chất bột đường.",1,5,4,2887,6635,0.16,61.71733889999996,data_store\pdf\quyet_dinh_hd_an_bo_sung.pdf | data_store\pdf\quyet_dinh_hd_an_bo_sung.pdf | data_store\pdf\HƯỚNG DẪN QUỐC GIA DINH DƯỠNG CHO PHỤ NỮ CÓ THAI VÀ BF MẸ CHO CON BÚ.pdf | data_store\pdf\quyet_dinh_hd_an_bo_sung.pdf,
Q015,KB1,134,1000,Em thấy sản dịch có màu đen sậm và mùi hôi kèm sốt nhẹ là dấu hiệu gì ạ?,"Đây có thể là dấu hiệu của bế sản dịch hoặc viêm nội mạc tử cung, bạn cần được bác sĩ kiểm tra ngay.",Sổ tay 4Steps - Trang 24,"Dấu hiệu sản dịch màu đen sậm và mùi hôi kèm sốt nhẹ có thể là dấu hiệu của bệnh lý sau sinh, cụ thể là: - Bế sản dịch hoặc Viêm nội mạc tử cung - Sốt nhẹ - Cảm giác căng tức và đau vùng hạ vị - Âm đạo ra ít sản dịch và kèm mùi hôi - Khi sờ vào bụng thì thấy cứng và có cục - Khám cổ tử cung thì thấy bị đóng kín, khi dùng tay nong cổ tử cung kiểm tra thì thấy sản dịch ra có màu đen sậm kèm với mùi hôi - Cảm thấy đau nhiều khi ấn cổ tử cung Lưu ý: Nếu bạn có các biểu hiện bất thường này, cần phải chú ý và tham khảo ý kiến của bác sĩ để được chẩn đoán và điều trị kịp thời. *Lưu ý: Mẹ nên đưa bé đến cơ sở y tế để được thăm khám trực tiếp.*",1,5,3,972,2231,0.2122905027932961,1.3610773000000336,data_store\pdf\d3fa1053-wp8-postpartum-care-handbook-viet.pdf | data_store\pdf\d3fa1053-wp8-postpartum-care-handbook-viet.pdf | Bo_De_Me_Va_Be.xlsx,
Q015,KB1,134,1500,Em thấy sản dịch có màu đen sậm và mùi hôi kèm sốt nhẹ là dấu hiệu gì ạ?,"Đây có thể là dấu hiệu của bế sản dịch hoặc viêm nội mạc tử cung, bạn cần được bác sĩ kiểm tra ngay.",Sổ tay 4Steps - Trang 24,Dấu hiệu sản dịch màu đen sậm và mùi hôi kèm sốt nhẹ có thể là dấu hiệu của nhiễm trùng trong tử cung hoặc bị nhiễm khuẩn do rách tầng sinh môn.,1,5,4,1345,3088,0.2807017543859649,1.2478849999988595,data_store\pdf\d3fa1053-wp8-postpartum-care-handbook-viet.pdf | data_store\pdf\d3fa1053-wp8-postpartum-care-handbook-viet.pdf | Bo_De_Me_Va_Be.xlsx | data_store\pdf\d3fa1053-wp8-postpartum-care-handbook-viet.pdf,
Q015,KB1,134,2200,Em thấy sản dịch có màu đen sậm và mùi hôi kèm sốt nhẹ là dấu hiệu gì ạ?,"Đây có thể là dấu hiệu của bế sản dịch hoặc viêm nội mạc tử cung, bạn cần được bác sĩ kiểm tra ngay.",Sổ tay 4Steps - Trang 24,Dấu hiệu sản dịch màu đen sậm và mùi hôi kèm sốt nhẹ có thể là dấu hiệu của nhiễm khuẩn sản dịch hoặc viêm nội mạc tử cung.,1,5,5,2057,4725,0.5283018867924529,1.1569771000013134,data_store\pdf\d3fa1053-wp8-postpartum-care-handbook-viet.pdf | data_store\pdf\d3fa1053-wp8-postpartum-care-handbook-viet.pdf | Bo_De_Me_Va_Be.xlsx | data_store\pdf\d3fa1053-wp8-postpartum-care-handbook-viet.pdf | data_store\pdf\quyet_dinh_hd_an_bo_sung.pdf,
Q015,KB1,134,3000,Em thấy sản dịch có màu đen sậm và mùi hôi kèm sốt nhẹ là dấu hiệu gì ạ?,"Đây có thể là dấu hiệu của bế sản dịch hoặc viêm nội mạc tử cung, bạn cần được bác sĩ kiểm tra ngay.",Sổ tay 4Steps - Trang 24,Dấu hiệu sản dịch màu đen sậm và mùi hôi kèm sốt nhẹ có thể là dấu hiệu của nhiễm khuẩn sản dịch hoặc viêm nội mạc tử cung.,1,5,5,2057,4725,0.5283018867924529,1.1367363999997906,data_store\pdf\d3fa1053-wp8-postpartum-care-handbook-viet.pdf | data_store\pdf\d3fa1053-wp8-postpartum-care-handbook-viet.pdf | Bo_De_Me_Va_Be.xlsx | data_store\pdf\d3fa1053-wp8-postpartum-care-handbook-viet.pdf | data_store\pdf\quyet_dinh_hd_an_bo_sung.pdf,
Q016,KB1,44,1000,Thời gian bảo quản sữa mẹ trong ngăn đá tủ lạnh (-18 đến -20°C)?,Tốt nhất trong 6 tháng và có thể lên tới 12 tháng.,Tài liệu khóa học Nuôi con bằng sữa mẹ.pdf,Sữa mẹ có thể bảo quản trong ngăn đá tủ lạnh trong thời gian tối đa 6 tháng.,1,5,2,917,2106,0.2,1.034120399999665,data_store\pdf\Tài liệu khóa học Nuôi con bằng sữa mẹ.pdf | Bảo quản sữa mẹ đã vắt như thế nào.docx,
Q016,KB1,44,1500,Thời gian bảo quản sữa mẹ trong ngăn đá tủ lạnh (-18 đến -20°C)?,Tốt nhất trong 6 tháng và có thể lên tới 12 tháng.,Tài liệu khóa học Nuôi con bằng sữa mẹ.pdf,Sữa mẹ có thể bảo quản trong ngăn đá tủ lạnh trong thời gian tối đa 6 tháng.,1,5,2,917,2106,0.2,1.00727150000057,data_store\pdf\Tài liệu khóa học Nuôi con bằng sữa mẹ.pdf | Bảo quản sữa mẹ đã vắt như thế nào.docx,
Q016,KB1,44,2200,Thời gian bảo quản sữa mẹ trong ngăn đá tủ lạnh (-18 đến -20°C)?,Tốt nhất trong 6 tháng và có thể lên tới 12 tháng.,Tài liệu khóa học Nuôi con bằng sữa mẹ.pdf,Sữa mẹ có thể bảo quản trong ngăn đá tủ lạnh trong thời gian tối đa 6 tháng.,1,5,4,2147,4933,0.2,61.39676309999959,data_store\pdf\Tài liệu khóa học Nuôi con bằng sữa mẹ.pdf | Bảo quản sữa mẹ đã vắt như thế nào.docx | Bảo quản sữa mẹ đã vắt như thế nào.docx | data_store\pdf\d3fa1053-wp8-postpartum-care-handbook-viet.pdf,
Q016,KB1,44,3000,Thời gian bảo quản sữa mẹ trong ngăn đá tủ lạnh (-18 đến -20°C)?,Tốt nhất trong 6 tháng và có thể lên tới 12 tháng.,Tài liệu khóa học Nuôi con bằng sữa mẹ.pdf,Sữa mẹ có thể bảo quản trong ngăn đá tủ lạnh trong thời gian tối đa 6 tháng.,1,5,5,2826,6494,0.2,1.2076003999991372,data_store\pdf\Tài liệu khóa học Nuôi con bằng sữa mẹ.pdf | Bảo quản sữa mẹ đã vắt như thế nào.docx | Bảo quản sữa mẹ đã vắt như thế nào.docx | data_store\pdf\d3fa1053-wp8-postpartum-care-handbook-viet.pdf | Bo_De_Me_Va_Be.xlsx,
Q017,KB1,280,1000,"em thấy trên thị trường có nhiều loại tã quá, làm sao để em chọn được loại tã giấy vừa vặn và thoải mái nhất cho bé nhà em ạ?","Cách chọn bỉm cho trẻ theo độ tuổi: • Trẻ sơ sinh: Trong khoảng 3 ngày đầu, trẻ sẽ đi phân su màu đen với số lượng không nhiều. Những ngày tiếp theo trẻ đi tè và ị nhiều hơn. Mẹ có thể đóng tã giấy, hoặc dùng miếng lót phân su và mặc cùng với tã quần cho bé. • Trẻ 1 - 2 tháng: Bé sẽ đi vệ sinh rất nhiều, mỗi ngày từ 8 - 10 lần. Do trẻ bú nhiều hơn, phân cũng lỏng chứ không chặt như ban đầu. Ban ngày mẹ có thể dùng tã giấy, ban đêm thay tã quần để phân và nước tiểu không bị tràn, giúp con thoải mái hơn. • Từ 3 tháng tuổi trở lên: Bé đi nặng ít hơn, chỉ khoảng 2 - 3 lần mỗi ngày, nhưng số lượng mỗi lần sẽ nhiều. Mẹ có thể cho bé đóng bỉm hoàn toàn mà không dùng tã giấy, hoặc dùng tã vải để vừa tiết kiệm vừa tránh hăm tã. Cách chọn bỉm cho trẻ theo cân nặng: • Tã Newborn: Trẻ sơ sinh dưới 1 tháng tuổi và nhẹ hơn 5 kg • Size S: Tùy theo mỗi hãng tã, có thể chia trong khoảng 0 - 8 kg • Size M: Khoảng 5 - 12 kg, tùy theo từng hãng • Size L: Khoảng 8 - 14 kg, tùy theo từng hãng • Size XL: Khoảng 11 - 17 kg hoặc trên 13 kg, tùy từng hãng • Size XXL: Trên 14 kg hoặc từ 15 - 25 kg tùy theo từng hãng Ba mẹ cần chú ý chọn bỉm theo cân nặng của trẻ Lưu ý, nên thay đổi kích cỡ tã lớn hơn khi thấy các dấu hiệu sau: • Tã bó sát vòng eo và đùi của bé, để lại vết hằn trên da • Phải dùng tới mép của băng dán mới giữ tã nằm đúng vị trí • Kéo tã lên bị ngắn, lưng tã thấp dưới rốn • Tràn tã thường xuyên • Cân nặng của bé vượt quá mức được chỉ dẫn Cách chọn tã cho bé theo giới tính: • Bé gái: Thấm hút nhiều ở phần giữa và phía sau, hoặc tã quần có đường diềm để lót thêm tã vải bên trong • Bé trai: Bỉm có lớp lót phụ thêm ở phía trước, màng ngăn hai bên đảm bảo không tràn nước tiểu. Hình dạng của tã theo giai đoạn: • Trẻ sơ sinh: Thường dùng loại dán hai bên • Trẻ biết bò: Hai dây dán chặt hơn và chắc chắn hơn • Trẻ tập đi: Dùng bỉm quần để tránh tuột và xê dịch khi vận động. Ưu tiên chọn tã dán hai bên cho trẻ sơ sinh",Tã dùng một lần.docx,"Tã giấy phù hợp và thoải mái nhất cho bé thường được chọn dựa trên độ tuổi và cân nặng của trẻ. Tuy nhiên, tài liệu không cung cấp thông tin cụ thể về loại tã giấy nào vừa vặn và thoải mái nhất cho bé.",1,5,1,774,1778,0.0742268041237113,1.0723526000001584,Tã dùng một lần.docx,
Q017,KB1,280,1500,"em thấy trên thị trường có nhiều loại tã quá, làm sao để em chọn được loại tã giấy vừa vặn và thoải mái nhất cho bé nhà em ạ?","Cách chọn bỉm cho trẻ theo độ tuổi: • Trẻ sơ sinh: Trong khoảng 3 ngày đầu, trẻ sẽ đi phân su màu đen với số lượng không nhiều. Những ngày tiếp theo trẻ đi tè và ị nhiều hơn. Mẹ có thể đóng tã giấy, hoặc dùng miếng lót phân su và mặc cùng với tã quần cho bé. • Trẻ 1 - 2 tháng: Bé sẽ đi vệ sinh rất nhiều, mỗi ngày từ 8 - 10 lần. Do trẻ bú nhiều hơn, phân cũng lỏng chứ không chặt như ban đầu. Ban ngày mẹ có thể dùng tã giấy, ban đêm thay tã quần để phân và nước tiểu không bị tràn, giúp con thoải mái hơn. • Từ 3 tháng tuổi trở lên: Bé đi nặng ít hơn, chỉ khoảng 2 - 3 lần mỗi ngày, nhưng số lượng mỗi lần sẽ nhiều. Mẹ có thể cho bé đóng bỉm hoàn toàn mà không dùng tã giấy, hoặc dùng tã vải để vừa tiết kiệm vừa tránh hăm tã. Cách chọn bỉm cho trẻ theo cân nặng: • Tã Newborn: Trẻ sơ sinh dưới 1 tháng tuổi và nhẹ hơn 5 kg • Size S: Tùy theo mỗi hãng tã, có thể chia trong khoảng 0 - 8 kg • Size M: Khoảng 5 - 12 kg, tùy theo từng hãng • Size L: Khoảng 8 - 14 kg, tùy theo từng hãng • Size XL: Khoảng 11 - 17 kg hoặc trên 13 kg, tùy từng hãng • Size XXL: Trên 14 kg hoặc từ 15 - 25 kg tùy theo từng hãng Ba mẹ cần chú ý chọn bỉm theo cân nặng của trẻ Lưu ý, nên thay đổi kích cỡ tã lớn hơn khi thấy các dấu hiệu sau: • Tã bó sát vòng eo và đùi của bé, để lại vết hằn trên da • Phải dùng tới mép của băng dán mới giữ tã nằm đúng vị trí • Kéo tã lên bị ngắn, lưng tã thấp dưới rốn • Tràn tã thường xuyên • Cân nặng của bé vượt quá mức được chỉ dẫn Cách chọn tã cho bé theo giới tính: • Bé gái: Thấm hút nhiều ở phần giữa và phía sau, hoặc tã quần có đường diềm để lót thêm tã vải bên trong • Bé trai: Bỉm có lớp lót phụ thêm ở phía trước, màng ngăn hai bên đảm bảo không tràn nước tiểu. Hình dạng của tã theo giai đoạn: • Trẻ sơ sinh: Thường dùng loại dán hai bên • Trẻ biết bò: Hai dây dán chặt hơn và chắc chắn hơn • Trẻ tập đi: Dùng bỉm quần để tránh tuột và xê dịch khi vận động. Ưu tiên chọn tã dán hai bên cho trẻ sơ sinh",Tã dùng một lần.docx,"Tã giấy phù hợp và thoải mái nhất cho bé thường được chọn dựa trên độ tuổi và cân nặng của trẻ. Tuy nhiên, tài liệu không cung cấp thông tin cụ thể về loại tã giấy nào vừa vặn và thoải mái nhất cho bé.",1,5,1,774,1778,0.0742268041237113,1.0198610999996165,Tã dùng một lần.docx,
Q017,KB1,280,2200,"em thấy trên thị trường có nhiều loại tã quá, làm sao để em chọn được loại tã giấy vừa vặn và thoải mái nhất cho bé nhà em ạ?","Cách chọn bỉm cho trẻ theo độ tuổi: • Trẻ sơ sinh: Trong khoảng 3 ngày đầu, trẻ sẽ đi phân su màu đen với số lượng không nhiều. Những ngày tiếp theo trẻ đi tè và ị nhiều hơn. Mẹ có thể đóng tã giấy, hoặc dùng miếng lót phân su và mặc cùng với tã quần cho bé. • Trẻ 1 - 2 tháng: Bé sẽ đi vệ sinh rất nhiều, mỗi ngày từ 8 - 10 lần. Do trẻ bú nhiều hơn, phân cũng lỏng chứ không chặt như ban đầu. Ban ngày mẹ có thể dùng tã giấy, ban đêm thay tã quần để phân và nước tiểu không bị tràn, giúp con thoải mái hơn. • Từ 3 tháng tuổi trở lên: Bé đi nặng ít hơn, chỉ khoảng 2 - 3 lần mỗi ngày, nhưng số lượng mỗi lần sẽ nhiều. Mẹ có thể cho bé đóng bỉm hoàn toàn mà không dùng tã giấy, hoặc dùng tã vải để vừa tiết kiệm vừa tránh hăm tã. Cách chọn bỉm cho trẻ theo cân nặng: • Tã Newborn: Trẻ sơ sinh dưới 1 tháng tuổi và nhẹ hơn 5 kg • Size S: Tùy theo mỗi hãng tã, có thể chia trong khoảng 0 - 8 kg • Size M: Khoảng 5 - 12 kg, tùy theo từng hãng • Size L: Khoảng 8 - 14 kg, tùy theo từng hãng • Size XL: Khoảng 11 - 17 kg hoặc trên 13 kg, tùy từng hãng • Size XXL: Trên 14 kg hoặc từ 15 - 25 kg tùy theo từng hãng Ba mẹ cần chú ý chọn bỉm theo cân nặng của trẻ Lưu ý, nên thay đổi kích cỡ tã lớn hơn khi thấy các dấu hiệu sau: • Tã bó sát vòng eo và đùi của bé, để lại vết hằn trên da • Phải dùng tới mép của băng dán mới giữ tã nằm đúng vị trí • Kéo tã lên bị ngắn, lưng tã thấp dưới rốn • Tràn tã thường xuyên • Cân nặng của bé vượt quá mức được chỉ dẫn Cách chọn tã cho bé theo giới tính: • Bé gái: Thấm hút nhiều ở phần giữa và phía sau, hoặc tã quần có đường diềm để lót thêm tã vải bên trong • Bé trai: Bỉm có lớp lót phụ thêm ở phía trước, màng ngăn hai bên đảm bảo không tràn nước tiểu. Hình dạng của tã theo giai đoạn: • Trẻ sơ sinh: Thường dùng loại dán hai bên • Trẻ biết bò: Hai dây dán chặt hơn và chắc chắn hơn • Trẻ tập đi: Dùng bỉm quần để tránh tuột và xê dịch khi vận động. Ưu tiên chọn tã dán hai bên cho trẻ sơ sinh",Tã dùng một lần.docx,Tã giấy phù hợp cho bé là loại tã vừa vặn và thoải mái nhất khi được chọn dựa trên độ tuổi và cân nặng của bé.,1,5,2,1529,3514,0.0643776824034334,61.385641299999406,Tã dùng một lần.docx | Cách thay tã vải cho trẻ sơ sinh.docx,
Q017,KB1,280,3000,"em thấy trên thị trường có nhiều loại tã quá, làm sao để em chọn được loại tã giấy vừa vặn và thoải mái nhất cho bé nhà em ạ?","Cách chọn bỉm cho trẻ theo độ tuổi: • Trẻ sơ sinh: Trong khoảng 3 ngày đầu, trẻ sẽ đi phân su màu đen với số lượng không nhiều. Những ngày tiếp theo trẻ đi tè và ị nhiều hơn. Mẹ có thể đóng tã giấy, hoặc dùng miếng lót phân su và mặc cùng với tã quần cho bé. • Trẻ 1 - 2 tháng: Bé sẽ đi vệ sinh rất nhiều, mỗi ngày từ 8 - 10 lần. Do trẻ bú nhiều hơn, phân cũng lỏng chứ không chặt như ban đầu. Ban ngày mẹ có thể dùng tã giấy, ban đêm thay tã quần để phân và nước tiểu không bị tràn, giúp con thoải mái hơn. • Từ 3 tháng tuổi trở lên: Bé đi nặng ít hơn, chỉ khoảng 2 - 3 lần mỗi ngày, nhưng số lượng mỗi lần sẽ nhiều. Mẹ có thể cho bé đóng bỉm hoàn toàn mà không dùng tã giấy, hoặc dùng tã vải để vừa tiết kiệm vừa tránh hăm tã. Cách chọn bỉm cho trẻ theo cân nặng: • Tã Newborn: Trẻ sơ sinh dưới 1 tháng tuổi và nhẹ hơn 5 kg • Size S: Tùy theo mỗi hãng tã, có thể chia trong khoảng 0 - 8 kg • Size M: Khoảng 5 - 12 kg, tùy theo từng hãng • Size L: Khoảng 8 - 14 kg, tùy theo từng hãng • Size XL: Khoảng 11 - 17 kg hoặc trên 13 kg, tùy từng hãng • Size XXL: Trên 14 kg hoặc từ 15 - 25 kg tùy theo từng hãng Ba mẹ cần chú ý chọn bỉm theo cân nặng của trẻ Lưu ý, nên thay đổi kích cỡ tã lớn hơn khi thấy các dấu hiệu sau: • Tã bó sát vòng eo và đùi của bé, để lại vết hằn trên da • Phải dùng tới mép của băng dán mới giữ tã nằm đúng vị trí • Kéo tã lên bị ngắn, lưng tã thấp dưới rốn • Tràn tã thường xuyên • Cân nặng của bé vượt quá mức được chỉ dẫn Cách chọn tã cho bé theo giới tính: • Bé gái: Thấm hút nhiều ở phần giữa và phía sau, hoặc tã quần có đường diềm để lót thêm tã vải bên trong • Bé trai: Bỉm có lớp lót phụ thêm ở phía trước, màng ngăn hai bên đảm bảo không tràn nước tiểu. Hình dạng của tã theo giai đoạn: • Trẻ sơ sinh: Thường dùng loại dán hai bên • Trẻ biết bò: Hai dây dán chặt hơn và chắc chắn hơn • Trẻ tập đi: Dùng bỉm quần để tránh tuột và xê dịch khi vận động. Ưu tiên chọn tã dán hai bên cho trẻ sơ sinh",Tã dùng một lần.docx,"Loại tã giấy phù hợp và thoải mái nhất cho bé không được đề cập cụ thể trong tài liệu. Tuy nhiên, tài liệu cho biết trẻ sơ sinh có thể đi vệ sinh nhiều lần trong ngày, nên có thể sử dụng tã giấy để tiện lợi hơn.",1,5,3,2274,5226,0.0778688524590163,1.1950532999999268,Tã dùng một lần.docx | Cách thay tã vải cho trẻ sơ sinh.docx | Cách thay tã vải cho trẻ sơ sinh.docx,
Q018,KB1,378,1000,Nhau bong non là gì?,"Nhau bong non là một biến chứng sản khoa nghiêm trọng xảy ra khi bánh nhau tách ra khỏi thành tử cung trước khi thai nhi được sinh ra. Tình trạng này có thể gây nguy hiểm đến tính mạng của cả mẹ và thai nhi nếu không được phát hiện và xử trí kịp thời. Do đó, việc nhận biết các dấu hiệu bất thường của nhau bong non đóng vai trò rất quan trọng trong việc giảm thiểu nguy cơ tử vong và biến chứng.",qa_me_bim_sau_sinh_100.csv.xlsx,Nhau bong non là tình trạng nhau thai bong ra khỏi thành tử cung trước khi thai nhi được sinh ra.,1,5,3,723,1657,0.3148148148148148,0.9768062000002828,Bo_De_Me_Va_Be.xlsx | qa_me_bim_sau_sinh_100.xlsx | Bo_De_Me_Va_Be.xlsx,
Q018,KB1,378,1500,Nhau bong non là gì?,"Nhau bong non là một biến chứng sản khoa nghiêm trọng xảy ra khi bánh nhau tách ra khỏi thành tử cung trước khi thai nhi được sinh ra. Tình trạng này có thể gây nguy hiểm đến tính mạng của cả mẹ và thai nhi nếu không được phát hiện và xử trí kịp thời. Do đó, việc nhận biết các dấu hiệu bất thường của nhau bong non đóng vai trò rất quan trọng trong việc giảm thiểu nguy cơ tử vong và biến chứng.",qa_me_bim_sau_sinh_100.csv.xlsx,Nhau bong non là một biến chứng sản khoa nghiêm trọng xảy ra khi bánh nhau tách ra khỏi thành tử cung trước khi thai nhi được sinh ra.,1,5,5,1381,3169,0.5,0.931843200000003,Bo_De_Me_Va_Be.xlsx | qa_me_bim_sau_sinh_100.xlsx | Bo_De_Me_Va_Be.xlsx | qa_me_bim_sau_sinh_100.xlsx | qa_me_bim_sau_sinh_100.xlsx,
Q018,KB1,378,2200,Nhau bong non là gì?,"Nhau bong non là một biến chứng sản khoa nghiêm trọng xảy ra khi bánh nhau tách ra khỏi thành tử cung trước khi thai nhi được sinh ra. Tình trạng này có thể gây nguy hiểm đến tính mạng của cả mẹ và thai nhi nếu không được phát hiện và xử trí kịp thời. Do đó, việc nhận biết các dấu hiệu bất thường của nhau bong non đóng vai trò rất quan trọng trong việc giảm thiểu nguy cơ tử vong và biến chứng.",qa_me_bim_sau_sinh_100.csv.xlsx,Nhau bong non là một biến chứng sản khoa nghiêm trọng xảy ra khi bánh nhau tách ra khỏi thành tử cung trước khi thai nhi được sinh ra.,1,5,5,1381,3169,0.5,0.8731972999994468,Bo_De_Me_Va_Be.xlsx | qa_me_bim_sau_sinh_100.xlsx | Bo_De_Me_Va_Be.xlsx | qa_me_bim_sau_sinh_100.xlsx | qa_me_bim_sau_sinh_100.xlsx,
Q018,KB1,378,3000,Nhau bong non là gì?,"Nhau bong non là một biến chứng sản khoa nghiêm trọng xảy ra khi bánh nhau tách ra khỏi thành tử cung trước khi thai nhi được sinh ra. Tình trạng này có thể gây nguy hiểm đến tính mạng của cả mẹ và thai nhi nếu không được phát hiện và xử trí kịp thời. Do đó, việc nhận biết các dấu hiệu bất thường của nhau bong non đóng vai trò rất quan trọng trong việc giảm thiểu nguy cơ tử vong và biến chứng.",qa_me_bim_sau_sinh_100.csv.xlsx,Nhau bong non là một biến chứng sản khoa nghiêm trọng xảy ra khi bánh nhau tách ra khỏi thành tử cung trước khi thai nhi được sinh ra.,1,5,5,1381,3169,0.5,0.9196400999990146,Bo_De_Me_Va_Be.xlsx | qa_me_bim_sau_sinh_100.xlsx | Bo_De_Me_Va_Be.xlsx | qa_me_bim_sau_sinh_100.xlsx | qa_me_bim_sau_sinh_100.xlsx,
Q019,KB1,233,1000,"Ngoài việc cải thiện chuyện tiểu tiện, tập phục hồi sàn chậu có giúp ích gì cho đời sống vợ chồng sau sinh không ạ?","Có, tập luyện giúp thu nhỏ âm đạo, tăng sức mạn cơ vùng chậu, từ đó cải thiện chức năng tình dục và tăng cảm giác trong quan hệ vợ chồng.",Phục hồi chức năng sàn chậu và lợi ích đối với các bà mẹ sau sinh.docx,"Tập phục hồi sàn chậu sau sinh có giúp cải thiện chất lượng đời sống tình dục. Cải thiện chất lượng đời sống tình dục là một trong những lợi ích của việc tập phục hồi chức năng sàn chậu sau sinh, theo như thông tin trong tài liệu.",1,5,1,746,1715,0.175,1.247958300000391,Phục hồi chức năng sàn chậu và lợi ích đối với các bà mẹ sau sinh.docx,
Q019,KB1,233,1500,"Ngoài việc cải thiện chuyện tiểu tiện, tập phục hồi sàn chậu có giúp ích gì cho đời sống vợ chồng sau sinh không ạ?","Có, tập luyện giúp thu nhỏ âm đạo, tăng sức mạn cơ vùng chậu, từ đó cải thiện chức năng tình dục và tăng cảm giác trong quan hệ vợ chồng.",Phục hồi chức năng sàn chậu và lợi ích đối với các bà mẹ sau sinh.docx,"Tập phục hồi sàn chậu sau sinh có giúp cải thiện chất lượng đời sống tình dục. Cải thiện chất lượng đời sống tình dục là một trong những lợi ích của việc tập phục hồi chức năng sàn chậu sau sinh, theo như thông tin trong tài liệu.",1,5,1,746,1715,0.175,1.050142699999924,Phục hồi chức năng sàn chậu và lợi ích đối với các bà mẹ sau sinh.docx,
Q019,KB1,233,2200,"Ngoài việc cải thiện chuyện tiểu tiện, tập phục hồi sàn chậu có giúp ích gì cho đời sống vợ chồng sau sinh không ạ?","Có, tập luyện giúp thu nhỏ âm đạo, tăng sức mạn cơ vùng chậu, từ đó cải thiện chức năng tình dục và tăng cảm giác trong quan hệ vợ chồng.",Phục hồi chức năng sàn chậu và lợi ích đối với các bà mẹ sau sinh.docx,"Tập phục hồi sàn chậu sau sinh có giúp cải thiện chất lượng đời sống tình dục. Cụ thể, bài tập Kegel giúp kích hoạt cơ đáy chậu và giúp cơ quan sinh dục, cơ vòng hậu môn được săn chắc hơn. Điều này có thể giúp phụ nữ sau sinh cải thiện chất lượng đời sống tình dục.",1,5,3,1724,3962,0.2,61.40848709999955,Phục hồi chức năng sàn chậu và lợi ích đối với các bà mẹ sau sinh.docx | Phục hồi chức năng sàn chậu và lợi ích đối với các bà mẹ sau sinh.docx | qa_me_bim_sau_sinh_100.xlsx,
Q019,KB1,233,3000,"Ngoài việc cải thiện chuyện tiểu tiện, tập phục hồi sàn chậu có giúp ích gì cho đời sống vợ chồng sau sinh không ạ?","Có, tập luyện giúp thu nhỏ âm đạo, tăng sức mạn cơ vùng chậu, từ đó cải thiện chức năng tình dục và tăng cảm giác trong quan hệ vợ chồng.",Phục hồi chức năng sàn chậu và lợi ích đối với các bà mẹ sau sinh.docx,"Tập phục hồi sàn chậu sau sinh có giúp cải thiện chất lượng đời sống tình dục. Cụ thể, tập luyện phục hồi chức năng sàn chậu bằng bài tập Kegel hoặc tập luyện với máy sẽ giúp ngăn ngừa và điều trị hiệu quả bệnh lý són tiểu, xì hơi không kiểm soát, són phân, mắc tiểu không cầm được, tiểu đêm, giúp kiểm soát lại hoạt động tiểu tiện và đại tiện theo ý muốn. Ngoài ra, tập luyện phục hồi chức năng sàn chậu còn giúp ngăn ngừa sa các tạng trong vùng chậu gồm: sa tử cung, bàng quang, trực tràng. Vì vậy, các bà mẹ sau sinh nên tập luyện phục hồi chức năng sàn chậu để cải thiện chất lượng đời sống tình dục và ngăn ngừa các bệnh lý liên quan.",1,5,4,2516,5782,0.1420118343195266,1.955058999999892,Phục hồi chức năng sàn chậu và lợi ích đối với các bà mẹ sau sinh.docx | Phục hồi chức năng sàn chậu và lợi ích đối với các bà mẹ sau sinh.docx | qa_me_bim_sau_sinh_100.xlsx | Phục hồi chức năng sàn chậu và lợi ích đối với các bà mẹ sau sinh.docx,
Q020,KB1,387,1000,Cách phòng bệnh tay chân miệng hiệu quả?,"Bệnh Tay Chân Miệng hiện nay vẫn chưa có thuốc điều trị đặc hiệu và không phải là bệnh có thể miễn nhiễm suốt đời. Vì vậy, việc nâng cao nhận thức và chủ động phòng bệnh là chìa khóa quan trọng giúp bảo vệ trẻ trước nguy cơ tái nhiễm và những biến chứng không mong muốn. Các biện pháp phòng bệnh bao gồm: Vệ sinh cá nhân, rửa tay thường xuyên bằng xà phòng, đặc biệt sau khi ho, hắt hơi hoặc xì mũi, thay tã, đi vệ sinh... Làm sạch và nên khử trùng các bề mặt hay đồ dùng thường xuyên tiếp xúc, vệ sinh đồ chơi, vật dụng của trẻ. Không cho trẻ tiếp xúc với người đang bệnh. Giữ sạch môi trường sống. Tránh chạm vào mắt, mũi, miệng khi tay chưa rửa. Dạy và tập cho trẻ không đưa tay, đồ vật vào miệng. Vắc xin: hiện nay chưa phổ biến.",qa_me_bim_sau_sinh_100.csv.xlsx,"Bệnh Tay Chân Miệng hiện nay vẫn chưa có thuốc điều trị đặc hiệu và không phải là bệnh có thể miễn nhiễm suốt đời. Vì vậy, việc nâng cao nhận thức và chủ động phòng bệnh là chìa khóa quan trọng giúp bảo vệ trẻ trước nguy cơ tái nhiễm và những biến chứng không mong muốn. Các biện pháp phòng bệnh bao gồm: - Vệ sinh cá nhân, rửa tay thường xuyên bằng xà phòng, đặc biệt sau khi ho, hắt hơi hoặc xì mũi, thay tã, đi vệ sinh... - Làm sạch và nên khử trùng các bề mặt hay đồ dùng thường xuyên tiếp xúc, vệ sinh đồ chơi, vật dụng của trẻ. - Không cho trẻ tiếp xúc với người đang bệnh. - Giữ sạch môi trường sống. - Tránh chạm vào mắt, mũi, miệng khi tay chưa rửa. - Dạy và tập cho trẻ không đưa tay, đồ vật vào miệng.",1,5,2,903,2075,0.9773462783171522,61.57448300000033,qa_me_bim_sau_sinh_100.xlsx | qa_me_bim_sau_sinh_100.xlsx,
Q020,KB1,387,1500,Cách phòng bệnh tay chân miệng hiệu quả?,"Bệnh Tay Chân Miệng hiện nay vẫn chưa có thuốc điều trị đặc hiệu và không phải là bệnh có thể miễn nhiễm suốt đời. Vì vậy, việc nâng cao nhận thức và chủ động phòng bệnh là chìa khóa quan trọng giúp bảo vệ trẻ trước nguy cơ tái nhiễm và những biến chứng không mong muốn. Các biện pháp phòng bệnh bao gồm: Vệ sinh cá nhân, rửa tay thường xuyên bằng xà phòng, đặc biệt sau khi ho, hắt hơi hoặc xì mũi, thay tã, đi vệ sinh... Làm sạch và nên khử trùng các bề mặt hay đồ dùng thường xuyên tiếp xúc, vệ sinh đồ chơi, vật dụng của trẻ. Không cho trẻ tiếp xúc với người đang bệnh. Giữ sạch môi trường sống. Tránh chạm vào mắt, mũi, miệng khi tay chưa rửa. Dạy và tập cho trẻ không đưa tay, đồ vật vào miệng. Vắc xin: hiện nay chưa phổ biến.",qa_me_bim_sau_sinh_100.csv.xlsx,"Cách phòng bệnh tay chân miệng hiệu quả bao gồm: - Vệ sinh cá nhân, rửa tay thường xuyên bằng xà phòng, đặc biệt sau khi ho, hắt hơi hoặc xì mũi, thay tã, đi vệ sinh... - Làm sạch và nên khử trùng các bề mặt hay đồ dùng thường xuyên tiếp xúc, vệ sinh đồ chơi, vật dụng của trẻ. - Không cho trẻ tiếp xúc với người đang bệnh. - Giữ sạch môi trường sống. - Tránh chạm vào mắt, mũi, miệng khi tay chưa rửa. - Dạy và tập cho trẻ không đưa tay, đồ vật vào miệng.",1,5,4,1439,3305,0.7322834645669292,1.125272600000244,qa_me_bim_sau_sinh_100.xlsx | qa_me_bim_sau_sinh_100.xlsx | qa_me_bim_sau_sinh_100.xlsx | qa_me_bim_sau_sinh_100.xlsx,
Q020,KB1,387,2200,Cách phòng bệnh tay chân miệng hiệu quả?,"Bệnh Tay Chân Miệng hiện nay vẫn chưa có thuốc điều trị đặc hiệu và không phải là bệnh có thể miễn nhiễm suốt đời. Vì vậy, việc nâng cao nhận thức và chủ động phòng bệnh là chìa khóa quan trọng giúp bảo vệ trẻ trước nguy cơ tái nhiễm và những biến chứng không mong muốn. Các biện pháp phòng bệnh bao gồm: Vệ sinh cá nhân, rửa tay thường xuyên bằng xà phòng, đặc biệt sau khi ho, hắt hơi hoặc xì mũi, thay tã, đi vệ sinh... Làm sạch và nên khử trùng các bề mặt hay đồ dùng thường xuyên tiếp xúc, vệ sinh đồ chơi, vật dụng của trẻ. Không cho trẻ tiếp xúc với người đang bệnh. Giữ sạch môi trường sống. Tránh chạm vào mắt, mũi, miệng khi tay chưa rửa. Dạy và tập cho trẻ không đưa tay, đồ vật vào miệng. Vắc xin: hiện nay chưa phổ biến.",qa_me_bim_sau_sinh_100.csv.xlsx,"Cách phòng bệnh tay chân miệng hiệu quả bao gồm: - Vệ sinh cá nhân, rửa tay thường xuyên bằng xà phòng, đặc biệt sau khi ho, hắt hơi hoặc xì mũi, thay tã, đi vệ sinh... - Làm sạch và nên khử trùng các bề mặt hay đồ dùng thường xuyên tiếp xúc, vệ sinh đồ chơi, vật dụng của trẻ. - Không cho trẻ tiếp xúc với người đang bệnh. - Giữ sạch môi trường sống. - Tránh chạm vào mắt, mũi, miệng khi tay chưa rửa. - Dạy và tập cho trẻ không đưa tay, đồ vật vào miệng.",1,5,5,1696,3895,0.7322834645669292,1.0014208000011422,qa_me_bim_sau_sinh_100.xlsx | qa_me_bim_sau_sinh_100.xlsx | qa_me_bim_sau_sinh_100.xlsx | qa_me_bim_sau_sinh_100.xlsx | qa_me_bim_sau_sinh_100.xlsx,
Q020,KB1,387,3000,Cách phòng bệnh tay chân miệng hiệu quả?,"Bệnh Tay Chân Miệng hiện nay vẫn chưa có thuốc điều trị đặc hiệu và không phải là bệnh có thể miễn nhiễm suốt đời. Vì vậy, việc nâng cao nhận thức và chủ động phòng bệnh là chìa khóa quan trọng giúp bảo vệ trẻ trước nguy cơ tái nhiễm và những biến chứng không mong muốn. Các biện pháp phòng bệnh bao gồm: Vệ sinh cá nhân, rửa tay thường xuyên bằng xà phòng, đặc biệt sau khi ho, hắt hơi hoặc xì mũi, thay tã, đi vệ sinh... Làm sạch và nên khử trùng các bề mặt hay đồ dùng thường xuyên tiếp xúc, vệ sinh đồ chơi, vật dụng của trẻ. Không cho trẻ tiếp xúc với người đang bệnh. Giữ sạch môi trường sống. Tránh chạm vào mắt, mũi, miệng khi tay chưa rửa. Dạy và tập cho trẻ không đưa tay, đồ vật vào miệng. Vắc xin: hiện nay chưa phổ biến.",qa_me_bim_sau_sinh_100.csv.xlsx,"Cách phòng bệnh tay chân miệng hiệu quả bao gồm: - Vệ sinh cá nhân, rửa tay thường xuyên bằng xà phòng, đặc biệt sau khi ho, hắt hơi hoặc xì mũi, thay tã, đi vệ sinh... - Làm sạch và nên khử trùng các bề mặt hay đồ dùng thường xuyên tiếp xúc, vệ sinh đồ chơi, vật dụng của trẻ. - Không cho trẻ tiếp xúc với người đang bệnh. - Giữ sạch môi trường sống. - Tránh chạm vào mắt, mũi, miệng khi tay chưa rửa. - Dạy và tập cho trẻ không đưa tay, đồ vật vào miệng.",1,5,5,1696,3895,0.7322834645669292,1.1840458999995462,qa_me_bim_sau_sinh_100.xlsx | qa_me_bim_sau_sinh_100.xlsx | qa_me_bim_sau_sinh_100.xlsx | qa_me_bim_sau_sinh_100.xlsx | qa_me_bim_sau_sinh_100.xlsx,
Q021,KB2,211,1000,"Bé nhà mình hay hỏi ""Tại sao?"" liên tục, đôi khi em thấy rất mệt mỏi, có nên trả lời hết các câu hỏi đó k",Những câu hỏi này chứng tỏ bé rất tò mò và ham học hỏi; bạn hãy kiên nhẫn trả lời đơn giản hoặc cùng bé đi tìm câu trả lời để khuyến khích tư duy của con.,Sách Không ai hoàn hảo - Trí tuệ,"Trẻ nhà bạn hay hỏi ""Tại sao?"" liên tục, đôi khi bạn thấy rất mệt mỏi, có nên trả lời hết các câu hỏi đó không? MomCare chưa tìm thấy đủ thông tin trong kho tài liệu để trả lời câu hỏi này.",1,5,2,554,1273,0.175,1.3763091999990138,qa_me_bim_sau_sinh_100.xlsx | Bo_De_Me_Va_Be.xlsx,
Q021,KB2,211,1500,"Bé nhà mình hay hỏi ""Tại sao?"" liên tục, đôi khi em thấy rất mệt mỏi, có nên trả lời hết các câu hỏi đó k",Những câu hỏi này chứng tỏ bé rất tò mò và ham học hỏi; bạn hãy kiên nhẫn trả lời đơn giản hoặc cùng bé đi tìm câu trả lời để khuyến khích tư duy của con.,Sách Không ai hoàn hảo - Trí tuệ,"Trả lời trực tiếp câu hỏi ngay từ câu đầu tiên: Không, không nên trả lời hết các câu hỏi ""Tại sao?"" liên tục của trẻ.",1,5,3,1158,2662,0.1904761904761904,61.64295239999956,qa_me_bim_sau_sinh_100.xlsx | Bo_De_Me_Va_Be.xlsx | data_store\pdf\Hành vi - Không ai hoàn hảo.pdf,
Q021,KB2,211,2200,"Bé nhà mình hay hỏi ""Tại sao?"" liên tục, đôi khi em thấy rất mệt mỏi, có nên trả lời hết các câu hỏi đó k",Những câu hỏi này chứng tỏ bé rất tò mò và ham học hỏi; bạn hãy kiên nhẫn trả lời đơn giản hoặc cùng bé đi tìm câu trả lời để khuyến khích tư duy của con.,Sách Không ai hoàn hảo - Trí tuệ,"Câu hỏi của bạn là: ""Trẻ nhà mình hay hỏi 'Tại sao?' liên tục, đôi khi em thấy rất mệt mỏi, có nên trả lời hết các câu hỏi đó không?"" Theo tài liệu RAG, trong khoảng từ 1,5 đến 2,5 tuổi, trẻ bắt đầu muốn tự mình quyết định mọi thứ. Bằng việc nói ""Không"", trẻ đang thể hiện cho bạn thấy rằng trẻ đang học cách tự mình suy nghĩ. Khi trẻ nói ""Không"", trẻ không hề có ý định chống lại bạn hoặc cố làm bạn tức giận. Vì vậy, MomCare trả lời: ""Không."" Theo tài liệu RAG, khi trẻ đang trong tuổi chập chững, từ ""Không"" có thể mang nhiều nghĩa, như là: trẻ muốn tự làm, không thích nó, muốn làm xong việc trẻ đang làm, muốn tự mình chọn, sợ, không muốn làm điều đó.",1,5,5,2101,4828,0.0888888888888888,1.928159400000368,qa_me_bim_sau_sinh_100.xlsx | Bo_De_Me_Va_Be.xlsx | data_store\pdf\Hành vi - Không ai hoàn hảo.pdf | Bo_De_Me_Va_Be.xlsx | Bo_De_Me_Va_Be.xlsx,
Q021,KB2,211,3000,"Bé nhà mình hay hỏi ""Tại sao?"" liên tục, đôi khi em thấy rất mệt mỏi, có nên trả lời hết các câu hỏi đó k",Những câu hỏi này chứng tỏ bé rất tò mò và ham học hỏi; bạn hãy kiên nhẫn trả lời đơn giản hoặc cùng bé đi tìm câu trả lời để khuyến khích tư duy của con.,Sách Không ai hoàn hảo - Trí tuệ,"Câu hỏi của bạn là: ""Trẻ nhà mình hay hỏi 'Tại sao?' liên tục, đôi khi em thấy rất mệt mỏi, có nên trả lời hết các câu hỏi đó không?"" Theo tài liệu RAG, trong khoảng từ 1,5 đến 2,5 tuổi, trẻ bắt đầu muốn tự mình quyết định mọi thứ. Bằng việc nói ""Không"", trẻ đang thể hiện cho bạn thấy rằng trẻ đang học cách tự mình suy nghĩ. Khi trẻ nói ""Không"", trẻ không hề có ý định chống lại bạn hoặc cố làm bạn tức giận. Vì vậy, MomCare trả lời: ""Không."" Theo tài liệu RAG, khi trẻ đang trong tuổi chập chững, từ ""Không"" có thể mang nhiều nghĩa, như là: trẻ muốn tự làm, không thích nó, muốn làm xong việc trẻ đang làm, muốn tự mình chọn, sợ, không muốn làm điều đó.",1,5,5,2101,4828,0.0888888888888888,1.9406010000002425,qa_me_bim_sau_sinh_100.xlsx | Bo_De_Me_Va_Be.xlsx | data_store\pdf\Hành vi - Không ai hoàn hảo.pdf | Bo_De_Me_Va_Be.xlsx | Bo_De_Me_Va_Be.xlsx,
Q022,KB2,282,1000,"Em lo ngại các hóa chất trong tã giấy, có loại tã nào k chứa gel siêu thấm hay chất tẩy trắng clo để an toàn hơn cho da bé k","Có, một số cha mẹ không hài lòng về loại gel siêu thấm thường được sử dụng trong tã dùng một lần để hút ẩm và giữ cho bé luôn khô ráo. Với những loại tã không có gel, đệm bông được sử dụng thay thế để thực hiện tính năng thấm hút. Bên cạnh đó, tã không có clo cũng là một lựa chọn khác cho các bậc cha mẹ muốn giảm thiểu sử dụng hóa chất.",Tã dùng một lần.docx,"Có. Một số loại tã không có gel siêu thấm và chất tẩy trắng clo, thay vào đó sử dụng đệm bông để thực hiện tính năng thấm hút.",1,5,1,384,883,0.3364485981308411,0.9964918000005129,Tã dùng một lần.docx,
Q022,KB2,282,1500,"Em lo ngại các hóa chất trong tã giấy, có loại tã nào k chứa gel siêu thấm hay chất tẩy trắng clo để an toàn hơn cho da bé k","Có, một số cha mẹ không hài lòng về loại gel siêu thấm thường được sử dụng trong tã dùng một lần để hút ẩm và giữ cho bé luôn khô ráo. Với những loại tã không có gel, đệm bông được sử dụng thay thế để thực hiện tính năng thấm hút. Bên cạnh đó, tã không có clo cũng là một lựa chọn khác cho các bậc cha mẹ muốn giảm thiểu sử dụng hóa chất.",Tã dùng một lần.docx,"Có. Một số loại tã không có gel siêu thấm và chất tẩy trắng clo, thay vào đó sử dụng đệm bông để thực hiện tính năng thấm hút.",1,5,2,1141,2623,0.3364485981308411,61.28235029999996,Tã dùng một lần.docx | Tã dùng một lần.docx,
Q022,KB2,282,2200,"Em lo ngại các hóa chất trong tã giấy, có loại tã nào k chứa gel siêu thấm hay chất tẩy trắng clo để an toàn hơn cho da bé k","Có, một số cha mẹ không hài lòng về loại gel siêu thấm thường được sử dụng trong tã dùng một lần để hút ẩm và giữ cho bé luôn khô ráo. Với những loại tã không có gel, đệm bông được sử dụng thay thế để thực hiện tính năng thấm hút. Bên cạnh đó, tã không có clo cũng là một lựa chọn khác cho các bậc cha mẹ muốn giảm thiểu sử dụng hóa chất.",Tã dùng một lần.docx,"Có. Loại tã giấy không chứa gel siêu thấm và chất tẩy trắng clo được đề cập trong tài liệu. Thay vào đó, đệm bông được sử dụng để thực hiện tính năng thấm hút.",1,5,3,1930,4436,0.3362831858407079,1.1141707000006136,Tã dùng một lần.docx | Tã dùng một lần.docx | Cách thay tã vải cho trẻ sơ sinh.docx,
Q022,KB2,282,3000,"Em lo ngại các hóa chất trong tã giấy, có loại tã nào k chứa gel siêu thấm hay chất tẩy trắng clo để an toàn hơn cho da bé k","Có, một số cha mẹ không hài lòng về loại gel siêu thấm thường được sử dụng trong tã dùng một lần để hút ẩm và giữ cho bé luôn khô ráo. Với những loại tã không có gel, đệm bông được sử dụng thay thế để thực hiện tính năng thấm hút. Bên cạnh đó, tã không có clo cũng là một lựa chọn khác cho các bậc cha mẹ muốn giảm thiểu sử dụng hóa chất.",Tã dùng một lần.docx,"Có. Một số loại tã giấy không chứa gel siêu thấm và chất tẩy trắng clo. Ví dụ, tã không có gel và clo được đề cập trong tài liệu RAG.",1,5,4,2640,6067,0.238532110091743,1.147520499998791,Tã dùng một lần.docx | Tã dùng một lần.docx | Cách thay tã vải cho trẻ sơ sinh.docx | Cách giặt tã vải cho trẻ nhỏ.docx,
Q023,KB2,35,1000,Sưa mẹ chứa bao nhiêu phần trăm là nước các Mom nhỉ,Sữa mẹ chứa tới 88% là nước.,Tài liệu khóa học Nuôi con bằng sữa mẹ.pdf,Mẹ sữa chứa khoảng 87% là nước.,1,5,1,330,758,0.5714285714285714,0.9832428000008804,Bo_De_Me_Va_Be.xlsx,
Q023,KB2,35,1500,Sưa mẹ chứa bao nhiêu phần trăm là nước các Mom nhỉ,Sữa mẹ chứa tới 88% là nước.,Tài liệu khóa học Nuôi con bằng sữa mẹ.pdf,MomCare chưa tìm thấy đủ thông tin trong kho tài liệu để trả lời câu hỏi này.,1,5,2,1125,2585,0.0,0.9952422000005754,Bo_De_Me_Va_Be.xlsx | data_store\pdf\quyet_dinh_hd_an_bo_sung.pdf,
Q023,KB2,35,2200,Sưa mẹ chứa bao nhiêu phần trăm là nước các Mom nhỉ,Sữa mẹ chứa tới 88% là nước.,Tài liệu khóa học Nuôi con bằng sữa mẹ.pdf,Mẹ sữa chứa khoảng 87% là nước.,1,5,4,1814,4168,0.5714285714285714,0.9609347000005072,Bo_De_Me_Va_Be.xlsx | data_store\pdf\quyet_dinh_hd_an_bo_sung.pdf | Bo_De_Me_Va_Be.xlsx | qa_me_bim_sau_sinh_100.xlsx,
Q023,KB2,35,3000,Sưa mẹ chứa bao nhiêu phần trăm là nước các Mom nhỉ,Sữa mẹ chứa tới 88% là nước.,Tài liệu khóa học Nuôi con bằng sữa mẹ.pdf,Mẹ sữa chứa khoảng 87% là nước.,1,5,5,2426,5575,0.5714285714285714,0.9183956999986548,Bo_De_Me_Va_Be.xlsx | data_store\pdf\quyet_dinh_hd_an_bo_sung.pdf | Bo_De_Me_Va_Be.xlsx | qa_me_bim_sau_sinh_100.xlsx | qa_me_bim_sau_sinh_100.xlsx,
Q024,KB2,212,1000,"Làm sao để em giúp bé con nhận biết và học tên các màu sắc, hình khối 1 cách tự nhiên nhất","Bạn hãy lồng ghép vào các hoạt động hàng ngày như: ""Quả táo màu đỏ"", ""Cái hộp hình vuông"", việc học qua thực tế sẽ giúp trẻ ghi nhớ lâu hơn.",Sách Không ai hoàn hảo - Trí tuệ,MomCare chưa tìm thấy đủ thông tin trong kho tài liệu để trả lời câu hỏi này.,1,5,2,761,1748,0.0,61.2762541000011,data_store\pdf\Hành vi - Không ai hoàn hảo.pdf | data_store\pdf\Trí tuệ - Không ai hoàn hảo.pdf,
Q024,KB2,212,1500,"Làm sao để em giúp bé con nhận biết và học tên các màu sắc, hình khối 1 cách tự nhiên nhất","Bạn hãy lồng ghép vào các hoạt động hàng ngày như: ""Quả táo màu đỏ"", ""Cái hộp hình vuông"", việc học qua thực tế sẽ giúp trẻ ghi nhớ lâu hơn.",Sách Không ai hoàn hảo - Trí tuệ,"Để giúp bé nhận biết và học tên màu sắc, hình khối tự nhiên nhất, bạn có thể thực hiện các bước sau: - Gọi tên màu sắc khi nói chuyện với bé, ví dụ ""Mẹ thấy rằng con đang chơi với màu đỏ"". - Sử dụng các vật thể trong môi trường xung quanh để chỉ màu sắc, ví dụ ""Màu sắc của quả táo là đỏ"". - Sử dụng các hình khối tự nhiên để chỉ hình dạng, ví dụ ""Hình dạng của quả bóng là tròn"". - Nói chuyện thường xuyên với bé về màu sắc và hình khối, giúp bé học cách nhận biết và gọi tên chúng.",1,5,3,1312,3013,0.1007194244604316,1.2934996999993018,data_store\pdf\Hành vi - Không ai hoàn hảo.pdf | data_store\pdf\Trí tuệ - Không ai hoàn hảo.pdf | data_store\pdf\Trí tuệ - Không ai hoàn hảo.pdf,
Q024,KB2,212,2200,"Làm sao để em giúp bé con nhận biết và học tên các màu sắc, hình khối 1 cách tự nhiên nhất","Bạn hãy lồng ghép vào các hoạt động hàng ngày như: ""Quả táo màu đỏ"", ""Cái hộp hình vuông"", việc học qua thực tế sẽ giúp trẻ ghi nhớ lâu hơn.",Sách Không ai hoàn hảo - Trí tuệ,"Để giúp bé nhận biết và học tên màu sắc, hình khối tự nhiên nhất, bạn có thể thực hiện các bước sau: - Nói chuyện thường xuyên với bé về những màu sắc và hình khối mà bé thường xuyên gặp. - Gọi tên màu sắc và hình khối của bé, ví dụ ""Mẹ thấy rằng con đang nhìn màu đỏ"". - Chấp nhận và thấu hiểu cảm xúc của bé khi bé nhìn thấy màu sắc và hình khối. - Hỗ trợ bé học cách sử dụng ngôn ngữ để mô tả màu sắc và hình khối. Bằng cách thực hiện các bước trên, bé sẽ học cách nhận biết và học tên màu sắc, hình khối một cách tự nhiên và hiệu quả.",1,5,5,2079,4775,0.1045751633986928,1.2449748999988517,data_store\pdf\Hành vi - Không ai hoàn hảo.pdf | data_store\pdf\Trí tuệ - Không ai hoàn hảo.pdf | data_store\pdf\Trí tuệ - Không ai hoàn hảo.pdf | Bo_De_Me_Va_Be.xlsx | data_store\pdf\dvcsskss_48201712.pdf,
Q024,KB2,212,3000,"Làm sao để em giúp bé con nhận biết và học tên các màu sắc, hình khối 1 cách tự nhiên nhất","Bạn hãy lồng ghép vào các hoạt động hàng ngày như: ""Quả táo màu đỏ"", ""Cái hộp hình vuông"", việc học qua thực tế sẽ giúp trẻ ghi nhớ lâu hơn.",Sách Không ai hoàn hảo - Trí tuệ,"Để giúp bé nhận biết và học tên màu sắc, hình khối tự nhiên nhất, bạn có thể thực hiện các bước sau: - Nói chuyện thường xuyên với bé về những màu sắc và hình khối mà bé thường xuyên gặp. - Gọi tên màu sắc và hình khối của bé, ví dụ ""Mẹ thấy rằng con đang nhìn màu đỏ"". - Chấp nhận và thấu hiểu cảm xúc của bé khi bé nhìn thấy màu sắc và hình khối. - Hỗ trợ bé học cách sử dụng ngôn ngữ để mô tả màu sắc và hình khối. Bằng cách thực hiện các bước trên, bé sẽ học cách nhận biết và học tên màu sắc, hình khối tự nhiên nhất.",1,5,5,2079,4775,0.1073825503355704,1.4524643999993714,data_store\pdf\Hành vi - Không ai hoàn hảo.pdf | data_store\pdf\Trí tuệ - Không ai hoàn hảo.pdf | data_store\pdf\Trí tuệ - Không ai hoàn hảo.pdf | Bo_De_Me_Va_Be.xlsx | data_store\pdf\dvcsskss_48201712.pdf,
Q025,KB2,95,1000,Sưa non của em màu vàng và đặc thì có tốt cho bé con k bs ơi,"Rất tốt • Chất lỏng dày dính màu vàng do các tế bào nang vú tiết ra trong suốt 3 tháng cuối của thai kì và kéo dài 1 thời gian sau sinh • Số lượng ít, năng lượng cao • Chứa ít đường lactose, vitamin tan trong chất béo, natri cao hơn, kẽm và tất cả các yếu tố bảo vệ • Kháng thể bám vào thành ruột để tránh sự xâm nhập các mầm bệnh • Các yếu tố tăng trưởng kích thích sự phát triển của tế bào niêm mạc, biểu mô, tổng hợp ADN, sự phát triển của các cơ quan và hệ thần kinh • Thường sẽ chuyển sang sữa trưởng thành trong 30-40 giờ sau sinh",1445371_Improving-the-quality-and-care-of,"Sữa non màu vàng và đặc không tốt cho trẻ sơ sinh. Thông thường, phân su của trẻ sơ sinh sau khi sinh sẽ có màu xanh đậm và sau đó sẽ đổi màu nhạt dần sang vàng. Nếu phân su có màu vàng và đặc, có thể là dấu hiệu của việc trẻ không bú đủ sữa.",1,5,1,788,1811,0.1028571428571428,1.1319923999999446,Một số câu sản phụ thường hỏi trong thời kỳ hậu sản.docx,
Q025,KB2,95,1500,Sưa non của em màu vàng và đặc thì có tốt cho bé con k bs ơi,"Rất tốt • Chất lỏng dày dính màu vàng do các tế bào nang vú tiết ra trong suốt 3 tháng cuối của thai kì và kéo dài 1 thời gian sau sinh • Số lượng ít, năng lượng cao • Chứa ít đường lactose, vitamin tan trong chất béo, natri cao hơn, kẽm và tất cả các yếu tố bảo vệ • Kháng thể bám vào thành ruột để tránh sự xâm nhập các mầm bệnh • Các yếu tố tăng trưởng kích thích sự phát triển của tế bào niêm mạc, biểu mô, tổng hợp ADN, sự phát triển của các cơ quan và hệ thần kinh • Thường sẽ chuyển sang sữa trưởng thành trong 30-40 giờ sau sinh",1445371_Improving-the-quality-and-care-of,"Sữa non màu vàng và đặc có tốt cho trẻ sơ sinh không? Có. Sữa non có nhiều năng lượng, chất đạm, nhiều vitamin A, kháng thể và tế bào bạch cầu. Nó có tác dụng xổ nhẹ giúp trẻ thải phân su và là thức ăn tốt nhất cho trẻ trong tuần đầu.",1,5,3,1313,3016,0.1520467836257309,61.22468169999957,Một số câu sản phụ thường hỏi trong thời kỳ hậu sản.docx | qa_me_bim_sau_sinh_100.xlsx | data_store\pdf\Tài liệu khóa học Nuôi con bằng sữa mẹ.pdf,
Q025,KB2,95,2200,Sưa non của em màu vàng và đặc thì có tốt cho bé con k bs ơi,"Rất tốt • Chất lỏng dày dính màu vàng do các tế bào nang vú tiết ra trong suốt 3 tháng cuối của thai kì và kéo dài 1 thời gian sau sinh • Số lượng ít, năng lượng cao • Chứa ít đường lactose, vitamin tan trong chất béo, natri cao hơn, kẽm và tất cả các yếu tố bảo vệ • Kháng thể bám vào thành ruột để tránh sự xâm nhập các mầm bệnh • Các yếu tố tăng trưởng kích thích sự phát triển của tế bào niêm mạc, biểu mô, tổng hợp ADN, sự phát triển của các cơ quan và hệ thần kinh • Thường sẽ chuyển sang sữa trưởng thành trong 30-40 giờ sau sinh",1445371_Improving-the-quality-and-care-of,"Sữa non màu vàng và đặc có tốt cho trẻ sơ sinh không? Có. Sữa non có nhiều năng lượng, chất đạm, nhiều vitamin A, kháng thể và tế bào bạch cầu. Nó có tác dụng xổ nhẹ giúp trẻ thải phân su và là thức ăn tốt nhất cho trẻ trong tuần đầu.",1,5,4,1706,3918,0.1520467836257309,1.0390197999986412,Một số câu sản phụ thường hỏi trong thời kỳ hậu sản.docx | qa_me_bim_sau_sinh_100.xlsx | data_store\pdf\Tài liệu khóa học Nuôi con bằng sữa mẹ.pdf | data_store\pdf\d3fa1053-wp8-postpartum-care-handbook-viet.pdf,
Q025,KB2,95,3000,Sưa non của em màu vàng và đặc thì có tốt cho bé con k bs ơi,"Rất tốt • Chất lỏng dày dính màu vàng do các tế bào nang vú tiết ra trong suốt 3 tháng cuối của thai kì và kéo dài 1 thời gian sau sinh • Số lượng ít, năng lượng cao • Chứa ít đường lactose, vitamin tan trong chất béo, natri cao hơn, kẽm và tất cả các yếu tố bảo vệ • Kháng thể bám vào thành ruột để tránh sự xâm nhập các mầm bệnh • Các yếu tố tăng trưởng kích thích sự phát triển của tế bào niêm mạc, biểu mô, tổng hợp ADN, sự phát triển của các cơ quan và hệ thần kinh • Thường sẽ chuyển sang sữa trưởng thành trong 30-40 giờ sau sinh",1445371_Improving-the-quality-and-care-of,"Sữa non màu vàng và đặc có tốt cho trẻ sơ sinh không? Có. Sữa non có màu vàng nhạt hoặc trong, sánh đặc và có nhiều năng lượng, chất đạm, nhiều vitamin A, kháng thể và tế bào bạch cầu.",1,5,5,2481,5699,0.1518987341772151,61.370548200000485,Một số câu sản phụ thường hỏi trong thời kỳ hậu sản.docx | qa_me_bim_sau_sinh_100.xlsx | data_store\pdf\Tài liệu khóa học Nuôi con bằng sữa mẹ.pdf | data_store\pdf\d3fa1053-wp8-postpartum-care-handbook-viet.pdf | Một số câu sản phụ thường hỏi trong thời kỳ hậu sản.docx,
Q026,KB2,86,1000,"Em mới sinh bé con xong, trong mấy tiếng đầu bs sẽ theo dõi em thế nào","• Đánh giá và ghi nhận các dấu hiệu sinh tồn 15 phút 1 lần trong giờ đầu sau sinh, sau đó 30 phút 1 lần trong giờ tiếp theo nếu các thông số đạt yêu cầu.",1445371_Improving-the-quality-and-care-of,MomCare chưa tìm thấy đủ thông tin trong kho tài liệu để trả lời câu hỏi này.,1,5,1,326,749,0.0377358490566037,0.9696724000004906,Bo_De_Me_Va_Be.xlsx,
Q026,KB2,86,1500,"Em mới sinh bé con xong, trong mấy tiếng đầu bs sẽ theo dõi em thế nào","• Đánh giá và ghi nhận các dấu hiệu sinh tồn 15 phút 1 lần trong giờ đầu sau sinh, sau đó 30 phút 1 lần trong giờ tiếp theo nếu các thông số đạt yêu cầu.",1445371_Improving-the-quality-and-care-of,MomCare chưa tìm thấy đủ thông tin trong kho tài liệu để trả lời câu hỏi này.,1,5,3,1203,2762,0.0377358490566037,61.23213130000113,Bo_De_Me_Va_Be.xlsx | Bo_De_Me_Va_Be.xlsx | data_store\pdf\1445371_Improving-the-quality-and-care-of-....pdf,
Q026,KB2,86,2200,"Em mới sinh bé con xong, trong mấy tiếng đầu bs sẽ theo dõi em thế nào","• Đánh giá và ghi nhận các dấu hiệu sinh tồn 15 phút 1 lần trong giờ đầu sau sinh, sau đó 30 phút 1 lần trong giờ tiếp theo nếu các thông số đạt yêu cầu.",1445371_Improving-the-quality-and-care-of,"Sau sinh, bác sĩ sẽ theo dõi mẹ như thế nào trong mấy tiếng đầu? Bác sĩ sẽ theo dõi sát việc sử dụng thuốc của mẹ bầu, bao gồm: liều lượng, thời gian sử dụng, tác dụng phụ và các vấn đề khác liên quan đến việc sử dụng thuốc trong thai kỳ.",1,5,4,1964,4512,0.1111111111111111,1.203379300000961,Bo_De_Me_Va_Be.xlsx | Bo_De_Me_Va_Be.xlsx | data_store\pdf\1445371_Improving-the-quality-and-care-of-....pdf | Bo_De_Me_Va_Be.xlsx,
Q026,KB2,86,3000,"Em mới sinh bé con xong, trong mấy tiếng đầu bs sẽ theo dõi em thế nào","• Đánh giá và ghi nhận các dấu hiệu sinh tồn 15 phút 1 lần trong giờ đầu sau sinh, sau đó 30 phút 1 lần trong giờ tiếp theo nếu các thông số đạt yêu cầu.",1445371_Improving-the-quality-and-care-of,"Sau sinh, bác sĩ sẽ theo dõi mẹ như thế nào trong mấy tiếng đầu? Theo tài liệu RAG, sau sinh, bác sĩ sẽ theo dõi sát việc sử dụng thuốc của mẹ bầu, bao gồm liều lượng, thời gian sử dụng, tác dụng phụ và các vấn đề khác liên quan đến việc sử dụng thuốc trong thai kỳ.",1,5,5,2719,6248,0.1458333333333333,1.1758525000004738,Bo_De_Me_Va_Be.xlsx | Bo_De_Me_Va_Be.xlsx | data_store\pdf\1445371_Improving-the-quality-and-care-of-....pdf | Bo_De_Me_Va_Be.xlsx | Bo_De_Me_Va_Be.xlsx,
Q027,KB2,331,1000,"Em có cần fải đánh giá lại sự phát triển của bé thường xuyên k, hay chỉ cần thực hiện 1 lần khi bé có dấu hiệu lạ?","Trẻ em lớn lên và phát triển rất nhanh với tốc độ khác nhau, do đó, điều quan trọng là phải đánh giá lại chúng thường xuyên. Trẻ có thể phát triển nhanh hơn hoặc chậm hơn ở một số khía cạnh so với những bạn đồng trang lứa. Tuy nhiên để xác định sự phát triển nhanh hay chậm ở trẻ có phải là vấn đề nghiêm trọng hay không cần có các đánh giá định kỳ.",Đánh giá sự phát triển của trẻ như thế nào.docx,"Đánh giá sự phát triển của trẻ cần được thực hiện thường xuyên để phát hiện sớm các dấu hiệu trẻ chậm phát triển tâm thần, chiều cao, hay sự tăng trưởng của trẻ nhanh hay chậm. Quá trình này sẽ giúp cha mẹ có kế hoạch điều chỉnh cách chăm sóc, nuôi dạy phù hợp và hiệu quả. Đánh giá sự phát triển của trẻ sẽ được điều chỉnh cho phù hợp với tuổi của bé, các vấn đề nghi ngờ hoặc chậm trễ. Nói chung, cha mẹ của trẻ có thể được dành thời gian trả lời một loạt các câu hỏi chi tiết về sự phát triển của con mình như về: thể chất, hành vi, cách chơi, tương tác với các thành viên trong gia đình và phần còn lại của thế giới.",1,5,1,660,1516,0.1581395348837209,1.0613158000014664,Đánh giá sự phát triển của trẻ như thế nào.docx,
Q027,KB2,331,1500,"Em có cần fải đánh giá lại sự phát triển của bé thường xuyên k, hay chỉ cần thực hiện 1 lần khi bé có dấu hiệu lạ?","Trẻ em lớn lên và phát triển rất nhanh với tốc độ khác nhau, do đó, điều quan trọng là phải đánh giá lại chúng thường xuyên. Trẻ có thể phát triển nhanh hơn hoặc chậm hơn ở một số khía cạnh so với những bạn đồng trang lứa. Tuy nhiên để xác định sự phát triển nhanh hay chậm ở trẻ có phải là vấn đề nghiêm trọng hay không cần có các đánh giá định kỳ.",Đánh giá sự phát triển của trẻ như thế nào.docx,"Bé cần được đánh giá sự phát triển thường xuyên để phát hiện sớm các dấu hiệu trẻ chậm phát triển tâm thần, chiều cao, hay sự tăng trưởng của trẻ nhanh hay chậm. Qua đó giúp cha mẹ có kế hoạch điều chỉnh cách chăm sóc, nuôi dạy phù hợp và hiệu quả. Để đánh giá sự phát triển của bé, cha mẹ có thể được dành thời gian trả lời một loạt các câu hỏi chi tiết về sự phát triển của con mình như về: thể chất, hành vi, cách chơi, tương tác với các thành viên trong gia đình và phần còn lại của thế giới. Trẻ sẽ trải qua một loạt các bài kiểm tra có thể bao gồm khám sức khỏe, kiểm tra thính giác và mắt khi chơi, các bài kiểm tra tiêu chuẩn, cho bé thực hiện một số nhiệm vụ nhất định để xác định điểm mạnh và điểm yếu. Trẻ em lớn lên và phát triển rất nhanh, do đó điều quan trọng là phải đánh giá lại chúng thường xuyên.",1,5,2,1435,3297,0.1776061776061776,1.1974797000002582,Đánh giá sự phát triển của trẻ như thế nào.docx | Đánh giá sự phát triển của trẻ như thế nào.docx,
Q027,KB2,331,2200,"Em có cần fải đánh giá lại sự phát triển của bé thường xuyên k, hay chỉ cần thực hiện 1 lần khi bé có dấu hiệu lạ?","Trẻ em lớn lên và phát triển rất nhanh với tốc độ khác nhau, do đó, điều quan trọng là phải đánh giá lại chúng thường xuyên. Trẻ có thể phát triển nhanh hơn hoặc chậm hơn ở một số khía cạnh so với những bạn đồng trang lứa. Tuy nhiên để xác định sự phát triển nhanh hay chậm ở trẻ có phải là vấn đề nghiêm trọng hay không cần có các đánh giá định kỳ.",Đánh giá sự phát triển của trẻ như thế nào.docx,"Bé cần được đánh giá sự phát triển thường xuyên để phát hiện sớm các dấu hiệu trẻ chậm phát triển tâm thần, chiều cao, hay sự tăng trưởng của trẻ nhanh hay chậm. Qua đó giúp cha mẹ có kế hoạch điều chỉnh cách chăm sóc, nuôi dạy phù hợp và hiệu quả. Để đánh giá sự phát triển của bé, cha mẹ có thể thực hiện các bước sau: - Đánh giá sự phát triển của bé dựa trên các tiêu chí về thể chất, phát triển ngôn ngữ, trí tuệ, xã hội và tình cảm. - Trả lời các câu hỏi chi tiết về sự phát triển của con mình như về: thể chất, hành vi, cách chơi, tương tác với các thành viên trong gia đình và phần còn lại của thế giới. - Trẻ sẽ trải qua một loạt các bài kiểm tra có thể bao gồm khám sức khỏe, kiểm tra thính giác và mắt khi chơi, các bài kiểm tra tiêu chuẩn, cho bé thực hiện một số nhiệm vụ nhất định để xác định điểm mạnh và điểm yếu. Ngoài ra, cha mẹ cũng cần thường xuyên theo dõi và đánh giá sức khỏe của bé, bao gồm: - Kiểm tra xác định bé dựa trên mẹ vào mỗi ca trực - Thực hiện đánh giá hàng ngày sức khỏe bé bao gồm phân, màu da, mắt và rốn - Hỗ trợ và theo dõi bé ăn - Đánh giá tình trạng ăn và ghi nhận vào biểu đồ thức ăn cho trẻ sơ sinh và sức khỏe Nếu nghi ngờ trẻ không khỏe, cha mẹ nên lấy nhiệt độ và theo dõi mức độ vàng da kèm với tổng trạng của bé liên quan đến việc bú và sự tỉnh táo.",1,5,3,1916,4401,0.1132075471698113,1.4359094999999795,Đánh giá sự phát triển của trẻ như thế nào.docx | Đánh giá sự phát triển của trẻ như thế nào.docx | data_store\pdf\1445371_Improving-the-quality-and-care-of-....pdf,
Q027,KB2,331,3000,"Em có cần fải đánh giá lại sự phát triển của bé thường xuyên k, hay chỉ cần thực hiện 1 lần khi bé có dấu hiệu lạ?","Trẻ em lớn lên và phát triển rất nhanh với tốc độ khác nhau, do đó, điều quan trọng là phải đánh giá lại chúng thường xuyên. Trẻ có thể phát triển nhanh hơn hoặc chậm hơn ở một số khía cạnh so với những bạn đồng trang lứa. Tuy nhiên để xác định sự phát triển nhanh hay chậm ở trẻ có phải là vấn đề nghiêm trọng hay không cần có các đánh giá định kỳ.",Đánh giá sự phát triển của trẻ như thế nào.docx,"Bé cần được đánh giá sự phát triển thường xuyên để phát hiện sớm các dấu hiệu trẻ chậm phát triển tâm thần, chiều cao, hay sự tăng trưởng của trẻ nhanh hay chậm. Qua đó giúp cha mẹ có kế hoạch điều chỉnh cách chăm sóc, nuôi dạy phù hợp và hiệu quả. Theo tài liệu, quá trình đánh giá sự phát triển của trẻ nên được thực hiện bởi một nhóm có thể bao gồm: bác sĩ nhi khoa, nhà thính học, nhà tâm lý học trẻ em, nhà trị liệu vật lý, cùng những người khác, để có được bức tranh toàn cảnh về các kỹ năng của trẻ. Bé nên được quan sát trong một số môi trường với những người khác nhau để có được bức tranh toàn cảnh về cách trẻ chơi, học, di chuyển, tương tác, v.v. Quá trình này cần xác định điểm mạnh và điểm yếu của trẻ. Cha mẹ và các chuyên gia nên làm việc cùng nhau để đánh giá sự phát triển của trẻ. Thông tin và ý kiến của cha mẹ rất quan trọng trong việc xác định xem bé đang thực sự như thế nào. Bé cần được đánh giá lại thường xuyên để đảm bảo sự phát triển toàn diện của trẻ cả về thể chất, tâm thần và vận động.",1,5,4,2665,6123,0.1704918032786885,61.99037169999974,Đánh giá sự phát triển của trẻ như thế nào.docx | Đánh giá sự phát triển của trẻ như thế nào.docx | data_store\pdf\1445371_Improving-the-quality-and-care-of-....pdf | Đánh giá sự phát triển của trẻ như thế nào.docx,
Q028,KB2,96,1000,"Em bị đau núm vú quá, có cách nào để bớt đau khi cho bé bú k mn ơi","Tình trạng đau núm vú thường ổn định trong tuần thứ 2, bạn có thể dùng chính sữa mẹ bôi lên để làm dịu núm vú.",1445371_Improving-the-quality-and-care-of,"Mẹ đang cho con bú có thể giảm đau núm vú bằng cách: - Chăm sóc và nghỉ ngơi nhiều - Có một chế độ ăn uống lành mạnh, cân đối - Tránh để cho ngực lúc nào cũng trong tình trạng căng, tắc sữa - Cho trẻ bú từng bên một, nếu trẻ bú không hết phải vắt bỏ sữa thừa, tránh ứ đọng sữa - Thay đổi vị trí cho con bú, không sử dụng vú như một núm vú giả Nếu sau khi thử các biện pháp trên trong vòng 24 giờ, các triệu chứng không cải thiện, mẹ cần được khám và điều trị.",1,5,2,680,1560,0.1085271317829457,1.125650300000416,data_store\pdf\d3fa1053-wp8-postpartum-care-handbook-viet.pdf | data_store\pdf\d3fa1053-wp8-postpartum-care-handbook-viet.pdf,
Q028,KB2,96,1500,"Em bị đau núm vú quá, có cách nào để bớt đau khi cho bé bú k mn ơi","Tình trạng đau núm vú thường ổn định trong tuần thứ 2, bạn có thể dùng chính sữa mẹ bôi lên để làm dịu núm vú.",1445371_Improving-the-quality-and-care-of,"Mẹ đang cho con bú có thể giảm đau núm vú bằng cách: - Nhỏ vài giọt sữa mẹ lên cổ núm vú và massage nhẹ nhàng các vùng xung quanh. Mỗi ngày thực hiện 3-5 lần. - Sử dụng thuốc bôi theo chỉ định cho cả mẹ và con. - Đảm bảo mặc áo ngực phù hợp. Thông tin này được nêu trong tài liệu ""43 - Cho con bú không đúng tư thế gây tổn thương đầu vú mẹ"" (Tài liệu RAG).",1,5,4,1415,3248,0.1495327102803738,1.2034056000011333,data_store\pdf\d3fa1053-wp8-postpartum-care-handbook-viet.pdf | data_store\pdf\d3fa1053-wp8-postpartum-care-handbook-viet.pdf | data_store\pdf\d3fa1053-wp8-postpartum-care-handbook-viet.pdf | data_store\pdf\dvcsskss_48201712.pdf,
Q028,KB2,96,2200,"Em bị đau núm vú quá, có cách nào để bớt đau khi cho bé bú k mn ơi","Tình trạng đau núm vú thường ổn định trong tuần thứ 2, bạn có thể dùng chính sữa mẹ bôi lên để làm dịu núm vú.",1445371_Improving-the-quality-and-care-of,"Mẹ đang cho con bú có thể giảm đau núm vú bằng các cách sau: - Nhỏ vài giọt sữa mẹ lên cổ núm vú và massage nhẹ nhàng các vùng xung quanh. Mỗi ngày thực hiện 3-5 lần. - Sử dụng thuốc bôi theo chỉ định cho cả mẹ và con. - Đảm bảo mặc áo ngực phù hợp. Thông tin này được dựa trên tài liệu ""43 - Cho con bú không đúng tư thế gây tổn thương đầu vú mẹ"" trong kho tài liệu.",1,5,5,1684,3865,0.1454545454545454,1.364000899999155,data_store\pdf\d3fa1053-wp8-postpartum-care-handbook-viet.pdf | data_store\pdf\d3fa1053-wp8-postpartum-care-handbook-viet.pdf | data_store\pdf\d3fa1053-wp8-postpartum-care-handbook-viet.pdf | data_store\pdf\dvcsskss_48201712.pdf | data_store\pdf\Tài liệu khóa học Nuôi con bằng sữa mẹ.pdf,
Q028,KB2,96,3000,"Em bị đau núm vú quá, có cách nào để bớt đau khi cho bé bú k mn ơi","Tình trạng đau núm vú thường ổn định trong tuần thứ 2, bạn có thể dùng chính sữa mẹ bôi lên để làm dịu núm vú.",1445371_Improving-the-quality-and-care-of,"Mẹ đang cho con bú có thể giảm đau núm vú bằng các cách sau: - Nhỏ vài giọt sữa mẹ lên cổ núm vú và massage nhẹ nhàng các vùng xung quanh. Mỗi ngày thực hiện 3-5 lần. - Sử dụng thuốc bôi theo chỉ định cho cả mẹ và con. - Đảm bảo mặc áo ngực phù hợp. Thông tin này được dựa trên tài liệu ""43 - Cho con bú không đúng tư thế gây tổn thương đầu vú mẹ"" trong kho tài liệu.",1,5,5,1684,3865,0.1454545454545454,61.37308669999948,data_store\pdf\d3fa1053-wp8-postpartum-care-handbook-viet.pdf | data_store\pdf\d3fa1053-wp8-postpartum-care-handbook-viet.pdf | data_store\pdf\d3fa1053-wp8-postpartum-care-handbook-viet.pdf | data_store\pdf\dvcsskss_48201712.pdf | data_store\pdf\Tài liệu khóa học Nuôi con bằng sữa mẹ.pdf,
Q029,KB2,268,1000,"Em nghe nói sau sinh k nên ngồi xổm lâu hoặc rặn mạnh khi đi vệ sinh để tránh sa tử cung, có đúng k","Đúng, việc ngồi xổm kéo dài hoặc rặn mạnh khi đại tiện gây áp lực lớn lên vùng sàn chậu đang tổn thương, làm tăng nguy cơ tử cung bị sa xuống thấp. Nên thay đổi chế độ ăn với nhiều chất xơ, uống nhiều nước hoặc ăn các món ăn giúp hỗ trợ nhuận tràng;",Phòng ngừa sa tử cung sau sinh.docx,Không nên ngồi xổm lâu hoặc rặn mạnh khi đi vệ sinh sau sinh để tránh sa tử cung không.,1,5,1,680,1562,0.2105263157894736,0.9488302999998268,Hướng Dẫn Chăm Sóc Vết May Tầng Sinh Môn Sau Sinh Thường.docx,
Q029,KB2,268,1500,"Em nghe nói sau sinh k nên ngồi xổm lâu hoặc rặn mạnh khi đi vệ sinh để tránh sa tử cung, có đúng k","Đúng, việc ngồi xổm kéo dài hoặc rặn mạnh khi đại tiện gây áp lực lớn lên vùng sàn chậu đang tổn thương, làm tăng nguy cơ tử cung bị sa xuống thấp. Nên thay đổi chế độ ăn với nhiều chất xơ, uống nhiều nước hoặc ăn các món ăn giúp hỗ trợ nhuận tràng;",Phòng ngừa sa tử cung sau sinh.docx,"Không nên ngồi xổm lâu hoặc rặn mạnh khi đi vệ sinh sau sinh để tránh sa tử cung. Thay vào đó, mẹ nên chọn ghế mềm hoặc dùng gối donut để giảm áp lực lên vùng tầng sinh môn.",1,5,2,1341,3081,0.2083333333333333,0.9741627000003064,Hướng Dẫn Chăm Sóc Vết May Tầng Sinh Môn Sau Sinh Thường.docx | Phòng ngừa sa tử cung sau sinh.docx,
Q029,KB2,268,2200,"Em nghe nói sau sinh k nên ngồi xổm lâu hoặc rặn mạnh khi đi vệ sinh để tránh sa tử cung, có đúng k","Đúng, việc ngồi xổm kéo dài hoặc rặn mạnh khi đại tiện gây áp lực lớn lên vùng sàn chậu đang tổn thương, làm tăng nguy cơ tử cung bị sa xuống thấp. Nên thay đổi chế độ ăn với nhiều chất xơ, uống nhiều nước hoặc ăn các món ăn giúp hỗ trợ nhuận tràng;",Phòng ngừa sa tử cung sau sinh.docx,"Không. Mẹ nên tránh ngồi xổm lâu hoặc rặn mạnh khi đi vệ sinh để tránh sa tử cung. Thay vào đó, mẹ nên thực hiện vận động nhẹ nhàng để hạn chế tình trạng táo bón sau sinh và không nên dùng sức để rặn mà nên thay đổi chế độ ăn với nhiều chất xơ, uống nhiều nước hoặc ăn các món ăn giúp hỗ trợ nhuận tràng.",1,5,3,2115,4859,0.492063492063492,1.1281228999996529,Hướng Dẫn Chăm Sóc Vết May Tầng Sinh Môn Sau Sinh Thường.docx | Phòng ngừa sa tử cung sau sinh.docx | Phòng ngừa sa tử cung sau sinh.docx,
Q029,KB2,268,3000,"Em nghe nói sau sinh k nên ngồi xổm lâu hoặc rặn mạnh khi đi vệ sinh để tránh sa tử cung, có đúng k","Đúng, việc ngồi xổm kéo dài hoặc rặn mạnh khi đại tiện gây áp lực lớn lên vùng sàn chậu đang tổn thương, làm tăng nguy cơ tử cung bị sa xuống thấp. Nên thay đổi chế độ ăn với nhiều chất xơ, uống nhiều nước hoặc ăn các món ăn giúp hỗ trợ nhuận tràng;",Phòng ngừa sa tử cung sau sinh.docx,"Không nên ngồi xổm lâu hoặc rặn mạnh khi đi vệ sinh sau sinh để tránh sa tử cung. Theo tài liệu, mẹ nên tránh đi lại nhiều, tránh ngồi xổm, nhấc vật nặng trong tuần đầu sau sinh để giảm áp lực lên vùng tầng sinh môn.",1,5,4,2526,5803,0.1923076923076923,61.49330840000039,Hướng Dẫn Chăm Sóc Vết May Tầng Sinh Môn Sau Sinh Thường.docx | Phòng ngừa sa tử cung sau sinh.docx | Phòng ngừa sa tử cung sau sinh.docx | data_store\pdf\dvcsskss_48201712.pdf,
Q030,KB2,128,1000,Em nghe nói gây tê ngoài màng cứng cũng làm mình bị bí tiểu lâu hơn fải k?,"Đúng, gây tê ngoài màng cứng có thể làm giảm cảm giác bụng dưới tới 8 giờ, ảnh hưởng tạm thời đến chức năng bàng quang.",Sổ tay 4Steps - Trang 18,"Gây tê ngoài màng cứng có thể làm gi ảm c ảm giác bụng dư ới t ới 8 gi ờ, t ừ đó ảnh hư ởng t ạm th ời đ ến bàng quang.",1,5,1,389,894,0.4590163934426229,1.0509347000006528,data_store\pdf\d3fa1053-wp8-postpartum-care-handbook-viet.pdf,
Q030,KB2,128,1500,Em nghe nói gây tê ngoài màng cứng cũng làm mình bị bí tiểu lâu hơn fải k?,"Đúng, gây tê ngoài màng cứng có thể làm giảm cảm giác bụng dưới tới 8 giờ, ảnh hưởng tạm thời đến chức năng bàng quang.",Sổ tay 4Steps - Trang 18,"Gây tê ngoài màng cứng có thể làm gi ảm cảm giác bụng dư ới t ới 8 gi ờ, t ừ đó ảnh hư ởng t ạm th ời đ ến bàng quang.",1,5,2,1183,2720,0.5,1.0662499999998545,data_store\pdf\d3fa1053-wp8-postpartum-care-handbook-viet.pdf | data_store\pdf\dvcsskss_48201712.pdf,
Q030,KB2,128,2200,Em nghe nói gây tê ngoài màng cứng cũng làm mình bị bí tiểu lâu hơn fải k?,"Đúng, gây tê ngoài màng cứng có thể làm giảm cảm giác bụng dưới tới 8 giờ, ảnh hưởng tạm thời đến chức năng bàng quang.",Sổ tay 4Steps - Trang 18,"Gây tê ngoài màng cứng có thể làm giãn cảm giác bụng dư dưới tới 8 giờ, từ đó ảnh hưởng tạm thời đến bàng quang. Ngoài ra, khi bị bí tiểu, động tác thông tiểu nhiều lần có thể gây viêm bàng quang, làm cho triệu chứng bí tiểu thể hiện rõ. Vì vậy, gây tê ngoài màng cứng có thể gây bí tiểu lâu hơn.",1,5,3,1893,4351,0.4731182795698925,1.2189134000000197,data_store\pdf\d3fa1053-wp8-postpartum-care-handbook-viet.pdf | data_store\pdf\dvcsskss_48201712.pdf | Bo_De_Me_Va_Be.xlsx,
Q030,KB2,128,3000,Em nghe nói gây tê ngoài màng cứng cũng làm mình bị bí tiểu lâu hơn fải k?,"Đúng, gây tê ngoài màng cứng có thể làm giảm cảm giác bụng dưới tới 8 giờ, ảnh hưởng tạm thời đến chức năng bàng quang.",Sổ tay 4Steps - Trang 18,"Gây tê ngoài màng cứng có thể gây bí tiểu lâu hơn không? Có. Gây tê ngoài màng cứng có thể làm giãn tĩnh mạch bàng quang, dẫn đến bí tiểu lâu hơn.",1,5,5,2949,6779,0.3389830508474576,61.66281229999913,data_store\pdf\d3fa1053-wp8-postpartum-care-handbook-viet.pdf | data_store\pdf\dvcsskss_48201712.pdf | Bo_De_Me_Va_Be.xlsx | Bo_De_Me_Va_Be.xlsx | Bo_De_Me_Va_Be.xlsx,
Q031,KB2,11,1000,Cách xử trí ở nhà khi bé nhà t bị sốt cao fải làm sao,"Lau người bằng khăn ấm, đắp khăn ấm để hạ nhiệt và đưa ngay đến cơ sở y tế.",viendinhduong_nuoi_duong_cham_soc_tre_so_sinh.pdf,"Bé nhà bạn bị sốt cao, nhưng thông tin trong tài liệu không đề cập đến cách xử trí sốt cao. Tuy nhiên, theo thông tin trong tài liệu, bệnh Patau không thể được xử trí tại nhà mà cần sự theo dõi và xử trí kịp thời của nhân viên y tế tại bệnh viện. Do đó, nếu bé nhà bạn bị sốt cao, bạn nên đưa bé đến gặp bác sĩ để được tư vấn và xử trí kịp thời.",1,5,2,696,1597,0.0594059405940593,1.0422455000007176,Bo_De_Me_Va_Be.xlsx | Bo_De_Me_Va_Be.xlsx,
Q031,KB2,11,1500,Cách xử trí ở nhà khi bé nhà t bị sốt cao fải làm sao,"Lau người bằng khăn ấm, đắp khăn ấm để hạ nhiệt và đưa ngay đến cơ sở y tế.",viendinhduong_nuoi_duong_cham_soc_tre_so_sinh.pdf,"⚠️ Nội dung câu hỏi có dấu hiệu cần được đánh giá y tế trực tiếp. Mẹ không nên tự xử lý tại nhà. Vui lòng liên hệ cơ sở y tế, bác sĩ hoặc gọi 115 nếu tình trạng khẩn cấp.",1,5,3,1198,2751,0.1333333333333333,1.1161494999996648,Bo_De_Me_Va_Be.xlsx | Bo_De_Me_Va_Be.xlsx | data_store\pdf\Sức khỏe - Không ai hoàn hảo.pdf,
Q031,KB2,11,2200,Cách xử trí ở nhà khi bé nhà t bị sốt cao fải làm sao,"Lau người bằng khăn ấm, đắp khăn ấm để hạ nhiệt và đưa ngay đến cơ sở y tế.",viendinhduong_nuoi_duong_cham_soc_tre_so_sinh.pdf,"⚠️ Nội dung câu hỏi có dấu hiệu cần được đánh giá y tế trực tiếp. Mẹ không nên tự xử lý tại nhà. Vui lòng liên hệ cơ sở y tế, bác sĩ hoặc gọi 115 nếu tình trạng khẩn cấp.",1,5,4,1907,4380,0.1333333333333333,61.63092599999982,Bo_De_Me_Va_Be.xlsx | Bo_De_Me_Va_Be.xlsx | data_store\pdf\Sức khỏe - Không ai hoàn hảo.pdf | Bo_De_Me_Va_Be.xlsx,
Q031,KB2,11,3000,Cách xử trí ở nhà khi bé nhà t bị sốt cao fải làm sao,"Lau người bằng khăn ấm, đắp khăn ấm để hạ nhiệt và đưa ngay đến cơ sở y tế.",viendinhduong_nuoi_duong_cham_soc_tre_so_sinh.pdf,"⚠️ Nội dung câu hỏi có dấu hiệu cần được đánh giá y tế trực tiếp. Mẹ không nên tự xử lý tại nhà. Vui lòng liên hệ cơ sở y tế, bác sĩ hoặc gọi 115 nếu tình trạng khẩn cấp.",1,5,5,2225,5111,0.1333333333333333,1.2261632999998255,Bo_De_Me_Va_Be.xlsx | Bo_De_Me_Va_Be.xlsx | data_store\pdf\Sức khỏe - Không ai hoàn hảo.pdf | Bo_De_Me_Va_Be.xlsx | Bo_De_Me_Va_Be.xlsx,
Q032,KB2,363,1000,Bệnh thủy đậu ở trẻ nhỏ là ntn,"Thủy đậu (bệnh trái rạ) là bệnh nhiễm trùng cấp tính do virus varicella-zoster gây ra. Bệnh có khả năng lây lan nhanh chóng, tạo dịch thủy đậu thông qua tiếp xúc trực tiếp với giọt bắn có chứa virus gây bệnh được người bệnh phát tán ra không khí khi hắt hơi, ho, nói chuyện hoặc do tiếp xúc với dịch tiết từ các vết loét do thủy đậu. Bệnh thường sẽ bắt đầu và kết thúc trong khoảng 5-10 ngày với triệu chứng đặc trưng là sự xuất hiện của các vết phồng rộp đỏ, ngứa, bị nổ và trở thành vẩy khổ. Thông thường bệnh thủy đậu ở trẻ không gây ra các biến chứng nghiêm trọng. Tuy nhiên, trong một số trường hợp bệnh có thể gây nhiễm trùng da, nhiễm trùng phổi. Theo thống kê, thủy đậu có nguy cơ xảy ra cao ở trẻ dưới 15 tuổi. Trẻ dưới 12 tháng tuổi sau khi mắc bệnh thủy đậu sẽ có nguy cơ mắc bệnh zona về sao cao hơn 4.5 lần so với những đứa trẻ khác.",qa_me_bim_sau_sinh_100.csv.xlsx,Bệnh thủy đậu ở trẻ nhỏ là bệnh nhiễm trùng cấp tính do virus varicella-zoster gây ra.,1,5,3,967,2222,0.1372549019607843,0.9323746999998548,qa_me_bim_sau_sinh_100.xlsx | Bo_De_Me_Va_Be.xlsx | Bo_De_Me_Va_Be.xlsx,
Q032,KB2,363,1500,Bệnh thủy đậu ở trẻ nhỏ là ntn,"Thủy đậu (bệnh trái rạ) là bệnh nhiễm trùng cấp tính do virus varicella-zoster gây ra. Bệnh có khả năng lây lan nhanh chóng, tạo dịch thủy đậu thông qua tiếp xúc trực tiếp với giọt bắn có chứa virus gây bệnh được người bệnh phát tán ra không khí khi hắt hơi, ho, nói chuyện hoặc do tiếp xúc với dịch tiết từ các vết loét do thủy đậu. Bệnh thường sẽ bắt đầu và kết thúc trong khoảng 5-10 ngày với triệu chứng đặc trưng là sự xuất hiện của các vết phồng rộp đỏ, ngứa, bị nổ và trở thành vẩy khổ. Thông thường bệnh thủy đậu ở trẻ không gây ra các biến chứng nghiêm trọng. Tuy nhiên, trong một số trường hợp bệnh có thể gây nhiễm trùng da, nhiễm trùng phổi. Theo thống kê, thủy đậu có nguy cơ xảy ra cao ở trẻ dưới 15 tuổi. Trẻ dưới 12 tháng tuổi sau khi mắc bệnh thủy đậu sẽ có nguy cơ mắc bệnh zona về sao cao hơn 4.5 lần so với những đứa trẻ khác.",qa_me_bim_sau_sinh_100.csv.xlsx,Bệnh thủy đậu ở trẻ nhỏ là bệnh nhiễm trùng cấp tính do virus varicella-zoster gây ra.,1,5,3,967,2222,0.1372549019607843,0.9306692999998633,qa_me_bim_sau_sinh_100.xlsx | Bo_De_Me_Va_Be.xlsx | Bo_De_Me_Va_Be.xlsx,
Q032,KB2,363,2200,Bệnh thủy đậu ở trẻ nhỏ là ntn,"Thủy đậu (bệnh trái rạ) là bệnh nhiễm trùng cấp tính do virus varicella-zoster gây ra. Bệnh có khả năng lây lan nhanh chóng, tạo dịch thủy đậu thông qua tiếp xúc trực tiếp với giọt bắn có chứa virus gây bệnh được người bệnh phát tán ra không khí khi hắt hơi, ho, nói chuyện hoặc do tiếp xúc với dịch tiết từ các vết loét do thủy đậu. Bệnh thường sẽ bắt đầu và kết thúc trong khoảng 5-10 ngày với triệu chứng đặc trưng là sự xuất hiện của các vết phồng rộp đỏ, ngứa, bị nổ và trở thành vẩy khổ. Thông thường bệnh thủy đậu ở trẻ không gây ra các biến chứng nghiêm trọng. Tuy nhiên, trong một số trường hợp bệnh có thể gây nhiễm trùng da, nhiễm trùng phổi. Theo thống kê, thủy đậu có nguy cơ xảy ra cao ở trẻ dưới 15 tuổi. Trẻ dưới 12 tháng tuổi sau khi mắc bệnh thủy đậu sẽ có nguy cơ mắc bệnh zona về sao cao hơn 4.5 lần so với những đứa trẻ khác.",qa_me_bim_sau_sinh_100.csv.xlsx,Bệnh thủy đậu ở trẻ nhỏ là bệnh nhiễm trùng cấp tính do virus varicella-zoster gây ra.,1,5,4,1641,3770,0.1372549019607843,0.9723114999997052,qa_me_bim_sau_sinh_100.xlsx | Bo_De_Me_Va_Be.xlsx | Bo_De_Me_Va_Be.xlsx | Bo_De_Me_Va_Be.xlsx,
Q032,KB2,363,3000,Bệnh thủy đậu ở trẻ nhỏ là ntn,"Thủy đậu (bệnh trái rạ) là bệnh nhiễm trùng cấp tính do virus varicella-zoster gây ra. Bệnh có khả năng lây lan nhanh chóng, tạo dịch thủy đậu thông qua tiếp xúc trực tiếp với giọt bắn có chứa virus gây bệnh được người bệnh phát tán ra không khí khi hắt hơi, ho, nói chuyện hoặc do tiếp xúc với dịch tiết từ các vết loét do thủy đậu. Bệnh thường sẽ bắt đầu và kết thúc trong khoảng 5-10 ngày với triệu chứng đặc trưng là sự xuất hiện của các vết phồng rộp đỏ, ngứa, bị nổ và trở thành vẩy khổ. Thông thường bệnh thủy đậu ở trẻ không gây ra các biến chứng nghiêm trọng. Tuy nhiên, trong một số trường hợp bệnh có thể gây nhiễm trùng da, nhiễm trùng phổi. Theo thống kê, thủy đậu có nguy cơ xảy ra cao ở trẻ dưới 15 tuổi. Trẻ dưới 12 tháng tuổi sau khi mắc bệnh thủy đậu sẽ có nguy cơ mắc bệnh zona về sao cao hơn 4.5 lần so với những đứa trẻ khác.",qa_me_bim_sau_sinh_100.csv.xlsx,Bệnh thủy đậu ở trẻ nhỏ là bệnh nhiễm trùng cấp tính do virus varicella-zoster gây ra.,1,5,5,2346,5390,0.1372549019607843,1.0444396999992025,qa_me_bim_sau_sinh_100.xlsx | Bo_De_Me_Va_Be.xlsx | Bo_De_Me_Va_Be.xlsx | Bo_De_Me_Va_Be.xlsx | Bo_De_Me_Va_Be.xlsx,
Q033,KB2,58,1000,Phụ nữ Châu Á mang thai nên tăng bao nhiêu kg là hợp lý v,Mức tăng cân trung bình nên đạt từ 10 - 12 kg.,Tài liệu khóa học Nuôi con bằng sữa mẹ.pdf,"Theo khuyến cáo của Tổ chức Y tế Thế giới (WHO), phụ nữ Châu Á mang thai nên tăng khoảng 10 - 12,5 kg trong thai kỳ.",1,5,2,961,2207,0.2105263157894736,61.163694799999575,data_store\pdf\Tài liệu khóa học Nuôi con bằng sữa mẹ.pdf | Bo_De_Me_Va_Be.xlsx,
Q033,KB2,58,1500,Phụ nữ Châu Á mang thai nên tăng bao nhiêu kg là hợp lý v,Mức tăng cân trung bình nên đạt từ 10 - 12 kg.,Tài liệu khóa học Nuôi con bằng sữa mẹ.pdf,"Theo khuyến cáo của Tổ chức Y tế Thế giới (WHO), phụ nữ Châu Á mang thai nên tăng khoảng 10 - 12,5 kg trong thai kỳ.",1,5,2,961,2207,0.2105263157894736,1.075782199999594,data_store\pdf\Tài liệu khóa học Nuôi con bằng sữa mẹ.pdf | Bo_De_Me_Va_Be.xlsx,
Q033,KB2,58,2200,Phụ nữ Châu Á mang thai nên tăng bao nhiêu kg là hợp lý v,Mức tăng cân trung bình nên đạt từ 10 - 12 kg.,Tài liệu khóa học Nuôi con bằng sữa mẹ.pdf,"Theo tiêu chuẩn quốc tế, mức tăng cân trung bình của phụ nữ Châu Á nên là 10-12kg.",1,5,3,1668,3832,0.4666666666666667,0.9500098000007712,data_store\pdf\Tài liệu khóa học Nuôi con bằng sữa mẹ.pdf | Bo_De_Me_Va_Be.xlsx | Bo_De_Me_Va_Be.xlsx,
Q033,KB2,58,3000,Phụ nữ Châu Á mang thai nên tăng bao nhiêu kg là hợp lý v,Mức tăng cân trung bình nên đạt từ 10 - 12 kg.,Tài liệu khóa học Nuôi con bằng sữa mẹ.pdf,"Theo Tổ chức Y tế Thế giới, phụ nữ Châu Á mang thai nên tăng khoảng 10-12,5 kg trong thai kỳ.",1,5,4,2352,5403,0.2352941176470588,1.129623700000593,data_store\pdf\Tài liệu khóa học Nuôi con bằng sữa mẹ.pdf | Bo_De_Me_Va_Be.xlsx | Bo_De_Me_Va_Be.xlsx | Bo_De_Me_Va_Be.xlsx,
Q034,KB2,74,1000,Những thực phẩm nào mẹ bỉm mang thai nên dùng để cung cấp năng lượng,"Gạo, mì, ngô, khoai, sắn và các chế phẩm từ nó.",Tài liệu khóa học Nuôi con bằng sữa mẹ.pdf,"Mẹ bỉm mang thai nên dùng thực phẩm như gạo, mì, ngô, khoai sắn và các chế phẩm của nó để cung cấp năng lượng.",1,5,1,255,586,0.5555555555555556,0.9215891000003468,data_store\pdf\Tài liệu khóa học Nuôi con bằng sữa mẹ.pdf,
Q034,KB2,74,1500,Những thực phẩm nào mẹ bỉm mang thai nên dùng để cung cấp năng lượng,"Gạo, mì, ngô, khoai, sắn và các chế phẩm từ nó.",Tài liệu khóa học Nuôi con bằng sữa mẹ.pdf,"Mẹ bỉm mang thai nên dùng thực phẩm như gạo, mì, ngô, khoai sắn và các chế phẩm của nó để cung cấp năng lượng.",1,5,2,1050,2413,0.5555555555555556,0.9054006000005757,data_store\pdf\Tài liệu khóa học Nuôi con bằng sữa mẹ.pdf | data_store\pdf\quyet_dinh_hd_an_bo_sung.pdf,
Q034,KB2,74,2200,Những thực phẩm nào mẹ bỉm mang thai nên dùng để cung cấp năng lượng,"Gạo, mì, ngô, khoai, sắn và các chế phẩm từ nó.",Tài liệu khóa học Nuôi con bằng sữa mẹ.pdf,"Mẹ bỉm mang thai nên dùng thực phẩm như gạo, mì, ngô, khoai sắn và các chế phẩm của nó để cung cấp năng lượng.",1,5,3,1508,3465,0.5555555555555556,1.0604370000000929,data_store\pdf\Tài liệu khóa học Nuôi con bằng sữa mẹ.pdf | data_store\pdf\quyet_dinh_hd_an_bo_sung.pdf | data_store\pdf\HƯỚNG DẪN QUỐC GIA DINH DƯỠNG CHO PHỤ NỮ CÓ THAI VÀ BF MẸ CHO CON BÚ.pdf,
Q034,KB2,74,3000,Những thực phẩm nào mẹ bỉm mang thai nên dùng để cung cấp năng lượng,"Gạo, mì, ngô, khoai, sắn và các chế phẩm từ nó.",Tài liệu khóa học Nuôi con bằng sữa mẹ.pdf,"Mẹ bỉm mang thai nên dùng thực phẩm như gạo, mì, ngô, khoai sắn và các chế phẩm của nó để cung cấp năng lượng.",1,5,4,2303,5293,0.5555555555555556,1.0364420999994763,data_store\pdf\Tài liệu khóa học Nuôi con bằng sữa mẹ.pdf | data_store\pdf\quyet_dinh_hd_an_bo_sung.pdf | data_store\pdf\HƯỚNG DẪN QUỐC GIA DINH DƯỠNG CHO PHỤ NỮ CÓ THAI VÀ BF MẸ CHO CON BÚ.pdf | data_store\pdf\HƯỚNG DẪN QUỐC GIA DINH DƯỠNG CHO PHỤ NỮ CÓ THAI VÀ BF MẸ CHO CON BÚ.pdf,
Q035,KB2,134,1000,Em thấy sản dịch có màu đen sậm và mùi hôi kèm sốt nhẹ là dấu hiệu j a,"Đây có thể là dấu hiệu của bế sản dịch hoặc viêm nội mạc tử cung, bạn cần được bác sĩ kiểm tra ngay.",Sổ tay 4Steps - Trang 24,"Dấu hiệu sản dịch màu đen sậm và mùi hôi kèm sốt nhẹ có thể là dấu hiệu của bệnh lý sau sinh, cụ thể là: - Bế sản dịch hoặc Viêm nội mạc tử cung - Sốt nhẹ - Cảm giác căng tức và đau vùng hạ vị - Âm đạo ra ít sản dịch và kèm mùi hôi - Khi sờ vào bụng thì thấy cứng và có cục - Khám cổ tử cung thì thấy bị đóng kín, khi dùng tay nong cổ tử cung kiểm tra thì thấy sản dịch ra có màu đen sậm kèm với mùi hôi - Cảm thấy đau nhiều khi ấn cổ tử cung Lưu ý: Nếu bạn có các biểu hiện bất thường này, cần phải chú ý và tham khảo ý kiến của bác sĩ để được chẩn đoán và điều trị kịp thời. *Lưu ý: Mẹ nên đưa bé đến cơ sở y tế để được thăm khám trực tiếp.*",1,5,3,972,2231,0.2122905027932961,61.60204410000006,data_store\pdf\d3fa1053-wp8-postpartum-care-handbook-viet.pdf | data_store\pdf\d3fa1053-wp8-postpartum-care-handbook-viet.pdf | Bo_De_Me_Va_Be.xlsx,
Q035,KB2,134,1500,Em thấy sản dịch có màu đen sậm và mùi hôi kèm sốt nhẹ là dấu hiệu j a,"Đây có thể là dấu hiệu của bế sản dịch hoặc viêm nội mạc tử cung, bạn cần được bác sĩ kiểm tra ngay.",Sổ tay 4Steps - Trang 24,Dấu hiệu sản dịch màu đen sậm và mùi hôi kèm sốt nhẹ có thể là dấu hiệu của nhiễm trùng trong tử cung hoặc bị nhiễm khuẩn do rách tầng sinh môn.,1,5,4,1345,3088,0.2807017543859649,1.0343137999989267,data_store\pdf\d3fa1053-wp8-postpartum-care-handbook-viet.pdf | data_store\pdf\d3fa1053-wp8-postpartum-care-handbook-viet.pdf | Bo_De_Me_Va_Be.xlsx | data_store\pdf\d3fa1053-wp8-postpartum-care-handbook-viet.pdf,
Q035,KB2,134,2200,Em thấy sản dịch có màu đen sậm và mùi hôi kèm sốt nhẹ là dấu hiệu j a,"Đây có thể là dấu hiệu của bế sản dịch hoặc viêm nội mạc tử cung, bạn cần được bác sĩ kiểm tra ngay.",Sổ tay 4Steps - Trang 24,Dấu hiệu sản dịch màu đen sậm và mùi hôi kèm sốt nhẹ có thể là dấu hiệu của nhiễm khuẩn sản dịch hoặc viêm nội mạc tử cung.,1,5,5,2057,4725,0.5283018867924529,61.29388840000138,data_store\pdf\d3fa1053-wp8-postpartum-care-handbook-viet.pdf | data_store\pdf\d3fa1053-wp8-postpartum-care-handbook-viet.pdf | Bo_De_Me_Va_Be.xlsx | data_store\pdf\d3fa1053-wp8-postpartum-care-handbook-viet.pdf | data_store\pdf\quyet_dinh_hd_an_bo_sung.pdf,
Q035,KB2,134,3000,Em thấy sản dịch có màu đen sậm và mùi hôi kèm sốt nhẹ là dấu hiệu j a,"Đây có thể là dấu hiệu của bế sản dịch hoặc viêm nội mạc tử cung, bạn cần được bác sĩ kiểm tra ngay.",Sổ tay 4Steps - Trang 24,Dấu hiệu sản dịch màu đen sậm và mùi hôi kèm sốt nhẹ có thể là dấu hiệu của nhiễm khuẩn sản dịch hoặc viêm nội mạc tử cung.,1,5,5,2057,4725,0.5283018867924529,61.392394200000126,data_store\pdf\d3fa1053-wp8-postpartum-care-handbook-viet.pdf | data_store\pdf\d3fa1053-wp8-postpartum-care-handbook-viet.pdf | Bo_De_Me_Va_Be.xlsx | data_store\pdf\d3fa1053-wp8-postpartum-care-handbook-viet.pdf | data_store\pdf\quyet_dinh_hd_an_bo_sung.pdf,
Q036,KB2,44,1000,Thời gian bảo quản sưa mẹ trong ngăn đá tủ lạnh (-18 đến -20°C),Tốt nhất trong 6 tháng và có thể lên tới 12 tháng.,Tài liệu khóa học Nuôi con bằng sữa mẹ.pdf,Thời gian bảo quản sữa mẹ trong ngăn đá tủ lạnh là tối đa 6 tháng.,1,5,2,870,1997,0.2142857142857142,0.8586641999991116,Bảo quản sữa mẹ đã vắt như thế nào.docx | data_store\pdf\Tài liệu khóa học Nuôi con bằng sữa mẹ.pdf,
Q036,KB2,44,1500,Thời gian bảo quản sưa mẹ trong ngăn đá tủ lạnh (-18 đến -20°C),Tốt nhất trong 6 tháng và có thể lên tới 12 tháng.,Tài liệu khóa học Nuôi con bằng sữa mẹ.pdf,Thời gian bảo quản sữa mẹ trong ngăn đá tủ lạnh là tối đa 6 tháng.,1,5,2,870,1997,0.2142857142857142,0.8856257000006735,Bảo quản sữa mẹ đã vắt như thế nào.docx | data_store\pdf\Tài liệu khóa học Nuôi con bằng sữa mẹ.pdf,
Q036,KB2,44,2200,Thời gian bảo quản sưa mẹ trong ngăn đá tủ lạnh (-18 đến -20°C),Tốt nhất trong 6 tháng và có thể lên tới 12 tháng.,Tài liệu khóa học Nuôi con bằng sữa mẹ.pdf,Thời gian bảo quản sữa mẹ trong ngăn đá tủ lạnh là tối đa 6 tháng.,1,5,4,2147,4933,0.2142857142857142,1.1000893999989785,Bảo quản sữa mẹ đã vắt như thế nào.docx | data_store\pdf\Tài liệu khóa học Nuôi con bằng sữa mẹ.pdf | Bảo quản sữa mẹ đã vắt như thế nào.docx | data_store\pdf\d3fa1053-wp8-postpartum-care-handbook-viet.pdf,
Q036,KB2,44,3000,Thời gian bảo quản sưa mẹ trong ngăn đá tủ lạnh (-18 đến -20°C),Tốt nhất trong 6 tháng và có thể lên tới 12 tháng.,Tài liệu khóa học Nuôi con bằng sữa mẹ.pdf,Thời gian bảo quản sữa mẹ trong ngăn đá tủ lạnh là tối đa 6 tháng.,1,5,5,2826,6494,0.2142857142857142,1.202835800000685,Bảo quản sữa mẹ đã vắt như thế nào.docx | data_store\pdf\Tài liệu khóa học Nuôi con bằng sữa mẹ.pdf | Bảo quản sữa mẹ đã vắt như thế nào.docx | data_store\pdf\d3fa1053-wp8-postpartum-care-handbook-viet.pdf | Bo_De_Me_Va_Be.xlsx,
Q037,KB2,280,1000,"Em thấy trên thị trường có nhiều loại tã quá, làm sao để em chọn đc loại tã giấy vừa vặn và thoải mái nhất cho bé nhà t","Cách chọn bỉm cho trẻ theo độ tuổi: • Trẻ sơ sinh: Trong khoảng 3 ngày đầu, trẻ sẽ đi phân su màu đen với số lượng không nhiều. Những ngày tiếp theo trẻ đi tè và ị nhiều hơn. Mẹ có thể đóng tã giấy, hoặc dùng miếng lót phân su và mặc cùng với tã quần cho bé. • Trẻ 1 - 2 tháng: Bé sẽ đi vệ sinh rất nhiều, mỗi ngày từ 8 - 10 lần. Do trẻ bú nhiều hơn, phân cũng lỏng chứ không chặt như ban đầu. Ban ngày mẹ có thể dùng tã giấy, ban đêm thay tã quần để phân và nước tiểu không bị tràn, giúp con thoải mái hơn. • Từ 3 tháng tuổi trở lên: Bé đi nặng ít hơn, chỉ khoảng 2 - 3 lần mỗi ngày, nhưng số lượng mỗi lần sẽ nhiều. Mẹ có thể cho bé đóng bỉm hoàn toàn mà không dùng tã giấy, hoặc dùng tã vải để vừa tiết kiệm vừa tránh hăm tã. Cách chọn bỉm cho trẻ theo cân nặng: • Tã Newborn: Trẻ sơ sinh dưới 1 tháng tuổi và nhẹ hơn 5 kg • Size S: Tùy theo mỗi hãng tã, có thể chia trong khoảng 0 - 8 kg • Size M: Khoảng 5 - 12 kg, tùy theo từng hãng • Size L: Khoảng 8 - 14 kg, tùy theo từng hãng • Size XL: Khoảng 11 - 17 kg hoặc trên 13 kg, tùy từng hãng • Size XXL: Trên 14 kg hoặc từ 15 - 25 kg tùy theo từng hãng Ba mẹ cần chú ý chọn bỉm theo cân nặng của trẻ Lưu ý, nên thay đổi kích cỡ tã lớn hơn khi thấy các dấu hiệu sau: • Tã bó sát vòng eo và đùi của bé, để lại vết hằn trên da • Phải dùng tới mép của băng dán mới giữ tã nằm đúng vị trí • Kéo tã lên bị ngắn, lưng tã thấp dưới rốn • Tràn tã thường xuyên • Cân nặng của bé vượt quá mức được chỉ dẫn Cách chọn tã cho bé theo giới tính: • Bé gái: Thấm hút nhiều ở phần giữa và phía sau, hoặc tã quần có đường diềm để lót thêm tã vải bên trong • Bé trai: Bỉm có lớp lót phụ thêm ở phía trước, màng ngăn hai bên đảm bảo không tràn nước tiểu. Hình dạng của tã theo giai đoạn: • Trẻ sơ sinh: Thường dùng loại dán hai bên • Trẻ biết bò: Hai dây dán chặt hơn và chắc chắn hơn • Trẻ tập đi: Dùng bỉm quần để tránh tuột và xê dịch khi vận động. Ưu tiên chọn tã dán hai bên cho trẻ sơ sinh",Tã dùng một lần.docx,"Tã giấy phù hợp và thoải mái nhất cho bé thường được chọn dựa trên độ tuổi và cân nặng của trẻ. Tuy nhiên, tài liệu không cung cấp thông tin cụ thể về loại tã giấy nào vừa vặn và thoải mái nhất cho bé.",1,5,1,774,1778,0.0742268041237113,1.1864024999995308,Tã dùng một lần.docx,
Q037,KB2,280,1500,"Em thấy trên thị trường có nhiều loại tã quá, làm sao để em chọn đc loại tã giấy vừa vặn và thoải mái nhất cho bé nhà t","Cách chọn bỉm cho trẻ theo độ tuổi: • Trẻ sơ sinh: Trong khoảng 3 ngày đầu, trẻ sẽ đi phân su màu đen với số lượng không nhiều. Những ngày tiếp theo trẻ đi tè và ị nhiều hơn. Mẹ có thể đóng tã giấy, hoặc dùng miếng lót phân su và mặc cùng với tã quần cho bé. • Trẻ 1 - 2 tháng: Bé sẽ đi vệ sinh rất nhiều, mỗi ngày từ 8 - 10 lần. Do trẻ bú nhiều hơn, phân cũng lỏng chứ không chặt như ban đầu. Ban ngày mẹ có thể dùng tã giấy, ban đêm thay tã quần để phân và nước tiểu không bị tràn, giúp con thoải mái hơn. • Từ 3 tháng tuổi trở lên: Bé đi nặng ít hơn, chỉ khoảng 2 - 3 lần mỗi ngày, nhưng số lượng mỗi lần sẽ nhiều. Mẹ có thể cho bé đóng bỉm hoàn toàn mà không dùng tã giấy, hoặc dùng tã vải để vừa tiết kiệm vừa tránh hăm tã. Cách chọn bỉm cho trẻ theo cân nặng: • Tã Newborn: Trẻ sơ sinh dưới 1 tháng tuổi và nhẹ hơn 5 kg • Size S: Tùy theo mỗi hãng tã, có thể chia trong khoảng 0 - 8 kg • Size M: Khoảng 5 - 12 kg, tùy theo từng hãng • Size L: Khoảng 8 - 14 kg, tùy theo từng hãng • Size XL: Khoảng 11 - 17 kg hoặc trên 13 kg, tùy từng hãng • Size XXL: Trên 14 kg hoặc từ 15 - 25 kg tùy theo từng hãng Ba mẹ cần chú ý chọn bỉm theo cân nặng của trẻ Lưu ý, nên thay đổi kích cỡ tã lớn hơn khi thấy các dấu hiệu sau: • Tã bó sát vòng eo và đùi của bé, để lại vết hằn trên da • Phải dùng tới mép của băng dán mới giữ tã nằm đúng vị trí • Kéo tã lên bị ngắn, lưng tã thấp dưới rốn • Tràn tã thường xuyên • Cân nặng của bé vượt quá mức được chỉ dẫn Cách chọn tã cho bé theo giới tính: • Bé gái: Thấm hút nhiều ở phần giữa và phía sau, hoặc tã quần có đường diềm để lót thêm tã vải bên trong • Bé trai: Bỉm có lớp lót phụ thêm ở phía trước, màng ngăn hai bên đảm bảo không tràn nước tiểu. Hình dạng của tã theo giai đoạn: • Trẻ sơ sinh: Thường dùng loại dán hai bên • Trẻ biết bò: Hai dây dán chặt hơn và chắc chắn hơn • Trẻ tập đi: Dùng bỉm quần để tránh tuột và xê dịch khi vận động. Ưu tiên chọn tã dán hai bên cho trẻ sơ sinh",Tã dùng một lần.docx,"Tã giấy phù hợp và thoải mái nhất cho bé thường được chọn dựa trên độ tuổi và cân nặng của trẻ. Tuy nhiên, tài liệu không cung cấp thông tin cụ thể về loại tã giấy nào vừa vặn và thoải mái nhất cho bé.",1,5,1,774,1778,0.0742268041237113,61.31340639999871,Tã dùng một lần.docx,
Q037,KB2,280,2200,"Em thấy trên thị trường có nhiều loại tã quá, làm sao để em chọn đc loại tã giấy vừa vặn và thoải mái nhất cho bé nhà t","Cách chọn bỉm cho trẻ theo độ tuổi: • Trẻ sơ sinh: Trong khoảng 3 ngày đầu, trẻ sẽ đi phân su màu đen với số lượng không nhiều. Những ngày tiếp theo trẻ đi tè và ị nhiều hơn. Mẹ có thể đóng tã giấy, hoặc dùng miếng lót phân su và mặc cùng với tã quần cho bé. • Trẻ 1 - 2 tháng: Bé sẽ đi vệ sinh rất nhiều, mỗi ngày từ 8 - 10 lần. Do trẻ bú nhiều hơn, phân cũng lỏng chứ không chặt như ban đầu. Ban ngày mẹ có thể dùng tã giấy, ban đêm thay tã quần để phân và nước tiểu không bị tràn, giúp con thoải mái hơn. • Từ 3 tháng tuổi trở lên: Bé đi nặng ít hơn, chỉ khoảng 2 - 3 lần mỗi ngày, nhưng số lượng mỗi lần sẽ nhiều. Mẹ có thể cho bé đóng bỉm hoàn toàn mà không dùng tã giấy, hoặc dùng tã vải để vừa tiết kiệm vừa tránh hăm tã. Cách chọn bỉm cho trẻ theo cân nặng: • Tã Newborn: Trẻ sơ sinh dưới 1 tháng tuổi và nhẹ hơn 5 kg • Size S: Tùy theo mỗi hãng tã, có thể chia trong khoảng 0 - 8 kg • Size M: Khoảng 5 - 12 kg, tùy theo từng hãng • Size L: Khoảng 8 - 14 kg, tùy theo từng hãng • Size XL: Khoảng 11 - 17 kg hoặc trên 13 kg, tùy từng hãng • Size XXL: Trên 14 kg hoặc từ 15 - 25 kg tùy theo từng hãng Ba mẹ cần chú ý chọn bỉm theo cân nặng của trẻ Lưu ý, nên thay đổi kích cỡ tã lớn hơn khi thấy các dấu hiệu sau: • Tã bó sát vòng eo và đùi của bé, để lại vết hằn trên da • Phải dùng tới mép của băng dán mới giữ tã nằm đúng vị trí • Kéo tã lên bị ngắn, lưng tã thấp dưới rốn • Tràn tã thường xuyên • Cân nặng của bé vượt quá mức được chỉ dẫn Cách chọn tã cho bé theo giới tính: • Bé gái: Thấm hút nhiều ở phần giữa và phía sau, hoặc tã quần có đường diềm để lót thêm tã vải bên trong • Bé trai: Bỉm có lớp lót phụ thêm ở phía trước, màng ngăn hai bên đảm bảo không tràn nước tiểu. Hình dạng của tã theo giai đoạn: • Trẻ sơ sinh: Thường dùng loại dán hai bên • Trẻ biết bò: Hai dây dán chặt hơn và chắc chắn hơn • Trẻ tập đi: Dùng bỉm quần để tránh tuột và xê dịch khi vận động. Ưu tiên chọn tã dán hai bên cho trẻ sơ sinh",Tã dùng một lần.docx,Tã giấy phù hợp cho bé là loại tã vừa vặn và thoải mái nhất khi được chọn dựa trên độ tuổi và cân nặng của bé.,1,5,2,1529,3514,0.0643776824034334,1.1016700000000128,Tã dùng một lần.docx | Cách thay tã vải cho trẻ sơ sinh.docx,
Q037,KB2,280,3000,"Em thấy trên thị trường có nhiều loại tã quá, làm sao để em chọn đc loại tã giấy vừa vặn và thoải mái nhất cho bé nhà t","Cách chọn bỉm cho trẻ theo độ tuổi: • Trẻ sơ sinh: Trong khoảng 3 ngày đầu, trẻ sẽ đi phân su màu đen với số lượng không nhiều. Những ngày tiếp theo trẻ đi tè và ị nhiều hơn. Mẹ có thể đóng tã giấy, hoặc dùng miếng lót phân su và mặc cùng với tã quần cho bé. • Trẻ 1 - 2 tháng: Bé sẽ đi vệ sinh rất nhiều, mỗi ngày từ 8 - 10 lần. Do trẻ bú nhiều hơn, phân cũng lỏng chứ không chặt như ban đầu. Ban ngày mẹ có thể dùng tã giấy, ban đêm thay tã quần để phân và nước tiểu không bị tràn, giúp con thoải mái hơn. • Từ 3 tháng tuổi trở lên: Bé đi nặng ít hơn, chỉ khoảng 2 - 3 lần mỗi ngày, nhưng số lượng mỗi lần sẽ nhiều. Mẹ có thể cho bé đóng bỉm hoàn toàn mà không dùng tã giấy, hoặc dùng tã vải để vừa tiết kiệm vừa tránh hăm tã. Cách chọn bỉm cho trẻ theo cân nặng: • Tã Newborn: Trẻ sơ sinh dưới 1 tháng tuổi và nhẹ hơn 5 kg • Size S: Tùy theo mỗi hãng tã, có thể chia trong khoảng 0 - 8 kg • Size M: Khoảng 5 - 12 kg, tùy theo từng hãng • Size L: Khoảng 8 - 14 kg, tùy theo từng hãng • Size XL: Khoảng 11 - 17 kg hoặc trên 13 kg, tùy từng hãng • Size XXL: Trên 14 kg hoặc từ 15 - 25 kg tùy theo từng hãng Ba mẹ cần chú ý chọn bỉm theo cân nặng của trẻ Lưu ý, nên thay đổi kích cỡ tã lớn hơn khi thấy các dấu hiệu sau: • Tã bó sát vòng eo và đùi của bé, để lại vết hằn trên da • Phải dùng tới mép của băng dán mới giữ tã nằm đúng vị trí • Kéo tã lên bị ngắn, lưng tã thấp dưới rốn • Tràn tã thường xuyên • Cân nặng của bé vượt quá mức được chỉ dẫn Cách chọn tã cho bé theo giới tính: • Bé gái: Thấm hút nhiều ở phần giữa và phía sau, hoặc tã quần có đường diềm để lót thêm tã vải bên trong • Bé trai: Bỉm có lớp lót phụ thêm ở phía trước, màng ngăn hai bên đảm bảo không tràn nước tiểu. Hình dạng của tã theo giai đoạn: • Trẻ sơ sinh: Thường dùng loại dán hai bên • Trẻ biết bò: Hai dây dán chặt hơn và chắc chắn hơn • Trẻ tập đi: Dùng bỉm quần để tránh tuột và xê dịch khi vận động. Ưu tiên chọn tã dán hai bên cho trẻ sơ sinh",Tã dùng một lần.docx,"Loại tã giấy phù hợp và thoải mái nhất cho bé không được đề cập cụ thể trong tài liệu. Tuy nhiên, tài liệu cho biết trẻ sơ sinh có thể dùng tã giấy trong khoảng 3 ngày đầu, sau đó chuyển sang dùng miếng lót phân su và tã quần.",1,5,3,2274,5226,0.0857142857142857,1.1026469999997062,Tã dùng một lần.docx | Cách thay tã vải cho trẻ sơ sinh.docx | Cách thay tã vải cho trẻ sơ sinh.docx,
Q038,KB2,378,1000,Nhau bong non là j,"Nhau bong non là một biến chứng sản khoa nghiêm trọng xảy ra khi bánh nhau tách ra khỏi thành tử cung trước khi thai nhi được sinh ra. Tình trạng này có thể gây nguy hiểm đến tính mạng của cả mẹ và thai nhi nếu không được phát hiện và xử trí kịp thời. Do đó, việc nhận biết các dấu hiệu bất thường của nhau bong non đóng vai trò rất quan trọng trong việc giảm thiểu nguy cơ tử vong và biến chứng.",qa_me_bim_sau_sinh_100.csv.xlsx,Nhau bong non là tình trạng nhau thai bong ra khỏi thành tử cung trước khi thai nhi được sinh ra.,1,5,3,723,1657,0.3148148148148148,0.9109599999992496,Bo_De_Me_Va_Be.xlsx | qa_me_bim_sau_sinh_100.xlsx | Bo_De_Me_Va_Be.xlsx,
Q038,KB2,378,1500,Nhau bong non là j,"Nhau bong non là một biến chứng sản khoa nghiêm trọng xảy ra khi bánh nhau tách ra khỏi thành tử cung trước khi thai nhi được sinh ra. Tình trạng này có thể gây nguy hiểm đến tính mạng của cả mẹ và thai nhi nếu không được phát hiện và xử trí kịp thời. Do đó, việc nhận biết các dấu hiệu bất thường của nhau bong non đóng vai trò rất quan trọng trong việc giảm thiểu nguy cơ tử vong và biến chứng.",qa_me_bim_sau_sinh_100.csv.xlsx,Nhau bong non là một biến chứng sản khoa nghiêm trọng xảy ra khi bánh nhau tách ra khỏi thành tử cung trước khi thai nhi được sinh ra.,1,5,5,1381,3169,0.5,61.18281170000046,Bo_De_Me_Va_Be.xlsx | qa_me_bim_sau_sinh_100.xlsx | Bo_De_Me_Va_Be.xlsx | qa_me_bim_sau_sinh_100.xlsx | qa_me_bim_sau_sinh_100.xlsx,
Q038,KB2,378,2200,Nhau bong non là j,"Nhau bong non là một biến chứng sản khoa nghiêm trọng xảy ra khi bánh nhau tách ra khỏi thành tử cung trước khi thai nhi được sinh ra. Tình trạng này có thể gây nguy hiểm đến tính mạng của cả mẹ và thai nhi nếu không được phát hiện và xử trí kịp thời. Do đó, việc nhận biết các dấu hiệu bất thường của nhau bong non đóng vai trò rất quan trọng trong việc giảm thiểu nguy cơ tử vong và biến chứng.",qa_me_bim_sau_sinh_100.csv.xlsx,Nhau bong non là một biến chứng sản khoa nghiêm trọng xảy ra khi bánh nhau tách ra khỏi thành tử cung trước khi thai nhi được sinh ra.,1,5,5,1381,3169,0.5,0.9613611000004312,Bo_De_Me_Va_Be.xlsx | qa_me_bim_sau_sinh_100.xlsx | Bo_De_Me_Va_Be.xlsx | qa_me_bim_sau_sinh_100.xlsx | qa_me_bim_sau_sinh_100.xlsx,
Q038,KB2,378,3000,Nhau bong non là j,"Nhau bong non là một biến chứng sản khoa nghiêm trọng xảy ra khi bánh nhau tách ra khỏi thành tử cung trước khi thai nhi được sinh ra. Tình trạng này có thể gây nguy hiểm đến tính mạng của cả mẹ và thai nhi nếu không được phát hiện và xử trí kịp thời. Do đó, việc nhận biết các dấu hiệu bất thường của nhau bong non đóng vai trò rất quan trọng trong việc giảm thiểu nguy cơ tử vong và biến chứng.",qa_me_bim_sau_sinh_100.csv.xlsx,Nhau bong non là một biến chứng sản khoa nghiêm trọng xảy ra khi bánh nhau tách ra khỏi thành tử cung trước khi thai nhi được sinh ra.,1,5,5,1381,3169,0.5,1.0265283999997337,Bo_De_Me_Va_Be.xlsx | qa_me_bim_sau_sinh_100.xlsx | Bo_De_Me_Va_Be.xlsx | qa_me_bim_sau_sinh_100.xlsx | qa_me_bim_sau_sinh_100.xlsx,
Q039,KB2,233,1000,"Ngoài việc cải thiện chuyện tiểu tiện, tập phục hồi sàn chậu có giúp ích j cho đời sống vợ chồng sau sinh k","Có, tập luyện giúp thu nhỏ âm đạo, tăng sức mạn cơ vùng chậu, từ đó cải thiện chức năng tình dục và tăng cảm giác trong quan hệ vợ chồng.",Phục hồi chức năng sàn chậu và lợi ích đối với các bà mẹ sau sinh.docx,"Tập phục hồi sàn chậu sau sinh có giúp cải thiện chất lượng đời sống tình dục. Cải thiện chất lượng đời sống tình dục là một trong những lợi ích của việc tập phục hồi chức năng sàn chậu sau sinh, theo như thông tin trong tài liệu.",1,5,1,746,1715,0.175,1.1512946999991982,Phục hồi chức năng sàn chậu và lợi ích đối với các bà mẹ sau sinh.docx,
Q039,KB2,233,1500,"Ngoài việc cải thiện chuyện tiểu tiện, tập phục hồi sàn chậu có giúp ích j cho đời sống vợ chồng sau sinh k","Có, tập luyện giúp thu nhỏ âm đạo, tăng sức mạn cơ vùng chậu, từ đó cải thiện chức năng tình dục và tăng cảm giác trong quan hệ vợ chồng.",Phục hồi chức năng sàn chậu và lợi ích đối với các bà mẹ sau sinh.docx,"Tập phục hồi sàn chậu sau sinh có giúp cải thiện chất lượng đời sống tình dục. Cải thiện chất lượng đời sống tình dục là một trong những lợi ích của việc tập phục hồi chức năng sàn chậu sau sinh, theo như thông tin trong tài liệu.",1,5,1,746,1715,0.175,0.9609018999999536,Phục hồi chức năng sàn chậu và lợi ích đối với các bà mẹ sau sinh.docx,
Q039,KB2,233,2200,"Ngoài việc cải thiện chuyện tiểu tiện, tập phục hồi sàn chậu có giúp ích j cho đời sống vợ chồng sau sinh k","Có, tập luyện giúp thu nhỏ âm đạo, tăng sức mạn cơ vùng chậu, từ đó cải thiện chức năng tình dục và tăng cảm giác trong quan hệ vợ chồng.",Phục hồi chức năng sàn chậu và lợi ích đối với các bà mẹ sau sinh.docx,"Tập phục hồi sàn chậu sau sinh có giúp cải thiện chất lượng đời sống tình dục. Cụ thể, bài tập Kegel giúp kích hoạt cơ đáy chậu và giúp cơ quan sinh dục, cơ vòng hậu môn được săn chắc hơn. Điều này có thể giúp phụ nữ sau sinh cải thiện chất lượng đời sống tình dục.",1,5,3,1724,3962,0.2,1.1948353000007046,Phục hồi chức năng sàn chậu và lợi ích đối với các bà mẹ sau sinh.docx | Phục hồi chức năng sàn chậu và lợi ích đối với các bà mẹ sau sinh.docx | qa_me_bim_sau_sinh_100.xlsx,
Q039,KB2,233,3000,"Ngoài việc cải thiện chuyện tiểu tiện, tập phục hồi sàn chậu có giúp ích j cho đời sống vợ chồng sau sinh k","Có, tập luyện giúp thu nhỏ âm đạo, tăng sức mạn cơ vùng chậu, từ đó cải thiện chức năng tình dục và tăng cảm giác trong quan hệ vợ chồng.",Phục hồi chức năng sàn chậu và lợi ích đối với các bà mẹ sau sinh.docx,"Tập phục hồi sàn chậu sau sinh có giúp cải thiện chất lượng đời sống tình dục. Cụ thể, tập luyện phục hồi chức năng sàn chậu bằng bài tập Kegel hoặc tập luyện với máy sẽ giúp ngăn ngừa và điều trị hiệu quả bệnh lý són tiểu, xì hơi không kiểm soát, són phân, mắc tiểu không cầm được, tiểu đêm, giúp kiểm soát lại hoạt động tiểu tiện và đại tiện theo ý muốn. Ngoài ra, tập luyện phục hồi chức năng sàn chậu còn giúp ngăn ngừa sa các tạng trong vùng chậu gồm: sa tử cung, bàng quang, trực tràng. Vì vậy, các bà mẹ sau sinh nên tập luyện phục hồi chức năng sàn chậu để cải thiện chất lượng đời sống tình dục và ngăn ngừa các bệnh lý liên quan.",1,5,4,2516,5782,0.1420118343195266,61.7436701000006,Phục hồi chức năng sàn chậu và lợi ích đối với các bà mẹ sau sinh.docx | Phục hồi chức năng sàn chậu và lợi ích đối với các bà mẹ sau sinh.docx | qa_me_bim_sau_sinh_100.xlsx | Phục hồi chức năng sàn chậu và lợi ích đối với các bà mẹ sau sinh.docx,
Q040,KB2,387,1000,Cách phòng bệnh tay chân miệng hiệu quả a,"Bệnh Tay Chân Miệng hiện nay vẫn chưa có thuốc điều trị đặc hiệu và không phải là bệnh có thể miễn nhiễm suốt đời. Vì vậy, việc nâng cao nhận thức và chủ động phòng bệnh là chìa khóa quan trọng giúp bảo vệ trẻ trước nguy cơ tái nhiễm và những biến chứng không mong muốn. Các biện pháp phòng bệnh bao gồm: Vệ sinh cá nhân, rửa tay thường xuyên bằng xà phòng, đặc biệt sau khi ho, hắt hơi hoặc xì mũi, thay tã, đi vệ sinh... Làm sạch và nên khử trùng các bề mặt hay đồ dùng thường xuyên tiếp xúc, vệ sinh đồ chơi, vật dụng của trẻ. Không cho trẻ tiếp xúc với người đang bệnh. Giữ sạch môi trường sống. Tránh chạm vào mắt, mũi, miệng khi tay chưa rửa. Dạy và tập cho trẻ không đưa tay, đồ vật vào miệng. Vắc xin: hiện nay chưa phổ biến.",qa_me_bim_sau_sinh_100.csv.xlsx,"Cách phòng bệnh tay chân miệng hiệu quả cho trẻ bao gồm: - Vệ sinh cá nhân, rửa tay thường xuyên bằng xà phòng, đặc biệt sau khi ho, hắt hơi hoặc xì mũi, thay tã, đi vệ sinh... - Làm sạch và nên khử trùng các bề mặt hay đồ dùng thường xuyên tiếp xúc, vệ sinh đồ chơi, vật dụng của trẻ. - Không cho trẻ tiếp xúc với người đang bệnh. - Giữ sạch môi trường sống. - Tránh chạm vào mắt, mũi, miệng khi tay chưa rửa. - Dạy và tập cho trẻ không đưa tay, đồ vật vào miệng.",1,5,2,903,2075,0.7343749999999999,1.210633799999414,qa_me_bim_sau_sinh_100.xlsx | qa_me_bim_sau_sinh_100.xlsx,
Q040,KB2,387,1500,Cách phòng bệnh tay chân miệng hiệu quả a,"Bệnh Tay Chân Miệng hiện nay vẫn chưa có thuốc điều trị đặc hiệu và không phải là bệnh có thể miễn nhiễm suốt đời. Vì vậy, việc nâng cao nhận thức và chủ động phòng bệnh là chìa khóa quan trọng giúp bảo vệ trẻ trước nguy cơ tái nhiễm và những biến chứng không mong muốn. Các biện pháp phòng bệnh bao gồm: Vệ sinh cá nhân, rửa tay thường xuyên bằng xà phòng, đặc biệt sau khi ho, hắt hơi hoặc xì mũi, thay tã, đi vệ sinh... Làm sạch và nên khử trùng các bề mặt hay đồ dùng thường xuyên tiếp xúc, vệ sinh đồ chơi, vật dụng của trẻ. Không cho trẻ tiếp xúc với người đang bệnh. Giữ sạch môi trường sống. Tránh chạm vào mắt, mũi, miệng khi tay chưa rửa. Dạy và tập cho trẻ không đưa tay, đồ vật vào miệng. Vắc xin: hiện nay chưa phổ biến.",qa_me_bim_sau_sinh_100.csv.xlsx,"Cách phòng bệnh tay chân miệng hiệu quả cho trẻ bao gồm: - Vệ sinh cá nhân, rửa tay thường xuyên bằng xà phòng, đặc biệt sau khi ho, hắt hơi hoặc xì mũi, thay tã, đi vệ sinh... - Làm sạch và nên khử trùng các bề mặt hay đồ dùng thường xuyên tiếp xúc, vệ sinh đồ chơi, vật dụng của trẻ. - Không cho trẻ tiếp xúc với người đang bệnh. - Giữ sạch môi trường sống. - Tránh chạm vào mắt, mũi, miệng khi tay chưa rửa. - Dạy và tập cho trẻ không đưa tay, đồ vật vào miệng. MomCare chưa tìm thấy thông tin về vắc xin phòng bệnh tay chân miệng trong tài liệu.",1,5,4,1494,3431,0.7032967032967032,1.2795127000008506,qa_me_bim_sau_sinh_100.xlsx | qa_me_bim_sau_sinh_100.xlsx | qa_me_bim_sau_sinh_100.xlsx | qa_me_bim_sau_sinh_100.xlsx,
Q040,KB2,387,2200,Cách phòng bệnh tay chân miệng hiệu quả a,"Bệnh Tay Chân Miệng hiện nay vẫn chưa có thuốc điều trị đặc hiệu và không phải là bệnh có thể miễn nhiễm suốt đời. Vì vậy, việc nâng cao nhận thức và chủ động phòng bệnh là chìa khóa quan trọng giúp bảo vệ trẻ trước nguy cơ tái nhiễm và những biến chứng không mong muốn. Các biện pháp phòng bệnh bao gồm: Vệ sinh cá nhân, rửa tay thường xuyên bằng xà phòng, đặc biệt sau khi ho, hắt hơi hoặc xì mũi, thay tã, đi vệ sinh... Làm sạch và nên khử trùng các bề mặt hay đồ dùng thường xuyên tiếp xúc, vệ sinh đồ chơi, vật dụng của trẻ. Không cho trẻ tiếp xúc với người đang bệnh. Giữ sạch môi trường sống. Tránh chạm vào mắt, mũi, miệng khi tay chưa rửa. Dạy và tập cho trẻ không đưa tay, đồ vật vào miệng. Vắc xin: hiện nay chưa phổ biến.",qa_me_bim_sau_sinh_100.csv.xlsx,"Cách phòng bệnh tay chân miệng hiệu quả cho trẻ bao gồm: - Vệ sinh cá nhân, rửa tay thường xuyên bằng xà phòng, đặc biệt sau khi ho, hắt hơi hoặc xì mũi, thay tã, đi vệ sinh... - Làm sạch và nên khử trùng các bề mặt hay đồ dùng thường xuyên tiếp xúc, vệ sinh đồ chơi, vật dụng của trẻ. - Không cho trẻ tiếp xúc với người đang bệnh. - Giữ sạch môi trường sống. - Tránh chạm vào mắt, mũi, miệng khi tay chưa rửa. - Dạy và tập cho trẻ không đưa tay, đồ vật vào miệng. MomCare chưa tìm thấy thông tin về vắc xin phòng bệnh tay chân miệng trong tài liệu.",1,5,5,1839,4224,0.7032967032967032,62.03703719999976,qa_me_bim_sau_sinh_100.xlsx | qa_me_bim_sau_sinh_100.xlsx | qa_me_bim_sau_sinh_100.xlsx | qa_me_bim_sau_sinh_100.xlsx | data_store\pdf\d3fa1053-wp8-postpartum-care-handbook-viet.pdf,
Q040,KB2,387,3000,Cách phòng bệnh tay chân miệng hiệu quả a,"Bệnh Tay Chân Miệng hiện nay vẫn chưa có thuốc điều trị đặc hiệu và không phải là bệnh có thể miễn nhiễm suốt đời. Vì vậy, việc nâng cao nhận thức và chủ động phòng bệnh là chìa khóa quan trọng giúp bảo vệ trẻ trước nguy cơ tái nhiễm và những biến chứng không mong muốn. Các biện pháp phòng bệnh bao gồm: Vệ sinh cá nhân, rửa tay thường xuyên bằng xà phòng, đặc biệt sau khi ho, hắt hơi hoặc xì mũi, thay tã, đi vệ sinh... Làm sạch và nên khử trùng các bề mặt hay đồ dùng thường xuyên tiếp xúc, vệ sinh đồ chơi, vật dụng của trẻ. Không cho trẻ tiếp xúc với người đang bệnh. Giữ sạch môi trường sống. Tránh chạm vào mắt, mũi, miệng khi tay chưa rửa. Dạy và tập cho trẻ không đưa tay, đồ vật vào miệng. Vắc xin: hiện nay chưa phổ biến.",qa_me_bim_sau_sinh_100.csv.xlsx,"Cách phòng bệnh tay chân miệng hiệu quả cho trẻ bao gồm: - Vệ sinh cá nhân, rửa tay thường xuyên bằng xà phòng, đặc biệt sau khi ho, hắt hơi hoặc xì mũi, thay tã, đi vệ sinh... - Làm sạch và nên khử trùng các bề mặt hay đồ dùng thường xuyên tiếp xúc, vệ sinh đồ chơi, vật dụng của trẻ. - Không cho trẻ tiếp xúc với người đang bệnh. - Giữ sạch môi trường sống. - Tránh chạm vào mắt, mũi, miệng khi tay chưa rửa. - Dạy và tập cho trẻ không đưa tay, đồ vật vào miệng. MomCare chưa tìm thấy thông tin về vắc xin phòng bệnh tay chân miệng trong tài liệu.",1,5,5,1839,4224,0.7032967032967032,1.3542176999999356,qa_me_bim_sau_sinh_100.xlsx | qa_me_bim_sau_sinh_100.xlsx | qa_me_bim_sau_sinh_100.xlsx | qa_me_bim_sau_sinh_100.xlsx | data_store\pdf\d3fa1053-wp8-postpartum-care-handbook-viet.pdf,
Q041,KB3,211,1000,"Con em hỏi ""Tại sao"" liên tục làm em bực mình muốn la mắng, em có nên trả lời hết các câu hỏi đó không ạ",Những câu hỏi này chứng tỏ bé rất tò mò và ham học hỏi; bạn hãy kiên nhẫn trả lời đơn giản hoặc cùng bé đi tìm câu trả lời để khuyến khích tư duy của con.,Sách Không ai hoàn hảo - Trí tuệ,"Trả lời trực tiếp câu hỏi ngay từ câu đầu tiên: Không, bạn không nên trả lời hết các câu hỏi ""Tại sao"" liên tục.",1,5,1,346,795,0.1935483870967742,0.9381915000012668,Bo_De_Me_Va_Be.xlsx,
Q041,KB3,211,1500,"Con em hỏi ""Tại sao"" liên tục làm em bực mình muốn la mắng, em có nên trả lời hết các câu hỏi đó không ạ",Những câu hỏi này chứng tỏ bé rất tò mò và ham học hỏi; bạn hãy kiên nhẫn trả lời đơn giản hoặc cùng bé đi tìm câu trả lời để khuyến khích tư duy của con.,Sách Không ai hoàn hảo - Trí tuệ,"Câu hỏi của người dùng không liên quan đến thông tin chăm sóc mẹ và trẻ nhỏ trong tài liệu RAG. Do đó, MomCare chưa tìm thấy đủ thông tin trong kho tài liệu để trả lời câu hỏi này.",1,5,2,1142,2624,0.1558441558441558,1.0391655000003084,Bo_De_Me_Va_Be.xlsx | data_store\pdf\dvcsskss_48201712.pdf,
Q041,KB3,211,2200,"Con em hỏi ""Tại sao"" liên tục làm em bực mình muốn la mắng, em có nên trả lời hết các câu hỏi đó không ạ",Những câu hỏi này chứng tỏ bé rất tò mò và ham học hỏi; bạn hãy kiên nhẫn trả lời đơn giản hoặc cùng bé đi tìm câu trả lời để khuyến khích tư duy của con.,Sách Không ai hoàn hảo - Trí tuệ,"Trả lời trực tiếp câu hỏi ngay từ câu đầu tiên: Không, bạn không nên trả lời hết các câu hỏi ""Tại sao"" liên tục của trẻ em.",1,5,4,1950,4480,0.2153846153846154,1.1359105999999883,Bo_De_Me_Va_Be.xlsx | data_store\pdf\dvcsskss_48201712.pdf | data_store\pdf\Hành vi - Không ai hoàn hảo.pdf | qa_me_bim_sau_sinh_100.xlsx,
Q041,KB3,211,3000,"Con em hỏi ""Tại sao"" liên tục làm em bực mình muốn la mắng, em có nên trả lời hết các câu hỏi đó không ạ",Những câu hỏi này chứng tỏ bé rất tò mò và ham học hỏi; bạn hãy kiên nhẫn trả lời đơn giản hoặc cùng bé đi tìm câu trả lời để khuyến khích tư duy của con.,Sách Không ai hoàn hảo - Trí tuệ,"Trả lời trực tiếp câu hỏi ngay từ câu đầu tiên: Không, bạn không nên trả lời hết các câu hỏi ""Tại sao"" liên tục của trẻ em.",1,5,5,2262,5197,0.2153846153846154,1.1443738999987545,Bo_De_Me_Va_Be.xlsx | data_store\pdf\dvcsskss_48201712.pdf | data_store\pdf\Hành vi - Không ai hoàn hảo.pdf | qa_me_bim_sau_sinh_100.xlsx | Bo_De_Me_Va_Be.xlsx,
Q042,KB3,282,1000,"Em đang định tự đun dầu đun sôi để làm màng tã chống thấm, em lo ngại các hóa chất trong tã giấy, có loại tã nào không chứa gel siêu thấm hay chất tẩy trắng clo để an toàn hơn cho da bé không ạ","Có, một số cha mẹ không hài lòng về loại gel siêu thấm thường được sử dụng trong tã dùng một lần để hút ẩm và giữ cho bé luôn khô ráo. Với những loại tã không có gel, đệm bông được sử dụng thay thế để thực hiện tính năng thấm hút. Bên cạnh đó, tã không có clo cũng là một lựa chọn khác cho các bậc cha mẹ muốn giảm thiểu sử dụng hóa chất.",Tã dùng một lần.docx,"Có. Một số loại tã không có gel siêu thấm và chất tẩy trắng clo, thay vào đó sử dụng đệm bông để thực hiện tính năng thấm hút.",1,5,1,384,883,0.3364485981308411,1.050702900000033,Tã dùng một lần.docx,
Q042,KB3,282,1500,"Em đang định tự đun dầu đun sôi để làm màng tã chống thấm, em lo ngại các hóa chất trong tã giấy, có loại tã nào không chứa gel siêu thấm hay chất tẩy trắng clo để an toàn hơn cho da bé không ạ","Có, một số cha mẹ không hài lòng về loại gel siêu thấm thường được sử dụng trong tã dùng một lần để hút ẩm và giữ cho bé luôn khô ráo. Với những loại tã không có gel, đệm bông được sử dụng thay thế để thực hiện tính năng thấm hút. Bên cạnh đó, tã không có clo cũng là một lựa chọn khác cho các bậc cha mẹ muốn giảm thiểu sử dụng hóa chất.",Tã dùng một lần.docx,"Có. Một số loại tã không chứa gel siêu thấm và chất tẩy trắng clo. Thay vào đó, chúng sử dụng đệm bông để thực hiện tính năng thấm hút.",1,5,2,1141,2623,0.3333333333333333,61.31538679999903,Tã dùng một lần.docx | Tã dùng một lần.docx,
Q042,KB3,282,2200,"Em đang định tự đun dầu đun sôi để làm màng tã chống thấm, em lo ngại các hóa chất trong tã giấy, có loại tã nào không chứa gel siêu thấm hay chất tẩy trắng clo để an toàn hơn cho da bé không ạ","Có, một số cha mẹ không hài lòng về loại gel siêu thấm thường được sử dụng trong tã dùng một lần để hút ẩm và giữ cho bé luôn khô ráo. Với những loại tã không có gel, đệm bông được sử dụng thay thế để thực hiện tính năng thấm hút. Bên cạnh đó, tã không có clo cũng là một lựa chọn khác cho các bậc cha mẹ muốn giảm thiểu sử dụng hóa chất.",Tã dùng một lần.docx,"Có. Một số loại tã không có gel siêu thấm và chất tẩy trắng clo. Thay vào đó, đệm bông được sử dụng để thực hiện tính năng thấm hút.",1,5,3,1930,4436,0.3703703703703703,1.269027799999094,Tã dùng một lần.docx | Tã dùng một lần.docx | Cách thay tã vải cho trẻ sơ sinh.docx,
Q042,KB3,282,3000,"Em đang định tự đun dầu đun sôi để làm màng tã chống thấm, em lo ngại các hóa chất trong tã giấy, có loại tã nào không chứa gel siêu thấm hay chất tẩy trắng clo để an toàn hơn cho da bé không ạ","Có, một số cha mẹ không hài lòng về loại gel siêu thấm thường được sử dụng trong tã dùng một lần để hút ẩm và giữ cho bé luôn khô ráo. Với những loại tã không có gel, đệm bông được sử dụng thay thế để thực hiện tính năng thấm hút. Bên cạnh đó, tã không có clo cũng là một lựa chọn khác cho các bậc cha mẹ muốn giảm thiểu sử dụng hóa chất.",Tã dùng một lần.docx,"Có. Một số loại tã giấy không chứa gel siêu thấm và chất tẩy trắng clo. Ví dụ, tã không có gel và clo được đề cập trong tài liệu RAG.",1,5,4,2640,6067,0.238532110091743,1.4178255000006177,Tã dùng một lần.docx | Tã dùng một lần.docx | Cách thay tã vải cho trẻ sơ sinh.docx | Cách giặt tã vải cho trẻ nhỏ.docx,
Q043,KB3,35,1000,"Em đang uống nhiều nước lọc vì sợ ít sữa, sữa mẹ chứa bao nhiêu phần trăm là nước ạ",Sữa mẹ chứa tới 88% là nước.,Tài liệu khóa học Nuôi con bằng sữa mẹ.pdf,MomCare chưa tìm thấy đủ thông tin trong kho tài liệu để trả lời câu hỏi này.,1,5,1,330,758,0.0,0.906967999999324,Bo_De_Me_Va_Be.xlsx,
Q043,KB3,35,1500,"Em đang uống nhiều nước lọc vì sợ ít sữa, sữa mẹ chứa bao nhiêu phần trăm là nước ạ",Sữa mẹ chứa tới 88% là nước.,Tài liệu khóa học Nuôi con bằng sữa mẹ.pdf,MomCare chưa tìm thấy đủ thông tin trong kho tài liệu để trả lời câu hỏi này.,1,5,2,1125,2585,0.0,0.9606880000010278,Bo_De_Me_Va_Be.xlsx | data_store\pdf\quyet_dinh_hd_an_bo_sung.pdf,
Q043,KB3,35,2200,"Em đang uống nhiều nước lọc vì sợ ít sữa, sữa mẹ chứa bao nhiêu phần trăm là nước ạ",Sữa mẹ chứa tới 88% là nước.,Tài liệu khóa học Nuôi con bằng sữa mẹ.pdf,Sữa mẹ chứa khoảng 87% là nước.,1,5,4,1814,4168,0.7142857142857143,1.0476770999994187,Bo_De_Me_Va_Be.xlsx | data_store\pdf\quyet_dinh_hd_an_bo_sung.pdf | Bo_De_Me_Va_Be.xlsx | qa_me_bim_sau_sinh_100.xlsx,
Q043,KB3,35,3000,"Em đang uống nhiều nước lọc vì sợ ít sữa, sữa mẹ chứa bao nhiêu phần trăm là nước ạ",Sữa mẹ chứa tới 88% là nước.,Tài liệu khóa học Nuôi con bằng sữa mẹ.pdf,Sữa mẹ chứa khoảng 87% là nước.,1,5,5,2426,5575,0.7142857142857143,61.283163900001455,Bo_De_Me_Va_Be.xlsx | data_store\pdf\quyet_dinh_hd_an_bo_sung.pdf | Bo_De_Me_Va_Be.xlsx | qa_me_bim_sau_sinh_100.xlsx | qa_me_bim_sau_sinh_100.xlsx,
Q044,KB3,212,1000,"Em đang định mua bảng tương tác đắt tiền trên mạng, làm sao để em giúp bé nhận biết và học tên các màu sắc, hình khối một cách tự nhiên nhất ạ","Bạn hãy lồng ghép vào các hoạt động hàng ngày như: ""Quả táo màu đỏ"", ""Cái hộp hình vuông"", việc học qua thực tế sẽ giúp trẻ ghi nhớ lâu hơn.",Sách Không ai hoàn hảo - Trí tuệ,MomCare chưa tìm thấy đủ thông tin trong kho tài liệu để trả lời câu hỏi này.,1,5,2,844,1937,0.0,1.0467697999993106,data_store\pdf\Trí tuệ - Không ai hoàn hảo.pdf | data_store\pdf\Trí tuệ - Không ai hoàn hảo.pdf,
Q044,KB3,212,1500,"Em đang định mua bảng tương tác đắt tiền trên mạng, làm sao để em giúp bé nhận biết và học tên các màu sắc, hình khối một cách tự nhiên nhất ạ","Bạn hãy lồng ghép vào các hoạt động hàng ngày như: ""Quả táo màu đỏ"", ""Cái hộp hình vuông"", việc học qua thực tế sẽ giúp trẻ ghi nhớ lâu hơn.",Sách Không ai hoàn hảo - Trí tuệ,"Để giúp bé nhận biết và học tên các màu sắc, hình khối một cách tự nhiên nhất, bạn có thể thực hiện các bước sau: - Bé di chuyển xung quanh và khám phá môi trường xung quanh, giúp bé nhận biết và học tên các màu sắc và hình khối thông qua việc quan sát và tương tác với môi trường. - Bé tạo ra các tiếng động và cười khúc khích, giúp bé học cách nhận biết và phân biệt các màu sắc và hình khối thông qua việc nghe và nhìn. - Bé bắt đầu hiểu những từ bé thường xuyên nghe thấy, bao gồm tên của bé, những từ như ""mẹ"", ""ba"" và các từ khác, giúp bé học cách nhận biết và sử dụng ngôn ngữ để mô tả màu sắc và hình khối. - Bé đang học cách sử dụng đôi tay của mình, bao gồm việc để với và nắm, để lắc, đập và chọc chọc, giúp bé học cách nhận biết và sử dụng các hình khối thông qua việc tương tác với môi trường. Lưu ý rằng các bước trên chỉ áp dụng cho độ tuổi từ 6 đến 12 tháng.",1,5,3,1325,3042,0.0789473684210526,1.509867500000837,data_store\pdf\Trí tuệ - Không ai hoàn hảo.pdf | data_store\pdf\Trí tuệ - Không ai hoàn hảo.pdf | data_store\pdf\Hành vi - Không ai hoàn hảo.pdf,
Q044,KB3,212,2200,"Em đang định mua bảng tương tác đắt tiền trên mạng, làm sao để em giúp bé nhận biết và học tên các màu sắc, hình khối một cách tự nhiên nhất ạ","Bạn hãy lồng ghép vào các hoạt động hàng ngày như: ""Quả táo màu đỏ"", ""Cái hộp hình vuông"", việc học qua thực tế sẽ giúp trẻ ghi nhớ lâu hơn.",Sách Không ai hoàn hảo - Trí tuệ,"Để giúp bé nhận biết và học tên các màu sắc, hình khối một cách tự nhiên nhất, bạn có thể thực hiện các bước sau: - Gọi tên các đồ vật, đồ chơi, bộ phận cơ thể của bé (theo tài liệu RAG, id: 5). - Sử dụng những từ ngữ gọi tên các cảm giác như vui vẻ, buồn phiền, tức giận hay lo sợ (theo tài liệu RAG, id: 5). - Đọc cho bé nghe và xem các loại sách tranh, sau đó đặt câu hỏi để giúp bé học những thứ mới mẻ (theo tài liệu RAG, id: 5). Những cách này sẽ giúp bé tiếp xúc với các màu sắc và hình khối thông qua các hoạt động hàng ngày và chơi đùa, từ đó giúp bé nhận biết và học tên các màu sắc, hình khối một cách tự nhiên nhất.",1,5,5,2155,4950,0.0914285714285714,1.2762502999994467,data_store\pdf\Trí tuệ - Không ai hoàn hảo.pdf | data_store\pdf\Trí tuệ - Không ai hoàn hảo.pdf | data_store\pdf\Hành vi - Không ai hoàn hảo.pdf | data_store\pdf\Hành vi - Không ai hoàn hảo.pdf | data_store\pdf\Trí tuệ - Không ai hoàn hảo.pdf,
Q044,KB3,212,3000,"Em đang định mua bảng tương tác đắt tiền trên mạng, làm sao để em giúp bé nhận biết và học tên các màu sắc, hình khối một cách tự nhiên nhất ạ","Bạn hãy lồng ghép vào các hoạt động hàng ngày như: ""Quả táo màu đỏ"", ""Cái hộp hình vuông"", việc học qua thực tế sẽ giúp trẻ ghi nhớ lâu hơn.",Sách Không ai hoàn hảo - Trí tuệ,"Để giúp bé nhận biết và học tên các màu sắc, hình khối một cách tự nhiên nhất, bạn có thể thực hiện các bước sau: - Gọi tên các đồ vật, đồ chơi, bộ phận cơ thể của bé (theo tài liệu RAG, id: 5). - Sử dụng những từ ngữ gọi tên các cảm giác như vui vẻ, buồn phiền, tức giận hay lo sợ (theo tài liệu RAG, id: 5). - Đọc cho bé nghe và xem các loại sách tranh, sau đó đặt câu hỏi để giúp bé học những thứ mới mẻ (theo tài liệu RAG, id: 5). Những cách này sẽ giúp bé tiếp xúc với các màu sắc và hình khối thông qua các hoạt động hàng ngày và chơi đùa, từ đó giúp bé nhận biết và học tên các màu sắc, hình khối một cách tự nhiên nhất.",1,5,5,2155,4950,0.0914285714285714,1.4607639000005292,data_store\pdf\Trí tuệ - Không ai hoàn hảo.pdf | data_store\pdf\Trí tuệ - Không ai hoàn hảo.pdf | data_store\pdf\Hành vi - Không ai hoàn hảo.pdf | data_store\pdf\Hành vi - Không ai hoàn hảo.pdf | data_store\pdf\Trí tuệ - Không ai hoàn hảo.pdf,
Q045,KB3,95,1000,"Em thấy sữa mình màu vàng đặc sợ bị viêm, sữa non của em màu vàng và đặc thì có tốt cho bé không ạ","Rất tốt • Chất lỏng dày dính màu vàng do các tế bào nang vú tiết ra trong suốt 3 tháng cuối của thai kì và kéo dài 1 thời gian sau sinh • Số lượng ít, năng lượng cao • Chứa ít đường lactose, vitamin tan trong chất béo, natri cao hơn, kẽm và tất cả các yếu tố bảo vệ • Kháng thể bám vào thành ruột để tránh sự xâm nhập các mầm bệnh • Các yếu tố tăng trưởng kích thích sự phát triển của tế bào niêm mạc, biểu mô, tổng hợp ADN, sự phát triển của các cơ quan và hệ thần kinh • Thường sẽ chuyển sang sữa trưởng thành trong 30-40 giờ sau sinh",1445371_Improving-the-quality-and-care-of,"Sữa non màu vàng và đặc có tốt cho bé không? Có. Sữa non có nhiều năng lượng, chất đạm, nhiều vitamin A, kháng thể và tế bào bạch cầu, giúp bảo vệ bé khỏi bệnh tật và giúp bé thải ra phân su.",1,5,2,637,1463,0.1366459627329192,0.9041173000005074,data_store\pdf\Tài liệu khóa học Nuôi con bằng sữa mẹ.pdf | data_store\pdf\Sức khỏe - Không ai hoàn hảo.pdf,
Q045,KB3,95,1500,"Em thấy sữa mình màu vàng đặc sợ bị viêm, sữa non của em màu vàng và đặc thì có tốt cho bé không ạ","Rất tốt • Chất lỏng dày dính màu vàng do các tế bào nang vú tiết ra trong suốt 3 tháng cuối của thai kì và kéo dài 1 thời gian sau sinh • Số lượng ít, năng lượng cao • Chứa ít đường lactose, vitamin tan trong chất béo, natri cao hơn, kẽm và tất cả các yếu tố bảo vệ • Kháng thể bám vào thành ruột để tránh sự xâm nhập các mầm bệnh • Các yếu tố tăng trưởng kích thích sự phát triển của tế bào niêm mạc, biểu mô, tổng hợp ADN, sự phát triển của các cơ quan và hệ thần kinh • Thường sẽ chuyển sang sữa trưởng thành trong 30-40 giờ sau sinh",1445371_Improving-the-quality-and-care-of,"Sữa non màu vàng và đặc có tốt cho bé không? Có. Sữa non có nhiều năng lượng, chất đạm, nhiều vitamin A, kháng thể và tế bào bạch cầu, giúp bảo vệ bé khỏi bệnh tật và giúp bé thải ra phân su.",1,5,3,1432,3290,0.1366459627329192,61.21621789999881,data_store\pdf\Tài liệu khóa học Nuôi con bằng sữa mẹ.pdf | data_store\pdf\Sức khỏe - Không ai hoàn hảo.pdf | data_store\pdf\quyet_dinh_hd_an_bo_sung.pdf,
Q045,KB3,95,2200,"Em thấy sữa mình màu vàng đặc sợ bị viêm, sữa non của em màu vàng và đặc thì có tốt cho bé không ạ","Rất tốt • Chất lỏng dày dính màu vàng do các tế bào nang vú tiết ra trong suốt 3 tháng cuối của thai kì và kéo dài 1 thời gian sau sinh • Số lượng ít, năng lượng cao • Chứa ít đường lactose, vitamin tan trong chất béo, natri cao hơn, kẽm và tất cả các yếu tố bảo vệ • Kháng thể bám vào thành ruột để tránh sự xâm nhập các mầm bệnh • Các yếu tố tăng trưởng kích thích sự phát triển của tế bào niêm mạc, biểu mô, tổng hợp ADN, sự phát triển của các cơ quan và hệ thần kinh • Thường sẽ chuyển sang sữa trưởng thành trong 30-40 giờ sau sinh",1445371_Improving-the-quality-and-care-of,"Sữa non màu vàng và đặc có tốt cho bé không? Có. Sữa non có nhiều năng lượng, chất đạm, nhiều vitamin A, kháng thể và tế bào bạch cầu, giúp trẻ thải phân su và bảo vệ bé khỏi bệnh tật.",1,5,4,1849,4247,0.1383647798742138,0.9965049000002182,data_store\pdf\Tài liệu khóa học Nuôi con bằng sữa mẹ.pdf | data_store\pdf\Sức khỏe - Không ai hoàn hảo.pdf | data_store\pdf\quyet_dinh_hd_an_bo_sung.pdf | data_store\pdf\d3fa1053-wp8-postpartum-care-handbook-viet.pdf,
Q045,KB3,95,3000,"Em thấy sữa mình màu vàng đặc sợ bị viêm, sữa non của em màu vàng và đặc thì có tốt cho bé không ạ","Rất tốt • Chất lỏng dày dính màu vàng do các tế bào nang vú tiết ra trong suốt 3 tháng cuối của thai kì và kéo dài 1 thời gian sau sinh • Số lượng ít, năng lượng cao • Chứa ít đường lactose, vitamin tan trong chất béo, natri cao hơn, kẽm và tất cả các yếu tố bảo vệ • Kháng thể bám vào thành ruột để tránh sự xâm nhập các mầm bệnh • Các yếu tố tăng trưởng kích thích sự phát triển của tế bào niêm mạc, biểu mô, tổng hợp ADN, sự phát triển của các cơ quan và hệ thần kinh • Thường sẽ chuyển sang sữa trưởng thành trong 30-40 giờ sau sinh",1445371_Improving-the-quality-and-care-of,"Sữa non màu vàng và đặc có tốt cho bé không? Có. Sữa non có nhiều năng lượng, chất đạm, nhiều vitamin A, kháng thể và tế bào bạch cầu, giúp bảo vệ bé khỏi bệnh tật và giúp bé thải ra phân su.",1,5,5,2637,6058,0.1366459627329192,61.48562479999964,data_store\pdf\Tài liệu khóa học Nuôi con bằng sữa mẹ.pdf | data_store\pdf\Sức khỏe - Không ai hoàn hảo.pdf | data_store\pdf\quyet_dinh_hd_an_bo_sung.pdf | data_store\pdf\d3fa1053-wp8-postpartum-care-handbook-viet.pdf | Một số câu sản phụ thường hỏi trong thời kỳ hậu sản.docx,
Q046,KB3,86,1000,"Em vội vàng đẻ xong phải đón khách, trong mấy tiếng đầu bác sĩ sẽ theo dõi em thế nào ạ","• Đánh giá và ghi nhận các dấu hiệu sinh tồn 15 phút 1 lần trong giờ đầu sau sinh, sau đó 30 phút 1 lần trong giờ tiếp theo nếu các thông số đạt yêu cầu.",1445371_Improving-the-quality-and-care-of,MomCare chưa tìm thấy đủ thông tin trong kho tài liệu để trả lời câu hỏi này.,1,5,1,326,749,0.0377358490566037,1.061324299998887,Bo_De_Me_Va_Be.xlsx,
Q046,KB3,86,1500,"Em vội vàng đẻ xong phải đón khách, trong mấy tiếng đầu bác sĩ sẽ theo dõi em thế nào ạ","• Đánh giá và ghi nhận các dấu hiệu sinh tồn 15 phút 1 lần trong giờ đầu sau sinh, sau đó 30 phút 1 lần trong giờ tiếp theo nếu các thông số đạt yêu cầu.",1445371_Improving-the-quality-and-care-of,MomCare chưa tìm thấy đủ thông tin trong kho tài liệu để trả lời câu hỏi này.,1,5,3,1274,2927,0.0377358490566037,1.1299122999989777,Bo_De_Me_Va_Be.xlsx | Bo_De_Me_Va_Be.xlsx | data_store\pdf\1445371_Improving-the-quality-and-care-of-....pdf,
Q046,KB3,86,2200,"Em vội vàng đẻ xong phải đón khách, trong mấy tiếng đầu bác sĩ sẽ theo dõi em thế nào ạ","• Đánh giá và ghi nhận các dấu hiệu sinh tồn 15 phút 1 lần trong giờ đầu sau sinh, sau đó 30 phút 1 lần trong giờ tiếp theo nếu các thông số đạt yêu cầu.",1445371_Improving-the-quality-and-care-of,MomCare chưa tìm thấy đủ thông tin trong kho tài liệu để trả lời câu hỏi này.,1,5,4,2029,4663,0.0377358490566037,61.46889689999989,Bo_De_Me_Va_Be.xlsx | Bo_De_Me_Va_Be.xlsx | data_store\pdf\1445371_Improving-the-quality-and-care-of-....pdf | Bo_De_Me_Va_Be.xlsx,
Q046,KB3,86,3000,"Em vội vàng đẻ xong phải đón khách, trong mấy tiếng đầu bác sĩ sẽ theo dõi em thế nào ạ","• Đánh giá và ghi nhận các dấu hiệu sinh tồn 15 phút 1 lần trong giờ đầu sau sinh, sau đó 30 phút 1 lần trong giờ tiếp theo nếu các thông số đạt yêu cầu.",1445371_Improving-the-quality-and-care-of,MomCare chưa tìm thấy đủ thông tin trong kho tài liệu để trả lời câu hỏi này.,1,5,5,2556,5875,0.0377358490566037,1.1817064000006212,Bo_De_Me_Va_Be.xlsx | Bo_De_Me_Va_Be.xlsx | data_store\pdf\1445371_Improving-the-quality-and-care-of-....pdf | Bo_De_Me_Va_Be.xlsx | Bo_De_Me_Va_Be.xlsx,
Q047,KB3,331,1000,"Em hay quên nên lười đưa con đi khám định kỳ, chỉ khi con ốm mới đi, em có cần phải đánh giá lại sự phát triển của bé thường xuyên không, hay chỉ cần thực hiện một lần khi bé có dấu hiệu lạ ạ","Trẻ em lớn lên và phát triển rất nhanh với tốc độ khác nhau, do đó, điều quan trọng là phải đánh giá lại chúng thường xuyên. Trẻ có thể phát triển nhanh hơn hoặc chậm hơn ở một số khía cạnh so với những bạn đồng trang lứa. Tuy nhiên để xác định sự phát triển nhanh hay chậm ở trẻ có phải là vấn đề nghiêm trọng hay không cần có các đánh giá định kỳ.",Đánh giá sự phát triển của trẻ như thế nào.docx,"Đánh giá sự phát triển của trẻ cần được thực hiện thường xuyên để phát hiện sớm các dấu hiệu trẻ chậm phát triển tâm thần, chiều cao, hay sự tăng trưởng của trẻ nhanh hay chậm. Quá trình này sẽ giúp cha mẹ có kế hoạch điều chỉnh cách chăm sóc, nuôi dạy phù hợp và hiệu quả. Thông thường, đánh giá sự phát triển của trẻ sẽ được điều chỉnh cho phù hợp với tuổi của bé, các vấn đề nghi ngờ hoặc chậm trễ. Cha mẹ của trẻ có thể được dành thời gian trả lời một loạt các câu hỏi chi tiết về sự phát triển của con mình, và trẻ sẽ trải qua một loạt các bài kiểm tra có thể bao gồm khám sức khỏe, kiểm tra thính giác và mắt khi chơi, các bài kiểm tra tiêu chuẩn, cho bé thực hiện một số nhiệm vụ nhất định để xác định điểm mạnh và điểm yếu.",1,5,1,660,1516,0.1576763485477178,1.243380799998704,Đánh giá sự phát triển của trẻ như thế nào.docx,
Q047,KB3,331,1500,"Em hay quên nên lười đưa con đi khám định kỳ, chỉ khi con ốm mới đi, em có cần phải đánh giá lại sự phát triển của bé thường xuyên không, hay chỉ cần thực hiện một lần khi bé có dấu hiệu lạ ạ","Trẻ em lớn lên và phát triển rất nhanh với tốc độ khác nhau, do đó, điều quan trọng là phải đánh giá lại chúng thường xuyên. Trẻ có thể phát triển nhanh hơn hoặc chậm hơn ở một số khía cạnh so với những bạn đồng trang lứa. Tuy nhiên để xác định sự phát triển nhanh hay chậm ở trẻ có phải là vấn đề nghiêm trọng hay không cần có các đánh giá định kỳ.",Đánh giá sự phát triển của trẻ như thế nào.docx,"Trẻ cần được đánh giá sự phát triển thường xuyên để phát hiện sớm các dấu hiệu trẻ chậm phát triển tâm thần, chiều cao, hay sự tăng trưởng của trẻ nhanh hay chậm. Quá trình đánh giá này sẽ giúp cha mẹ có kế hoạch điều chỉnh cách chăm sóc, nuôi dạy phù hợp và hiệu quả. Đánh giá sự phát triển của trẻ sẽ được điều chỉnh cho phù hợp với tuổi của bé, các vấn đề nghi ngờ hoặc chậm trễ. Bác sĩ sẽ theo dõi chính thức sự phát triển của trẻ tại mỗi lần khám sức khỏe tổng quát cho bé và có thể giới thiệu trẻ và cha mẹ của trẻ đến gặp chuyên gia phát triển để được đánh giá nếu nhận thấy một lĩnh vực mà trẻ có vẻ chậm phát triển đáng kể so với các bạn cùng trang lứa. Cha mẹ cũng có thể là động lực thúc đẩy đánh giá, vì họ hiểu rõ con mình nhất và có thể nhận thấy sự chậm phát triển của trẻ trước khi bác sĩ đề cập đến bất cứ điều gì.",1,5,2,1397,3210,0.1716417910447761,1.2897398000004614,Đánh giá sự phát triển của trẻ như thế nào.docx | Đánh giá sự phát triển của trẻ như thế nào.docx,
Q047,KB3,331,2200,"Em hay quên nên lười đưa con đi khám định kỳ, chỉ khi con ốm mới đi, em có cần phải đánh giá lại sự phát triển của bé thường xuyên không, hay chỉ cần thực hiện một lần khi bé có dấu hiệu lạ ạ","Trẻ em lớn lên và phát triển rất nhanh với tốc độ khác nhau, do đó, điều quan trọng là phải đánh giá lại chúng thường xuyên. Trẻ có thể phát triển nhanh hơn hoặc chậm hơn ở một số khía cạnh so với những bạn đồng trang lứa. Tuy nhiên để xác định sự phát triển nhanh hay chậm ở trẻ có phải là vấn đề nghiêm trọng hay không cần có các đánh giá định kỳ.",Đánh giá sự phát triển của trẻ như thế nào.docx,"Trẻ cần được đánh giá sự phát triển thường xuyên để phát hiện sớm các dấu hiệu trẻ chậm phát triển tâm thần, chiều cao, hay sự tăng trưởng của trẻ nhanh hay chậm. Qua đó giúp cha mẹ có kế hoạch điều chỉnh cách chăm sóc, nuôi dạy phù hợp và hiệu quả. Theo tài liệu, trẻ em lớn lên và phát triển rất nhanh, vì vậy điều quan trọng là phải đánh giá lại chúng thường xuyên. Việc đánh giá sự phát triển của trẻ sẽ được điều chỉnh cho phù hợp với lứa tuổi của bé, các vấn đề nghi ngờ hoặc chậm trễ.",1,5,3,2172,4991,0.2810810810810811,61.59501960000125,Đánh giá sự phát triển của trẻ như thế nào.docx | Đánh giá sự phát triển của trẻ như thế nào.docx | Đánh giá sự phát triển của trẻ như thế nào.docx,
Q047,KB3,331,3000,"Em hay quên nên lười đưa con đi khám định kỳ, chỉ khi con ốm mới đi, em có cần phải đánh giá lại sự phát triển của bé thường xuyên không, hay chỉ cần thực hiện một lần khi bé có dấu hiệu lạ ạ","Trẻ em lớn lên và phát triển rất nhanh với tốc độ khác nhau, do đó, điều quan trọng là phải đánh giá lại chúng thường xuyên. Trẻ có thể phát triển nhanh hơn hoặc chậm hơn ở một số khía cạnh so với những bạn đồng trang lứa. Tuy nhiên để xác định sự phát triển nhanh hay chậm ở trẻ có phải là vấn đề nghiêm trọng hay không cần có các đánh giá định kỳ.",Đánh giá sự phát triển của trẻ như thế nào.docx,"Trẻ cần được đánh giá sự phát triển thường xuyên để phát hiện sớm các dấu hiệu trẻ chậm phát triển tâm thần, chiều cao, hay sự tăng trưởng của trẻ nhanh hay chậm. Qua đó giúp cha mẹ có kế hoạch điều chỉnh cách chăm sóc, nuôi dạy phù hợp và hiệu quả. Theo tài liệu, quá trình đánh giá sự phát triển của trẻ cần được điều chỉnh cho phù hợp với lứa tuổi của bé. Trẻ em lớn lên và phát triển rất nhanh, do đó điều quan trọng là phải đánh giá lại chúng thường xuyên. Một số gợi ý cụ thể để chuẩn bị cho cuộc đánh giá và trở thành người cung cấp toàn bộ thông tin về sự phát triển của trẻ bao gồm: - Cả cha và mẹ của trẻ nên tham gia bất kỳ cuộc họp hoặc khám sàng lọc nào, nếu có thể. - Cha mẹ có thể cung cấp những thông tin hoặc ý tưởng khác nhau để đóng góp và chính mình đưa ra những so sánh qua những lần đánh giá để có cái nhìn khác về quá trình phát triển của trẻ. MomCare chưa tìm thấy đủ thông tin trong kho tài liệu để xác định tần suất đánh giá sự phát triển của trẻ.",1,5,4,2939,6754,0.2372881355932203,1.5517837000006691,Đánh giá sự phát triển của trẻ như thế nào.docx | Đánh giá sự phát triển của trẻ như thế nào.docx | Đánh giá sự phát triển của trẻ như thế nào.docx | Đánh giá sự phát triển của trẻ như thế nào.docx,
Q048,KB3,96,1000,"Em đang định bôi kem đánh răng lên ti cho đỡ đau, em bị đau núm vú quá, có cách nào để bớt đau khi cho con bú không ạ","Tình trạng đau núm vú thường ổn định trong tuần thứ 2, bạn có thể dùng chính sữa mẹ bôi lên để làm dịu núm vú.",1445371_Improving-the-quality-and-care-of,MomCare chưa tìm thấy đủ thông tin trong kho tài liệu để trả lời câu hỏi này.,1,5,2,956,2198,0.0930232558139535,1.0946235000010347,Bo_De_Me_Va_Be.xlsx | Bo_De_Me_Va_Be.xlsx,
Q048,KB3,96,1500,"Em đang định bôi kem đánh răng lên ti cho đỡ đau, em bị đau núm vú quá, có cách nào để bớt đau khi cho con bú không ạ","Tình trạng đau núm vú thường ổn định trong tuần thứ 2, bạn có thể dùng chính sữa mẹ bôi lên để làm dịu núm vú.",1445371_Improving-the-quality-and-care-of,MomCare chưa tìm thấy đủ thông tin trong kho tài liệu để trả lời câu hỏi này.,1,5,3,1091,2507,0.0930232558139535,61.242243900000176,Bo_De_Me_Va_Be.xlsx | Bo_De_Me_Va_Be.xlsx | data_store\pdf\Tài liệu khóa học Nuôi con bằng sữa mẹ.pdf,
Q048,KB3,96,2200,"Em đang định bôi kem đánh răng lên ti cho đỡ đau, em bị đau núm vú quá, có cách nào để bớt đau khi cho con bú không ạ","Tình trạng đau núm vú thường ổn định trong tuần thứ 2, bạn có thể dùng chính sữa mẹ bôi lên để làm dịu núm vú.",1445371_Improving-the-quality-and-care-of,MomCare chưa tìm thấy đủ thông tin trong kho tài liệu để trả lời câu hỏi này.,1,5,4,1645,3779,0.0930232558139535,1.0480286000001795,Bo_De_Me_Va_Be.xlsx | Bo_De_Me_Va_Be.xlsx | data_store\pdf\Tài liệu khóa học Nuôi con bằng sữa mẹ.pdf | Bo_De_Me_Va_Be.xlsx,
Q048,KB3,96,3000,"Em đang định bôi kem đánh răng lên ti cho đỡ đau, em bị đau núm vú quá, có cách nào để bớt đau khi cho con bú không ạ","Tình trạng đau núm vú thường ổn định trong tuần thứ 2, bạn có thể dùng chính sữa mẹ bôi lên để làm dịu núm vú.",1445371_Improving-the-quality-and-care-of,MomCare chưa tìm thấy đủ thông tin trong kho tài liệu để trả lời câu hỏi này.,1,5,5,2237,5140,0.0930232558139535,1.066965600000913,Bo_De_Me_Va_Be.xlsx | Bo_De_Me_Va_Be.xlsx | data_store\pdf\Tài liệu khóa học Nuôi con bằng sữa mẹ.pdf | Bo_De_Me_Va_Be.xlsx | Bo_De_Me_Va_Be.xlsx,
Q049,KB3,268,1000,"Em đang định ngồi xổm chơi điện thoại trong nhà, em nghe nói sau sinh không nên ngồi xổm lâu hoặc rặn mạnh khi đi vệ sinh để tránh sa tử cung, có đúng không","Đúng, việc ngồi xổm kéo dài hoặc rặn mạnh khi đại tiện gây áp lực lớn lên vùng sàn chậu đang tổn thương, làm tăng nguy cơ tử cung bị sa xuống thấp. Nên thay đổi chế độ ăn với nhiều chất xơ, uống nhiều nước hoặc ăn các món ăn giúp hỗ trợ nhuận tràng;",Phòng ngừa sa tử cung sau sinh.docx,"Sau sinh, mẹ nên tránh ngồi xổm lâu hoặc rặn mạnh khi đi vệ sinh để tránh sa tử cung không. Trả lời: Không. Mẹ nên tránh đi lại nhiều, tránh ngồi xổm, nhấc vật nặng trong tuần đầu sau sinh để tránh sa tử cung.",1,5,1,680,1562,0.196078431372549,1.2515351000001829,Hướng Dẫn Chăm Sóc Vết May Tầng Sinh Môn Sau Sinh Thường.docx,
Q049,KB3,268,1500,"Em đang định ngồi xổm chơi điện thoại trong nhà, em nghe nói sau sinh không nên ngồi xổm lâu hoặc rặn mạnh khi đi vệ sinh để tránh sa tử cung, có đúng không","Đúng, việc ngồi xổm kéo dài hoặc rặn mạnh khi đại tiện gây áp lực lớn lên vùng sàn chậu đang tổn thương, làm tăng nguy cơ tử cung bị sa xuống thấp. Nên thay đổi chế độ ăn với nhiều chất xơ, uống nhiều nước hoặc ăn các món ăn giúp hỗ trợ nhuận tràng;",Phòng ngừa sa tử cung sau sinh.docx,"Sau sinh, mẹ nên tránh ngồi xổm lâu hoặc rặn mạnh khi đi vệ sinh để tránh sa tử cung không? Không. Mẹ nên tránh đi lại nhiều, tránh ngồi xổm, nhấc vật nặng trong tuần đầu sau sinh để tránh sa tử cung.",1,5,2,1341,3081,0.2,61.48250099999859,Hướng Dẫn Chăm Sóc Vết May Tầng Sinh Môn Sau Sinh Thường.docx | Phòng ngừa sa tử cung sau sinh.docx,
Q049,KB3,268,2200,"Em đang định ngồi xổm chơi điện thoại trong nhà, em nghe nói sau sinh không nên ngồi xổm lâu hoặc rặn mạnh khi đi vệ sinh để tránh sa tử cung, có đúng không","Đúng, việc ngồi xổm kéo dài hoặc rặn mạnh khi đại tiện gây áp lực lớn lên vùng sàn chậu đang tổn thương, làm tăng nguy cơ tử cung bị sa xuống thấp. Nên thay đổi chế độ ăn với nhiều chất xơ, uống nhiều nước hoặc ăn các món ăn giúp hỗ trợ nhuận tràng;",Phòng ngừa sa tử cung sau sinh.docx,"Sau sinh, mẹ nên tránh ngồi xổm lâu hoặc rặn mạnh khi đi vệ sinh để tránh sa tử cung không? Có. Mẹ nên tránh đi lại nhiều, tránh ngồi xổm, nhấc vật nặng trong tuần đầu sau sinh. Khi ngồi nên chọn ghế mềm hoặc dùng gối donut để giảm áp lực lên vùng tầng sinh môn.",1,5,3,2115,4859,0.1929824561403508,1.164821100001063,Hướng Dẫn Chăm Sóc Vết May Tầng Sinh Môn Sau Sinh Thường.docx | Phòng ngừa sa tử cung sau sinh.docx | Phòng ngừa sa tử cung sau sinh.docx,
Q049,KB3,268,3000,"Em đang định ngồi xổm chơi điện thoại trong nhà, em nghe nói sau sinh không nên ngồi xổm lâu hoặc rặn mạnh khi đi vệ sinh để tránh sa tử cung, có đúng không","Đúng, việc ngồi xổm kéo dài hoặc rặn mạnh khi đại tiện gây áp lực lớn lên vùng sàn chậu đang tổn thương, làm tăng nguy cơ tử cung bị sa xuống thấp. Nên thay đổi chế độ ăn với nhiều chất xơ, uống nhiều nước hoặc ăn các món ăn giúp hỗ trợ nhuận tràng;",Phòng ngừa sa tử cung sau sinh.docx,"Sau sinh, mẹ nên tránh ngồi xổm lâu hoặc rặn mạnh khi đi vệ sinh để tránh sa tử cung không? Có. Mẹ nên chọn ghế mềm hoặc dùng gối donut để giảm áp lực lên vùng tầng sinh môn. Ngoài ra, mẹ cũng nên tránh đi lại nhiều, tránh ngồi xổm, nhấc vật nặng trong tuần đầu sau sinh.",1,5,4,2705,6215,0.2068965517241379,1.218356200000926,Hướng Dẫn Chăm Sóc Vết May Tầng Sinh Môn Sau Sinh Thường.docx | Phòng ngừa sa tử cung sau sinh.docx | Phòng ngừa sa tử cung sau sinh.docx | Hướng dẫn chăm sóc mẹ sau sinh thường.docx,
Q050,KB3,128,1000,"Em đang tính mua máy massage lưng, em nghe nói gây tê ngoài màng cứng cũng làm mình bị bí tiểu lâu hơn phải không ạ","Đúng, gây tê ngoài màng cứng có thể làm giảm cảm giác bụng dưới tới 8 giờ, ảnh hưởng tạm thời đến chức năng bàng quang.",Sổ tay 4Steps - Trang 18,Máy massage lưng có thể gây ra tình trạng bí tiểu không? Không.,1,5,1,318,731,0.1025641025641025,61.24206589999994,Bo_De_Me_Va_Be.xlsx,
Q050,KB3,128,1500,"Em đang tính mua máy massage lưng, em nghe nói gây tê ngoài màng cứng cũng làm mình bị bí tiểu lâu hơn phải không ạ","Đúng, gây tê ngoài màng cứng có thể làm giảm cảm giác bụng dưới tới 8 giờ, ảnh hưởng tạm thời đến chức năng bàng quang.",Sổ tay 4Steps - Trang 18,"Máy massage lưng có thể gây ra tình trạng bí tiểu không? Không. Tài liệu không đề cập trực tiếp đến việc máy massage lưng có thể gây ra tình trạng bí tiểu. Tuy nhiên, tài liệu RAG đề cập đến các yếu tố nguy cơ gây bí tiểu khi sử dụng thuốc Acritel, bao gồm phì đại tuyến tiền liệt, hẹp niệu đạo, tiểu không tự chủ, táo bón kéo dài và bệnh nhân đang sử dụng thuốc kháng cholinergic.",1,5,2,1095,2516,0.0747663551401869,1.195110000000568,"Bo_De_Me_Va_Be.xlsx | data_store\pdf\1555248_81.-PD-CĐ-VÀ-XT-TIỂU-TỒN-LƯU-SAU-SANH,-SAU-MỔ-11.4.pdf",
Q050,KB3,128,2200,"Em đang tính mua máy massage lưng, em nghe nói gây tê ngoài màng cứng cũng làm mình bị bí tiểu lâu hơn phải không ạ","Đúng, gây tê ngoài màng cứng có thể làm giảm cảm giác bụng dưới tới 8 giờ, ảnh hưởng tạm thời đến chức năng bàng quang.",Sổ tay 4Steps - Trang 18,Máy massage lưng có thể gây ra tình trạng bí tiểu không? Không.,1,5,4,1871,4300,0.1025641025641025,1.1131379999987985,"Bo_De_Me_Va_Be.xlsx | data_store\pdf\1555248_81.-PD-CĐ-VÀ-XT-TIỂU-TỒN-LƯU-SAU-SANH,-SAU-MỔ-11.4.pdf | Bo_De_Me_Va_Be.xlsx | Bo_De_Me_Va_Be.xlsx",
Q050,KB3,128,3000,"Em đang tính mua máy massage lưng, em nghe nói gây tê ngoài màng cứng cũng làm mình bị bí tiểu lâu hơn phải không ạ","Đúng, gây tê ngoài màng cứng có thể làm giảm cảm giác bụng dưới tới 8 giờ, ảnh hưởng tạm thời đến chức năng bàng quang.",Sổ tay 4Steps - Trang 18,Máy massage lưng có thể gây ra tình trạng bí tiểu không? Không.,1,5,5,2652,6095,0.1025641025641025,1.0556120999990526,"Bo_De_Me_Va_Be.xlsx | data_store\pdf\1555248_81.-PD-CĐ-VÀ-XT-TIỂU-TỒN-LƯU-SAU-SANH,-SAU-MỔ-11.4.pdf | Bo_De_Me_Va_Be.xlsx | Bo_De_Me_Va_Be.xlsx | Sau sinh bị nhức mỏi toàn thân.docx",
Q051,KB3,11,1000,"Đang nấu ăn thì nghe con khóc, em run quá, cách xử trí tại nhà khi trẻ sơ sinh bị sốt cao là làm gì ạ","Lau người bằng khăn ấm, đắp khăn ấm để hạ nhiệt và đưa ngay đến cơ sở y tế.",viendinhduong_nuoi_duong_cham_soc_tre_so_sinh.pdf,"Để hướng dẫn an toàn, MomCare cần biết tuổi của trẻ, nhiệt độ đo được, trẻ đã sốt bao lâu và có dấu hiệu nào khác không. Trong lúc theo dõi, hãy cho trẻ bú hoặc uống đủ nước và không tự phối hợp hay tính liều thuốc khi chưa có hướng dẫn phù hợp với tuổi, cân nặng. Nếu trẻ khó thở, co giật, tím tái, li bì hoặc khó đánh thức, hãy gọi 115 hoặc đưa trẻ đi cấp cứu ngay.",1,0,0,0,0,0.0980392156862745,0.0013000999988435,,
Q051,KB3,11,1500,"Đang nấu ăn thì nghe con khóc, em run quá, cách xử trí tại nhà khi trẻ sơ sinh bị sốt cao là làm gì ạ","Lau người bằng khăn ấm, đắp khăn ấm để hạ nhiệt và đưa ngay đến cơ sở y tế.",viendinhduong_nuoi_duong_cham_soc_tre_so_sinh.pdf,"Để hướng dẫn an toàn, MomCare cần biết tuổi của trẻ, nhiệt độ đo được, trẻ đã sốt bao lâu và có dấu hiệu nào khác không. Trong lúc theo dõi, hãy cho trẻ bú hoặc uống đủ nước và không tự phối hợp hay tính liều thuốc khi chưa có hướng dẫn phù hợp với tuổi, cân nặng. Nếu trẻ khó thở, co giật, tím tái, li bì hoặc khó đánh thức, hãy gọi 115 hoặc đưa trẻ đi cấp cứu ngay.",1,0,0,0,0,0.0980392156862745,0.0004874999995081,,
Q051,KB3,11,2200,"Đang nấu ăn thì nghe con khóc, em run quá, cách xử trí tại nhà khi trẻ sơ sinh bị sốt cao là làm gì ạ","Lau người bằng khăn ấm, đắp khăn ấm để hạ nhiệt và đưa ngay đến cơ sở y tế.",viendinhduong_nuoi_duong_cham_soc_tre_so_sinh.pdf,"Để hướng dẫn an toàn, MomCare cần biết tuổi của trẻ, nhiệt độ đo được, trẻ đã sốt bao lâu và có dấu hiệu nào khác không. Trong lúc theo dõi, hãy cho trẻ bú hoặc uống đủ nước và không tự phối hợp hay tính liều thuốc khi chưa có hướng dẫn phù hợp với tuổi, cân nặng. Nếu trẻ khó thở, co giật, tím tái, li bì hoặc khó đánh thức, hãy gọi 115 hoặc đưa trẻ đi cấp cứu ngay.",1,0,0,0,0,0.0980392156862745,0.0004895000001852,,
Q051,KB3,11,3000,"Đang nấu ăn thì nghe con khóc, em run quá, cách xử trí tại nhà khi trẻ sơ sinh bị sốt cao là làm gì ạ","Lau người bằng khăn ấm, đắp khăn ấm để hạ nhiệt và đưa ngay đến cơ sở y tế.",viendinhduong_nuoi_duong_cham_soc_tre_so_sinh.pdf,"Để hướng dẫn an toàn, MomCare cần biết tuổi của trẻ, nhiệt độ đo được, trẻ đã sốt bao lâu và có dấu hiệu nào khác không. Trong lúc theo dõi, hãy cho trẻ bú hoặc uống đủ nước và không tự phối hợp hay tính liều thuốc khi chưa có hướng dẫn phù hợp với tuổi, cân nặng. Nếu trẻ khó thở, co giật, tím tái, li bì hoặc khó đánh thức, hãy gọi 115 hoặc đưa trẻ đi cấp cứu ngay.",1,0,0,0,0,0.0980392156862745,0.0004817000008188,,
Q052,KB3,363,1000,"Ông ngoại đang bế chau vui quá, em thắc mắc bệnh thủy đậu ở trẻ nhỏ là như thế nào?","Thủy đậu (bệnh trái rạ) là bệnh nhiễm trùng cấp tính do virus varicella-zoster gây ra. Bệnh có khả năng lây lan nhanh chóng, tạo dịch thủy đậu thông qua tiếp xúc trực tiếp với giọt bắn có chứa virus gây bệnh được người bệnh phát tán ra không khí khi hắt hơi, ho, nói chuyện hoặc do tiếp xúc với dịch tiết từ các vết loét do thủy đậu. Bệnh thường sẽ bắt đầu và kết thúc trong khoảng 5-10 ngày với triệu chứng đặc trưng là sự xuất hiện của các vết phồng rộp đỏ, ngứa, bị nổ và trở thành vẩy khổ. Thông thường bệnh thủy đậu ở trẻ không gây ra các biến chứng nghiêm trọng. Tuy nhiên, trong một số trường hợp bệnh có thể gây nhiễm trùng da, nhiễm trùng phổi. Theo thống kê, thủy đậu có nguy cơ xảy ra cao ở trẻ dưới 15 tuổi. Trẻ dưới 12 tháng tuổi sau khi mắc bệnh thủy đậu sẽ có nguy cơ mắc bệnh zona về sao cao hơn 4.5 lần so với những đứa trẻ khác.",qa_me_bim_sau_sinh_100.csv.xlsx,Bệnh thủy đậu ở trẻ nhỏ là bệnh nhiễm trùng cấp tính do virus varicella-zoster gây ra.,1,5,3,967,2222,0.1372549019607843,1.026442899999893,qa_me_bim_sau_sinh_100.xlsx | Bo_De_Me_Va_Be.xlsx | Bo_De_Me_Va_Be.xlsx,
Q052,KB3,363,1500,"Ông ngoại đang bế chau vui quá, em thắc mắc bệnh thủy đậu ở trẻ nhỏ là như thế nào?","Thủy đậu (bệnh trái rạ) là bệnh nhiễm trùng cấp tính do virus varicella-zoster gây ra. Bệnh có khả năng lây lan nhanh chóng, tạo dịch thủy đậu thông qua tiếp xúc trực tiếp với giọt bắn có chứa virus gây bệnh được người bệnh phát tán ra không khí khi hắt hơi, ho, nói chuyện hoặc do tiếp xúc với dịch tiết từ các vết loét do thủy đậu. Bệnh thường sẽ bắt đầu và kết thúc trong khoảng 5-10 ngày với triệu chứng đặc trưng là sự xuất hiện của các vết phồng rộp đỏ, ngứa, bị nổ và trở thành vẩy khổ. Thông thường bệnh thủy đậu ở trẻ không gây ra các biến chứng nghiêm trọng. Tuy nhiên, trong một số trường hợp bệnh có thể gây nhiễm trùng da, nhiễm trùng phổi. Theo thống kê, thủy đậu có nguy cơ xảy ra cao ở trẻ dưới 15 tuổi. Trẻ dưới 12 tháng tuổi sau khi mắc bệnh thủy đậu sẽ có nguy cơ mắc bệnh zona về sao cao hơn 4.5 lần so với những đứa trẻ khác.",qa_me_bim_sau_sinh_100.csv.xlsx,Bệnh thủy đậu ở trẻ nhỏ là bệnh nhiễm trùng cấp tính do virus varicella-zoster gây ra.,1,5,3,967,2222,0.1372549019607843,61.51147070000116,qa_me_bim_sau_sinh_100.xlsx | Bo_De_Me_Va_Be.xlsx | Bo_De_Me_Va_Be.xlsx,
Q052,KB3,363,2200,"Ông ngoại đang bế chau vui quá, em thắc mắc bệnh thủy đậu ở trẻ nhỏ là như thế nào?","Thủy đậu (bệnh trái rạ) là bệnh nhiễm trùng cấp tính do virus varicella-zoster gây ra. Bệnh có khả năng lây lan nhanh chóng, tạo dịch thủy đậu thông qua tiếp xúc trực tiếp với giọt bắn có chứa virus gây bệnh được người bệnh phát tán ra không khí khi hắt hơi, ho, nói chuyện hoặc do tiếp xúc với dịch tiết từ các vết loét do thủy đậu. Bệnh thường sẽ bắt đầu và kết thúc trong khoảng 5-10 ngày với triệu chứng đặc trưng là sự xuất hiện của các vết phồng rộp đỏ, ngứa, bị nổ và trở thành vẩy khổ. Thông thường bệnh thủy đậu ở trẻ không gây ra các biến chứng nghiêm trọng. Tuy nhiên, trong một số trường hợp bệnh có thể gây nhiễm trùng da, nhiễm trùng phổi. Theo thống kê, thủy đậu có nguy cơ xảy ra cao ở trẻ dưới 15 tuổi. Trẻ dưới 12 tháng tuổi sau khi mắc bệnh thủy đậu sẽ có nguy cơ mắc bệnh zona về sao cao hơn 4.5 lần so với những đứa trẻ khác.",qa_me_bim_sau_sinh_100.csv.xlsx,Bệnh thủy đậu ở trẻ nhỏ là bệnh nhiễm trùng cấp tính do virus varicella-zoster gây ra.,1,5,4,1641,3770,0.1372549019607843,0.925140099998316,qa_me_bim_sau_sinh_100.xlsx | Bo_De_Me_Va_Be.xlsx | Bo_De_Me_Va_Be.xlsx | Bo_De_Me_Va_Be.xlsx,
Q052,KB3,363,3000,"Ông ngoại đang bế chau vui quá, em thắc mắc bệnh thủy đậu ở trẻ nhỏ là như thế nào?","Thủy đậu (bệnh trái rạ) là bệnh nhiễm trùng cấp tính do virus varicella-zoster gây ra. Bệnh có khả năng lây lan nhanh chóng, tạo dịch thủy đậu thông qua tiếp xúc trực tiếp với giọt bắn có chứa virus gây bệnh được người bệnh phát tán ra không khí khi hắt hơi, ho, nói chuyện hoặc do tiếp xúc với dịch tiết từ các vết loét do thủy đậu. Bệnh thường sẽ bắt đầu và kết thúc trong khoảng 5-10 ngày với triệu chứng đặc trưng là sự xuất hiện của các vết phồng rộp đỏ, ngứa, bị nổ và trở thành vẩy khổ. Thông thường bệnh thủy đậu ở trẻ không gây ra các biến chứng nghiêm trọng. Tuy nhiên, trong một số trường hợp bệnh có thể gây nhiễm trùng da, nhiễm trùng phổi. Theo thống kê, thủy đậu có nguy cơ xảy ra cao ở trẻ dưới 15 tuổi. Trẻ dưới 12 tháng tuổi sau khi mắc bệnh thủy đậu sẽ có nguy cơ mắc bệnh zona về sao cao hơn 4.5 lần so với những đứa trẻ khác.",qa_me_bim_sau_sinh_100.csv.xlsx,Bệnh thủy đậu ở trẻ nhỏ là bệnh nhiễm trùng cấp tính do virus varicella-zoster gây ra.,1,5,5,2346,5390,0.1372549019607843,0.946084500001234,qa_me_bim_sau_sinh_100.xlsx | Bo_De_Me_Va_Be.xlsx | Bo_De_Me_Va_Be.xlsx | Bo_De_Me_Va_Be.xlsx | Bo_De_Me_Va_Be.xlsx,
Q053,KB3,58,1000,"Em tăng 15kg sợ béo quá không giảm được, phụ nữ Châu Á mang thai nên tăng bao nhiêu kg là hợp lý ạ?",Mức tăng cân trung bình nên đạt từ 10 - 12 kg.,Tài liệu khóa học Nuôi con bằng sữa mẹ.pdf,"Theo khuyến cáo của Tổ chức Y tế Thế giới (WHO), phụ nữ Châu Á mang thai nên tăng khoảng 10 - 12,5 kg trong thai kỳ.",1,5,2,961,2207,0.2105263157894736,1.103126699999848,data_store\pdf\Tài liệu khóa học Nuôi con bằng sữa mẹ.pdf | Bo_De_Me_Va_Be.xlsx,
Q053,KB3,58,1500,"Em tăng 15kg sợ béo quá không giảm được, phụ nữ Châu Á mang thai nên tăng bao nhiêu kg là hợp lý ạ?",Mức tăng cân trung bình nên đạt từ 10 - 12 kg.,Tài liệu khóa học Nuôi con bằng sữa mẹ.pdf,"Theo khuyến cáo của Tổ chức Y tế Thế giới (WHO), phụ nữ Châu Á mang thai nên tăng khoảng 10 - 12,5 kg trong thai kỳ.",1,5,2,961,2207,0.2105263157894736,0.9564513000004808,data_store\pdf\Tài liệu khóa học Nuôi con bằng sữa mẹ.pdf | Bo_De_Me_Va_Be.xlsx,
Q053,KB3,58,2200,"Em tăng 15kg sợ béo quá không giảm được, phụ nữ Châu Á mang thai nên tăng bao nhiêu kg là hợp lý ạ?",Mức tăng cân trung bình nên đạt từ 10 - 12 kg.,Tài liệu khóa học Nuôi con bằng sữa mẹ.pdf,"Theo tiêu chuẩn quốc tế, mức tăng cân trung bình của phụ nữ Châu Á nên là 10-12kg.",1,5,3,1668,3832,0.4666666666666667,61.39565589999984,data_store\pdf\Tài liệu khóa học Nuôi con bằng sữa mẹ.pdf | Bo_De_Me_Va_Be.xlsx | Bo_De_Me_Va_Be.xlsx,
Q053,KB3,58,3000,"Em tăng 15kg sợ béo quá không giảm được, phụ nữ Châu Á mang thai nên tăng bao nhiêu kg là hợp lý ạ?",Mức tăng cân trung bình nên đạt từ 10 - 12 kg.,Tài liệu khóa học Nuôi con bằng sữa mẹ.pdf,"Theo Tổ chức Y tế Thế giới, phụ nữ Châu Á mang thai nên tăng khoảng 10-12,5 kg trong thai kỳ.",1,5,4,2352,5403,0.2352941176470588,1.1054938999986916,data_store\pdf\Tài liệu khóa học Nuôi con bằng sữa mẹ.pdf | Bo_De_Me_Va_Be.xlsx | Bo_De_Me_Va_Be.xlsx | Bo_De_Me_Va_Be.xlsx,
Q054,KB3,74,1000,"Em đang thèm ăn bún đậu mắm tôm cực kỳ, những thực phẩm nào mẹ mang thai nên dùng để cung cấp năng lượng ạ","Gạo, mì, ngô, khoai, sắn và các chế phẩm từ nó.",Tài liệu khóa học Nuôi con bằng sữa mẹ.pdf,"Mẹ mang thai nên dùng gạo, mì, ngô, khoai sắn và các chế phẩm của nó để cung cấp năng lượng.",1,5,1,255,586,0.6249999999999999,0.9547437000001082,data_store\pdf\Tài liệu khóa học Nuôi con bằng sữa mẹ.pdf,
Q054,KB3,74,1500,"Em đang thèm ăn bún đậu mắm tôm cực kỳ, những thực phẩm nào mẹ mang thai nên dùng để cung cấp năng lượng ạ","Gạo, mì, ngô, khoai, sắn và các chế phẩm từ nó.",Tài liệu khóa học Nuôi con bằng sữa mẹ.pdf,"Mẹ mang thai nên dùng gạo, mì, ngô, khoai sắn và các chế phẩm của nó để cung cấp năng lượng.",1,5,2,1050,2413,0.6249999999999999,1.117488300000332,data_store\pdf\Tài liệu khóa học Nuôi con bằng sữa mẹ.pdf | data_store\pdf\quyet_dinh_hd_an_bo_sung.pdf,
Q054,KB3,74,2200,"Em đang thèm ăn bún đậu mắm tôm cực kỳ, những thực phẩm nào mẹ mang thai nên dùng để cung cấp năng lượng ạ","Gạo, mì, ngô, khoai, sắn và các chế phẩm từ nó.",Tài liệu khóa học Nuôi con bằng sữa mẹ.pdf,Mẹ mang thai nên dùng các thực phẩm sau để cung cấp năng lượng: 1. Gạo 2. Mì 3. Ngô 4. Khoai sắn,1,5,3,1845,4241,0.2941176470588235,61.34392250000019,data_store\pdf\Tài liệu khóa học Nuôi con bằng sữa mẹ.pdf | data_store\pdf\quyet_dinh_hd_an_bo_sung.pdf | data_store\pdf\HƯỚNG DẪN QUỐC GIA DINH DƯỠNG CHO PHỤ NỮ CÓ THAI VÀ BF MẸ CHO CON BÚ.pdf,
Q054,KB3,74,3000,"Em đang thèm ăn bún đậu mắm tôm cực kỳ, những thực phẩm nào mẹ mang thai nên dùng để cung cấp năng lượng ạ","Gạo, mì, ngô, khoai, sắn và các chế phẩm từ nó.",Tài liệu khóa học Nuôi con bằng sữa mẹ.pdf,"Mẹ mang thai nên ăn đa dạng nhiều loại thực phẩm khác nhau để cung cấp năng lượng, bao gồm: 1. Gạo 2. Mì 3. Ngô 4. Khoai sắn 5. Các chế phẩm của nó Bên cạnh đó, mẹ cũng nên ăn thêm các loại thực phẩm giàu đạm như thịt, cá, trứng, sữa, đậu đỗ, lạc vừng để cung cấp đủ năng lượng cho thai kỳ.",1,5,4,2640,6069,0.2307692307692307,1.330024199998661,data_store\pdf\Tài liệu khóa học Nuôi con bằng sữa mẹ.pdf | data_store\pdf\quyet_dinh_hd_an_bo_sung.pdf | data_store\pdf\HƯỚNG DẪN QUỐC GIA DINH DƯỠNG CHO PHỤ NỮ CÓ THAI VÀ BF MẸ CHO CON BÚ.pdf | data_store\pdf\HƯỚNG DẪN QUỐC GIA DINH DƯỠNG CHO PHỤ NỮ CÓ THAI VÀ BF MẸ CHO CON BÚ.pdf,
Q055,KB3,134,1000,"Em đang dùng băng vệ sinh thơm, em thấy sản dịch có màu đen sậm và mùi hôi kèm sốt nhẹ là dấu hiệu gì ạ","Đây có thể là dấu hiệu của bế sản dịch hoặc viêm nội mạc tử cung, bạn cần được bác sĩ kiểm tra ngay.",Sổ tay 4Steps - Trang 24,Sản dịch có màu đen sậm và mùi hôi kèm sốt nhẹ là dấu hiệu của Viêm nội mạc tử cung hoặc Bế sản dịch.,1,5,3,972,2231,0.4081632653061225,1.122329300000274,data_store\pdf\d3fa1053-wp8-postpartum-care-handbook-viet.pdf | data_store\pdf\d3fa1053-wp8-postpartum-care-handbook-viet.pdf | Bo_De_Me_Va_Be.xlsx,
Q055,KB3,134,1500,"Em đang dùng băng vệ sinh thơm, em thấy sản dịch có màu đen sậm và mùi hôi kèm sốt nhẹ là dấu hiệu gì ạ","Đây có thể là dấu hiệu của bế sản dịch hoặc viêm nội mạc tử cung, bạn cần được bác sĩ kiểm tra ngay.",Sổ tay 4Steps - Trang 24,"Sản dịch có màu đen sậm và mùi hôi kèm sốt nhẹ là dấu hiệu của nhiễm khuẩn sản dịch. Thông tin này được rút ra từ tài liệu ""31 - Bù nước và điện giải cho bệnh nhân bằng Oresol theo đúng hướng dẫn sử dụng.""",1,5,4,1345,3088,0.2285714285714285,1.2781700000014098,data_store\pdf\d3fa1053-wp8-postpartum-care-handbook-viet.pdf | data_store\pdf\d3fa1053-wp8-postpartum-care-handbook-viet.pdf | Bo_De_Me_Va_Be.xlsx | data_store\pdf\d3fa1053-wp8-postpartum-care-handbook-viet.pdf,
Q055,KB3,134,2200,"Em đang dùng băng vệ sinh thơm, em thấy sản dịch có màu đen sậm và mùi hôi kèm sốt nhẹ là dấu hiệu gì ạ","Đây có thể là dấu hiệu của bế sản dịch hoặc viêm nội mạc tử cung, bạn cần được bác sĩ kiểm tra ngay.",Sổ tay 4Steps - Trang 24,Sản dịch có màu đen sậm và mùi hôi kèm sốt nhẹ là dấu hiệu của Viêm nội mạc tử cung hoặc Bế sản dịch.,1,5,5,1727,3965,0.4081632653061225,1.1576857000000018,data_store\pdf\d3fa1053-wp8-postpartum-care-handbook-viet.pdf | data_store\pdf\d3fa1053-wp8-postpartum-care-handbook-viet.pdf | Bo_De_Me_Va_Be.xlsx | data_store\pdf\d3fa1053-wp8-postpartum-care-handbook-viet.pdf | Bo_De_Me_Va_Be.xlsx,
Q055,KB3,134,3000,"Em đang dùng băng vệ sinh thơm, em thấy sản dịch có màu đen sậm và mùi hôi kèm sốt nhẹ là dấu hiệu gì ạ","Đây có thể là dấu hiệu của bế sản dịch hoặc viêm nội mạc tử cung, bạn cần được bác sĩ kiểm tra ngay.",Sổ tay 4Steps - Trang 24,Sản dịch có màu đen sậm và mùi hôi kèm sốt nhẹ là dấu hiệu của Viêm nội mạc tử cung hoặc Bế sản dịch.,1,5,5,1727,3965,0.4081632653061225,1.0780271999992692,data_store\pdf\d3fa1053-wp8-postpartum-care-handbook-viet.pdf | data_store\pdf\d3fa1053-wp8-postpartum-care-handbook-viet.pdf | Bo_De_Me_Va_Be.xlsx | data_store\pdf\d3fa1053-wp8-postpartum-care-handbook-viet.pdf | Bo_De_Me_Va_Be.xlsx,
Q056,KB3,44,1000,"Em định rã đông bằng lò vi sóng cho nhanh, thời gian bảo quản sữa mẹ trong ngăn đá tủ lạnh (-18 đến -20°C) là bao lâu ạ",Tốt nhất trong 6 tháng và có thể lên tới 12 tháng.,Tài liệu khóa học Nuôi con bằng sữa mẹ.pdf,Thời gian bảo quản sữa mẹ trong ngăn đá tủ lạnh là tối đa 6 tháng.,1,5,2,870,1997,0.2142857142857142,61.2880724000006,Bảo quản sữa mẹ đã vắt như thế nào.docx | data_store\pdf\Tài liệu khóa học Nuôi con bằng sữa mẹ.pdf,
Q056,KB3,44,1500,"Em định rã đông bằng lò vi sóng cho nhanh, thời gian bảo quản sữa mẹ trong ngăn đá tủ lạnh (-18 đến -20°C) là bao lâu ạ",Tốt nhất trong 6 tháng và có thể lên tới 12 tháng.,Tài liệu khóa học Nuôi con bằng sữa mẹ.pdf,Thời gian bảo quản sữa mẹ trong ngăn đá tủ lạnh là tối đa 6 tháng.,1,5,2,870,1997,0.2142857142857142,0.9102273999997124,Bảo quản sữa mẹ đã vắt như thế nào.docx | data_store\pdf\Tài liệu khóa học Nuôi con bằng sữa mẹ.pdf,
Q056,KB3,44,2200,"Em định rã đông bằng lò vi sóng cho nhanh, thời gian bảo quản sữa mẹ trong ngăn đá tủ lạnh (-18 đến -20°C) là bao lâu ạ",Tốt nhất trong 6 tháng và có thể lên tới 12 tháng.,Tài liệu khóa học Nuôi con bằng sữa mẹ.pdf,Thời gian bảo quản sữa mẹ trong ngăn đá tủ lạnh là tối đa 6 tháng.,1,5,4,2147,4933,0.2142857142857142,1.076619199999186,Bảo quản sữa mẹ đã vắt như thế nào.docx | data_store\pdf\Tài liệu khóa học Nuôi con bằng sữa mẹ.pdf | Bảo quản sữa mẹ đã vắt như thế nào.docx | data_store\pdf\d3fa1053-wp8-postpartum-care-handbook-viet.pdf,
Q056,KB3,44,3000,"Em định rã đông bằng lò vi sóng cho nhanh, thời gian bảo quản sữa mẹ trong ngăn đá tủ lạnh (-18 đến -20°C) là bao lâu ạ",Tốt nhất trong 6 tháng và có thể lên tới 12 tháng.,Tài liệu khóa học Nuôi con bằng sữa mẹ.pdf,Thời gian bảo quản sữa mẹ trong ngăn đá tủ lạnh là tối đa 6 tháng.,1,5,5,2826,6494,0.2142857142857142,1.1385034999984782,Bảo quản sữa mẹ đã vắt như thế nào.docx | data_store\pdf\Tài liệu khóa học Nuôi con bằng sữa mẹ.pdf | Bảo quản sữa mẹ đã vắt như thế nào.docx | data_store\pdf\d3fa1053-wp8-postpartum-care-handbook-viet.pdf | Bo_De_Me_Va_Be.xlsx,
Q057,KB3,280,1000,"Em đang tính lên Shopee so sánh giá tã, em thấy trên thị trường có nhiều loại tã quá, làm sao để em chọn được loại tã giấy vừa vặn và thoải mái nhất cho bé nhà em ạ","Cách chọn bỉm cho trẻ theo độ tuổi: • Trẻ sơ sinh: Trong khoảng 3 ngày đầu, trẻ sẽ đi phân su màu đen với số lượng không nhiều. Những ngày tiếp theo trẻ đi tè và ị nhiều hơn. Mẹ có thể đóng tã giấy, hoặc dùng miếng lót phân su và mặc cùng với tã quần cho bé. • Trẻ 1 - 2 tháng: Bé sẽ đi vệ sinh rất nhiều, mỗi ngày từ 8 - 10 lần. Do trẻ bú nhiều hơn, phân cũng lỏng chứ không chặt như ban đầu. Ban ngày mẹ có thể dùng tã giấy, ban đêm thay tã quần để phân và nước tiểu không bị tràn, giúp con thoải mái hơn. • Từ 3 tháng tuổi trở lên: Bé đi nặng ít hơn, chỉ khoảng 2 - 3 lần mỗi ngày, nhưng số lượng mỗi lần sẽ nhiều. Mẹ có thể cho bé đóng bỉm hoàn toàn mà không dùng tã giấy, hoặc dùng tã vải để vừa tiết kiệm vừa tránh hăm tã. Cách chọn bỉm cho trẻ theo cân nặng: • Tã Newborn: Trẻ sơ sinh dưới 1 tháng tuổi và nhẹ hơn 5 kg • Size S: Tùy theo mỗi hãng tã, có thể chia trong khoảng 0 - 8 kg • Size M: Khoảng 5 - 12 kg, tùy theo từng hãng • Size L: Khoảng 8 - 14 kg, tùy theo từng hãng • Size XL: Khoảng 11 - 17 kg hoặc trên 13 kg, tùy từng hãng • Size XXL: Trên 14 kg hoặc từ 15 - 25 kg tùy theo từng hãng Ba mẹ cần chú ý chọn bỉm theo cân nặng của trẻ Lưu ý, nên thay đổi kích cỡ tã lớn hơn khi thấy các dấu hiệu sau: • Tã bó sát vòng eo và đùi của bé, để lại vết hằn trên da • Phải dùng tới mép của băng dán mới giữ tã nằm đúng vị trí • Kéo tã lên bị ngắn, lưng tã thấp dưới rốn • Tràn tã thường xuyên • Cân nặng của bé vượt quá mức được chỉ dẫn Cách chọn tã cho bé theo giới tính: • Bé gái: Thấm hút nhiều ở phần giữa và phía sau, hoặc tã quần có đường diềm để lót thêm tã vải bên trong • Bé trai: Bỉm có lớp lót phụ thêm ở phía trước, màng ngăn hai bên đảm bảo không tràn nước tiểu. Hình dạng của tã theo giai đoạn: • Trẻ sơ sinh: Thường dùng loại dán hai bên • Trẻ biết bò: Hai dây dán chặt hơn và chắc chắn hơn • Trẻ tập đi: Dùng bỉm quần để tránh tuột và xê dịch khi vận động. Ưu tiên chọn tã dán hai bên cho trẻ sơ sinh",Tã dùng một lần.docx,"Tã giấy phù hợp và thoải mái nhất cho bé thường được chọn dựa trên độ tuổi và cân nặng của trẻ. Tuy nhiên, tài liệu không cung cấp thông tin cụ thể về loại tã giấy nào vừa vặn và thoải mái nhất cho bé.",1,5,1,774,1778,0.0742268041237113,1.063078699999096,Tã dùng một lần.docx,
Q057,KB3,280,1500,"Em đang tính lên Shopee so sánh giá tã, em thấy trên thị trường có nhiều loại tã quá, làm sao để em chọn được loại tã giấy vừa vặn và thoải mái nhất cho bé nhà em ạ","Cách chọn bỉm cho trẻ theo độ tuổi: • Trẻ sơ sinh: Trong khoảng 3 ngày đầu, trẻ sẽ đi phân su màu đen với số lượng không nhiều. Những ngày tiếp theo trẻ đi tè và ị nhiều hơn. Mẹ có thể đóng tã giấy, hoặc dùng miếng lót phân su và mặc cùng với tã quần cho bé. • Trẻ 1 - 2 tháng: Bé sẽ đi vệ sinh rất nhiều, mỗi ngày từ 8 - 10 lần. Do trẻ bú nhiều hơn, phân cũng lỏng chứ không chặt như ban đầu. Ban ngày mẹ có thể dùng tã giấy, ban đêm thay tã quần để phân và nước tiểu không bị tràn, giúp con thoải mái hơn. • Từ 3 tháng tuổi trở lên: Bé đi nặng ít hơn, chỉ khoảng 2 - 3 lần mỗi ngày, nhưng số lượng mỗi lần sẽ nhiều. Mẹ có thể cho bé đóng bỉm hoàn toàn mà không dùng tã giấy, hoặc dùng tã vải để vừa tiết kiệm vừa tránh hăm tã. Cách chọn bỉm cho trẻ theo cân nặng: • Tã Newborn: Trẻ sơ sinh dưới 1 tháng tuổi và nhẹ hơn 5 kg • Size S: Tùy theo mỗi hãng tã, có thể chia trong khoảng 0 - 8 kg • Size M: Khoảng 5 - 12 kg, tùy theo từng hãng • Size L: Khoảng 8 - 14 kg, tùy theo từng hãng • Size XL: Khoảng 11 - 17 kg hoặc trên 13 kg, tùy từng hãng • Size XXL: Trên 14 kg hoặc từ 15 - 25 kg tùy theo từng hãng Ba mẹ cần chú ý chọn bỉm theo cân nặng của trẻ Lưu ý, nên thay đổi kích cỡ tã lớn hơn khi thấy các dấu hiệu sau: • Tã bó sát vòng eo và đùi của bé, để lại vết hằn trên da • Phải dùng tới mép của băng dán mới giữ tã nằm đúng vị trí • Kéo tã lên bị ngắn, lưng tã thấp dưới rốn • Tràn tã thường xuyên • Cân nặng của bé vượt quá mức được chỉ dẫn Cách chọn tã cho bé theo giới tính: • Bé gái: Thấm hút nhiều ở phần giữa và phía sau, hoặc tã quần có đường diềm để lót thêm tã vải bên trong • Bé trai: Bỉm có lớp lót phụ thêm ở phía trước, màng ngăn hai bên đảm bảo không tràn nước tiểu. Hình dạng của tã theo giai đoạn: • Trẻ sơ sinh: Thường dùng loại dán hai bên • Trẻ biết bò: Hai dây dán chặt hơn và chắc chắn hơn • Trẻ tập đi: Dùng bỉm quần để tránh tuột và xê dịch khi vận động. Ưu tiên chọn tã dán hai bên cho trẻ sơ sinh",Tã dùng một lần.docx,"Tã giấy phù hợp và thoải mái nhất cho bé thường được chọn dựa trên độ tuổi và cân nặng của trẻ. Tuy nhiên, tài liệu không cung cấp thông tin cụ thể về loại tã giấy nào vừa vặn và thoải mái nhất cho bé.",1,5,1,774,1778,0.0742268041237113,1.0234783999985666,Tã dùng một lần.docx,
Q057,KB3,280,2200,"Em đang tính lên Shopee so sánh giá tã, em thấy trên thị trường có nhiều loại tã quá, làm sao để em chọn được loại tã giấy vừa vặn và thoải mái nhất cho bé nhà em ạ","Cách chọn bỉm cho trẻ theo độ tuổi: • Trẻ sơ sinh: Trong khoảng 3 ngày đầu, trẻ sẽ đi phân su màu đen với số lượng không nhiều. Những ngày tiếp theo trẻ đi tè và ị nhiều hơn. Mẹ có thể đóng tã giấy, hoặc dùng miếng lót phân su và mặc cùng với tã quần cho bé. • Trẻ 1 - 2 tháng: Bé sẽ đi vệ sinh rất nhiều, mỗi ngày từ 8 - 10 lần. Do trẻ bú nhiều hơn, phân cũng lỏng chứ không chặt như ban đầu. Ban ngày mẹ có thể dùng tã giấy, ban đêm thay tã quần để phân và nước tiểu không bị tràn, giúp con thoải mái hơn. • Từ 3 tháng tuổi trở lên: Bé đi nặng ít hơn, chỉ khoảng 2 - 3 lần mỗi ngày, nhưng số lượng mỗi lần sẽ nhiều. Mẹ có thể cho bé đóng bỉm hoàn toàn mà không dùng tã giấy, hoặc dùng tã vải để vừa tiết kiệm vừa tránh hăm tã. Cách chọn bỉm cho trẻ theo cân nặng: • Tã Newborn: Trẻ sơ sinh dưới 1 tháng tuổi và nhẹ hơn 5 kg • Size S: Tùy theo mỗi hãng tã, có thể chia trong khoảng 0 - 8 kg • Size M: Khoảng 5 - 12 kg, tùy theo từng hãng • Size L: Khoảng 8 - 14 kg, tùy theo từng hãng • Size XL: Khoảng 11 - 17 kg hoặc trên 13 kg, tùy từng hãng • Size XXL: Trên 14 kg hoặc từ 15 - 25 kg tùy theo từng hãng Ba mẹ cần chú ý chọn bỉm theo cân nặng của trẻ Lưu ý, nên thay đổi kích cỡ tã lớn hơn khi thấy các dấu hiệu sau: • Tã bó sát vòng eo và đùi của bé, để lại vết hằn trên da • Phải dùng tới mép của băng dán mới giữ tã nằm đúng vị trí • Kéo tã lên bị ngắn, lưng tã thấp dưới rốn • Tràn tã thường xuyên • Cân nặng của bé vượt quá mức được chỉ dẫn Cách chọn tã cho bé theo giới tính: • Bé gái: Thấm hút nhiều ở phần giữa và phía sau, hoặc tã quần có đường diềm để lót thêm tã vải bên trong • Bé trai: Bỉm có lớp lót phụ thêm ở phía trước, màng ngăn hai bên đảm bảo không tràn nước tiểu. Hình dạng của tã theo giai đoạn: • Trẻ sơ sinh: Thường dùng loại dán hai bên • Trẻ biết bò: Hai dây dán chặt hơn và chắc chắn hơn • Trẻ tập đi: Dùng bỉm quần để tránh tuột và xê dịch khi vận động. Ưu tiên chọn tã dán hai bên cho trẻ sơ sinh",Tã dùng một lần.docx,Tã giấy phù hợp cho bé là loại tã vừa vặn và thoải mái nhất khi được chọn dựa trên độ tuổi và cân nặng của bé.,1,5,2,1529,3514,0.0643776824034334,1.070634500001688,Tã dùng một lần.docx | Cách thay tã vải cho trẻ sơ sinh.docx,
Q057,KB3,280,3000,"Em đang tính lên Shopee so sánh giá tã, em thấy trên thị trường có nhiều loại tã quá, làm sao để em chọn được loại tã giấy vừa vặn và thoải mái nhất cho bé nhà em ạ","Cách chọn bỉm cho trẻ theo độ tuổi: • Trẻ sơ sinh: Trong khoảng 3 ngày đầu, trẻ sẽ đi phân su màu đen với số lượng không nhiều. Những ngày tiếp theo trẻ đi tè và ị nhiều hơn. Mẹ có thể đóng tã giấy, hoặc dùng miếng lót phân su và mặc cùng với tã quần cho bé. • Trẻ 1 - 2 tháng: Bé sẽ đi vệ sinh rất nhiều, mỗi ngày từ 8 - 10 lần. Do trẻ bú nhiều hơn, phân cũng lỏng chứ không chặt như ban đầu. Ban ngày mẹ có thể dùng tã giấy, ban đêm thay tã quần để phân và nước tiểu không bị tràn, giúp con thoải mái hơn. • Từ 3 tháng tuổi trở lên: Bé đi nặng ít hơn, chỉ khoảng 2 - 3 lần mỗi ngày, nhưng số lượng mỗi lần sẽ nhiều. Mẹ có thể cho bé đóng bỉm hoàn toàn mà không dùng tã giấy, hoặc dùng tã vải để vừa tiết kiệm vừa tránh hăm tã. Cách chọn bỉm cho trẻ theo cân nặng: • Tã Newborn: Trẻ sơ sinh dưới 1 tháng tuổi và nhẹ hơn 5 kg • Size S: Tùy theo mỗi hãng tã, có thể chia trong khoảng 0 - 8 kg • Size M: Khoảng 5 - 12 kg, tùy theo từng hãng • Size L: Khoảng 8 - 14 kg, tùy theo từng hãng • Size XL: Khoảng 11 - 17 kg hoặc trên 13 kg, tùy từng hãng • Size XXL: Trên 14 kg hoặc từ 15 - 25 kg tùy theo từng hãng Ba mẹ cần chú ý chọn bỉm theo cân nặng của trẻ Lưu ý, nên thay đổi kích cỡ tã lớn hơn khi thấy các dấu hiệu sau: • Tã bó sát vòng eo và đùi của bé, để lại vết hằn trên da • Phải dùng tới mép của băng dán mới giữ tã nằm đúng vị trí • Kéo tã lên bị ngắn, lưng tã thấp dưới rốn • Tràn tã thường xuyên • Cân nặng của bé vượt quá mức được chỉ dẫn Cách chọn tã cho bé theo giới tính: • Bé gái: Thấm hút nhiều ở phần giữa và phía sau, hoặc tã quần có đường diềm để lót thêm tã vải bên trong • Bé trai: Bỉm có lớp lót phụ thêm ở phía trước, màng ngăn hai bên đảm bảo không tràn nước tiểu. Hình dạng của tã theo giai đoạn: • Trẻ sơ sinh: Thường dùng loại dán hai bên • Trẻ biết bò: Hai dây dán chặt hơn và chắc chắn hơn • Trẻ tập đi: Dùng bỉm quần để tránh tuột và xê dịch khi vận động. Ưu tiên chọn tã dán hai bên cho trẻ sơ sinh",Tã dùng một lần.docx,"Loại tã giấy phù hợp và thoải mái nhất cho bé không được đề cập cụ thể trong tài liệu. Tuy nhiên, tài liệu cho biết trẻ sơ sinh có thể dùng tã giấy trong khoảng 3 ngày đầu, sau đó chuyển sang dùng miếng lót phân su và tã quần.",1,5,3,2274,5226,0.0857142857142857,61.44880299999932,Tã dùng một lần.docx | Cách thay tã vải cho trẻ sơ sinh.docx | Cách thay tã vải cho trẻ sơ sinh.docx,
Q058,KB3,378,1000,Đang ngủ giật mình dậy để hỏi là nhau bong non là gì vậy ạ?,"Nhau bong non là một biến chứng sản khoa nghiêm trọng xảy ra khi bánh nhau tách ra khỏi thành tử cung trước khi thai nhi được sinh ra. Tình trạng này có thể gây nguy hiểm đến tính mạng của cả mẹ và thai nhi nếu không được phát hiện và xử trí kịp thời. Do đó, việc nhận biết các dấu hiệu bất thường của nhau bong non đóng vai trò rất quan trọng trong việc giảm thiểu nguy cơ tử vong và biến chứng.",qa_me_bim_sau_sinh_100.csv.xlsx,Bong non là tình trạng nhau thai bong ra khỏi thành tử cung trước khi thai nhi được sinh ra. Tình trạng này có thể gây chảy máu nghiêm trọng và đe dọa tính mạng của cả sản phụ và thai nhi.,1,5,3,934,2142,0.4496124031007752,1.0171608999989985,Bo_De_Me_Va_Be.xlsx | qa_me_bim_sau_sinh_100.xlsx | Bo_De_Me_Va_Be.xlsx,
Q058,KB3,378,1500,Đang ngủ giật mình dậy để hỏi là nhau bong non là gì vậy ạ?,"Nhau bong non là một biến chứng sản khoa nghiêm trọng xảy ra khi bánh nhau tách ra khỏi thành tử cung trước khi thai nhi được sinh ra. Tình trạng này có thể gây nguy hiểm đến tính mạng của cả mẹ và thai nhi nếu không được phát hiện và xử trí kịp thời. Do đó, việc nhận biết các dấu hiệu bất thường của nhau bong non đóng vai trò rất quan trọng trong việc giảm thiểu nguy cơ tử vong và biến chứng.",qa_me_bim_sau_sinh_100.csv.xlsx,Bong non là tình trạng nhau thai bong ra khỏi thành tử cung trước khi thai nhi được sinh ra. Tình trạng này có thể gây chảy máu nghiêm trọng và đe dọa tính mạng của cả sản phụ và thai nhi.,1,5,4,1408,3231,0.4496124031007752,0.9980718999995588,Bo_De_Me_Va_Be.xlsx | qa_me_bim_sau_sinh_100.xlsx | Bo_De_Me_Va_Be.xlsx | qa_me_bim_sau_sinh_100.xlsx,
Q058,KB3,378,2200,Đang ngủ giật mình dậy để hỏi là nhau bong non là gì vậy ạ?,"Nhau bong non là một biến chứng sản khoa nghiêm trọng xảy ra khi bánh nhau tách ra khỏi thành tử cung trước khi thai nhi được sinh ra. Tình trạng này có thể gây nguy hiểm đến tính mạng của cả mẹ và thai nhi nếu không được phát hiện và xử trí kịp thời. Do đó, việc nhận biết các dấu hiệu bất thường của nhau bong non đóng vai trò rất quan trọng trong việc giảm thiểu nguy cơ tử vong và biến chứng.",qa_me_bim_sau_sinh_100.csv.xlsx,Bong non là tình trạng nhau thai bong ra khỏi thành tử cung trước khi thai nhi được sinh ra.,1,5,5,1592,3654,0.2990654205607476,61.20831139999973,Bo_De_Me_Va_Be.xlsx | qa_me_bim_sau_sinh_100.xlsx | Bo_De_Me_Va_Be.xlsx | qa_me_bim_sau_sinh_100.xlsx | qa_me_bim_sau_sinh_100.xlsx,
Q058,KB3,378,3000,Đang ngủ giật mình dậy để hỏi là nhau bong non là gì vậy ạ?,"Nhau bong non là một biến chứng sản khoa nghiêm trọng xảy ra khi bánh nhau tách ra khỏi thành tử cung trước khi thai nhi được sinh ra. Tình trạng này có thể gây nguy hiểm đến tính mạng của cả mẹ và thai nhi nếu không được phát hiện và xử trí kịp thời. Do đó, việc nhận biết các dấu hiệu bất thường của nhau bong non đóng vai trò rất quan trọng trong việc giảm thiểu nguy cơ tử vong và biến chứng.",qa_me_bim_sau_sinh_100.csv.xlsx,Bong non là tình trạng nhau thai bong ra khỏi thành tử cung trước khi thai nhi được sinh ra.,1,5,5,1592,3654,0.2990654205607476,0.8634452999995119,Bo_De_Me_Va_Be.xlsx | qa_me_bim_sau_sinh_100.xlsx | Bo_De_Me_Va_Be.xlsx | qa_me_bim_sau_sinh_100.xlsx | qa_me_bim_sau_sinh_100.xlsx,
Q059,KB3,233,1000,"Chồng em đang than phiền chuyện đó, ngoài việc cải thiện chuyện tiểu tiện, tập phục hồi sàn chậu có giúp ích gì cho đời sống vợ chồng sau sinh không ạ","Có, tập luyện giúp thu nhỏ âm đạo, tăng sức mạn cơ vùng chậu, từ đó cải thiện chức năng tình dục và tăng cảm giác trong quan hệ vợ chồng.",Phục hồi chức năng sàn chậu và lợi ích đối với các bà mẹ sau sinh.docx,"Tập phục hồi sàn chậu có giúp ích cho đời sống vợ chồng sau sinh bằng cách cải thiện chất lượng đời sống tình dục. Vì vậy các bà mẹ sau sinh khi có biểu hiện bất thường về các chức năng ở trên cần đến các cơ sở y tế để được bác sĩ thăm khám và đánh giá, tư vấn điều trị càng sớm càng tốt.",1,5,1,746,1715,0.1414141414141414,1.1044653000008111,Phục hồi chức năng sàn chậu và lợi ích đối với các bà mẹ sau sinh.docx,
Q059,KB3,233,1500,"Chồng em đang than phiền chuyện đó, ngoài việc cải thiện chuyện tiểu tiện, tập phục hồi sàn chậu có giúp ích gì cho đời sống vợ chồng sau sinh không ạ","Có, tập luyện giúp thu nhỏ âm đạo, tăng sức mạn cơ vùng chậu, từ đó cải thiện chức năng tình dục và tăng cảm giác trong quan hệ vợ chồng.",Phục hồi chức năng sàn chậu và lợi ích đối với các bà mẹ sau sinh.docx,"Tập phục hồi sàn chậu có giúp ích cho đời sống vợ chồng sau sinh bằng cách cải thiện chất lượng đời sống tình dục. Vì vậy các bà mẹ sau sinh khi có biểu hiện bất thường về các chức năng ở trên cần đến các cơ sở y tế để được bác sĩ thăm khám và đánh giá, tư vấn điều trị càng sớm càng tốt.",1,5,1,746,1715,0.1414141414141414,61.325218300000415,Phục hồi chức năng sàn chậu và lợi ích đối với các bà mẹ sau sinh.docx,
Q059,KB3,233,2200,"Chồng em đang than phiền chuyện đó, ngoài việc cải thiện chuyện tiểu tiện, tập phục hồi sàn chậu có giúp ích gì cho đời sống vợ chồng sau sinh không ạ","Có, tập luyện giúp thu nhỏ âm đạo, tăng sức mạn cơ vùng chậu, từ đó cải thiện chức năng tình dục và tăng cảm giác trong quan hệ vợ chồng.",Phục hồi chức năng sàn chậu và lợi ích đối với các bà mẹ sau sinh.docx,Tập phục hồi sàn chậu có giúp ích gì cho đời sống vợ chồng sau sinh không? Có. Tập phục hồi chức năng sàn chậu sau sinh sẽ giúp cải thiện chất lượng đời sống tình dục.,1,5,3,1724,3962,0.2058823529411765,1.1135319000004529,Phục hồi chức năng sàn chậu và lợi ích đối với các bà mẹ sau sinh.docx | Phục hồi chức năng sàn chậu và lợi ích đối với các bà mẹ sau sinh.docx | qa_me_bim_sau_sinh_100.xlsx,
Q059,KB3,233,3000,"Chồng em đang than phiền chuyện đó, ngoài việc cải thiện chuyện tiểu tiện, tập phục hồi sàn chậu có giúp ích gì cho đời sống vợ chồng sau sinh không ạ","Có, tập luyện giúp thu nhỏ âm đạo, tăng sức mạn cơ vùng chậu, từ đó cải thiện chức năng tình dục và tăng cảm giác trong quan hệ vợ chồng.",Phục hồi chức năng sàn chậu và lợi ích đối với các bà mẹ sau sinh.docx,"Tập phục hồi sàn chậu có giúp ích cho đời sống vợ chồng sau sinh bằng cách cải thiện chất lượng đời sống tình dục và ngăn ngừa sa các tạng trong vùng chậu, bao gồm sa tử cung, bàng quang, trực tràng.",1,5,4,2516,5782,0.2162162162162162,1.140246400000251,Phục hồi chức năng sàn chậu và lợi ích đối với các bà mẹ sau sinh.docx | Phục hồi chức năng sàn chậu và lợi ích đối với các bà mẹ sau sinh.docx | qa_me_bim_sau_sinh_100.xlsx | Phục hồi chức năng sàn chậu và lợi ích đối với các bà mẹ sau sinh.docx,
Q060,KB3,387,1000,"Hôm nay đi ngang đường để mua tã cho bé, em thắc mắc cách phòng bệnh tay chân miệng hiệu quả?","Bệnh Tay Chân Miệng hiện nay vẫn chưa có thuốc điều trị đặc hiệu và không phải là bệnh có thể miễn nhiễm suốt đời. Vì vậy, việc nâng cao nhận thức và chủ động phòng bệnh là chìa khóa quan trọng giúp bảo vệ trẻ trước nguy cơ tái nhiễm và những biến chứng không mong muốn. Các biện pháp phòng bệnh bao gồm: Vệ sinh cá nhân, rửa tay thường xuyên bằng xà phòng, đặc biệt sau khi ho, hắt hơi hoặc xì mũi, thay tã, đi vệ sinh... Làm sạch và nên khử trùng các bề mặt hay đồ dùng thường xuyên tiếp xúc, vệ sinh đồ chơi, vật dụng của trẻ. Không cho trẻ tiếp xúc với người đang bệnh. Giữ sạch môi trường sống. Tránh chạm vào mắt, mũi, miệng khi tay chưa rửa. Dạy và tập cho trẻ không đưa tay, đồ vật vào miệng. Vắc xin: hiện nay chưa phổ biến.",qa_me_bim_sau_sinh_100.csv.xlsx,"Cách phòng bệnh tay chân miệng cho trẻ hiệu quả bao gồm: - Vệ sinh cá nhân, rửa tay thường xuyên bằng xà phòng, đặc biệt sau khi ho, hắt hơi hoặc xì mũi, thay tã, đi vệ sinh... - Làm sạch và nên khử trùng các bề mặt hay đồ dùng thường xuyên tiếp xúc, vệ sinh đồ chơi, vật dụng của trẻ. - Không cho trẻ tiếp xúc với người đang bệnh. - Giữ sạch môi trường sống. - Tránh chạm vào mắt, mũi, miệng khi tay chưa rửa. - Dạy và tập cho trẻ không đưa tay, đồ vật vào miệng.",1,5,2,903,2075,0.7265625,1.1318601000002673,qa_me_bim_sau_sinh_100.xlsx | qa_me_bim_sau_sinh_100.xlsx,
Q060,KB3,387,1500,"Hôm nay đi ngang đường để mua tã cho bé, em thắc mắc cách phòng bệnh tay chân miệng hiệu quả?","Bệnh Tay Chân Miệng hiện nay vẫn chưa có thuốc điều trị đặc hiệu và không phải là bệnh có thể miễn nhiễm suốt đời. Vì vậy, việc nâng cao nhận thức và chủ động phòng bệnh là chìa khóa quan trọng giúp bảo vệ trẻ trước nguy cơ tái nhiễm và những biến chứng không mong muốn. Các biện pháp phòng bệnh bao gồm: Vệ sinh cá nhân, rửa tay thường xuyên bằng xà phòng, đặc biệt sau khi ho, hắt hơi hoặc xì mũi, thay tã, đi vệ sinh... Làm sạch và nên khử trùng các bề mặt hay đồ dùng thường xuyên tiếp xúc, vệ sinh đồ chơi, vật dụng của trẻ. Không cho trẻ tiếp xúc với người đang bệnh. Giữ sạch môi trường sống. Tránh chạm vào mắt, mũi, miệng khi tay chưa rửa. Dạy và tập cho trẻ không đưa tay, đồ vật vào miệng. Vắc xin: hiện nay chưa phổ biến.",qa_me_bim_sau_sinh_100.csv.xlsx,"Cách phòng bệnh tay chân miệng cho trẻ hiệu quả bao gồm: - Vệ sinh cá nhân, rửa tay thường xuyên bằng xà phòng, đặc biệt sau khi ho, hắt hơi hoặc xì mũi, thay tã, đi vệ sinh... - Làm sạch và nên khử trùng các bề mặt hay đồ dùng thường xuyên tiếp xúc, vệ sinh đồ chơi, vật dụng của trẻ. - Không cho trẻ tiếp xúc với người đang bệnh. - Giữ sạch môi trường sống. - Tránh chạm vào mắt, mũi, miệng khi tay chưa rửa. - Dạy và tập cho trẻ không đưa tay, đồ vật vào miệng.",1,5,3,1290,2964,0.7265625,1.0472233000000415,qa_me_bim_sau_sinh_100.xlsx | qa_me_bim_sau_sinh_100.xlsx | qa_me_bim_sau_sinh_100.xlsx,
Q060,KB3,387,2200,"Hôm nay đi ngang đường để mua tã cho bé, em thắc mắc cách phòng bệnh tay chân miệng hiệu quả?","Bệnh Tay Chân Miệng hiện nay vẫn chưa có thuốc điều trị đặc hiệu và không phải là bệnh có thể miễn nhiễm suốt đời. Vì vậy, việc nâng cao nhận thức và chủ động phòng bệnh là chìa khóa quan trọng giúp bảo vệ trẻ trước nguy cơ tái nhiễm và những biến chứng không mong muốn. Các biện pháp phòng bệnh bao gồm: Vệ sinh cá nhân, rửa tay thường xuyên bằng xà phòng, đặc biệt sau khi ho, hắt hơi hoặc xì mũi, thay tã, đi vệ sinh... Làm sạch và nên khử trùng các bề mặt hay đồ dùng thường xuyên tiếp xúc, vệ sinh đồ chơi, vật dụng của trẻ. Không cho trẻ tiếp xúc với người đang bệnh. Giữ sạch môi trường sống. Tránh chạm vào mắt, mũi, miệng khi tay chưa rửa. Dạy và tập cho trẻ không đưa tay, đồ vật vào miệng. Vắc xin: hiện nay chưa phổ biến.",qa_me_bim_sau_sinh_100.csv.xlsx,"Cách phòng bệnh tay chân miệng cho trẻ hiệu quả bao gồm: - Vệ sinh cá nhân, rửa tay thường xuyên bằng xà phòng, đặc biệt sau khi ho, hắt hơi hoặc xì mũi, thay tã, đi vệ sinh... - Làm sạch và nên khử trùng các bề mặt hay đồ dùng thường xuyên tiếp xúc, vệ sinh đồ chơi, vật dụng của trẻ. - Không cho trẻ tiếp xúc với người đang bệnh. - Giữ sạch môi trường sống. - Tránh chạm vào mắt, mũi, miệng khi tay chưa rửa. - Dạy và tập cho trẻ không đưa tay, đồ vật vào miệng.",1,5,5,1915,4398,0.7265625,61.66072619999977,qa_me_bim_sau_sinh_100.xlsx | qa_me_bim_sau_sinh_100.xlsx | qa_me_bim_sau_sinh_100.xlsx | Bo_De_Me_Va_Be.xlsx | qa_me_bim_sau_sinh_100.xlsx,
Q060,KB3,387,3000,"Hôm nay đi ngang đường để mua tã cho bé, em thắc mắc cách phòng bệnh tay chân miệng hiệu quả?","Bệnh Tay Chân Miệng hiện nay vẫn chưa có thuốc điều trị đặc hiệu và không phải là bệnh có thể miễn nhiễm suốt đời. Vì vậy, việc nâng cao nhận thức và chủ động phòng bệnh là chìa khóa quan trọng giúp bảo vệ trẻ trước nguy cơ tái nhiễm và những biến chứng không mong muốn. Các biện pháp phòng bệnh bao gồm: Vệ sinh cá nhân, rửa tay thường xuyên bằng xà phòng, đặc biệt sau khi ho, hắt hơi hoặc xì mũi, thay tã, đi vệ sinh... Làm sạch và nên khử trùng các bề mặt hay đồ dùng thường xuyên tiếp xúc, vệ sinh đồ chơi, vật dụng của trẻ. Không cho trẻ tiếp xúc với người đang bệnh. Giữ sạch môi trường sống. Tránh chạm vào mắt, mũi, miệng khi tay chưa rửa. Dạy và tập cho trẻ không đưa tay, đồ vật vào miệng. Vắc xin: hiện nay chưa phổ biến.",qa_me_bim_sau_sinh_100.csv.xlsx,"Cách phòng bệnh tay chân miệng cho trẻ hiệu quả bao gồm: - Vệ sinh cá nhân, rửa tay thường xuyên bằng xà phòng, đặc biệt sau khi ho, hắt hơi hoặc xì mũi, thay tã, đi vệ sinh... - Làm sạch và nên khử trùng các bề mặt hay đồ dùng thường xuyên tiếp xúc, vệ sinh đồ chơi, vật dụng của trẻ. - Không cho trẻ tiếp xúc với người đang bệnh. - Giữ sạch môi trường sống. - Tránh chạm vào mắt, mũi, miệng khi tay chưa rửa. - Dạy và tập cho trẻ không đưa tay, đồ vật vào miệng.",1,5,5,1915,4398,0.7265625,61.70904340000016,qa_me_bim_sau_sinh_100.xlsx | qa_me_bim_sau_sinh_100.xlsx | qa_me_bim_sau_sinh_100.xlsx | Bo_De_Me_Va_Be.xlsx | qa_me_bim_sau_sinh_100.xlsx,
Q001,KB1,211,1000,"Bé nhà em hay hỏi ""Tại sao?"" liên tục, đôi khi em thấy rất mệt mỏi, em có nên trả lời hết các câu hỏi đó không?",Những câu hỏi này chứng tỏ bé rất tò mò và ham học hỏi; bạn hãy kiên nhẫn trả lời đơn giản hoặc cùng bé đi tìm câu trả lời để khuyến khích tư duy của con.,Sách Không ai hoàn hảo - Trí tuệ,"Trả lời trực tiếp câu hỏi ngay từ câu đầu tiên: Không nên trả lời hết các câu hỏi ""Tại sao?"" của trẻ nhà em. MomCare chưa tìm thấy đủ thông tin trong kho tài liệu để trả lời câu hỏi này.",1,5,2,982,2256,0.1772151898734177,13.020850299999438,Bo_De_Me_Va_Be.xlsx | Bo_De_Me_Va_Be.xlsx,
Q001,KB1,211,1500,"Bé nhà em hay hỏi ""Tại sao?"" liên tục, đôi khi em thấy rất mệt mỏi, em có nên trả lời hết các câu hỏi đó không?",Những câu hỏi này chứng tỏ bé rất tò mò và ham học hỏi; bạn hãy kiên nhẫn trả lời đơn giản hoặc cùng bé đi tìm câu trả lời để khuyến khích tư duy của con.,Sách Không ai hoàn hảo - Trí tuệ,"Trả lời trực tiếp câu hỏi ngay từ câu đầu tiên: Không nên trả lời hết các câu hỏi ""Tại sao?"" của trẻ nhà em. MomCare chưa tìm thấy đủ thông tin trong kho tài liệu để trả lời câu hỏi này.",1,5,2,982,2256,0.1772151898734177,1.6250513999984832,Bo_De_Me_Va_Be.xlsx | Bo_De_Me_Va_Be.xlsx,
Q001,KB1,211,2200,"Bé nhà em hay hỏi ""Tại sao?"" liên tục, đôi khi em thấy rất mệt mỏi, em có nên trả lời hết các câu hỏi đó không?",Những câu hỏi này chứng tỏ bé rất tò mò và ham học hỏi; bạn hãy kiên nhẫn trả lời đơn giản hoặc cùng bé đi tìm câu trả lời để khuyến khích tư duy của con.,Sách Không ai hoàn hảo - Trí tuệ,"Trẻ nhà em thường xuyên hỏi ""Tại sao?"" có nên trả lời hết các câu hỏi đó không? Không. MomCare chưa tìm thấy đủ thông tin trong kho tài liệu để trả lời câu hỏi này.",1,5,4,2193,5041,0.16438356164383564,1.5237348999999085,Bo_De_Me_Va_Be.xlsx | Bo_De_Me_Va_Be.xlsx | data_store\pdf\Hành vi - Không ai hoàn hảo.pdf | Bo_De_Me_Va_Be.xlsx,
Q001,KB1,211,3000,"Bé nhà em hay hỏi ""Tại sao?"" liên tục, đôi khi em thấy rất mệt mỏi, em có nên trả lời hết các câu hỏi đó không?",Những câu hỏi này chứng tỏ bé rất tò mò và ham học hỏi; bạn hãy kiên nhẫn trả lời đơn giản hoặc cùng bé đi tìm câu trả lời để khuyến khích tư duy của con.,Sách Không ai hoàn hảo - Trí tuệ,"Trả lời trực tiếp câu hỏi ngay từ câu đầu tiên: Không, không nên trả lời hết các câu hỏi ""Tại sao?"" của trẻ. Giải thích: Theo tài liệu RAG, trẻ thường hỏi ""Tại sao?"" trong khoảng từ 1,5 đến 2,5 tuổi, khi bé bắt đầu muốn tự mình quyết định mọi thứ. Bằng việc nói ""Không"", bé đang thể hiện cho bạn thấy rằng bé đang học cách tự mình suy nghĩ. Khi bé nói ""Không"", bé không hề có ý định chống lại bạn hoặc cố làm bạn tức giận. Vì vậy, không nên trả lời hết các câu hỏi ""Tại sao?"" của trẻ, mà nên giữ bình tĩnh, tránh tranh luận và cho bé lựa chọn giữa hai thứ khi có thể.",1,5,5,2878,6616,0.10975609756097562,61.96909810000034,Bo_De_Me_Va_Be.xlsx | Bo_De_Me_Va_Be.xlsx | data_store\pdf\Hành vi - Không ai hoàn hảo.pdf | Bo_De_Me_Va_Be.xlsx | Cách điều trị bệnh viêm da cơ địa trẻ 3 tháng tuổi.docx,
Q002,KB1,282,1000,"Em lo ngại các hóa chất trong tã giấy, có loại tã nào không chứa gel siêu thấm hay chất tẩy trắng clo để an toàn hơn cho da bé không ạ?","Có, một số cha mẹ không hài lòng về loại gel siêu thấm thường được sử dụng trong tã dùng một lần để hút ẩm và giữ cho bé luôn khô ráo. Với những loại tã không có gel, đệm bông được sử dụng thay thế để thực hiện tính năng thấm hút. Bên cạnh đó, tã không có clo cũng là một lựa chọn khác cho các bậc cha mẹ muốn giảm thiểu sử dụng hóa chất.",Tã dùng một lần.docx,"Có. Một số loại tã không có gel siêu thấm và chất tẩy trắng clo, thay vào đó sử dụng đệm bông để thực hiện tính năng thấm hút.",1,5,1,384,883,0.33644859813084116,0.9702699000008579,Tã dùng một lần.docx,
Q002,KB1,282,1500,"Em lo ngại các hóa chất trong tã giấy, có loại tã nào không chứa gel siêu thấm hay chất tẩy trắng clo để an toàn hơn cho da bé không ạ?","Có, một số cha mẹ không hài lòng về loại gel siêu thấm thường được sử dụng trong tã dùng một lần để hút ẩm và giữ cho bé luôn khô ráo. Với những loại tã không có gel, đệm bông được sử dụng thay thế để thực hiện tính năng thấm hút. Bên cạnh đó, tã không có clo cũng là một lựa chọn khác cho các bậc cha mẹ muốn giảm thiểu sử dụng hóa chất.",Tã dùng một lần.docx,"Có. Một số loại tã không có gel siêu thấm và chất tẩy trắng clo, thay vào đó sử dụng đệm bông để thực hiện tính năng thấm hút.",1,5,2,1141,2623,0.33644859813084116,1.0337595000000874,Tã dùng một lần.docx | Tã dùng một lần.docx,
Q002,KB1,282,2200,"Em lo ngại các hóa chất trong tã giấy, có loại tã nào không chứa gel siêu thấm hay chất tẩy trắng clo để an toàn hơn cho da bé không ạ?","Có, một số cha mẹ không hài lòng về loại gel siêu thấm thường được sử dụng trong tã dùng một lần để hút ẩm và giữ cho bé luôn khô ráo. Với những loại tã không có gel, đệm bông được sử dụng thay thế để thực hiện tính năng thấm hút. Bên cạnh đó, tã không có clo cũng là một lựa chọn khác cho các bậc cha mẹ muốn giảm thiểu sử dụng hóa chất.",Tã dùng một lần.docx,"Có. Loại tã giấy không chứa gel siêu thấm và chất tẩy trắng clo được đề cập trong tài liệu. Thay vào đó, đệm bông được sử dụng để thực hiện tính năng thấm hút.",1,5,3,1930,4436,0.33628318584070793,1.2415624000004755,Tã dùng một lần.docx | Tã dùng một lần.docx | Cách thay tã vải cho trẻ sơ sinh.docx,
Q002,KB1,282,3000,"Em lo ngại các hóa chất trong tã giấy, có loại tã nào không chứa gel siêu thấm hay chất tẩy trắng clo để an toàn hơn cho da bé không ạ?","Có, một số cha mẹ không hài lòng về loại gel siêu thấm thường được sử dụng trong tã dùng một lần để hút ẩm và giữ cho bé luôn khô ráo. Với những loại tã không có gel, đệm bông được sử dụng thay thế để thực hiện tính năng thấm hút. Bên cạnh đó, tã không có clo cũng là một lựa chọn khác cho các bậc cha mẹ muốn giảm thiểu sử dụng hóa chất.",Tã dùng một lần.docx,"Có. Một số loại tã giấy không chứa gel siêu thấm và chất tẩy trắng clo. Ví dụ, tã không có gel và clo được đề cập trong tài liệu RAG.",1,5,4,2640,6067,0.23853211009174308,61.474684900000284,Tã dùng một lần.docx | Tã dùng một lần.docx | Cách thay tã vải cho trẻ sơ sinh.docx | Cách giặt tã vải cho trẻ nhỏ.docx,
Q003,KB1,35,1000,Sữa mẹ chứa bao nhiêu phần trăm là nước?,Sữa mẹ chứa tới 88% là nước.,Tài liệu khóa học Nuôi con bằng sữa mẹ.pdf,MomCare chưa tìm thấy đủ thông tin trong kho tài liệu để trả lời câu hỏi này.,1,5,1,330,758,0.0,0.8668718999997509,Bo_De_Me_Va_Be.xlsx,
Q003,KB1,35,1500,Sữa mẹ chứa bao nhiêu phần trăm là nước?,Sữa mẹ chứa tới 88% là nước.,Tài liệu khóa học Nuôi con bằng sữa mẹ.pdf,MomCare chưa tìm thấy đủ thông tin trong kho tài liệu để trả lời câu hỏi này.,1,5,2,1125,2585,0.0,0.853852199999892,Bo_De_Me_Va_Be.xlsx | data_store\pdf\quyet_dinh_hd_an_bo_sung.pdf,
