question,answer,contexts,reference,user_input,retrieved_contexts,response,faithfulness,context_recall,answer_relevancy,context_precision
"Bé nhà mình hay hỏi ""Tại sao?"" liên tục, đôi khi em thấy rất mệt mỏi, có nên trả lời hết các câu hỏi đó k","Tôi không tìm thấy thông tin cụ thể về độ tuổi của bé trong tài liệu. Tuy nhiên, dựa trên tài liệu, tôi có thể trả lời như sau:

- Độ tuổi của bé không được đề cập trong tài liệu.
- Trẻ thường hỏi ""Tại sao?"" khi đang học để hiểu cảm giác của chính mình và quan tâm đến cảm xúc của những người khác (Tài liệu 5).
- Không có thông tin cụ thể về việc nên trả lời hết các câu hỏi đó hay không. Tuy nhiên, tài liệu 3 gợi ý rằng nên đưa ra các lựa chọn và không đặt các câu hỏi có câu trả lời ""có"" hoặc ""không"" để giúp trẻ phát triển khả năng tự quyết định.","['CƠ THỂ PHÁT TRIỂN, TRÍ TUỆ PHÁT TRIỂN\nTẠO CHO TRẺ THẬT NHIỀU \nCƠ HỘI ĐỂ HỌC\nBạn có thể giúp phát triển não của trẻ bằng cách nói \nchuyện với trẻ. Hãy nói chuyện với em bé của bạn ngay từ \nkhi bé mới chào đời. \n• Nói cho bé biết bạn đang làm gì và bé đang làm gì. \n• Miêu tả những thứ bé nhìn thấy và nghe thấy xung \nquanh mình\n• Khi bé bắt đầu nói, hãy lắng nghe những gì bé nói', '\ufeffCâu hỏi: Bé 3 tháng quấy nhiều về chiều có bình thường không?\nTrả lời: Có thể là cơn khóc dạ đề (colic) — khóc dữ dội >3 giờ/ngày, >3 ngày/tuần, thường chiều tối. Nguyên nhân chưa rõ. Cách xử lý: bế bé đi lại, vỗ lưng nhẹ, tắm ấm, giảm kích thích. Thường tự hết trước 4 tháng.\nNguồn: BV Nhi Đồng 1; Vinmec', 'DẪN DẮT HÀNH VI CỦA TRẺ\n• Hãy nhớ đến tuổi của trẻ.  Trẻ nhỏ tuổi \nrất khó kiểm soát bản thân mình, ngay \ncả khi trẻ biết các quy định. Khi trẻ lớn \ndần lên, trẻ hiểu các quy định và có thể \nnhớ chúng tốt hơn\n• Đưa ra các lựa chọn.  Cố gắng không \nđặt các câu hỏi có câu trả lời “có” hoặc \n“không”. Ví dụ, nếu bạn phải đi đến cửa \nhàng, đừng hỏi “Con có muốn đến cửa', 'Bé hơn 6 tháng chưa biết “ê, a” phải làm sao?\nHỏi\nChào bác sĩ! Bác sĩ cho em hỏi là con em nay được 6,5 tháng tuổi nhưng đến nay bé chưa biết ư, e.... hay nói chuyện gì hết, bé biết quay đầu về hướng có âm thanh nhưng không nói, em lo quá, mong bác sĩ tư vấn ạ. Cám ơn bác sĩ!\nMinh Đăng (2019)\nTrả lời', '3 ĐẾN 6 TUỔI\nBẠN CÓ THỂ LÀM GÌ GIÚP TRẺ PHÁT TRIỂN TƯ DUY, \nCẢM XÚC, HỌC HỎI, VUI CHƠI\nỞ độ tuổi này, trẻ đang học để hiểu cảm giác \ncủa chính mình. Trẻ cũng biết và quan tâm \nđến cảm xúc của những người khác. \nTrẻ học cách sử dụng từ ngữ\n• Để giải thích ý của mình\n• Để có được thứ mà mình muốn\n• Để trả lời các câu hỏi\n• Để sáng tạo các câu chuyện và trò chơi\n• Để đếm']",Những câu hỏi này chứng tỏ bé rất tò mò và ham học hỏi; bạn hãy kiên nhẫn trả lời đơn giản hoặc cùng bé đi tìm câu trả lời để khuyến khích tư duy của con.,"Bé nhà mình hay hỏi ""Tại sao?"" liên tục, đôi khi em thấy rất mệt mỏi, có nên trả lời hết các câu hỏi đó k","['CƠ THỂ PHÁT TRIỂN, TRÍ TUỆ PHÁT TRIỂN\nTẠO CHO TRẺ THẬT NHIỀU \nCƠ HỘI ĐỂ HỌC\nBạn có thể giúp phát triển não của trẻ bằng cách nói \nchuyện với trẻ. Hãy nói chuyện với em bé của bạn ngay từ \nkhi bé mới chào đời. \n• Nói cho bé biết bạn đang làm gì và bé đang làm gì. \n• Miêu tả những thứ bé nhìn thấy và nghe thấy xung \nquanh mình\n• Khi bé bắt đầu nói, hãy lắng nghe những gì bé nói', '\ufeffCâu hỏi: Bé 3 tháng quấy nhiều về chiều có bình thường không?\nTrả lời: Có thể là cơn khóc dạ đề (colic) — khóc dữ dội >3 giờ/ngày, >3 ngày/tuần, thường chiều tối. Nguyên nhân chưa rõ. Cách xử lý: bế bé đi lại, vỗ lưng nhẹ, tắm ấm, giảm kích thích. Thường tự hết trước 4 tháng.\nNguồn: BV Nhi Đồng 1; Vinmec', 'DẪN DẮT HÀNH VI CỦA TRẺ\n• Hãy nhớ đến tuổi của trẻ.  Trẻ nhỏ tuổi \nrất khó kiểm soát bản thân mình, ngay \ncả khi trẻ biết các quy định. Khi trẻ lớn \ndần lên, trẻ hiểu các quy định và có thể \nnhớ chúng tốt hơn\n• Đưa ra các lựa chọn.  Cố gắng không \nđặt các câu hỏi có câu trả lời “có” hoặc \n“không”. Ví dụ, nếu bạn phải đi đến cửa \nhàng, đừng hỏi “Con có muốn đến cửa', 'Bé hơn 6 tháng chưa biết “ê, a” phải làm sao?\nHỏi\nChào bác sĩ! Bác sĩ cho em hỏi là con em nay được 6,5 tháng tuổi nhưng đến nay bé chưa biết ư, e.... hay nói chuyện gì hết, bé biết quay đầu về hướng có âm thanh nhưng không nói, em lo quá, mong bác sĩ tư vấn ạ. Cám ơn bác sĩ!\nMinh Đăng (2019)\nTrả lời', '3 ĐẾN 6 TUỔI\nBẠN CÓ THỂ LÀM GÌ GIÚP TRẺ PHÁT TRIỂN TƯ DUY, \nCẢM XÚC, HỌC HỎI, VUI CHƠI\nỞ độ tuổi này, trẻ đang học để hiểu cảm giác \ncủa chính mình. Trẻ cũng biết và quan tâm \nđến cảm xúc của những người khác. \nTrẻ học cách sử dụng từ ngữ\n• Để giải thích ý của mình\n• Để có được thứ mà mình muốn\n• Để trả lời các câu hỏi\n• Để sáng tạo các câu chuyện và trò chơi\n• Để đếm']","Tôi không tìm thấy thông tin cụ thể về độ tuổi của bé trong tài liệu. Tuy nhiên, dựa trên tài liệu, tôi có thể trả lời như sau:

- Độ tuổi của bé không được đề cập trong tài liệu.
- Trẻ thường hỏi ""Tại sao?"" khi đang học để hiểu cảm giác của chính mình và quan tâm đến cảm xúc của những người khác (Tài liệu 5).
- Không có thông tin cụ thể về việc nên trả lời hết các câu hỏi đó hay không. Tuy nhiên, tài liệu 3 gợi ý rằng nên đưa ra các lựa chọn và không đặt các câu hỏi có câu trả lời ""có"" hoặc ""không"" để giúp trẻ phát triển khả năng tự quyết định.",0.25,0.6666666666666666,0.0,0.7555555555303703
" Em lo ngại các hóa chất trong tã giấy, có loại tã nào k chứa gel siêu thấm hay chất tẩy trắng clo để an toàn hơn cho da bé k","Có, có loại tã không chứa gel siêu thấm và chất tẩy trắng clo. Theo tài liệu 1, tã không có gel và clo là một lựa chọn khác cho các bậc cha mẹ muốn giảm thiểu sử dụng hóa chất.

Ngoài ra, tài liệu 4 cũng khuyến cáo nên sử dụng chất tẩy rửa không chứa hương liệu, enzyme và các chất phụ gia khác để tránh gây kích ứng cho làn da nhạy cảm của bé.

Tài liệu 3 không liên quan trực tiếp đến câu hỏi này, nhưng tài liệu 2 chỉ ra rằng việc kiểm tra bằng mắt có thể cho bạn biết bé có ị hay không, và nên thay tã cho trẻ sau mỗi lần bú, trước và sau mỗi giấc ngủ ngắn, hoặc khoảng 2 giờ một lần trong ngày.

Tài liệu 5 không liên quan trực tiếp đến câu hỏi này.","['Tã không có gel và clo\nMột số cha mẹ không hài lòng về loại gel siêu thấm thường được sử dụng trong tã dùng một lần để hút ẩm và giữ cho bé luôn khô ráo. Với những loại tã không có gel, đệm bông được sử dụng thay thế để thực hiện tính năng thấm hút. Bên cạnh đó, tã không có clo cũng là một lựa chọn khác cho các bậc cha mẹ muốn giảm thiểu sử dụng hóa chất.', 'Ban đầu, có thể khó để biết con bạn đã cần thay tã hay chưa. Với tã dùng một lần thường có vạch chỉ báo độ ẩm chuyển sang màu xanh lam khi cần thay tã hoặc tã có thể đầy và bí hơi hoặc nặng. Kiểm tra bằng mắt có thể cho bạn biết bé có ị hay không. Một nguyên tắc nhỏ là thay tã cho trẻ sau mỗi lần bú, trước và sau mỗi giấc ngủ ngắn, hoặc khoảng 2 giờ một lần trong ngày.', 'Từ 3 tháng tuổi trở lên: Bé đi nặng ít hơn, chỉ khoảng 2 - 3 lần mỗi ngày, nhưng số lượng mỗi lần sẽ nhiều. Mẹ có thể cho bé đóng bỉm hoàn toàn mà không dùng tã giấy, hoặc dùng tã vải để vừa tiết kiệm vừa tránh hăm tã.\nCách chọn bỉm cho trẻ theo cân nặng:\nTã Newborn: Trẻ sơ sinh dưới 1 tháng tuổi và nhẹ hơn 5 kg\nSize S: Tùy theo mỗi hãng tã, có thể chia trong khoảng 0 - 8 kg', 'Việc ngâm tã lâu kèm với baking soda có thể khiến vi khuẩn phát triển \nNên sử dụng chất tẩy rửa (không phải xà phòng) không chứa hương liệu, enzyme và các chất phụ gia khác, bao gồm thành phần làm trắng và sáng quần áo. Tránh dùng nước xả làm mềm vải vì có thể gây kích ứng cho làn da nhạy cảm của bé và khiến tã vải giảm độ thấm hút.', '87 \n \n- Tắm cho trẻ mỗi n gày kèm theo sử dụng kem dưỡng \nda lành tính để duy trì độ ẩm và cân bằng da; \n- Chọn sữa tắm có độ pH phù hợp, không kích ứng và \nkhông chứa chất tẩy rửa; \n- Tránh các yếu tố nguy cơ như khí hậu khô, bụi, lông \nđộng vật, phấn hoa \n- Mẹ cho con bú nên ăn những t hực phẩm chứa chất \nchống oxy hóa làm tăng sức đề kháng của da \nViêm rốn \nBiểu hiện']","Có, bạn có thể chọn các loại tã không có gel (dùng đệm bông thay thế) và tã không có clo để giảm thiểu tiếp xúc với hóa chất và hạn chế kích ứng da cho bé."," Em lo ngại các hóa chất trong tã giấy, có loại tã nào k chứa gel siêu thấm hay chất tẩy trắng clo để an toàn hơn cho da bé k","['Tã không có gel và clo\nMột số cha mẹ không hài lòng về loại gel siêu thấm thường được sử dụng trong tã dùng một lần để hút ẩm và giữ cho bé luôn khô ráo. Với những loại tã không có gel, đệm bông được sử dụng thay thế để thực hiện tính năng thấm hút. Bên cạnh đó, tã không có clo cũng là một lựa chọn khác cho các bậc cha mẹ muốn giảm thiểu sử dụng hóa chất.', 'Ban đầu, có thể khó để biết con bạn đã cần thay tã hay chưa. Với tã dùng một lần thường có vạch chỉ báo độ ẩm chuyển sang màu xanh lam khi cần thay tã hoặc tã có thể đầy và bí hơi hoặc nặng. Kiểm tra bằng mắt có thể cho bạn biết bé có ị hay không. Một nguyên tắc nhỏ là thay tã cho trẻ sau mỗi lần bú, trước và sau mỗi giấc ngủ ngắn, hoặc khoảng 2 giờ một lần trong ngày.', 'Từ 3 tháng tuổi trở lên: Bé đi nặng ít hơn, chỉ khoảng 2 - 3 lần mỗi ngày, nhưng số lượng mỗi lần sẽ nhiều. Mẹ có thể cho bé đóng bỉm hoàn toàn mà không dùng tã giấy, hoặc dùng tã vải để vừa tiết kiệm vừa tránh hăm tã.\nCách chọn bỉm cho trẻ theo cân nặng:\nTã Newborn: Trẻ sơ sinh dưới 1 tháng tuổi và nhẹ hơn 5 kg\nSize S: Tùy theo mỗi hãng tã, có thể chia trong khoảng 0 - 8 kg', 'Việc ngâm tã lâu kèm với baking soda có thể khiến vi khuẩn phát triển \nNên sử dụng chất tẩy rửa (không phải xà phòng) không chứa hương liệu, enzyme và các chất phụ gia khác, bao gồm thành phần làm trắng và sáng quần áo. Tránh dùng nước xả làm mềm vải vì có thể gây kích ứng cho làn da nhạy cảm của bé và khiến tã vải giảm độ thấm hút.', '87 \n \n- Tắm cho trẻ mỗi n gày kèm theo sử dụng kem dưỡng \nda lành tính để duy trì độ ẩm và cân bằng da; \n- Chọn sữa tắm có độ pH phù hợp, không kích ứng và \nkhông chứa chất tẩy rửa; \n- Tránh các yếu tố nguy cơ như khí hậu khô, bụi, lông \nđộng vật, phấn hoa \n- Mẹ cho con bú nên ăn những t hực phẩm chứa chất \nchống oxy hóa làm tăng sức đề kháng của da \nViêm rốn \nBiểu hiện']","Có, có loại tã không chứa gel siêu thấm và chất tẩy trắng clo. Theo tài liệu 1, tã không có gel và clo là một lựa chọn khác cho các bậc cha mẹ muốn giảm thiểu sử dụng hóa chất.

Ngoài ra, tài liệu 4 cũng khuyến cáo nên sử dụng chất tẩy rửa không chứa hương liệu, enzyme và các chất phụ gia khác để tránh gây kích ứng cho làn da nhạy cảm của bé.

Tài liệu 3 không liên quan trực tiếp đến câu hỏi này, nhưng tài liệu 2 chỉ ra rằng việc kiểm tra bằng mắt có thể cho bạn biết bé có ị hay không, và nên thay tã cho trẻ sau mỗi lần bú, trước và sau mỗi giấc ngủ ngắn, hoặc khoảng 2 giờ một lần trong ngày.

Tài liệu 5 không liên quan trực tiếp đến câu hỏi này.",0.6,1.0,0.7000485034824504,0.999999999975
 Sưa mẹ chứa bao nhiêu phần trăm là nước các Mom nhỉ,"Theo tài liệu ""BV Từ Dũ — Dinh dưỡng mẹ bỉm sữa"", sữa mẹ chủ yếu là nước.","['\ufeffCâu hỏi: Mẹ sau sinh uống bao nhiêu nước mỗi ngày?\nTrả lời: Tối thiểu 2–3 lít/ngày (8–10 ly nước). Khi cho con bú cần thêm 500ml so với bình thường vì sữa mẹ chủ yếu là nước. Nên uống 1 ly nước trước mỗi cữ bú. Nước trái cây tươi, sữa, canh đều tính vào lượng nước.\nNguồn: BV Từ Dũ — Dinh dưỡng mẹ bỉm sữa', 'Nếu sữa mẹ vắt ra không có ý định dùng trong vòng 4 ngày, hãy đông lạnh ngay để đảm bảo chất lượng của sữa mẹ.\nLuôn ghi nhãn rõ ràng trên túi/ bình sữa trước khi trữ\nLưu ý khi đông lạnh sữa mẹ\nChia nhỏ sữa lưu trữ vừa đủ cho 1 lần ăn của bé để tránh lãng phí.\nKhông đổ sữa mẹ quá đầy trong bình chứa/ túi chứa vì sữa mẹ sẽ nở ra khi đông lại.', 'lượng sữa mẹ, tránh lãng phí, giúp mẹ tự tin duy trì nguồn sữa mẹ để nuôi con sau khoảng thời gian nghỉ hậu sản trở lại với công việc và đảm bảo an toàn cho trẻ. Một số lưu ý bảo quản sữa mẹ đã vắt như sau:', '- Tư vấn cho con bú ngay sau đẻ và cách nuôi con bằng sữa mẹ (tham khảo bài “ Tư vấn \nnuôi con bằng sữa mẹ-phần Chăm sóc sơ sinh”) \n- Giải thích mọi vấn đề giúp họ giảm nỗi lo âu, băn khoăn. \n- Lắng nghe, hiểu cặn kẽ và tôn trọng nỗi xúc động của sản phụ.', 'Về chế độ dinh dưỡng: Hộ sinh trưởng Nguyễn Bích Hạnh - Vinmec Times City khuyên rằng, sau sinh thường mẹ cần được ăn uống đầy đủ các chất dinh dưỡng, không nên kiêng khem quá mức vì đang trong quá trình rất cần lấy lại sức và tạo sữa nuôi con. Mẹ có khỏe thì con mới phát triển tốt. Những thực phẩm mẹ cần bổ sung trong giai đoạn này bao gồm:\nCác loại hoa quả tươi và rau xanh;\nChất bột đường;']",Sữa mẹ chứa tới 88% là nước., Sưa mẹ chứa bao nhiêu phần trăm là nước các Mom nhỉ,"['\ufeffCâu hỏi: Mẹ sau sinh uống bao nhiêu nước mỗi ngày?\nTrả lời: Tối thiểu 2–3 lít/ngày (8–10 ly nước). Khi cho con bú cần thêm 500ml so với bình thường vì sữa mẹ chủ yếu là nước. Nên uống 1 ly nước trước mỗi cữ bú. Nước trái cây tươi, sữa, canh đều tính vào lượng nước.\nNguồn: BV Từ Dũ — Dinh dưỡng mẹ bỉm sữa', 'Nếu sữa mẹ vắt ra không có ý định dùng trong vòng 4 ngày, hãy đông lạnh ngay để đảm bảo chất lượng của sữa mẹ.\nLuôn ghi nhãn rõ ràng trên túi/ bình sữa trước khi trữ\nLưu ý khi đông lạnh sữa mẹ\nChia nhỏ sữa lưu trữ vừa đủ cho 1 lần ăn của bé để tránh lãng phí.\nKhông đổ sữa mẹ quá đầy trong bình chứa/ túi chứa vì sữa mẹ sẽ nở ra khi đông lại.', 'lượng sữa mẹ, tránh lãng phí, giúp mẹ tự tin duy trì nguồn sữa mẹ để nuôi con sau khoảng thời gian nghỉ hậu sản trở lại với công việc và đảm bảo an toàn cho trẻ. Một số lưu ý bảo quản sữa mẹ đã vắt như sau:', '- Tư vấn cho con bú ngay sau đẻ và cách nuôi con bằng sữa mẹ (tham khảo bài “ Tư vấn \nnuôi con bằng sữa mẹ-phần Chăm sóc sơ sinh”) \n- Giải thích mọi vấn đề giúp họ giảm nỗi lo âu, băn khoăn. \n- Lắng nghe, hiểu cặn kẽ và tôn trọng nỗi xúc động của sản phụ.', 'Về chế độ dinh dưỡng: Hộ sinh trưởng Nguyễn Bích Hạnh - Vinmec Times City khuyên rằng, sau sinh thường mẹ cần được ăn uống đầy đủ các chất dinh dưỡng, không nên kiêng khem quá mức vì đang trong quá trình rất cần lấy lại sức và tạo sữa nuôi con. Mẹ có khỏe thì con mới phát triển tốt. Những thực phẩm mẹ cần bổ sung trong giai đoạn này bao gồm:\nCác loại hoa quả tươi và rau xanh;\nChất bột đường;']","Theo tài liệu ""BV Từ Dũ — Dinh dưỡng mẹ bỉm sữa"", sữa mẹ chủ yếu là nước.",0.6666666666666666,1.0,0.34829541645068457,0.0
"Làm sao để em giúp bé con nhận biết và học tên các màu sắc, hình khối 1 cách tự nhiên nhất","Tôi không tìm thấy thông tin cụ thể về cách giúp bé nhận biết và học tên các màu sắc, hình khối trong tài liệu được cung cấp. Tuy nhiên, có một số gợi ý có thể giúp bạn:

 * Đọc cho bé nghe (Tài liệu 3)
 * Xem và kể cho bé nghe tất cả các loại sách tranh (Tài liệu 3)
 * Chơi với bé, chẳng hạn như vẽ và tô màu cùng nhau (Tài liệu 4)

Độ tuổi phù hợp để giúp bé nhận biết và học tên các màu sắc, hình khối có thể là từ 2 đến 3 tuổi, như được đề cập trong Tài liệu 2 và Tài liệu 4.","['HIỂU ĐỂ CƯ XỬ ĐÚNG VỚI TRẺ\n• Trẻ ở độ tuổi này có khả năng nói và \nhiểu những gì người khác nói tốt hơn. \nDẫu vậy, trẻ vẫn cần rất nhiều sự trợ \ngiúp để làm những gì bạn yêu cầu và \ntuân theo các chỉ dẫn\n• Trẻ vẫn còn quá bé để có thể biết chia \nsẻ, chơi công bằng hay hợp tác mà \nkhông có sự giúp đỡ\n• Vào khoảng 2 tuổi rưỡi, trẻ có thể thể \nhiện rất nhiều cảm xúc. Trẻ cũng dần', '2 ĐẾN 3 TUỔI\nGiúp bé tương tác, hòa hợp với mọi người\n• Đừng vội kỳ vọng bé luôn biết chia sẻ, \nchơi công bằng hay biết hợp tác vào độ \nnày. Những điều này bé sẽ làm được khi \nbé lớn hơn một chút nữa\n• Ghi nhận mỗi khi bé tương tác tốt với \nmọi người và khen ngợi về điều này \n• Giúp bé bắt đầu học về sự thay phiên \nvà chờ đến lượt, trao đổi đồ chơi và xin \nphép để có cái gì đó', 'chuyển thể từ văn hóa, lịch sử và \ntruyền thống của bạn\n• Gọi tên các đồ vật, đồ chơi, bộ phận cơ \nthể của bé\n• Hát những bài hát và nói những bài vè/\nbài thơ cho trẻ nhỏ\n• Sử dụng những từ ngữ gọi tên các cảm \ngiác như vui vẻ, buồn phiền, tức giận \nhay lo sợ\nĐọc cho bé nghe\n• Xem và kể cho bé nghe tất cả các loại \nsách tranh. \n• Bế và ôm ấp bé khi đọc\n• Để cho bé chỉ vào các thứ trong sách và', '2 ĐẾN 3 TUỔI\nKhuyến khích bé khi bé học cái gì mới\n• Giúp bé mỗi khi bé cần\n• Lắng nghe khi bé nói với bạn\nHãy cho bé nghe từ ngữ\n• Nói chuyện, hát, đọc và kể chuyện\n• Nói về những gì bạn thấy ở bên ngoài\n• Gọi tên những gì bạn sử dụng khi làm \nviệc hoặc nấu nướng\nChơi với bé\n• Chơi các trò đuổi bắt\n• Đưa bé đi dạo, đi đến cửa hàng hoặc \nthăm hỏi bạn bè\n• Vẽ và tô màu cùng nhau', '• Nhân cách và giá trị sống của trẻ đang \nhình thành và phát triển\n• Trẻ có thể thể hiện các ý kiến của mình \nmột cách rất mạnh mẽ về điều gì đúng \nđiều gì sai. Trẻ cũng ý thức được những \ngì người khác đang làm\n• Hãy tạo môi trường để trẻ từng bước \nhình thành năng lực tự học và tự giải \nquyết vấn đề, tăng khả năng giao tiếp và \nhợp tác của trẻ\n• Dành thời gian để trẻ được chơi tự do.']","Bạn hãy lồng ghép vào các hoạt động hàng ngày như: ""Quả táo màu đỏ"", ""Cái hộp hình vuông"", việc học qua thực tế sẽ giúp trẻ ghi nhớ lâu hơn.","Làm sao để em giúp bé con nhận biết và học tên các màu sắc, hình khối 1 cách tự nhiên nhất","['HIỂU ĐỂ CƯ XỬ ĐÚNG VỚI TRẺ\n• Trẻ ở độ tuổi này có khả năng nói và \nhiểu những gì người khác nói tốt hơn. \nDẫu vậy, trẻ vẫn cần rất nhiều sự trợ \ngiúp để làm những gì bạn yêu cầu và \ntuân theo các chỉ dẫn\n• Trẻ vẫn còn quá bé để có thể biết chia \nsẻ, chơi công bằng hay hợp tác mà \nkhông có sự giúp đỡ\n• Vào khoảng 2 tuổi rưỡi, trẻ có thể thể \nhiện rất nhiều cảm xúc. Trẻ cũng dần', '2 ĐẾN 3 TUỔI\nGiúp bé tương tác, hòa hợp với mọi người\n• Đừng vội kỳ vọng bé luôn biết chia sẻ, \nchơi công bằng hay biết hợp tác vào độ \nnày. Những điều này bé sẽ làm được khi \nbé lớn hơn một chút nữa\n• Ghi nhận mỗi khi bé tương tác tốt với \nmọi người và khen ngợi về điều này \n• Giúp bé bắt đầu học về sự thay phiên \nvà chờ đến lượt, trao đổi đồ chơi và xin \nphép để có cái gì đó', 'chuyển thể từ văn hóa, lịch sử và \ntruyền thống của bạn\n• Gọi tên các đồ vật, đồ chơi, bộ phận cơ \nthể của bé\n• Hát những bài hát và nói những bài vè/\nbài thơ cho trẻ nhỏ\n• Sử dụng những từ ngữ gọi tên các cảm \ngiác như vui vẻ, buồn phiền, tức giận \nhay lo sợ\nĐọc cho bé nghe\n• Xem và kể cho bé nghe tất cả các loại \nsách tranh. \n• Bế và ôm ấp bé khi đọc\n• Để cho bé chỉ vào các thứ trong sách và', '2 ĐẾN 3 TUỔI\nKhuyến khích bé khi bé học cái gì mới\n• Giúp bé mỗi khi bé cần\n• Lắng nghe khi bé nói với bạn\nHãy cho bé nghe từ ngữ\n• Nói chuyện, hát, đọc và kể chuyện\n• Nói về những gì bạn thấy ở bên ngoài\n• Gọi tên những gì bạn sử dụng khi làm \nviệc hoặc nấu nướng\nChơi với bé\n• Chơi các trò đuổi bắt\n• Đưa bé đi dạo, đi đến cửa hàng hoặc \nthăm hỏi bạn bè\n• Vẽ và tô màu cùng nhau', '• Nhân cách và giá trị sống của trẻ đang \nhình thành và phát triển\n• Trẻ có thể thể hiện các ý kiến của mình \nmột cách rất mạnh mẽ về điều gì đúng \nđiều gì sai. Trẻ cũng ý thức được những \ngì người khác đang làm\n• Hãy tạo môi trường để trẻ từng bước \nhình thành năng lực tự học và tự giải \nquyết vấn đề, tăng khả năng giao tiếp và \nhợp tác của trẻ\n• Dành thời gian để trẻ được chơi tự do.']","Tôi không tìm thấy thông tin cụ thể về cách giúp bé nhận biết và học tên các màu sắc, hình khối trong tài liệu được cung cấp. Tuy nhiên, có một số gợi ý có thể giúp bạn:

 * Đọc cho bé nghe (Tài liệu 3)
 * Xem và kể cho bé nghe tất cả các loại sách tranh (Tài liệu 3)
 * Chơi với bé, chẳng hạn như vẽ và tô màu cùng nhau (Tài liệu 4)

Độ tuổi phù hợp để giúp bé nhận biết và học tên các màu sắc, hình khối có thể là từ 2 đến 3 tuổi, như được đề cập trong Tài liệu 2 và Tài liệu 4.",0.5,0.0,0.8563435830776392,0.4166666666458333
Sưa non của em màu vàng và đặc thì có tốt cho bé con k bs ơi,"Câu trả lời dựa trên tài liệu:

- Em bé của bạn có tuổi không được đề cập trong tài liệu.
- Sữa non có màu vàng nhạt và đặc, giúp trẻ chống lại các bệnh nhiễm trùng và là thức ăn tốt nhất cho trẻ trong tuần đầu sau sinh.","['CƠ THỂ PHÁT TRIỂN, TRÍ TUỆ PHÁT TRIỂN\nTẠO CHO TRẺ THẬT NHIỀU \nCƠ HỘI ĐỂ HỌC\nBạn có thể giúp phát triển não của trẻ bằng cách nói \nchuyện với trẻ. Hãy nói chuyện với em bé của bạn ngay từ \nkhi bé mới chào đời. \n• Nói cho bé biết bạn đang làm gì và bé đang làm gì. \n• Miêu tả những thứ bé nhìn thấy và nghe thấy xung \nquanh mình\n• Khi bé bắt đầu nói, hãy lắng nghe những gì bé nói', 'SỨC KHOẺ \nSữa non (‘sữa đầu’) là món quà quý giá \nnhất cho em bé mới sinh. Sữa non giúp \nbảo vệ bé khỏi bệnh tật và giúp bé thải \nra phân su.\n• Đừng bỏ sữa non đi, hãy cho em bé \nbú sữa non\n• Trẻ phải được bú mẹ trong vòng 1 \ngiờ đầu sau sinh dù được sinh tại \nnhà hay cơ sở y tế \n• Cho bé bú thường xuyên sẽ giúp \nmẹ ""tăng tiết sữa"" và đảm bảo mẹ \ncó nhiều sữa cho bé bú', 'ĐẶC TÍNH CỦA SỮA NON\n\uf0fc Bài tiết trong vài ngày đầu sau đẻ.\n\uf0fc Sữa non sánh đặc có màu vàng nhạt hoặc trong\n\uf0fc Nhiều năng lượng, chất đạm, nhiều vitamin A, kháng thể \nvà tế bào bạch cầu\n\uf0fc Có tác dụng xổ nhẹ giúp trẻ thải phân su\n\uf0fc Là thức ăn tốt nhất cho trẻ trong tuần đầu, đã có sẵn ở vú \nmẹ ngay khi sinh\n• Tại sao phải cho trẻ bú mẹ sớm sau đẻ? Không nên cho ăn', 'Sữa non đã có sẵn trong bầu vú mẹ,\xa0chứa nhiều năng lượng và kháng thể. Sữa non có màu vàng nhạt và đặc hơn sữa sau này, giúp trẻ chống lại các bệnh nhiễm trùng. Những ngày đầu sau sanh, dạ dày trẻ rất nhỏ, các bà mẹ tích cực cho trẻ bú sữa non và bú nhiều lần là đủ năng lượng cho trẻ.', 'Trẻ 2 tháng tuổi không duỗi thẳng được ngón cái là dấu hiệu bệnh gì?\nHỏi\nChào bác sĩ. Bé nhà em hiện được 2 tháng tuổi. Đốt ngón tay cái không duỗi thẳng được. Bác sĩ cho em hỏi tình trạng của bé nhà em bị làm sao vậy ạ? Cần phải điều trị như thế nào? Mong bác sĩ giải đáp giúp em. Em xin cảm ơn.\nCâu hỏi ẩn danh\nTrả lời\nChào bạn!']","Rất tốt, sữa non chứa ít đường nhưng năng lượng cao, giàu kháng thể bảo vệ bé và giúp ruột bé phát triển.",Sưa non của em màu vàng và đặc thì có tốt cho bé con k bs ơi,"['CƠ THỂ PHÁT TRIỂN, TRÍ TUỆ PHÁT TRIỂN\nTẠO CHO TRẺ THẬT NHIỀU \nCƠ HỘI ĐỂ HỌC\nBạn có thể giúp phát triển não của trẻ bằng cách nói \nchuyện với trẻ. Hãy nói chuyện với em bé của bạn ngay từ \nkhi bé mới chào đời. \n• Nói cho bé biết bạn đang làm gì và bé đang làm gì. \n• Miêu tả những thứ bé nhìn thấy và nghe thấy xung \nquanh mình\n• Khi bé bắt đầu nói, hãy lắng nghe những gì bé nói', 'SỨC KHOẺ \nSữa non (‘sữa đầu’) là món quà quý giá \nnhất cho em bé mới sinh. Sữa non giúp \nbảo vệ bé khỏi bệnh tật và giúp bé thải \nra phân su.\n• Đừng bỏ sữa non đi, hãy cho em bé \nbú sữa non\n• Trẻ phải được bú mẹ trong vòng 1 \ngiờ đầu sau sinh dù được sinh tại \nnhà hay cơ sở y tế \n• Cho bé bú thường xuyên sẽ giúp \nmẹ ""tăng tiết sữa"" và đảm bảo mẹ \ncó nhiều sữa cho bé bú', 'ĐẶC TÍNH CỦA SỮA NON\n\uf0fc Bài tiết trong vài ngày đầu sau đẻ.\n\uf0fc Sữa non sánh đặc có màu vàng nhạt hoặc trong\n\uf0fc Nhiều năng lượng, chất đạm, nhiều vitamin A, kháng thể \nvà tế bào bạch cầu\n\uf0fc Có tác dụng xổ nhẹ giúp trẻ thải phân su\n\uf0fc Là thức ăn tốt nhất cho trẻ trong tuần đầu, đã có sẵn ở vú \nmẹ ngay khi sinh\n• Tại sao phải cho trẻ bú mẹ sớm sau đẻ? Không nên cho ăn', 'Sữa non đã có sẵn trong bầu vú mẹ,\xa0chứa nhiều năng lượng và kháng thể. Sữa non có màu vàng nhạt và đặc hơn sữa sau này, giúp trẻ chống lại các bệnh nhiễm trùng. Những ngày đầu sau sanh, dạ dày trẻ rất nhỏ, các bà mẹ tích cực cho trẻ bú sữa non và bú nhiều lần là đủ năng lượng cho trẻ.', 'Trẻ 2 tháng tuổi không duỗi thẳng được ngón cái là dấu hiệu bệnh gì?\nHỏi\nChào bác sĩ. Bé nhà em hiện được 2 tháng tuổi. Đốt ngón tay cái không duỗi thẳng được. Bác sĩ cho em hỏi tình trạng của bé nhà em bị làm sao vậy ạ? Cần phải điều trị như thế nào? Mong bác sĩ giải đáp giúp em. Em xin cảm ơn.\nCâu hỏi ẩn danh\nTrả lời\nChào bạn!']","Câu trả lời dựa trên tài liệu:

- Em bé của bạn có tuổi không được đề cập trong tài liệu.
- Sữa non có màu vàng nhạt và đặc, giúp trẻ chống lại các bệnh nhiễm trùng và là thức ăn tốt nhất cho trẻ trong tuần đầu sau sinh.",0.6,1.0,0.15580132378953107,0.6388888888675925
"Em mới sinh bé con xong, trong mấy tiếng đầu bs sẽ theo dõi em thế nào","Theo tài liệu 3, trong thời gian đầu sau sinh, bác sĩ sẽ theo dõi tại nhà ít nhất 1 lần trong vòng tuần đầu sau đẻ cho cả mẹ và con. Nội dung khám trẻ sơ sinh bao gồm:

- Bú mẹ
- Tình trạng rốn
- Da
- Phát hiện các tình trạng bệnh lý
- Vàng da bệnh lý
- Kiểm tra tình trạng tiêm chủng
- Tăng cân và phát triển của trẻ","['Chào bác sĩ ạ! Em muốn hỏi bác sĩ là bé nhà em nay được 21 tháng, chiều cao khoảng 79cm, nặng 12kg. Bé sinh 34 tuần vì mẹ bị bong rau tiền đạo, chảy máu trong phải mổ cấp cứu. Lúc mang bầu em có chọc ối để kiểm tra dị tật cho bé, vì độ mờ da gáy là 3,8 cm và kết quả là bé bình thường, quá trình bé phát triển em thấy bé có vẻ chậm phát triển về chiều cao, tay và chân thì ngắn bác sĩ ạ. Em sợ bé bị', '- Trong thời gian mang thai: theo dõi sức khỏe của bà mẹ và thai nhi \n- Trong đẻ, ngay sau đẻ và đến 6 tuần sau đẻ: theo dõi sức khỏe bà mẹ và trẻ sơ sinh \n- Từ 6 tuần sau đẻ đến khi trẻ 6 tuổi: Theo dõi sự phát triển và sức khỏe của trẻ nhỏ.  \nSổ theo dõi sức khỏe bà mẹ trẻ em tích hợp đầy đủ các công cụ theo dõi sức khỏe khác', 'hiện đúng tất cả các bước chăm sóc chuyển viện an toàn. \n- Theo dõi tại nhà: ít nhất 1 lần trong vòng tuần đầu sau đẻ cho cả mẹ và con. Các nội dung \nkhám trẻ sơ sinh cũng bao gồm các vấn đề như đã theo dõi ở cơ sở y tế về bú mẹ, tình \ntrạng rốn, da, phát hiện các tình trạng bệnh lý. Cần chú ý phát hiện sớm vàng da bệnh lý, \nkiểm tra tình trạng tiêm chủng, tăng cân và phát triển của trẻ.', 'Khoảng 20% phụ nữ bị tắc tia sữa và viêm vú sau sinh gây nên tình trạng đau nhức, mệt mỏi và ảnh hưởng đến mục tiêu nuôi con hoàn toàn bằng sữa mẹ. Nhiều trường hợp không được điều trị sớm và hiệu quả có thể gây áp xe tuyến vú, dần dần trở thành các dải xơ hóa hoặc u xơ tuyến vú. Vậy nguyên nhân gây tắc tia sữa là gì, điều trị và phòng ngừa tình trạng này bằng cách nào? BS.CKI Hồ Thị Khánh Quyên,', 'sinh. \n- Các bà mẹ mang thai có nguy cơ cần được hội chẩn giữa các bác sĩ sản và nhi để tiên \nlượng cuộc đẻ và có hướng xử trí phù hợp cho cả mẹ và con. \n- Phối hợp theo dõi bà mẹ mang thai có nguy cơ và trẻ sơ sinh tại cuộc đẻ: \n\uf02b Chăm sóc trẻ sơ sinh bệnh lý: khi trẻ sơ sinh tại khoa Sản có vấn đề về sức khỏe cần']","Sản phụ cần được đánh giá dấu hiệu sinh tồn 15 phút/lần trong giờ đầu, sau đó 30 phút/lần trong giờ tiếp theo để phòng băng huyết.","Em mới sinh bé con xong, trong mấy tiếng đầu bs sẽ theo dõi em thế nào","['Chào bác sĩ ạ! Em muốn hỏi bác sĩ là bé nhà em nay được 21 tháng, chiều cao khoảng 79cm, nặng 12kg. Bé sinh 34 tuần vì mẹ bị bong rau tiền đạo, chảy máu trong phải mổ cấp cứu. Lúc mang bầu em có chọc ối để kiểm tra dị tật cho bé, vì độ mờ da gáy là 3,8 cm và kết quả là bé bình thường, quá trình bé phát triển em thấy bé có vẻ chậm phát triển về chiều cao, tay và chân thì ngắn bác sĩ ạ. Em sợ bé bị', '- Trong thời gian mang thai: theo dõi sức khỏe của bà mẹ và thai nhi \n- Trong đẻ, ngay sau đẻ và đến 6 tuần sau đẻ: theo dõi sức khỏe bà mẹ và trẻ sơ sinh \n- Từ 6 tuần sau đẻ đến khi trẻ 6 tuổi: Theo dõi sự phát triển và sức khỏe của trẻ nhỏ.  \nSổ theo dõi sức khỏe bà mẹ trẻ em tích hợp đầy đủ các công cụ theo dõi sức khỏe khác', 'hiện đúng tất cả các bước chăm sóc chuyển viện an toàn. \n- Theo dõi tại nhà: ít nhất 1 lần trong vòng tuần đầu sau đẻ cho cả mẹ và con. Các nội dung \nkhám trẻ sơ sinh cũng bao gồm các vấn đề như đã theo dõi ở cơ sở y tế về bú mẹ, tình \ntrạng rốn, da, phát hiện các tình trạng bệnh lý. Cần chú ý phát hiện sớm vàng da bệnh lý, \nkiểm tra tình trạng tiêm chủng, tăng cân và phát triển của trẻ.', 'Khoảng 20% phụ nữ bị tắc tia sữa và viêm vú sau sinh gây nên tình trạng đau nhức, mệt mỏi và ảnh hưởng đến mục tiêu nuôi con hoàn toàn bằng sữa mẹ. Nhiều trường hợp không được điều trị sớm và hiệu quả có thể gây áp xe tuyến vú, dần dần trở thành các dải xơ hóa hoặc u xơ tuyến vú. Vậy nguyên nhân gây tắc tia sữa là gì, điều trị và phòng ngừa tình trạng này bằng cách nào? BS.CKI Hồ Thị Khánh Quyên,', 'sinh. \n- Các bà mẹ mang thai có nguy cơ cần được hội chẩn giữa các bác sĩ sản và nhi để tiên \nlượng cuộc đẻ và có hướng xử trí phù hợp cho cả mẹ và con. \n- Phối hợp theo dõi bà mẹ mang thai có nguy cơ và trẻ sơ sinh tại cuộc đẻ: \n\uf02b Chăm sóc trẻ sơ sinh bệnh lý: khi trẻ sơ sinh tại khoa Sản có vấn đề về sức khỏe cần']","Theo tài liệu 3, trong thời gian đầu sau sinh, bác sĩ sẽ theo dõi tại nhà ít nhất 1 lần trong vòng tuần đầu sau đẻ cho cả mẹ và con. Nội dung khám trẻ sơ sinh bao gồm:

- Bú mẹ
- Tình trạng rốn
- Da
- Phát hiện các tình trạng bệnh lý
- Vàng da bệnh lý
- Kiểm tra tình trạng tiêm chủng
- Tăng cân và phát triển của trẻ",0.7777777777777778,1.0,0.3605561223727514,0.0
"Em có cần fải đánh giá lại sự phát triển của bé thường xuyên k, hay chỉ cần thực hiện 1 lần khi bé có dấu hiệu lạ?","Theo tài liệu, trẻ em lớn lên và phát triển rất nhanh với tốc độ khác nhau, do đó, điều quan trọng là phải đánh giá lại chúng thường xuyên. Tuy nhiên, để xác định sự phát triển nhanh hay chậm ở trẻ có phải là vấn đề nghiêm trọng hay không cần có các đánh giá định kỳ. 

- Trẻ có thể phát triển nhanh hơn hoặc chậm hơn ở một số khía cạnh so với những bạn đồng trang lứa.
- Đánh giá sẽ giúp cha mẹ của trẻ cảm thấy như được giúp đỡ.
- Quá trình phát triển của con bạn cần phải được đánh giá để phát hiện sớm các dấu hiệu trẻ chậm phát triển.
- Đánh giá sự phát triển của trẻ sẽ được điều chỉnh cho phù hợp với tuổi của bé.","['Đánh giá định kỳ cho trẻ. Trẻ em lớn lên và phát triển rất nhanh với tốc độ khác nhau, do đó, điều quan trọng là phải đánh giá lại chúng thường xuyên. Trẻ có thể phát triển nhanh hơn hoặc chậm hơn ở một số khía cạnh so với những bạn đồng trang lứa. Tuy nhiên để xác định sự phát triển nhanh hay chậm ở trẻ có phải là vấn đề nghiêm trọng hay không cần có các đánh giá định kỳ.', 'Một đánh giá sẽ giúp cha mẹ của trẻ cảm thấy như được giúp đỡ. Đánh giá chính thức về sự phát triển của trẻ thường là bước đầu tiên để xác định xem trẻ có cần can thiệp hoặc điều trị sớm hay không. Nhưng khi việc kiểm tra được thực hiện tốt, nhiều phụ huynh nói rằng bản thân nó cũng rất có ích. Trong suốt quá trình này, họ sẽ cảm thấy như kiến \u200b\u200bthức của mình về trẻ đang tăng lên, họ đang có', 'Quá trình phát triển của con bạn cần phải được đánh giá điều này sẽ giúp phát hiện sớm các dấu hiệu trẻ chậm phát triển tâm thần, chiều cao, hay sự tăng trưởng của trẻ nhanh hay chậm. Qua đó giúp bạn có kế hoạch điều chỉnh cách chăm sóc, nuôi dạy phù hợp và hiệu quả. Vậy đánh giá sự phát triển của trẻ là gì? Có cần lo lắng khi đưa trẻ đi đánh giá? Trong bài viết này chúng tôi cung cấp những thông', 'Đánh giá sự phát triển của trẻ sẽ được điều chỉnh cho phù hợp với tuổi của bé, các vấn đề nghi ngờ hoặc chậm trễ. Nói chung, cha mẹ của trẻ có thể được dành thời gian trả lời một loạt các câu hỏi chi tiết về sự phát triển của con mình như về: thể chất, hành vi, cách chơi, tương tác với các thành viên trong gia đình và phần còn lại của thế giới. Và trẻ sẽ trải qua một loạt các bài kiểm tra có thể', 'Đánh giá sự phát triển của trẻ là quá trình lập bản đồ của một đứa trẻ để so sánh sự phát triển của cùng một lĩnh vực đó so với những đứa trẻ cùng tuổi khác. Các nhóm so sánh sẽ được lấy từ mẫu mang tính đại diện của dân số nơi đứa trẻ đó sinh sống. Trong một xã hội đa văn hóa, việc tìm ra các tiêu chuẩn thích hợp cho tất cả trẻ em là điều gần như không thể. Do đó quá trình đánh giá sự phát triển']","Trẻ em phát triển rất nhanh, vì vậy điều quan trọng là phải đánh giá lại thường xuyên để kịp thời phát hiện những thay đổi hoặc những điểm cần điều chỉnh trong cách chăm sóc.","Em có cần fải đánh giá lại sự phát triển của bé thường xuyên k, hay chỉ cần thực hiện 1 lần khi bé có dấu hiệu lạ?","['Đánh giá định kỳ cho trẻ. Trẻ em lớn lên và phát triển rất nhanh với tốc độ khác nhau, do đó, điều quan trọng là phải đánh giá lại chúng thường xuyên. Trẻ có thể phát triển nhanh hơn hoặc chậm hơn ở một số khía cạnh so với những bạn đồng trang lứa. Tuy nhiên để xác định sự phát triển nhanh hay chậm ở trẻ có phải là vấn đề nghiêm trọng hay không cần có các đánh giá định kỳ.', 'Một đánh giá sẽ giúp cha mẹ của trẻ cảm thấy như được giúp đỡ. Đánh giá chính thức về sự phát triển của trẻ thường là bước đầu tiên để xác định xem trẻ có cần can thiệp hoặc điều trị sớm hay không. Nhưng khi việc kiểm tra được thực hiện tốt, nhiều phụ huynh nói rằng bản thân nó cũng rất có ích. Trong suốt quá trình này, họ sẽ cảm thấy như kiến \u200b\u200bthức của mình về trẻ đang tăng lên, họ đang có', 'Quá trình phát triển của con bạn cần phải được đánh giá điều này sẽ giúp phát hiện sớm các dấu hiệu trẻ chậm phát triển tâm thần, chiều cao, hay sự tăng trưởng của trẻ nhanh hay chậm. Qua đó giúp bạn có kế hoạch điều chỉnh cách chăm sóc, nuôi dạy phù hợp và hiệu quả. Vậy đánh giá sự phát triển của trẻ là gì? Có cần lo lắng khi đưa trẻ đi đánh giá? Trong bài viết này chúng tôi cung cấp những thông', 'Đánh giá sự phát triển của trẻ sẽ được điều chỉnh cho phù hợp với tuổi của bé, các vấn đề nghi ngờ hoặc chậm trễ. Nói chung, cha mẹ của trẻ có thể được dành thời gian trả lời một loạt các câu hỏi chi tiết về sự phát triển của con mình như về: thể chất, hành vi, cách chơi, tương tác với các thành viên trong gia đình và phần còn lại của thế giới. Và trẻ sẽ trải qua một loạt các bài kiểm tra có thể', 'Đánh giá sự phát triển của trẻ là quá trình lập bản đồ của một đứa trẻ để so sánh sự phát triển của cùng một lĩnh vực đó so với những đứa trẻ cùng tuổi khác. Các nhóm so sánh sẽ được lấy từ mẫu mang tính đại diện của dân số nơi đứa trẻ đó sinh sống. Trong một xã hội đa văn hóa, việc tìm ra các tiêu chuẩn thích hợp cho tất cả trẻ em là điều gần như không thể. Do đó quá trình đánh giá sự phát triển']","Theo tài liệu, trẻ em lớn lên và phát triển rất nhanh với tốc độ khác nhau, do đó, điều quan trọng là phải đánh giá lại chúng thường xuyên. Tuy nhiên, để xác định sự phát triển nhanh hay chậm ở trẻ có phải là vấn đề nghiêm trọng hay không cần có các đánh giá định kỳ. 

- Trẻ có thể phát triển nhanh hơn hoặc chậm hơn ở một số khía cạnh so với những bạn đồng trang lứa.
- Đánh giá sẽ giúp cha mẹ của trẻ cảm thấy như được giúp đỡ.
- Quá trình phát triển của con bạn cần phải được đánh giá để phát hiện sớm các dấu hiệu trẻ chậm phát triển.
- Đánh giá sự phát triển của trẻ sẽ được điều chỉnh cho phù hợp với tuổi của bé.",1.0,1.0,0.5264338314636092,0.8055555555287036
"Em bị đau núm vú quá, có cách nào để bớt đau khi cho bé bú k mn ơi","Tôi có thể giúp bạn. Theo tài liệu, khi mẹ bị đau núm vú, có thể vắt bỏ sữa đến khi điều trị ổn định và tiếp tục cho con bú mẹ trở lại (Tài liệu 1).

Để bớt đau khi cho con bú, bạn có thể sử dụng một túi giữ lạnh hoặc vải mát đặt lên vú giữa những lần cho bú (Tài liệu 4).

Ngoài ra, bạn cũng có thể sử dụng máy hút/vắt sữa để giảm đau (Tài liệu 4).

Hãy nhớ rằng, việc tiếp tục cho con bú thường xuyên là điều trị quan trọng nhất khi mẹ bị đau núm vú (Tài liệu 5).","['mới thích nghi được với việc bú mẹ. \n- Hướng dẫn bà mẹ và gia đình về nhu cầu ăn uống trong trường hợp sinh đôi. \n Không cho con bú khi mẹ có tổn thương núm vú (nứt núm vú..) và con đang có tổn \nthương ở miệng: tưa miệng, viêm lợi...Cần vắt bỏ sữa đến khi điều trị ổn định tiếp tục cho \ncon bú mẹ trở lại', '\ufeffCâu hỏi: Tư thế cho con bú đúng là như thế nào?\nTrả lời: Bế bé sao cho: bụng bé áp sát bụng mẹ, đầu và thân thẳng hàng, mặt bé nhìn thẳng vào vú mẹ. Miệng bé ngậm hết quầng vú (không chỉ núm vú), môi dưới cong ra ngoài. Bé mút nuốt đều, không có tiếng tặc lưỡi.\nNguồn: BV Từ Dũ — Hướng dẫn nuôi con bằng sữa mẹ', '- Chỉ cho bú sữa mẹ, không cho trẻ ăn hay uống bất cứ thức ăn, nước uống nào khác. \n- Nếu vú cương đau hoặc trẻ khó bắt vú giai đoạn đầu: hướng dẫn bà mẹ vắt sữa và giải \nthích cho bà mẹ yên tâm là vấn đề này sẽ được giải quyết, trẻ sẽ bú lại được bình thường.   \n- Nhấn mạnh tầm quan trọng của việc nuôi con bằng sữa mẹ.', '- Người mẹ cảm thấy đau nhức, nóng toàn bộ ngực.  \n- Bầu ngực cương cứng và ra rất ít sữa nếu hút sữa.  \n- Ngực xuất hiện nhiều cục sưng lổn nhổn. Ngoài ra, có \nxuất hiện hạch ở nách. \nXử trí - chăm sóc \n- Cho con bú ở nhiều tư thế khác nhau,  bú thường \nxuyên \n- Sử dụng máy hút/vắt sữa \n- Sử dụng một túi giữ lạnh hoặc vải mát đặt lên vú giữa \nnhững lần cho bú \n- Uống thuốc giảm đau theo chỉ định', '\ufeffCâu hỏi: Mẹ bị tắc tia sữa có cần ngừng cho bú không?\nTrả lời: Không cần ngừng cho bú — ngược lại, tiếp tục cho bú thường xuyên (bắt đầu bên bị tắc) là điều trị quan trọng nhất. Ngừng cho bú đột ngột sẽ làm tình trạng nặng hơn và có thể dẫn đến áp xe.\nNguồn: BV Từ Dũ — Hướng dẫn chăm sóc vú; Vinmec']","Tình trạng đau núm vú thường ổn định trong tuần thứ 2, bạn có thể dùng chính sữa mẹ bôi lên để làm dịu núm vú.","Em bị đau núm vú quá, có cách nào để bớt đau khi cho bé bú k mn ơi","['mới thích nghi được với việc bú mẹ. \n- Hướng dẫn bà mẹ và gia đình về nhu cầu ăn uống trong trường hợp sinh đôi. \n Không cho con bú khi mẹ có tổn thương núm vú (nứt núm vú..) và con đang có tổn \nthương ở miệng: tưa miệng, viêm lợi...Cần vắt bỏ sữa đến khi điều trị ổn định tiếp tục cho \ncon bú mẹ trở lại', '\ufeffCâu hỏi: Tư thế cho con bú đúng là như thế nào?\nTrả lời: Bế bé sao cho: bụng bé áp sát bụng mẹ, đầu và thân thẳng hàng, mặt bé nhìn thẳng vào vú mẹ. Miệng bé ngậm hết quầng vú (không chỉ núm vú), môi dưới cong ra ngoài. Bé mút nuốt đều, không có tiếng tặc lưỡi.\nNguồn: BV Từ Dũ — Hướng dẫn nuôi con bằng sữa mẹ', '- Chỉ cho bú sữa mẹ, không cho trẻ ăn hay uống bất cứ thức ăn, nước uống nào khác. \n- Nếu vú cương đau hoặc trẻ khó bắt vú giai đoạn đầu: hướng dẫn bà mẹ vắt sữa và giải \nthích cho bà mẹ yên tâm là vấn đề này sẽ được giải quyết, trẻ sẽ bú lại được bình thường.   \n- Nhấn mạnh tầm quan trọng của việc nuôi con bằng sữa mẹ.', '- Người mẹ cảm thấy đau nhức, nóng toàn bộ ngực.  \n- Bầu ngực cương cứng và ra rất ít sữa nếu hút sữa.  \n- Ngực xuất hiện nhiều cục sưng lổn nhổn. Ngoài ra, có \nxuất hiện hạch ở nách. \nXử trí - chăm sóc \n- Cho con bú ở nhiều tư thế khác nhau,  bú thường \nxuyên \n- Sử dụng máy hút/vắt sữa \n- Sử dụng một túi giữ lạnh hoặc vải mát đặt lên vú giữa \nnhững lần cho bú \n- Uống thuốc giảm đau theo chỉ định', '\ufeffCâu hỏi: Mẹ bị tắc tia sữa có cần ngừng cho bú không?\nTrả lời: Không cần ngừng cho bú — ngược lại, tiếp tục cho bú thường xuyên (bắt đầu bên bị tắc) là điều trị quan trọng nhất. Ngừng cho bú đột ngột sẽ làm tình trạng nặng hơn và có thể dẫn đến áp xe.\nNguồn: BV Từ Dũ — Hướng dẫn chăm sóc vú; Vinmec']","Tôi có thể giúp bạn. Theo tài liệu, khi mẹ bị đau núm vú, có thể vắt bỏ sữa đến khi điều trị ổn định và tiếp tục cho con bú mẹ trở lại (Tài liệu 1).

Để bớt đau khi cho con bú, bạn có thể sử dụng một túi giữ lạnh hoặc vải mát đặt lên vú giữa những lần cho bú (Tài liệu 4).

Ngoài ra, bạn cũng có thể sử dụng máy hút/vắt sữa để giảm đau (Tài liệu 4).

Hãy nhớ rằng, việc tiếp tục cho con bú thường xuyên là điều trị quan trọng nhất khi mẹ bị đau núm vú (Tài liệu 5).",1.0,0.0,0.5169007495694198,0.49999999995
"Em nghe nói sau sinh k nên ngồi xổm lâu hoặc rặn mạnh khi đi vệ sinh để tránh sa tử cung, có đúng k","Đúng, mẹ nên hạn chế ngồi xổm lâu hoặc rặn mạnh khi đi vệ sinh để tránh sa tử cung.

- Tránh đi lại nhiều, tránh ngồi xổm, nhấc vật nặng trong tuần đầu sau sinh (TÀI LIỆU 1)
- Nếu sản phụ gặp khó khăn khi đi đại tiện, lưu ý không nên dùng sức để rặn mà nên thay đổi chế độ ăn với nhiều chất xơ, uống nhiều nước hoặc ăn các món ăn giúp hỗ trợ nhuận tràng (TÀI LIỆU 3)
- Các bài tập tăng cường co bóp cơ hông và cơ hậu môn là rất cần thiết để phòng ngừa sa tử cung (TÀI LIỆU 3)","['Tránh đi lại nhiều, tránh ngồi xổm, nhấc vật nặng trong tuần đầu sau sinh.\nKhi ngồi nên chọn ghế mềm hoặc dùng gối donut để giảm áp lực lên vùng tầng sinh môn.\nMẹ có thể nằm nghiêng, kê gối dưới chân để giảm cảm giác căng tức vết khâu.', 'thì mẹ không được làm việc nặng, không ngồi quá lâu và dành nhiều thời gian để nghỉ ngơi, thư giãn. Ngoài ra, việc cho con bú sớm - sau sinh 24 tiếng sẽ giúp tử cung hồi phục tốt để đẩy sản dịch sau sinh thường ra ngoài, tránh được bệnh sa tử cung, giảm nguy cơ băng huyết sau sinh.', 'Nếu sản phụ gặp khó khăn khi đi đại tiện, lưu ý không nên dùng sức để rặn mà nên thay đổi chế độ ăn với nhiều chất xơ, uống nhiều nước hoặc ăn các món ăn giúp hỗ trợ nhuận tràng;\nChú ý giữ ấm cho sản phụ sau sinh, đề phòng cảm ho trong tháng đầu sau sinh.\nCác bài tập tăng cường co bóp cơ hông và cơ hậu môn là rất cần thiết để phòng ngừa sa tử cung', 'Các phương pháp giảm đau trong khi sinh, hạn chế đau đớn và giải tỏa áp lực tâm lý khi chuyển dạ.\nCách rặn và thở khi sinh thường đúng cách để cuộc chuyển dạ diễn ra nhanh chóng, thai phụ không mất sức khi sinh.\nCách kiểm soát các cơn co tử cung sau sinh trong thời gian ngắn nhất.\nCách chăm sóc vết khâu tầng sinh môn không gây nhiễm trùng và biến chứng nguy hiểm.', 'sâu, thở ra từ từ, đều đặn. Giúp sản phụ lau mồ hôi, cho uống nước, chuyện trò với họ \ntrong lúc chờ cơn rặn tiếp.  \n- Trong mỗi cơn rặn đó, giữ tầng sinh môn vít nhẹ cho đầu cúi tốt hơn. \n- Khi chỏm ra nhiều hơn thì làm thao tác ngửa đầu dần lên để sổ mặt và đầu. Giữ tầng sinh \nmôn tránh bị rách. \n- Để đầu thai tự quay sang thế chẩm ngang (trái hoặc phải).']","Đúng, việc ngồi xổm kéo dài hoặc rặn mạnh khi đại tiện gây áp lực lớn lên vùng sàn chậu đang tổn thương, làm tăng nguy cơ tử cung bị sa xuống thấp.","Em nghe nói sau sinh k nên ngồi xổm lâu hoặc rặn mạnh khi đi vệ sinh để tránh sa tử cung, có đúng k","['Tránh đi lại nhiều, tránh ngồi xổm, nhấc vật nặng trong tuần đầu sau sinh.\nKhi ngồi nên chọn ghế mềm hoặc dùng gối donut để giảm áp lực lên vùng tầng sinh môn.\nMẹ có thể nằm nghiêng, kê gối dưới chân để giảm cảm giác căng tức vết khâu.', 'thì mẹ không được làm việc nặng, không ngồi quá lâu và dành nhiều thời gian để nghỉ ngơi, thư giãn. Ngoài ra, việc cho con bú sớm - sau sinh 24 tiếng sẽ giúp tử cung hồi phục tốt để đẩy sản dịch sau sinh thường ra ngoài, tránh được bệnh sa tử cung, giảm nguy cơ băng huyết sau sinh.', 'Nếu sản phụ gặp khó khăn khi đi đại tiện, lưu ý không nên dùng sức để rặn mà nên thay đổi chế độ ăn với nhiều chất xơ, uống nhiều nước hoặc ăn các món ăn giúp hỗ trợ nhuận tràng;\nChú ý giữ ấm cho sản phụ sau sinh, đề phòng cảm ho trong tháng đầu sau sinh.\nCác bài tập tăng cường co bóp cơ hông và cơ hậu môn là rất cần thiết để phòng ngừa sa tử cung', 'Các phương pháp giảm đau trong khi sinh, hạn chế đau đớn và giải tỏa áp lực tâm lý khi chuyển dạ.\nCách rặn và thở khi sinh thường đúng cách để cuộc chuyển dạ diễn ra nhanh chóng, thai phụ không mất sức khi sinh.\nCách kiểm soát các cơn co tử cung sau sinh trong thời gian ngắn nhất.\nCách chăm sóc vết khâu tầng sinh môn không gây nhiễm trùng và biến chứng nguy hiểm.', 'sâu, thở ra từ từ, đều đặn. Giúp sản phụ lau mồ hôi, cho uống nước, chuyện trò với họ \ntrong lúc chờ cơn rặn tiếp.  \n- Trong mỗi cơn rặn đó, giữ tầng sinh môn vít nhẹ cho đầu cúi tốt hơn. \n- Khi chỏm ra nhiều hơn thì làm thao tác ngửa đầu dần lên để sổ mặt và đầu. Giữ tầng sinh \nmôn tránh bị rách. \n- Để đầu thai tự quay sang thế chẩm ngang (trái hoặc phải).']","Đúng, mẹ nên hạn chế ngồi xổm lâu hoặc rặn mạnh khi đi vệ sinh để tránh sa tử cung.

- Tránh đi lại nhiều, tránh ngồi xổm, nhấc vật nặng trong tuần đầu sau sinh (TÀI LIỆU 1)
- Nếu sản phụ gặp khó khăn khi đi đại tiện, lưu ý không nên dùng sức để rặn mà nên thay đổi chế độ ăn với nhiều chất xơ, uống nhiều nước hoặc ăn các món ăn giúp hỗ trợ nhuận tràng (TÀI LIỆU 3)
- Các bài tập tăng cường co bóp cơ hông và cơ hậu môn là rất cần thiết để phòng ngừa sa tử cung (TÀI LIỆU 3)",1.0,0.45454545454545453,0.33483098549523305,0.94999999997625
Em nghe nói gây tê ngoài màng cứng cũng làm mình bị bí tiểu lâu hơn fải k?,"Không, tài liệu không đề cập đến việc gây tê ngoài màng cứng làm ảnh hưởng đến việc tiểu tiện sau sinh. Tuy nhiên, tài liệu 2 cho biết tiểu không tự chủ sau sinh do tổn thương cơ sàn chậu và có thể được điều trị bằng tập bài tập Kegel.","['Có nhiều nguyên nhân dẫn đến hiện tượng tắc tuyến sữa sau sinh, thường gặp nhất là:\nMột số mẹ gặp phải tình trạng tắc tia sữa sau sinh khi sữa được sản xuất rất nhiều trong bầu ngực nhưng chưa thể chảy ra ngoài do bé chưa ngậm đúng khớp ngậm sữa không thoát ra ngoài, bị ứ đọng khiến bầu ngực căng cứng và tắc tia sữa.', '\ufeffCâu hỏi: Sau sinh mẹ bị tiểu không tự chủ, có nguy hiểm không?\nTrả lời: Không nguy hiểm nhưng cần được điều trị. Tiểu không tự chủ sau sinh (nhất là sinh thường) do tổn thương cơ sàn chậu. Tập bài tập Kegel (siết cơ sàn chậu 3 giây, lặp 10 lần, 3 lần/ngày) trong 6 tháng thường cải thiện rõ rệt.\nNguồn: BV Tâm Anh — Đơn vị Niệu nữ; Vinmec — Phục hồi sàn chậu', 'Khoảng 20% phụ nữ bị tắc tia sữa và viêm vú sau sinh gây nên tình trạng đau nhức, mệt mỏi và ảnh hưởng đến mục tiêu nuôi con hoàn toàn bằng sữa mẹ. Nhiều trường hợp không được điều trị sớm và hiệu quả có thể gây áp xe tuyến vú, dần dần trở thành các dải xơ hóa hoặc u xơ tuyến vú. Vậy nguyên nhân gây tắc tia sữa là gì, điều trị và phòng ngừa tình trạng này bằng cách nào? BS.CKI Hồ Thị Khánh Quyên,', 'Yếu tố tâm lý cũng ảnh hưởng trực tiếp đến việc sản xuất sữa mẹ, nếu mẹ quá căng thẳng sẽ làm chậm quá trình sản sinh oxytocin – một loại hormone có nhiệm vụ kích thích vú tiết sữa. Tình trạng này thường gặp ở những chị em lần đầu làm mẹ khi chưa thích nghi với cuộc sống có thêm thành viên mới.\nCho con bú thì có bị tắc ống dẫn sữa không?', '10\nDuy trì sức khỏe của mẹ\n• Sản phụ được cung cấp thông tin và được đảm bảo về\n• Đau tầng sinh môn và vệ sinh tầng sinh môn \n• Tiểu không tự chủ và vấn đề tiểu tiện \n• Chức năng của ruột\n• Mệt mỏi \n• Nhức đầu \n• Đau lưng\n• Các dạng bình thường của những thay đổi về cảm xúc trong giai đoạn sau sinh \nvà thường xảy ra trong vòng 10-14 ngày sau sinh (thông tin này nên được']","Đúng, gây tê ngoài màng cứng có thể làm giảm cảm giác bụng dưới tới 8 giờ, ảnh hưởng tạm thời đến chức năng bàng quang.",Em nghe nói gây tê ngoài màng cứng cũng làm mình bị bí tiểu lâu hơn fải k?,"['Có nhiều nguyên nhân dẫn đến hiện tượng tắc tuyến sữa sau sinh, thường gặp nhất là:\nMột số mẹ gặp phải tình trạng tắc tia sữa sau sinh khi sữa được sản xuất rất nhiều trong bầu ngực nhưng chưa thể chảy ra ngoài do bé chưa ngậm đúng khớp ngậm sữa không thoát ra ngoài, bị ứ đọng khiến bầu ngực căng cứng và tắc tia sữa.', '\ufeffCâu hỏi: Sau sinh mẹ bị tiểu không tự chủ, có nguy hiểm không?\nTrả lời: Không nguy hiểm nhưng cần được điều trị. Tiểu không tự chủ sau sinh (nhất là sinh thường) do tổn thương cơ sàn chậu. Tập bài tập Kegel (siết cơ sàn chậu 3 giây, lặp 10 lần, 3 lần/ngày) trong 6 tháng thường cải thiện rõ rệt.\nNguồn: BV Tâm Anh — Đơn vị Niệu nữ; Vinmec — Phục hồi sàn chậu', 'Khoảng 20% phụ nữ bị tắc tia sữa và viêm vú sau sinh gây nên tình trạng đau nhức, mệt mỏi và ảnh hưởng đến mục tiêu nuôi con hoàn toàn bằng sữa mẹ. Nhiều trường hợp không được điều trị sớm và hiệu quả có thể gây áp xe tuyến vú, dần dần trở thành các dải xơ hóa hoặc u xơ tuyến vú. Vậy nguyên nhân gây tắc tia sữa là gì, điều trị và phòng ngừa tình trạng này bằng cách nào? BS.CKI Hồ Thị Khánh Quyên,', 'Yếu tố tâm lý cũng ảnh hưởng trực tiếp đến việc sản xuất sữa mẹ, nếu mẹ quá căng thẳng sẽ làm chậm quá trình sản sinh oxytocin – một loại hormone có nhiệm vụ kích thích vú tiết sữa. Tình trạng này thường gặp ở những chị em lần đầu làm mẹ khi chưa thích nghi với cuộc sống có thêm thành viên mới.\nCho con bú thì có bị tắc ống dẫn sữa không?', '10\nDuy trì sức khỏe của mẹ\n• Sản phụ được cung cấp thông tin và được đảm bảo về\n• Đau tầng sinh môn và vệ sinh tầng sinh môn \n• Tiểu không tự chủ và vấn đề tiểu tiện \n• Chức năng của ruột\n• Mệt mỏi \n• Nhức đầu \n• Đau lưng\n• Các dạng bình thường của những thay đổi về cảm xúc trong giai đoạn sau sinh \nvà thường xảy ra trong vòng 10-14 ngày sau sinh (thông tin này nên được']","Không, tài liệu không đề cập đến việc gây tê ngoài màng cứng làm ảnh hưởng đến việc tiểu tiện sau sinh. Tuy nhiên, tài liệu 2 cho biết tiểu không tự chủ sau sinh do tổn thương cơ sàn chậu và có thể được điều trị bằng tập bài tập Kegel.",0.25,1.0,0.315716049580579,0.4499999999775
 Cách xử trí ở nhà khi bé nhà t bị sốt cao fải làm sao,"Tôi không tìm thấy thông tin cụ thể về cách xử trí sốt cao ở trẻ em dưới 2 tuổi trong tài liệu đã cung cấp. Tuy nhiên, tôi có thể trích dẫn một phần từ Tài liệu 4:

- Trẻ sơ sinh bị sốt virus, siêu vi: sốt xuất huyết… 
- Trẻ bị sốt sau khi tiêm phòng  
- Trẻ bị sốt do ăn mặc quá ấm hoặc dành quá nhiều thời gian bên ngoài trong một ngày nắng nóng 

Xử trí – Chăm sóc: 
- Tắm bằng nước ấm 

Khi tắm bằng nước ấm, nước sẽ bốc hơi từ làn da của bé và sẽ giúp thân nhiệt hạ xuống.","['khóc dạ đề.  Các lý do phổ biến khiến em bé \nquấy khóc là:\n• Đói\n• Sợ hãi\n• Bị đau\n• Bị lạnh\n• Môi trường xung quanh có quá nhiều \ntiếng ồn hoặc bé bị phấn khích quá mức \nBẠN CÓ THỂ LÀM GÌ?\nBế bé lên sẽ không làm ""hư"" bé. Tốt nhất là \nbạn nên đến với bé khi bé khóc. Đừng để bé \nkhó chịu quá lâu, bé sẽ không thể bình tĩnh \nlại được. \nHãy cố tìm hiểu bé cần gì và giúp bé. Để', 'CƠ THỂ PHÁT TRIỂN, TRÍ TUỆ PHÁT TRIỂN\nTẠO CHO TRẺ THẬT NHIỀU \nCƠ HỘI ĐỂ HỌC\nBạn có thể giúp phát triển não của trẻ bằng cách nói \nchuyện với trẻ. Hãy nói chuyện với em bé của bạn ngay từ \nkhi bé mới chào đời. \n• Nói cho bé biết bạn đang làm gì và bé đang làm gì. \n• Miêu tả những thứ bé nhìn thấy và nghe thấy xung \nquanh mình\n• Khi bé bắt đầu nói, hãy lắng nghe những gì bé nói', '- Những tình trạng của bé ảnh hưởng đến việc cho bú như: bé có dị tật vùng miệng, hầu -\nhọng, bé non tháng hoặc nhỏ so với tuổi thai cần chăm sóc đặc biệt, bé bị một số tình \ntrạng rối loạn chuyển hóa.  \nMẹ nhiễm HIV. \n- Lắng nghe và tìm hiểu nhu cầu tránh thai của khách hàng. Nêu rõ hiệu quả, thuận lợi,', '- Trẻ sơ sinh bị sốt virus, siêu vi: sốt xuất huyết… \n- Trẻ bị sốt sau khi tiêm phòng  \n- Trẻ bị sốt do ăn mặc quá ấm hoặc dành quá nhiều thời \ngian bên ngoài trong một ngày nắng nóng \nXử trí – Chăm sóc: \n- Tắm bằng nước ấm \nKhi tắm bằng nước ấm, nước sẽ bốc hơi t ừ làn da c ủa \nbé và sẽ giúp thân nhiệt hạ xuống. Ngoài ra, tắm còn giúp bé', 'Trẻ 2 tháng tuổi không duỗi thẳng được ngón cái là dấu hiệu bệnh gì?\nHỏi\nChào bác sĩ. Bé nhà em hiện được 2 tháng tuổi. Đốt ngón tay cái không duỗi thẳng được. Bác sĩ cho em hỏi tình trạng của bé nhà em bị làm sao vậy ạ? Cần phải điều trị như thế nào? Mong bác sĩ giải đáp giúp em. Em xin cảm ơn.\nCâu hỏi ẩn danh\nTrả lời\nChào bạn!']","Lau người bằng khăn ấm, đắp khăn ấm để hạ nhiệt và đưa ngay đến cơ sở y tế.", Cách xử trí ở nhà khi bé nhà t bị sốt cao fải làm sao,"['khóc dạ đề.  Các lý do phổ biến khiến em bé \nquấy khóc là:\n• Đói\n• Sợ hãi\n• Bị đau\n• Bị lạnh\n• Môi trường xung quanh có quá nhiều \ntiếng ồn hoặc bé bị phấn khích quá mức \nBẠN CÓ THỂ LÀM GÌ?\nBế bé lên sẽ không làm ""hư"" bé. Tốt nhất là \nbạn nên đến với bé khi bé khóc. Đừng để bé \nkhó chịu quá lâu, bé sẽ không thể bình tĩnh \nlại được. \nHãy cố tìm hiểu bé cần gì và giúp bé. Để', 'CƠ THỂ PHÁT TRIỂN, TRÍ TUỆ PHÁT TRIỂN\nTẠO CHO TRẺ THẬT NHIỀU \nCƠ HỘI ĐỂ HỌC\nBạn có thể giúp phát triển não của trẻ bằng cách nói \nchuyện với trẻ. Hãy nói chuyện với em bé của bạn ngay từ \nkhi bé mới chào đời. \n• Nói cho bé biết bạn đang làm gì và bé đang làm gì. \n• Miêu tả những thứ bé nhìn thấy và nghe thấy xung \nquanh mình\n• Khi bé bắt đầu nói, hãy lắng nghe những gì bé nói', '- Những tình trạng của bé ảnh hưởng đến việc cho bú như: bé có dị tật vùng miệng, hầu -\nhọng, bé non tháng hoặc nhỏ so với tuổi thai cần chăm sóc đặc biệt, bé bị một số tình \ntrạng rối loạn chuyển hóa.  \nMẹ nhiễm HIV. \n- Lắng nghe và tìm hiểu nhu cầu tránh thai của khách hàng. Nêu rõ hiệu quả, thuận lợi,', '- Trẻ sơ sinh bị sốt virus, siêu vi: sốt xuất huyết… \n- Trẻ bị sốt sau khi tiêm phòng  \n- Trẻ bị sốt do ăn mặc quá ấm hoặc dành quá nhiều thời \ngian bên ngoài trong một ngày nắng nóng \nXử trí – Chăm sóc: \n- Tắm bằng nước ấm \nKhi tắm bằng nước ấm, nước sẽ bốc hơi t ừ làn da c ủa \nbé và sẽ giúp thân nhiệt hạ xuống. Ngoài ra, tắm còn giúp bé', 'Trẻ 2 tháng tuổi không duỗi thẳng được ngón cái là dấu hiệu bệnh gì?\nHỏi\nChào bác sĩ. Bé nhà em hiện được 2 tháng tuổi. Đốt ngón tay cái không duỗi thẳng được. Bác sĩ cho em hỏi tình trạng của bé nhà em bị làm sao vậy ạ? Cần phải điều trị như thế nào? Mong bác sĩ giải đáp giúp em. Em xin cảm ơn.\nCâu hỏi ẩn danh\nTrả lời\nChào bạn!']","Tôi không tìm thấy thông tin cụ thể về cách xử trí sốt cao ở trẻ em dưới 2 tuổi trong tài liệu đã cung cấp. Tuy nhiên, tôi có thể trích dẫn một phần từ Tài liệu 4:

- Trẻ sơ sinh bị sốt virus, siêu vi: sốt xuất huyết… 
- Trẻ bị sốt sau khi tiêm phòng  
- Trẻ bị sốt do ăn mặc quá ấm hoặc dành quá nhiều thời gian bên ngoài trong một ngày nắng nóng 

Xử trí – Chăm sóc: 
- Tắm bằng nước ấm 

Khi tắm bằng nước ấm, nước sẽ bốc hơi từ làn da của bé và sẽ giúp thân nhiệt hạ xuống.",0.3333333333333333,0.0,0.7674538457359836,0.0
" Em bị mất ngủ kéo dài và hay quên sau sinh, có phải đây là dấu hiệu thiếu chất hay do thay đổi nội tiết tố k","Dựa trên tài liệu, có thể xác định rằng:

- Mất ngủ kéo dài và hay quên có thể là do thiếu chất hoặc thay đổi nội tiết tố.
- Tài liệu 2 cho biết biểu hiện mất ngủ vào ban đêm và thức dậy nhiều lần có thể do thiếu sắt gây ra mất ngủ.
- Tài liệu 4 cho biết sau khi sinh con, lượng nội tiết tố nữ giảm mạnh, có thể ảnh hưởng đến tâm trạng và sức khỏe của mẹ sau sinh.
- Tài liệu 3 cho biết mệt mỏi sau sinh có thể là nguyên nhân chính gây ra chứng trầm cảm sau sinh.

Tuy nhiên, tài liệu không cung cấp thông tin cụ thể về việc mất ngủ và hay quên là do thiếu chất hay do thay đổi nội tiết tố.","['Chăm sóc bà mẹ trong tuần đầu tiên sau sinh phải bao gồm: Chế độ ăn uống hàng ngày, sức khỏe chung, tình trạng sốt, có rỉ nước hoặc són phân không, đại tiện và tiểu tiện, có đau bụng và sản dịch như nào, tình trạng đau, tiết sữa, vú cương, có đủ sữa hay không, trạng thái tinh thần như thế nào...', '25 \n \n \n- Do thay đ ổi chế độ sinh hoạt hằng ngày đ ể chăm sóc \ntrẻ \n- Nồng độ nội tiết tố thay đổi \n- Cảm giác đau đớn sau khi sinh \n- Căng thẳng và thay đổi tâm trạng \n- Cho con bú \n- Thiếu sắt gây ra mất ngủ \nBiểu hiện \n \uf0b7 Khó ng ủ vào ban đêm, \nthức dậy trong đêm nhi ều \nlần, ngủ không an giấc \nTại sao tôi lại mất \nsữa sau sinh', 'Mệt mỏi (rất mệt mỏi) có thể là nguyên nhân chính gây ra chứng trầm cảm sau sinh. Nhiều người cảm thấy rất mệt mỏi sau khi sinh con và có thể mất nhiều tuần để lấy lại sức lực và năng lượng. Quá trình phục hồi có thể mất nhiều thời gian hơn sau khi sinh mổ.', 'Sau khi sinh con, lượng nội tiết tố nữ giảm mạnh\nKhông hiếm phụ nữ sau sinh rơi vào tình trạng tinh thần bất ổn. Ông Takeda, một giáo sư của Khoa Sản và Phụ khoa tại Đại học Juntendo giải thích về những thay đổi\xa0trong cơ thể phụ nữ trước và sau khi sinh con.', 'Dinh dưỡng sau sinh mổ cần cân bằng các nhóm chất \nSản phụ sau mổ nên nghỉ ngơi nhiều và ngủ đủ giấc, tránh lo lắng, suy nghĩ, ảnh hưởng đến tâm lý và sức khỏe.\nSản phụ sau mổ nên vệ sinh thân thể sạch sẽ, rửa và lau khô bộ phận sinh dục hàng ngày, nhất là sau mỗi lần đi tiểu.']","Đây thường là do thay đổi nội tiết tố và thiếu ngủ; bạn nên bổ sung thêm sắt, kẽm, vitamin nhóm B và dành thời gian nghỉ ngơi nhiều hơn."," Em bị mất ngủ kéo dài và hay quên sau sinh, có phải đây là dấu hiệu thiếu chất hay do thay đổi nội tiết tố k","['Chăm sóc bà mẹ trong tuần đầu tiên sau sinh phải bao gồm: Chế độ ăn uống hàng ngày, sức khỏe chung, tình trạng sốt, có rỉ nước hoặc són phân không, đại tiện và tiểu tiện, có đau bụng và sản dịch như nào, tình trạng đau, tiết sữa, vú cương, có đủ sữa hay không, trạng thái tinh thần như thế nào...', '25 \n \n \n- Do thay đ ổi chế độ sinh hoạt hằng ngày đ ể chăm sóc \ntrẻ \n- Nồng độ nội tiết tố thay đổi \n- Cảm giác đau đớn sau khi sinh \n- Căng thẳng và thay đổi tâm trạng \n- Cho con bú \n- Thiếu sắt gây ra mất ngủ \nBiểu hiện \n \uf0b7 Khó ng ủ vào ban đêm, \nthức dậy trong đêm nhi ều \nlần, ngủ không an giấc \nTại sao tôi lại mất \nsữa sau sinh', 'Mệt mỏi (rất mệt mỏi) có thể là nguyên nhân chính gây ra chứng trầm cảm sau sinh. Nhiều người cảm thấy rất mệt mỏi sau khi sinh con và có thể mất nhiều tuần để lấy lại sức lực và năng lượng. Quá trình phục hồi có thể mất nhiều thời gian hơn sau khi sinh mổ.', 'Sau khi sinh con, lượng nội tiết tố nữ giảm mạnh\nKhông hiếm phụ nữ sau sinh rơi vào tình trạng tinh thần bất ổn. Ông Takeda, một giáo sư của Khoa Sản và Phụ khoa tại Đại học Juntendo giải thích về những thay đổi\xa0trong cơ thể phụ nữ trước và sau khi sinh con.', 'Dinh dưỡng sau sinh mổ cần cân bằng các nhóm chất \nSản phụ sau mổ nên nghỉ ngơi nhiều và ngủ đủ giấc, tránh lo lắng, suy nghĩ, ảnh hưởng đến tâm lý và sức khỏe.\nSản phụ sau mổ nên vệ sinh thân thể sạch sẽ, rửa và lau khô bộ phận sinh dục hàng ngày, nhất là sau mỗi lần đi tiểu.']","Dựa trên tài liệu, có thể xác định rằng:

- Mất ngủ kéo dài và hay quên có thể là do thiếu chất hoặc thay đổi nội tiết tố.
- Tài liệu 2 cho biết biểu hiện mất ngủ vào ban đêm và thức dậy nhiều lần có thể do thiếu sắt gây ra mất ngủ.
- Tài liệu 4 cho biết sau khi sinh con, lượng nội tiết tố nữ giảm mạnh, có thể ảnh hưởng đến tâm trạng và sức khỏe của mẹ sau sinh.
- Tài liệu 3 cho biết mệt mỏi sau sinh có thể là nguyên nhân chính gây ra chứng trầm cảm sau sinh.

Tuy nhiên, tài liệu không cung cấp thông tin cụ thể về việc mất ngủ và hay quên là do thiếu chất hay do thay đổi nội tiết tố.",0.75,0.2222222222222222,0.7471331885302851,0.6388888888675925
 Phụ nữ Châu Á mang thai nên tăng bao nhiêu kg là hợp lý v ,"Theo tài liệu, mức tăng cân hợp lý của phụ nữ Châu Á trong quá trình mang thai là:

- Tình trạng dinh dưỡng tốt (BMI: 18.5 - 24.9): Mức tăng cân nên đạt là 20% cân nặng trước khi có thai.
- Tình trạng dinh dưỡng gầy (BMI <18,5): Mức tăng cân nên đạt là 25% cân nặng trước khi có thai.
- Tình trạng dinh dưỡng thừa cân, béo phì (BMI>=25): Mức tăng cân nên đạt là 15% cân nặng trước khi có thai.

Theo tiêu chuẩn quốc tế, mức tăng cân trung bình của phụ nữ Châu Á nên là 10-12kg.

Do đó, phụ nữ Châu Á mang thai nên tăng khoảng 10-12kg là hợp lý trong suốt quá trình mang thai, đặc biệt là trong độ tuổi 20-40 tuổi.","['con. \n- Bảo đảm dinh dưỡng đầy đủ cho phụ nữ trước khi có thai.Thực hiện chế độ ăn hợp lý, \nđa dạng, đủ 4 nhóm thực phẩm (đạm, mỡ, đường, vitamin và muối khoáng) nhằm đạt chỉ \nsố khối cơ thể (BMI) bình thường từ 18,5-24 hoặc có cân nặng ít nhất là trên 40 kg. \n- Uống bổ sung viên sắt và acid folic 400 mcg hàng ngày ít nhất trong 3 tháng trước khi', 'Khuyến nghị tăng cân hợp lý khi mang thai  \nKhuyến nghị mức tăng cân dựa trên tình trạng dinh dưỡng (chỉ số \nkhối cơ thể: BMI) bà mẹ trước khi có thai\n• Tình trạng dinh dưỡng tốt (BMI: 18.5 - 24.9): Mức tăng cân nên đạt là 20% \ncân nặng trước khi có thai.\n• Tình trạng dinh dưỡng gầy (BMI <18,5): Mức tăng cân nên đạt là 25% cân \nnặng trước khi có thai.', '- Tuổi của thai phụ: \n\uf02b Dưới 16 tuổi: dễ bị đẻ khó, đẻ non, tỷ lệ tử vong chu sinh cao. \n\uf02b Trên 35 tuổi: dễ bị đẻ khó, nguy cơ rối loạn nhiễm sắc thể, sơ sinh dị dạng, tử vong \nchu sinh cao. \n- Thể trạng của thai phụ: quá béo (trên 70 kg) hoặc quá gầy (dưới 40 kg) cũng là một trong \nnhững yếu tố nguy cơ cho mẹ trong cuộc chuyển dạ.', '• Tình trạng dinh dưỡng gầy (BMI <18,5): Mức tăng cân nên đạt là 25% cân \nnặng trước khi có thai.\n• Tình trạng dinh dưỡng thừa cân,béo phì (BMI>=25): Mức tăng cân nên đạt \nlà 15% cân nặng trước khi có thai.\nNguồn: Tổ chức Y tế thế giới năm 1998\nTheo tiêu chuẩn quốc tế \nmức tăng cân trung bình của phụ nữ Châu Á nên là 10-12kg', '- Sự cần thiết của việc khám thai định kỳ. Mỗi phụ nữ mang thai phải được quản lý thai \nvà khám thai ít nhất 4 lần trong thai kỳ (1 lần trong 3 tháng đầu, 1 lần trong 3 tháng giữa, \n2 lần trong 3 tháng cuối).  \n- Dinh dưỡng của thai phụ trong khi có thai. \n- Lao động, làm việc trong khi có thai. \n- Vệ sinh thân thể trong khi có thai.']",Mức tăng cân trung bình nên đạt từ 10 - 12 kg., Phụ nữ Châu Á mang thai nên tăng bao nhiêu kg là hợp lý v ,"['con. \n- Bảo đảm dinh dưỡng đầy đủ cho phụ nữ trước khi có thai.Thực hiện chế độ ăn hợp lý, \nđa dạng, đủ 4 nhóm thực phẩm (đạm, mỡ, đường, vitamin và muối khoáng) nhằm đạt chỉ \nsố khối cơ thể (BMI) bình thường từ 18,5-24 hoặc có cân nặng ít nhất là trên 40 kg. \n- Uống bổ sung viên sắt và acid folic 400 mcg hàng ngày ít nhất trong 3 tháng trước khi', 'Khuyến nghị tăng cân hợp lý khi mang thai  \nKhuyến nghị mức tăng cân dựa trên tình trạng dinh dưỡng (chỉ số \nkhối cơ thể: BMI) bà mẹ trước khi có thai\n• Tình trạng dinh dưỡng tốt (BMI: 18.5 - 24.9): Mức tăng cân nên đạt là 20% \ncân nặng trước khi có thai.\n• Tình trạng dinh dưỡng gầy (BMI <18,5): Mức tăng cân nên đạt là 25% cân \nnặng trước khi có thai.', '- Tuổi của thai phụ: \n\uf02b Dưới 16 tuổi: dễ bị đẻ khó, đẻ non, tỷ lệ tử vong chu sinh cao. \n\uf02b Trên 35 tuổi: dễ bị đẻ khó, nguy cơ rối loạn nhiễm sắc thể, sơ sinh dị dạng, tử vong \nchu sinh cao. \n- Thể trạng của thai phụ: quá béo (trên 70 kg) hoặc quá gầy (dưới 40 kg) cũng là một trong \nnhững yếu tố nguy cơ cho mẹ trong cuộc chuyển dạ.', '• Tình trạng dinh dưỡng gầy (BMI <18,5): Mức tăng cân nên đạt là 25% cân \nnặng trước khi có thai.\n• Tình trạng dinh dưỡng thừa cân,béo phì (BMI>=25): Mức tăng cân nên đạt \nlà 15% cân nặng trước khi có thai.\nNguồn: Tổ chức Y tế thế giới năm 1998\nTheo tiêu chuẩn quốc tế \nmức tăng cân trung bình của phụ nữ Châu Á nên là 10-12kg', '- Sự cần thiết của việc khám thai định kỳ. Mỗi phụ nữ mang thai phải được quản lý thai \nvà khám thai ít nhất 4 lần trong thai kỳ (1 lần trong 3 tháng đầu, 1 lần trong 3 tháng giữa, \n2 lần trong 3 tháng cuối).  \n- Dinh dưỡng của thai phụ trong khi có thai. \n- Lao động, làm việc trong khi có thai. \n- Vệ sinh thân thể trong khi có thai.']","Theo tài liệu, mức tăng cân hợp lý của phụ nữ Châu Á trong quá trình mang thai là:

- Tình trạng dinh dưỡng tốt (BMI: 18.5 - 24.9): Mức tăng cân nên đạt là 20% cân nặng trước khi có thai.
- Tình trạng dinh dưỡng gầy (BMI <18,5): Mức tăng cân nên đạt là 25% cân nặng trước khi có thai.
- Tình trạng dinh dưỡng thừa cân, béo phì (BMI>=25): Mức tăng cân nên đạt là 15% cân nặng trước khi có thai.

Theo tiêu chuẩn quốc tế, mức tăng cân trung bình của phụ nữ Châu Á nên là 10-12kg.

Do đó, phụ nữ Châu Á mang thai nên tăng khoảng 10-12kg là hợp lý trong suốt quá trình mang thai, đặc biệt là trong độ tuổi 20-40 tuổi.",0.875,1.0,0.8896190548904774,0.7499999999625
Những thực phẩm nào mẹ bỉm mang thai nên dùng để cung cấp năng lượng,"Dưới đây là những thực phẩm mà mẹ sau sinh nên dùng để cung cấp năng lượng và hỗ trợ hồi phục sức khỏe:

 * Ngũ cốc nguyên hạt (TÀI LIỆU 1)
 * Thực phẩm chứa canxi như cua, tôm, ốc, các chế phẩm từ sữa (TÀI LIỆU 2)
 * Các loại hoa quả tươi và rau xanh (TÀI LIỆU 3)
 * Chất bột đường (TÀI LIỆU 3)
 * Gạo lứt (TÀI LIỆU 5)","['Khi làm mẹ, bạn có thể sẽ phải thức đêm chăm con nên luôn cần một bữa sáng nhiều năng lượng. Thực phẩm cho mẹ sau sinh lành mạnh và nhiều năng lượng bạn có thể thử là ngũ cốc nguyên hạt. Nhiều loại ngũ cốc còn được bổ sung các vitamin và chất dinh dưỡng thiết yếu để giúp bạn đáp ứng nhu cầu hàng ngày đầy đủ hơn.', 'Phụ nữ sau sinh cần được bồi bổ nhiều chất dinh dưỡng do sự thiếu hụt trong quá trình mang thai và dinh dưỡng chuyển hóa vào sữa mẹ. Cần ăn nhiều thực phẩm chứa canxi như: cua, tôm, ốc, các chế phẩm từ sữa, sữa.... để bù đắp lượng canxi cần thiết cho cơ thể, giúp cơ thể nhanh chóng khỏe mạnh.', 'Về chế độ dinh dưỡng: Hộ sinh trưởng Nguyễn Bích Hạnh - Vinmec Times City khuyên rằng, sau sinh thường mẹ cần được ăn uống đầy đủ các chất dinh dưỡng, không nên kiêng khem quá mức vì đang trong quá trình rất cần lấy lại sức và tạo sữa nuôi con. Mẹ có khỏe thì con mới phát triển tốt. Những thực phẩm mẹ cần bổ sung trong giai đoạn này bao gồm:\nCác loại hoa quả tươi và rau xanh;\nChất bột đường;', 'Trắc nghiệm: Những điều cần biết về kiêng cữ sau sinh Sau sinh, cơ thể sản phụ sẽ có rất nhiều sự thay đổi, việc thực hiện tốt các kiêng cữ sau sinh và bổ sung đầy đủ các chất dinh dưỡng cho cơ thể sẽ giúp ích rất nhiều trong quá trình hồi phục sức khỏe. Bài trắc nghiệm dưới đây sẽ giúp mọi người có cái nhìn tổng quan về kiêng cữ sau sinh và thực hiện sao cho phù hợp nhất.', 'Thay vì cắt carb ra khỏi thực đơn, bạn hãy bổ sung carb tốt từ gạo lứt để duy trì năng lượng cho bản thân. Gạo lứt sẽ giúp bạn có đủ calo cần thiết để tạo sữa chất lượng hơn cho bé.\nBạn không nên chỉ tập trung vào những thực phẩm cho mẹ sau sinh mà bỏ qua những món mình nên kiêng để có cái nhìn toàn diện hơn về việc sau sinh nên ăn gì và kiêng gì.']","Gạo, mì, ngô, khoai, sắn và các chế phẩm từ ngũ cốc.",Những thực phẩm nào mẹ bỉm mang thai nên dùng để cung cấp năng lượng,"['Khi làm mẹ, bạn có thể sẽ phải thức đêm chăm con nên luôn cần một bữa sáng nhiều năng lượng. Thực phẩm cho mẹ sau sinh lành mạnh và nhiều năng lượng bạn có thể thử là ngũ cốc nguyên hạt. Nhiều loại ngũ cốc còn được bổ sung các vitamin và chất dinh dưỡng thiết yếu để giúp bạn đáp ứng nhu cầu hàng ngày đầy đủ hơn.', 'Phụ nữ sau sinh cần được bồi bổ nhiều chất dinh dưỡng do sự thiếu hụt trong quá trình mang thai và dinh dưỡng chuyển hóa vào sữa mẹ. Cần ăn nhiều thực phẩm chứa canxi như: cua, tôm, ốc, các chế phẩm từ sữa, sữa.... để bù đắp lượng canxi cần thiết cho cơ thể, giúp cơ thể nhanh chóng khỏe mạnh.', 'Về chế độ dinh dưỡng: Hộ sinh trưởng Nguyễn Bích Hạnh - Vinmec Times City khuyên rằng, sau sinh thường mẹ cần được ăn uống đầy đủ các chất dinh dưỡng, không nên kiêng khem quá mức vì đang trong quá trình rất cần lấy lại sức và tạo sữa nuôi con. Mẹ có khỏe thì con mới phát triển tốt. Những thực phẩm mẹ cần bổ sung trong giai đoạn này bao gồm:\nCác loại hoa quả tươi và rau xanh;\nChất bột đường;', 'Trắc nghiệm: Những điều cần biết về kiêng cữ sau sinh Sau sinh, cơ thể sản phụ sẽ có rất nhiều sự thay đổi, việc thực hiện tốt các kiêng cữ sau sinh và bổ sung đầy đủ các chất dinh dưỡng cho cơ thể sẽ giúp ích rất nhiều trong quá trình hồi phục sức khỏe. Bài trắc nghiệm dưới đây sẽ giúp mọi người có cái nhìn tổng quan về kiêng cữ sau sinh và thực hiện sao cho phù hợp nhất.', 'Thay vì cắt carb ra khỏi thực đơn, bạn hãy bổ sung carb tốt từ gạo lứt để duy trì năng lượng cho bản thân. Gạo lứt sẽ giúp bạn có đủ calo cần thiết để tạo sữa chất lượng hơn cho bé.\nBạn không nên chỉ tập trung vào những thực phẩm cho mẹ sau sinh mà bỏ qua những món mình nên kiêng để có cái nhìn toàn diện hơn về việc sau sinh nên ăn gì và kiêng gì.']","Dưới đây là những thực phẩm mà mẹ sau sinh nên dùng để cung cấp năng lượng và hỗ trợ hồi phục sức khỏe:

 * Ngũ cốc nguyên hạt (TÀI LIỆU 1)
 * Thực phẩm chứa canxi như cua, tôm, ốc, các chế phẩm từ sữa (TÀI LIỆU 2)
 * Các loại hoa quả tươi và rau xanh (TÀI LIỆU 3)
 * Chất bột đường (TÀI LIỆU 3)
 * Gạo lứt (TÀI LIỆU 5)",0.6,0.6666666666666666,0.811608970060724,0.9999999999
Em thấy sản dịch có màu đen sậm và mùi hôi kèm sốt nhẹ là dấu hiệu j a,"Dựa trên tài liệu, sản dịch của mẹ sau sinh có màu đen sậm và mùi hôi kèm sốt nhẹ có thể là dấu hiệu của nhiễm trùng hoặc rách tầng sinh môn.

- Âm đạo tiết dịch ám mùi hôi gây khó chịu.
- Ra máu nhiều, không giảm, có máu cục xuất hiện.
- Thay đổi màu sắc sản dịch: màu socola, màu mủ...
- Ấn vào đáy của tử cung sẽ tiết sản dịch màu đen và kèm mùi hôi.

Nên đưa mẹ đến bệnh viện để thăm khám và điều trị kịp thời.","['Nguyên nhân \nCó thể là do nhi ễm trùng trong t ử cung hoặc bị nhiễm \nkhuẩn do rách tầng sinh môn \nBiểu hiện \n- Âm đạo tiết dịch ám mùi hôi gây khó chịu. \n- Ra máu nhiều, không giảm, có máu cục xuất hiện. \n- Thay đổi màu săc sản dịch: màu socola, màu mủ..  \n- Ấn vào đáy c ủa tử cung sẽ tiết sản dịch màu đen và \nkèm mùi hôi. \n- Có thể có phản ứng thành bụng', 'Chảy máu\nChảy máu âm đạo có thể xuất hiện bất cứ lúc nào trong 2 - 6 tuần sau sinh. Cho bé bú sữa mẹ giúp sản dịch ngưng nhanh hơn. Ban đầu dịch sẽ có màu đỏ tươi và ra nhiều, dần dần giảm bớt và chuyển sang màu nâu nhạt, kéo dài cho đến kỳ kinh đầu tiên. Phụ nữ sau sinh cần dùng băng vệ sinh thông thường để thấm sản dịch, không nên dùng loại tampon nhét trong âm đạo để tránh nhiễm trùng.', 'tuyến vú, nứt kẽ chảy dịch ở núm vú... \n- Phát hiện sớm các dấu hiệu của tắc tia sữa: Hai bầu vú căng hay mềm, \ncó u cục, nắn có sữa chảy ra. \n- Phát hiện sớm các dấu hiệu của bế sản dịch: Sản dịch ra ít hoặc không  ra \nmùi hôi, màu đen bẩn. \n- Vết khâu tầng sinh môn: đa u nhức tại vết khâu, đánh giá tì nh trạng vết \nkhâu.  \n- Phân cấp chăm sóc………………………………………………….............', '\ufeffCâu hỏi: Chatbot này tư vấn được những vấn đề gì về sau sinh?\nTrả lời: Chatbot tư vấn hỗ trợ chăm sóc mẹ bỉm sau sinh, bao gồm: chăm sóc hậu sản, nuôi con bằng sữa mẹ, dinh dưỡng mẹ và bé, sức khỏe tâm lý (trầm cảm sau sinh), chăm sóc trẻ sơ sinh, bệnh lý hậu sản thường gặp. Mọi tư vấn chỉ mang tính tham khảo, không thay thế khám bác sĩ.\nNguồn: Hệ thống Chatbot RAG — Đồ án tốt nghiệp CTU 2025', 'Sản phụ sau mổ nên vệ sinh thân thể sạch sẽ, rửa và lau khô bộ phận sinh dục hàng ngày, nhất là sau mỗi lần đi tiểu.\nChú ý, theo dõi sức khỏe sản phụ hàng ngày. Nếu có dấu hiệu bất thường như đau bụng, chướng bụng, sốt cao hoặc ra huyết âm đạo nhiều, ra huyết kéo dài quá lâu... cần đưa sản phụ đến bệnh viện để thăm khám.']","Đây có thể là dấu hiệu của bế sản dịch hoặc viêm nội mạc tử cung, bạn cần được bác sĩ kiểm tra ngay.",Em thấy sản dịch có màu đen sậm và mùi hôi kèm sốt nhẹ là dấu hiệu j a,"['Nguyên nhân \nCó thể là do nhi ễm trùng trong t ử cung hoặc bị nhiễm \nkhuẩn do rách tầng sinh môn \nBiểu hiện \n- Âm đạo tiết dịch ám mùi hôi gây khó chịu. \n- Ra máu nhiều, không giảm, có máu cục xuất hiện. \n- Thay đổi màu săc sản dịch: màu socola, màu mủ..  \n- Ấn vào đáy c ủa tử cung sẽ tiết sản dịch màu đen và \nkèm mùi hôi. \n- Có thể có phản ứng thành bụng', 'Chảy máu\nChảy máu âm đạo có thể xuất hiện bất cứ lúc nào trong 2 - 6 tuần sau sinh. Cho bé bú sữa mẹ giúp sản dịch ngưng nhanh hơn. Ban đầu dịch sẽ có màu đỏ tươi và ra nhiều, dần dần giảm bớt và chuyển sang màu nâu nhạt, kéo dài cho đến kỳ kinh đầu tiên. Phụ nữ sau sinh cần dùng băng vệ sinh thông thường để thấm sản dịch, không nên dùng loại tampon nhét trong âm đạo để tránh nhiễm trùng.', 'tuyến vú, nứt kẽ chảy dịch ở núm vú... \n- Phát hiện sớm các dấu hiệu của tắc tia sữa: Hai bầu vú căng hay mềm, \ncó u cục, nắn có sữa chảy ra. \n- Phát hiện sớm các dấu hiệu của bế sản dịch: Sản dịch ra ít hoặc không  ra \nmùi hôi, màu đen bẩn. \n- Vết khâu tầng sinh môn: đa u nhức tại vết khâu, đánh giá tì nh trạng vết \nkhâu.  \n- Phân cấp chăm sóc………………………………………………….............', '\ufeffCâu hỏi: Chatbot này tư vấn được những vấn đề gì về sau sinh?\nTrả lời: Chatbot tư vấn hỗ trợ chăm sóc mẹ bỉm sau sinh, bao gồm: chăm sóc hậu sản, nuôi con bằng sữa mẹ, dinh dưỡng mẹ và bé, sức khỏe tâm lý (trầm cảm sau sinh), chăm sóc trẻ sơ sinh, bệnh lý hậu sản thường gặp. Mọi tư vấn chỉ mang tính tham khảo, không thay thế khám bác sĩ.\nNguồn: Hệ thống Chatbot RAG — Đồ án tốt nghiệp CTU 2025', 'Sản phụ sau mổ nên vệ sinh thân thể sạch sẽ, rửa và lau khô bộ phận sinh dục hàng ngày, nhất là sau mỗi lần đi tiểu.\nChú ý, theo dõi sức khỏe sản phụ hàng ngày. Nếu có dấu hiệu bất thường như đau bụng, chướng bụng, sốt cao hoặc ra huyết âm đạo nhiều, ra huyết kéo dài quá lâu... cần đưa sản phụ đến bệnh viện để thăm khám.']","Dựa trên tài liệu, sản dịch của mẹ sau sinh có màu đen sậm và mùi hôi kèm sốt nhẹ có thể là dấu hiệu của nhiễm trùng hoặc rách tầng sinh môn.

- Âm đạo tiết dịch ám mùi hôi gây khó chịu.
- Ra máu nhiều, không giảm, có máu cục xuất hiện.
- Thay đổi màu sắc sản dịch: màu socola, màu mủ...
- Ấn vào đáy của tử cung sẽ tiết sản dịch màu đen và kèm mùi hôi.

Nên đưa mẹ đến bệnh viện để thăm khám và điều trị kịp thời.",0.875,1.0,0.4514424609992558,0.8333333332916666
Thời gian bảo quản sưa mẹ trong ngăn đá tủ lạnh (-18 đến -20°C),"Theo tài liệu, thời gian bảo quản sữa mẹ trong ngăn đá tủ lạnh (-18 đến -20°C) là:

- Tốt nhất 6 tháng (có thể để tới 12 tháng) (Tài liệu 1)
- 3–6 tháng (Tài liệu 2)
- Không nên bảo quản lâu sữa mẹ trong ngăn đá tủ lạnh (Tài liệu 3)
- Tốt nhất 6 tháng (có thể để tới 12 tháng) (Tài liệu 4)

Tất cả các tài liệu đều thống nhất về thời gian bảo quản sữa mẹ trong ngăn đá tủ lạnh là 6 tháng.","['Bảo quản sữa mẹ đã vắt ra\nNơi bảo quản Nhiệt độ Thời gian bảo quản\n\uf0b7 Ở nhiệt độ \nphòng 19 - 26°C \uf0b7 Tốt nhất 4 tiếng (có thể để\ntừ 6-8 tiếng)\n\uf0b7 Trong ngăn mát \ntủ lạnh <4°C \uf0b7 Tốt nhất 4 ngày (có thể để\ntới 8 ngày)\n\uf0b7 Trong ngăn đá\ntủ lạnh -18 đến -20°C \uf0b7 Tốt nhất 6 tháng (có thể để \ntới 12 tháng)', '\ufeffCâu hỏi: Sữa mẹ vắt ra bảo quản được bao lâu?\nTrả lời: Nhiệt độ phòng (25°C): 4–6 giờ. Ngăn mát tủ lạnh (4°C): 3–4 ngày. Ngăn đá một cánh (-15°C): 2 tuần. Ngăn đông riêng (-18°C): 3–6 tháng. Sữa rã đông trong ngăn mát dùng trong 24 giờ, không đông lại.\nNguồn: Vinmec; VSBA — Hội Tư vấn Sữa mẹ Việt Nam', 'Lưu ý khi cất trữ sữa mẹ\nGhi nhãn rõ ràng trên bình/túi sữa trước khi trữ đông.\nTrữ đông sữa mẹ bằng tủ đông riêng để đạt được thời gian bảo quản tốt tối đa. Không bảo quản lâu sữa mẹ trong ngăn mát tủ lạnh hoặc ngăn đá tủ lạnh. Thay đổi nhiệt độ từ việc đóng - mở cửa tủ lạnh thường xuyên có thể ảnh hưởng đến chất lượng sữa bảo quản.', '- Không nên đổ đầy sữa vào bình,  \n- Mỗi bình ch ứa sữa chỉ nên chứa khoảng 60 - 120ml, \nvừa đủ cho 1 lần ăn của trẻ để tránh lãng phí và đ ảm bảo vệ \nsinh. \n- Không nên b ảo quản sữa ở cánh cửa tủ lạnh mà s ữa \nnên được bảo quản ở phía trong cùng c ủa ngăn mát t ủ lạnh \nvà trên cùng của ngăn đá tủ lạnh. \n- Thời gian bảo quản sữa mẹ: Nếu ở nhiệt độ 19 - 26 độ', 'Sữa mẹ có thể được bảo quản trong túi đá giữ nhiệt tối đa 24 giờ nếu bạn đi du lịch hoặc vận chuyển sữa đến nơi khác, sau đó hãy bảo quản trong tủ đông nếu chưa dùng đến.\nCó thể bảo quản sữa mẹ vắt ra trong túi đá giữ nhiệt tối đa 24 giờ\nRã đông sữa mẹ an toàn\n-Luôn luôn rã đông sữa mẹ cũ nhất trước. Theo thời gian, chất lượng sữa mẹ có thể giảm xuống.\n-Một số cách rã đông sữa mẹ:']",Tốt nhất trong 6 tháng và có thể lên tới 12 tháng.,Thời gian bảo quản sưa mẹ trong ngăn đá tủ lạnh (-18 đến -20°C),"['Bảo quản sữa mẹ đã vắt ra\nNơi bảo quản Nhiệt độ Thời gian bảo quản\n\uf0b7 Ở nhiệt độ \nphòng 19 - 26°C \uf0b7 Tốt nhất 4 tiếng (có thể để\ntừ 6-8 tiếng)\n\uf0b7 Trong ngăn mát \ntủ lạnh <4°C \uf0b7 Tốt nhất 4 ngày (có thể để\ntới 8 ngày)\n\uf0b7 Trong ngăn đá\ntủ lạnh -18 đến -20°C \uf0b7 Tốt nhất 6 tháng (có thể để \ntới 12 tháng)', '\ufeffCâu hỏi: Sữa mẹ vắt ra bảo quản được bao lâu?\nTrả lời: Nhiệt độ phòng (25°C): 4–6 giờ. Ngăn mát tủ lạnh (4°C): 3–4 ngày. Ngăn đá một cánh (-15°C): 2 tuần. Ngăn đông riêng (-18°C): 3–6 tháng. Sữa rã đông trong ngăn mát dùng trong 24 giờ, không đông lại.\nNguồn: Vinmec; VSBA — Hội Tư vấn Sữa mẹ Việt Nam', 'Lưu ý khi cất trữ sữa mẹ\nGhi nhãn rõ ràng trên bình/túi sữa trước khi trữ đông.\nTrữ đông sữa mẹ bằng tủ đông riêng để đạt được thời gian bảo quản tốt tối đa. Không bảo quản lâu sữa mẹ trong ngăn mát tủ lạnh hoặc ngăn đá tủ lạnh. Thay đổi nhiệt độ từ việc đóng - mở cửa tủ lạnh thường xuyên có thể ảnh hưởng đến chất lượng sữa bảo quản.', '- Không nên đổ đầy sữa vào bình,  \n- Mỗi bình ch ứa sữa chỉ nên chứa khoảng 60 - 120ml, \nvừa đủ cho 1 lần ăn của trẻ để tránh lãng phí và đ ảm bảo vệ \nsinh. \n- Không nên b ảo quản sữa ở cánh cửa tủ lạnh mà s ữa \nnên được bảo quản ở phía trong cùng c ủa ngăn mát t ủ lạnh \nvà trên cùng của ngăn đá tủ lạnh. \n- Thời gian bảo quản sữa mẹ: Nếu ở nhiệt độ 19 - 26 độ', 'Sữa mẹ có thể được bảo quản trong túi đá giữ nhiệt tối đa 24 giờ nếu bạn đi du lịch hoặc vận chuyển sữa đến nơi khác, sau đó hãy bảo quản trong tủ đông nếu chưa dùng đến.\nCó thể bảo quản sữa mẹ vắt ra trong túi đá giữ nhiệt tối đa 24 giờ\nRã đông sữa mẹ an toàn\n-Luôn luôn rã đông sữa mẹ cũ nhất trước. Theo thời gian, chất lượng sữa mẹ có thể giảm xuống.\n-Một số cách rã đông sữa mẹ:']","Theo tài liệu, thời gian bảo quản sữa mẹ trong ngăn đá tủ lạnh (-18 đến -20°C) là:

- Tốt nhất 6 tháng (có thể để tới 12 tháng) (Tài liệu 1)
- 3–6 tháng (Tài liệu 2)
- Không nên bảo quản lâu sữa mẹ trong ngăn đá tủ lạnh (Tài liệu 3)
- Tốt nhất 6 tháng (có thể để tới 12 tháng) (Tài liệu 4)

Tất cả các tài liệu đều thống nhất về thời gian bảo quản sữa mẹ trong ngăn đá tủ lạnh là 6 tháng.",0.25,1.0,0.6918228229568915,0.9999999999666667
"Em thấy trên thị trường có nhiều loại tã quá, làm sao để em chọn đc loại tã giấy vừa vặn và thoải mái nhất cho bé nhà t","Dưới đây là một số gợi ý khi chọn loại tã giấy cho bé:

 * Độ khô thoáng và không gây kích ứng da là yếu tố quan trọng khi chọn tã cho bé.
 * Khả năng chống tràn hiệu quả cũng là một yếu tố cần xem xét.
 * Bạn có thể thử nghiệm với các nhãn hiệu khác nhau để tìm loại tã phù hợp với bé.

Hãy nhớ rằng, mỗi bé có thể có nhu cầu và sở thích khác nhau, vì vậy bạn nên thử nghiệm và tìm ra loại tã phù hợp nhất cho bé nhà mình.","['Không thể khẳng định cách thay tã cho trẻ sơ sinh như thế nào mới là đúng hoàn toàn, trên đây chỉ là các bước căn bản được đề xuất cho người mới bắt đầu. Theo thời gian, bạn có thể sửa đổi các bước và tạo ra phương pháp riêng phù hợp với loại tã và thói quen của hai mẹ con. Khi đã thuần thục, người mẹ thậm chí có thể thay tã vải ngay cả trong phòng tối và trong lúc vẫn còn buồn ngủ.', 'Tạo không khi vui vẻ khi thay tã cho bé sơ sinh bằng cách nói chuyện và hát cho bé nghe, chỉ ra những phần khác nhau trên cơ thể bé và giải thích những gì bạn đang làm. Sau khi lau sạch người bé, hãy hát một vài bài thiếu nhi đơn giản, chơi ú òa hoặc đập tay với bé một chút, và tặng một nụ hôn trước khi kết thúc.\nNên thay tã thường xuyên để tránh cho trẻ bị hăm', 'Ban đầu, có thể khó để biết con bạn đã cần thay tã hay chưa. Với tã dùng một lần thường có vạch chỉ báo độ ẩm chuyển sang màu xanh lam khi cần thay tã hoặc tã có thể đầy và bí hơi hoặc nặng. Kiểm tra bằng mắt có thể cho bạn biết bé có ị hay không. Một nguyên tắc nhỏ là thay tã cho trẻ sau mỗi lần bú, trước và sau mỗi giấc ngủ ngắn, hoặc khoảng 2 giờ một lần trong ngày.', 'Dù bạn thay tã cho bé ở đâu, bạn cũng cần chuẩn bị các vật dụng sau đây:\nTã lót: Cho dù bạn sử dụng vải hoặc dùng một lần, hãy chắc chắn rằng bạn có một đống tã trong tầm với để bạn không phải quay lưng lại hoặc để em bé nằm một mình để đi lấy một cái tã mới. Bạn có thể muốn thử nghiệm với các nhãn hiệu khác nhau để tìm loại tã phù hợp với bé.', 'Nhìn chung, các hãng sản xuất tã bỉm hiện nay đưa ra thị trường rất nhiều mẫu mã đa dạng, phục vụ cho nhiều nhu cầu khác nhau. Nghiên cứu người tiêu dùng trong nước cho thấy độ khô thoáng và không gây kích ứng da được quan tâm khi chọn tã cho bé. Tiếp đến mới là khả năng chống tràn hiệu quả, còn yếu tố môi trường ít được chú ý. Một chiếc tã giấy tốt không chỉ hỗ trợ chuyện đi vệ sinh của bé, mà']","Bạn nên chọn tã dựa trên độ tuổi và cân nặng của bé; ví dụ tã Newborn cho trẻ dưới 1 tháng tuổi (dưới 5kg), đồng thời chú ý độ thấm hút và thoáng khí để tránh hăm.","Em thấy trên thị trường có nhiều loại tã quá, làm sao để em chọn đc loại tã giấy vừa vặn và thoải mái nhất cho bé nhà t","['Không thể khẳng định cách thay tã cho trẻ sơ sinh như thế nào mới là đúng hoàn toàn, trên đây chỉ là các bước căn bản được đề xuất cho người mới bắt đầu. Theo thời gian, bạn có thể sửa đổi các bước và tạo ra phương pháp riêng phù hợp với loại tã và thói quen của hai mẹ con. Khi đã thuần thục, người mẹ thậm chí có thể thay tã vải ngay cả trong phòng tối và trong lúc vẫn còn buồn ngủ.', 'Tạo không khi vui vẻ khi thay tã cho bé sơ sinh bằng cách nói chuyện và hát cho bé nghe, chỉ ra những phần khác nhau trên cơ thể bé và giải thích những gì bạn đang làm. Sau khi lau sạch người bé, hãy hát một vài bài thiếu nhi đơn giản, chơi ú òa hoặc đập tay với bé một chút, và tặng một nụ hôn trước khi kết thúc.\nNên thay tã thường xuyên để tránh cho trẻ bị hăm', 'Ban đầu, có thể khó để biết con bạn đã cần thay tã hay chưa. Với tã dùng một lần thường có vạch chỉ báo độ ẩm chuyển sang màu xanh lam khi cần thay tã hoặc tã có thể đầy và bí hơi hoặc nặng. Kiểm tra bằng mắt có thể cho bạn biết bé có ị hay không. Một nguyên tắc nhỏ là thay tã cho trẻ sau mỗi lần bú, trước và sau mỗi giấc ngủ ngắn, hoặc khoảng 2 giờ một lần trong ngày.', 'Dù bạn thay tã cho bé ở đâu, bạn cũng cần chuẩn bị các vật dụng sau đây:\nTã lót: Cho dù bạn sử dụng vải hoặc dùng một lần, hãy chắc chắn rằng bạn có một đống tã trong tầm với để bạn không phải quay lưng lại hoặc để em bé nằm một mình để đi lấy một cái tã mới. Bạn có thể muốn thử nghiệm với các nhãn hiệu khác nhau để tìm loại tã phù hợp với bé.', 'Nhìn chung, các hãng sản xuất tã bỉm hiện nay đưa ra thị trường rất nhiều mẫu mã đa dạng, phục vụ cho nhiều nhu cầu khác nhau. Nghiên cứu người tiêu dùng trong nước cho thấy độ khô thoáng và không gây kích ứng da được quan tâm khi chọn tã cho bé. Tiếp đến mới là khả năng chống tràn hiệu quả, còn yếu tố môi trường ít được chú ý. Một chiếc tã giấy tốt không chỉ hỗ trợ chuyện đi vệ sinh của bé, mà']","Dưới đây là một số gợi ý khi chọn loại tã giấy cho bé:

 * Độ khô thoáng và không gây kích ứng da là yếu tố quan trọng khi chọn tã cho bé.
 * Khả năng chống tràn hiệu quả cũng là một yếu tố cần xem xét.
 * Bạn có thể thử nghiệm với các nhãn hiệu khác nhau để tìm loại tã phù hợp với bé.

Hãy nhớ rằng, mỗi bé có thể có nhu cầu và sở thích khác nhau, vì vậy bạn nên thử nghiệm và tìm ra loại tã phù hợp nhất cho bé nhà mình.",0.5,0.0,0.3618395201506567,0.19999999998
Trẻ sơ sinh bao nhiêu ngày thì rụng rốn là bình thường và em cần vệ sinh vùng rốn cho con ntn để k bị nhiễm trùng,"Câu trả lời dựa trên tài liệu:

- Trẻ sơ sinh rụng rốn từ 10-14 ngày sau sinh là bình thường (Tài liệu 1).
- Vệ sinh rốn cho trẻ hàng ngày đến khi rốn rụng và khô bằng cồn 70° và bông vô khuẩn (Tài liệu 2).
- Nếu rốn bé sưng đỏ hoặc tiết dịch hôi, cần đến cơ sở y tế khám ngay để được xử trí kịp thời (Tài liệu 3).","['giúp tránh nhiễm trùng và làm khô rốn vì càng ủ kín rốn càng \ndễ làm cho vi trùng phát triển.  \n- Cuống rốn thường rụng từ 10- 14 ngày sau sinh. \nCho trẻ ngủ \n Sơ sinh có th ể ngủ từ 16 đến 18 giờ mỗi ngày, nhưng \ntrẻ có thể sẽ không ngủ một giấc dài liên tục, hầu hết các giấc \nngủ chỉ kéo dài vài vài giờ.  \nCác cách cho trẻ ngủ: \n- Bảo đảm trẻ bú đủ trước khi ngủ và được thay tã khô', '– Chăm sóc rốn:Vệ sinh rốn cho trẻ hàng ngày đến khi rốn rụng và khô bằng cồn 70° và bông vô khuẩn, không nên bôi bất cứ thứ thuốc mỡ hay thuốc bột gì vào rốn trẻ\nCần đưa trẻ đến khám khi có một trong các triệu chứng sau:\nRốn có mùi hôi hoặc rỉ nước vàng hoặc rỉ máu.\nRốn có nang, rỉ nước.\nDa quanh rốn sưng tấy đỏ.\nRốn chậm rụng sau 3 tuần.', '96 \n \nsinh ra m ột lo ại hooc môn căng th ẳng không t ốt cho s ức \nkhỏe bé sơ sinh. \nSau 2 tuần rốn bé vẫn chưa rụng cần phải làm gì? \n- Nếu rốn bé khô, bé không qu ấy khóc ho ặc bỏ bú thì \nvẫn bình thường \n- Nếu rốn bé sưng đỏ hoặc tiết dịch hôi, cần đến cơ sở y \ntế khám ngay để được xử trí kịp thời.', 'Có thể mẹ chưa biết nhưng chỉ trong vòng 1 tiếng đầu sau sinh thì trẻ đã có phản xạ tìm và mút vú mẹ, nếu bị cách ly với mẹ lâu thì phản xạ này sẽ dần mất đi. Trong ngày đầu tiên sau sinh thì bé sẽ không được tắm vì khi sinh đã được lau mình sạch sẽ, trường hợp quan sát thấy rốn bình thường và không bị sưng tấy thì mẹ chỉ cần lau xung quanh rốn của trẻ bằng khăn xô sạch nhúng nước muối sinh lý', 'Một số trẻ có thể bị rụng rốn chỉ trong tuần đầu sau sinh, tuy nhiên cũng có trẻ kéo dài đến 15 ngày']","Rốn thường rụng sau 7-14 ngày; bạn cần giữ rốn khô thoáng, lau bằng nước muối sinh lý nếu có dịch và không nên băng kín vùng rốn.",Trẻ sơ sinh bao nhiêu ngày thì rụng rốn là bình thường và em cần vệ sinh vùng rốn cho con ntn để k bị nhiễm trùng,"['giúp tránh nhiễm trùng và làm khô rốn vì càng ủ kín rốn càng \ndễ làm cho vi trùng phát triển.  \n- Cuống rốn thường rụng từ 10- 14 ngày sau sinh. \nCho trẻ ngủ \n Sơ sinh có th ể ngủ từ 16 đến 18 giờ mỗi ngày, nhưng \ntrẻ có thể sẽ không ngủ một giấc dài liên tục, hầu hết các giấc \nngủ chỉ kéo dài vài vài giờ.  \nCác cách cho trẻ ngủ: \n- Bảo đảm trẻ bú đủ trước khi ngủ và được thay tã khô', '– Chăm sóc rốn:Vệ sinh rốn cho trẻ hàng ngày đến khi rốn rụng và khô bằng cồn 70° và bông vô khuẩn, không nên bôi bất cứ thứ thuốc mỡ hay thuốc bột gì vào rốn trẻ\nCần đưa trẻ đến khám khi có một trong các triệu chứng sau:\nRốn có mùi hôi hoặc rỉ nước vàng hoặc rỉ máu.\nRốn có nang, rỉ nước.\nDa quanh rốn sưng tấy đỏ.\nRốn chậm rụng sau 3 tuần.', '96 \n \nsinh ra m ột lo ại hooc môn căng th ẳng không t ốt cho s ức \nkhỏe bé sơ sinh. \nSau 2 tuần rốn bé vẫn chưa rụng cần phải làm gì? \n- Nếu rốn bé khô, bé không qu ấy khóc ho ặc bỏ bú thì \nvẫn bình thường \n- Nếu rốn bé sưng đỏ hoặc tiết dịch hôi, cần đến cơ sở y \ntế khám ngay để được xử trí kịp thời.', 'Có thể mẹ chưa biết nhưng chỉ trong vòng 1 tiếng đầu sau sinh thì trẻ đã có phản xạ tìm và mút vú mẹ, nếu bị cách ly với mẹ lâu thì phản xạ này sẽ dần mất đi. Trong ngày đầu tiên sau sinh thì bé sẽ không được tắm vì khi sinh đã được lau mình sạch sẽ, trường hợp quan sát thấy rốn bình thường và không bị sưng tấy thì mẹ chỉ cần lau xung quanh rốn của trẻ bằng khăn xô sạch nhúng nước muối sinh lý', 'Một số trẻ có thể bị rụng rốn chỉ trong tuần đầu sau sinh, tuy nhiên cũng có trẻ kéo dài đến 15 ngày']","Câu trả lời dựa trên tài liệu:

- Trẻ sơ sinh rụng rốn từ 10-14 ngày sau sinh là bình thường (Tài liệu 1).
- Vệ sinh rốn cho trẻ hàng ngày đến khi rốn rụng và khô bằng cồn 70° và bông vô khuẩn (Tài liệu 2).
- Nếu rốn bé sưng đỏ hoặc tiết dịch hôi, cần đến cơ sở y tế khám ngay để được xử trí kịp thời (Tài liệu 3).",0.8571428571428571,1.0,0.4997680943430612,0.99999999998
"Ngoài việc cải thiện chuyện tiểu tiện, tập phục hồi sàn chậu có giúp ích j cho đời sống vợ chồng sau sinh k","Dựa trên tài liệu đã được cung cấp, tập phục hồi sàn chậu có thể giúp cải thiện các rối loạn chức năng do sa sàn chậu gây nên, từ đó cải thiện chất lượng cuộc sống ở người phụ nữ sau sinh đẻ.

- Tập phục hồi sàn chậu giúp cải thiện chức năng tiểu tiện.
- Cải thiện chất lượng cuộc sống ở người phụ nữ sau sinh đẻ.
- Không có thông tin cụ thể về việc tập phục hồi sàn chậu giúp cải thiện đời sống vợ chồng sau sinh.
- Cần tham khảo ý kiến của bác sĩ để có chế độ chăm sóc phù hợp.","['Hạn chế những tác động lên bầu ngực: Mẹ không nên mặc áo ngực quá ngực, không nằm sấp khi ngủ và cần hạn chế những tác động mạnh lên bầu ngực.\nTập luyện thể dục thể thao nhẹ nhàng: Mẹ có thể tham khảo các bộ môn nhẹ nhàng với phụ nữ sau sinh như yoga, kegel, đi bộ… ngoài việc hỗ trợ hoạt động sản xuất sữa mẹ, cải thiện sắc vóc còn mang đến nhiều lợi ích sức khỏe khác.', '\ufeffCâu hỏi: Sau sinh mẹ bị tiểu không tự chủ, có nguy hiểm không?\nTrả lời: Không nguy hiểm nhưng cần được điều trị. Tiểu không tự chủ sau sinh (nhất là sinh thường) do tổn thương cơ sàn chậu. Tập bài tập Kegel (siết cơ sàn chậu 3 giây, lặp 10 lần, 3 lần/ngày) trong 6 tháng thường cải thiện rõ rệt.\nNguồn: BV Tâm Anh — Đơn vị Niệu nữ; Vinmec — Phục hồi sàn chậu', 'bằng bài tập Kegel hay tập luyện với máy sẽ sớm giúp cải thiện các rối loạn chức năng do sa sàn chậu gây nên, từ đó cải thiện tình trạng bệnh và chất lượng cuộc sống ở người phụ nữ sau sinh đẻ.', '\ufeffCâu hỏi: Sau sinh bị đau lưng phải làm sao?\nTrả lời: Dùng đai lưng hỗ trợ, tập bài tập phục hồi nhẹ nhàng, tránh cúi gập người đột ngột, khi bế bé nhớ ngồi xuống rồi đứng lên. Nếu đau kéo dài hơn 3 tháng hoặc đau lan xuống chân cần khám vật lý trị liệu.\nNguồn: Vinmec — Phục hồi chức năng sau sinh', 'Hướng dẫn chăm sóc sản phụ trong tuần đầu tiên sau sinh mổ\nBài viết được tư vấn chuyên môn bởi Thạc sĩ, Bác sĩ Trịnh Thị Thanh Huyền - Khoa sản phụ khoa - Bệnh viện Đa khoa Quốc tế Vinmec Hải Phòng.\nNhững ngày đầu sau sinh mổ, cơ thể sản phụ còn rất yếu, vết mổ đau do đó cần có chế độ chăm sóc phù hợp để phục hồi vết mổ và sức khỏe nhanh chóng.']","Có, tập luyện giúp thu nhỏ âm đạo, tăng sức mạn cơ vùng chậu, từ đó cải thiện chức năng tình dục và tăng cảm giác trong quan hệ vợ chồng.","Ngoài việc cải thiện chuyện tiểu tiện, tập phục hồi sàn chậu có giúp ích j cho đời sống vợ chồng sau sinh k","['Hạn chế những tác động lên bầu ngực: Mẹ không nên mặc áo ngực quá ngực, không nằm sấp khi ngủ và cần hạn chế những tác động mạnh lên bầu ngực.\nTập luyện thể dục thể thao nhẹ nhàng: Mẹ có thể tham khảo các bộ môn nhẹ nhàng với phụ nữ sau sinh như yoga, kegel, đi bộ… ngoài việc hỗ trợ hoạt động sản xuất sữa mẹ, cải thiện sắc vóc còn mang đến nhiều lợi ích sức khỏe khác.', '\ufeffCâu hỏi: Sau sinh mẹ bị tiểu không tự chủ, có nguy hiểm không?\nTrả lời: Không nguy hiểm nhưng cần được điều trị. Tiểu không tự chủ sau sinh (nhất là sinh thường) do tổn thương cơ sàn chậu. Tập bài tập Kegel (siết cơ sàn chậu 3 giây, lặp 10 lần, 3 lần/ngày) trong 6 tháng thường cải thiện rõ rệt.\nNguồn: BV Tâm Anh — Đơn vị Niệu nữ; Vinmec — Phục hồi sàn chậu', 'bằng bài tập Kegel hay tập luyện với máy sẽ sớm giúp cải thiện các rối loạn chức năng do sa sàn chậu gây nên, từ đó cải thiện tình trạng bệnh và chất lượng cuộc sống ở người phụ nữ sau sinh đẻ.', '\ufeffCâu hỏi: Sau sinh bị đau lưng phải làm sao?\nTrả lời: Dùng đai lưng hỗ trợ, tập bài tập phục hồi nhẹ nhàng, tránh cúi gập người đột ngột, khi bế bé nhớ ngồi xuống rồi đứng lên. Nếu đau kéo dài hơn 3 tháng hoặc đau lan xuống chân cần khám vật lý trị liệu.\nNguồn: Vinmec — Phục hồi chức năng sau sinh', 'Hướng dẫn chăm sóc sản phụ trong tuần đầu tiên sau sinh mổ\nBài viết được tư vấn chuyên môn bởi Thạc sĩ, Bác sĩ Trịnh Thị Thanh Huyền - Khoa sản phụ khoa - Bệnh viện Đa khoa Quốc tế Vinmec Hải Phòng.\nNhững ngày đầu sau sinh mổ, cơ thể sản phụ còn rất yếu, vết mổ đau do đó cần có chế độ chăm sóc phù hợp để phục hồi vết mổ và sức khỏe nhanh chóng.']","Dựa trên tài liệu đã được cung cấp, tập phục hồi sàn chậu có thể giúp cải thiện các rối loạn chức năng do sa sàn chậu gây nên, từ đó cải thiện chất lượng cuộc sống ở người phụ nữ sau sinh đẻ.

- Tập phục hồi sàn chậu giúp cải thiện chức năng tiểu tiện.
- Cải thiện chất lượng cuộc sống ở người phụ nữ sau sinh đẻ.
- Không có thông tin cụ thể về việc tập phục hồi sàn chậu giúp cải thiện đời sống vợ chồng sau sinh.
- Cần tham khảo ý kiến của bác sĩ để có chế độ chăm sóc phù hợp.",0.75,1.0,0.0,0.9999999999666667
" Em bị trĩ sau sinh và đi ngoài ra máu, tình trạng này có tự hết k hay em fải can thiệp phẫu thuật","Câu trả lời không được tìm thấy trong tài liệu đã cung cấp. Tuy nhiên, có thể dựa trên thông tin từ Tài liệu 2:

- Uống nhiều nước (2–3 lít/ngày), ăn nhiều rau xanh và chất xơ, tránh rặn mạnh khi đi vệ sinh.
- Ngâm hậu môn nước ấm 10–15 phút/lần, 2–3 lần/ngày.
- Nặng hơn cần khám bác sĩ để dùng thuốc đặt hoặc can thiệp.

Tình trạng đi ngoài ra máu có thể là dấu hiệu của bệnh trĩ nặng, và cần được can thiệp để tránh gây ra các biến chứng nghiêm trọng.","['\ufeffCâu hỏi: Mẹ bị sa tử cung sau sinh có dấu hiệu gì?\nTrả lời: Cảm giác nặng, vướng vùng âm hộ, nhìn thấy hoặc sờ thấy khối sa ra ngoài, tiểu không tự chủ, đại tiện khó. Cần khám sớm, tránh làm việc nặng, nâng đồ. Điều trị bằng tập Kegel hoặc phẫu thuật tùy mức độ.\nNguồn: BV Tâm Anh; Vinmec — Phục hồi sàn chậu', '\ufeffCâu hỏi: Mẹ sau sinh bị trĩ phải làm gì?\nTrả lời: Uống nhiều nước (2–3 lít/ngày), ăn nhiều rau xanh và chất xơ, tránh rặn mạnh khi đi vệ sinh. Ngâm hậu môn nước ấm 10–15 phút/lần, 2–3 lần/ngày. Nặng hơn cần khám bác sĩ để dùng thuốc đặt hoặc can thiệp.\nNguồn: BV Từ Dũ — Chăm sóc hậu sản', '- Ngôi không có chỉ định đẻ đường âm đạo. \n- Rau tiền đạo. \n- Rau bong non. \n- Suy thai cấp và mạn tính. \n- Không có phòng phẫu thuật, bác sĩ và phương tiện phẫu thuật. \n- Để xử trí tích cực giai đoạn 3 của chuyển dạ (xem bài“Đỡ đẻ thường ngôi chỏm”). \n- Để phòng và điều trị băng huyết do đờ tử cung (xem bài “Chảy máu sau đẻ”).', '12 \n \n \nTừ tuần thứ 2 đến hết đến hết 6 tuần sau sinh \n- Toàn trạng: nhiệt độ, sắc mặt, hơi thở;  \n- Sản dịch: thanh dịch và hết \n- Tử cung: ấn không đau,kích thư ớc tử cung giảm dần \nvà nấp dưới khớpvệ \n- Đại tiểu tiện : phát hiện và xử trí tình trạng táo bón \n- NCBSM \nPhát hiện dấu hiệu bất thường: Đau b ụng; ra máu, m ệt \nmỏi; mất sữa', '\ufeffCâu hỏi: Chatbot này tư vấn được những vấn đề gì về sau sinh?\nTrả lời: Chatbot tư vấn hỗ trợ chăm sóc mẹ bỉm sau sinh, bao gồm: chăm sóc hậu sản, nuôi con bằng sữa mẹ, dinh dưỡng mẹ và bé, sức khỏe tâm lý (trầm cảm sau sinh), chăm sóc trẻ sơ sinh, bệnh lý hậu sản thường gặp. Mọi tư vấn chỉ mang tính tham khảo, không thay thế khám bác sĩ.\nNguồn: Hệ thống Chatbot RAG — Đồ án tốt nghiệp CTU 2025']","Bạn nên ăn nhiều chất xơ, uống nhiều nước và ngâm hậu môn nước ấm; nếu tình trạng đau rát và chảy máu không giảm, hãy đi khám chuyên khoa."," Em bị trĩ sau sinh và đi ngoài ra máu, tình trạng này có tự hết k hay em fải can thiệp phẫu thuật","['\ufeffCâu hỏi: Mẹ bị sa tử cung sau sinh có dấu hiệu gì?\nTrả lời: Cảm giác nặng, vướng vùng âm hộ, nhìn thấy hoặc sờ thấy khối sa ra ngoài, tiểu không tự chủ, đại tiện khó. Cần khám sớm, tránh làm việc nặng, nâng đồ. Điều trị bằng tập Kegel hoặc phẫu thuật tùy mức độ.\nNguồn: BV Tâm Anh; Vinmec — Phục hồi sàn chậu', '\ufeffCâu hỏi: Mẹ sau sinh bị trĩ phải làm gì?\nTrả lời: Uống nhiều nước (2–3 lít/ngày), ăn nhiều rau xanh và chất xơ, tránh rặn mạnh khi đi vệ sinh. Ngâm hậu môn nước ấm 10–15 phút/lần, 2–3 lần/ngày. Nặng hơn cần khám bác sĩ để dùng thuốc đặt hoặc can thiệp.\nNguồn: BV Từ Dũ — Chăm sóc hậu sản', '- Ngôi không có chỉ định đẻ đường âm đạo. \n- Rau tiền đạo. \n- Rau bong non. \n- Suy thai cấp và mạn tính. \n- Không có phòng phẫu thuật, bác sĩ và phương tiện phẫu thuật. \n- Để xử trí tích cực giai đoạn 3 của chuyển dạ (xem bài“Đỡ đẻ thường ngôi chỏm”). \n- Để phòng và điều trị băng huyết do đờ tử cung (xem bài “Chảy máu sau đẻ”).', '12 \n \n \nTừ tuần thứ 2 đến hết đến hết 6 tuần sau sinh \n- Toàn trạng: nhiệt độ, sắc mặt, hơi thở;  \n- Sản dịch: thanh dịch và hết \n- Tử cung: ấn không đau,kích thư ớc tử cung giảm dần \nvà nấp dưới khớpvệ \n- Đại tiểu tiện : phát hiện và xử trí tình trạng táo bón \n- NCBSM \nPhát hiện dấu hiệu bất thường: Đau b ụng; ra máu, m ệt \nmỏi; mất sữa', '\ufeffCâu hỏi: Chatbot này tư vấn được những vấn đề gì về sau sinh?\nTrả lời: Chatbot tư vấn hỗ trợ chăm sóc mẹ bỉm sau sinh, bao gồm: chăm sóc hậu sản, nuôi con bằng sữa mẹ, dinh dưỡng mẹ và bé, sức khỏe tâm lý (trầm cảm sau sinh), chăm sóc trẻ sơ sinh, bệnh lý hậu sản thường gặp. Mọi tư vấn chỉ mang tính tham khảo, không thay thế khám bác sĩ.\nNguồn: Hệ thống Chatbot RAG — Đồ án tốt nghiệp CTU 2025']","Câu trả lời không được tìm thấy trong tài liệu đã cung cấp. Tuy nhiên, có thể dựa trên thông tin từ Tài liệu 2:

- Uống nhiều nước (2–3 lít/ngày), ăn nhiều rau xanh và chất xơ, tránh rặn mạnh khi đi vệ sinh.
- Ngâm hậu môn nước ấm 10–15 phút/lần, 2–3 lần/ngày.
- Nặng hơn cần khám bác sĩ để dùng thuốc đặt hoặc can thiệp.

Tình trạng đi ngoài ra máu có thể là dấu hiệu của bệnh trĩ nặng, và cần được can thiệp để tránh gây ra các biến chứng nghiêm trọng.",0.6153846153846154,0.3333333333333333,0.45138343026401395,0.0
Nguyên nhân phổ biến nhất gây băng huyết sau sinh là j các Mom,"Dựa trên tài liệu, nguyên nhân phổ biến nhất gây băng huyết sau sinh là đờ tử cung, chiếm khoảng 80% tổng số ca sinh.","['• Băng huyết sau sinh muộn (hay thứ phát): xảy ra từ 24 giờ đến 6 tuần sau sinh. \nBăng huyết sau sinh nguyên phát chiếm 4- 6% tổng số ca sinh, trong đó đờ tử cung là \nnguyên nhân thường gặp nhất chiếm khoảng 80% \nƯớc tính mỗi năm trên thế giới có khoảng 140.000 trường hợp tử vong vì băng huyết \nsau sinh nặng. \nII. TRIỆU CHỨNG', 'Trầm cảm sau sinh xảy ra khi nào?\nTrầm cảm sau sinh có thể xảy ra trong vòng 1 năm sau khi sinh con, nhưng thường bắt đầu khoảng 1–3 tuần sau khi sinh.\nNguyên nhân gây ra chứng trầm cảm sau sinh là gì?\nTrầm cảm sau sinh có thể là do sự kết hợp của nhiều yếu tố. Các yếu tố này bao gồm:\nNguyên nhân gây ra chứng trầm cảm sau sinh là gì?', 'Có thể bạn quan tâm: Lợi ích khi nuôi con bằng sữa mẹ\nNguyên nhân dẫn đến tắc tuyến sữa sau sinh\nCó nhiều nguyên nhân dẫn đến hiện tượng tắc tuyến sữa sau sinh, thường gặp nhất là:', 'Có nhiều nguyên nhân dẫn đến hiện tượng tắc tuyến sữa sau sinh, thường gặp nhất là:\nMột số mẹ gặp phải tình trạng tắc tia sữa sau sinh khi sữa được sản xuất rất nhiều trong bầu ngực nhưng chưa thể chảy ra ngoài do bé chưa ngậm đúng khớp ngậm sữa không thoát ra ngoài, bị ứ đọng khiến bầu ngực căng cứng và tắc tia sữa.', '\ufeffCâu hỏi: Chatbot này tư vấn được những vấn đề gì về sau sinh?\nTrả lời: Chatbot tư vấn hỗ trợ chăm sóc mẹ bỉm sau sinh, bao gồm: chăm sóc hậu sản, nuôi con bằng sữa mẹ, dinh dưỡng mẹ và bé, sức khỏe tâm lý (trầm cảm sau sinh), chăm sóc trẻ sơ sinh, bệnh lý hậu sản thường gặp. Mọi tư vấn chỉ mang tính tham khảo, không thay thế khám bác sĩ.\nNguồn: Hệ thống Chatbot RAG — Đồ án tốt nghiệp CTU 2025']","Đờ tử cung là nguyên nhân thường gặp nhất, chiếm khoảng 80% các trường hợp.",Nguyên nhân phổ biến nhất gây băng huyết sau sinh là j các Mom,"['• Băng huyết sau sinh muộn (hay thứ phát): xảy ra từ 24 giờ đến 6 tuần sau sinh. \nBăng huyết sau sinh nguyên phát chiếm 4- 6% tổng số ca sinh, trong đó đờ tử cung là \nnguyên nhân thường gặp nhất chiếm khoảng 80% \nƯớc tính mỗi năm trên thế giới có khoảng 140.000 trường hợp tử vong vì băng huyết \nsau sinh nặng. \nII. TRIỆU CHỨNG', 'Trầm cảm sau sinh xảy ra khi nào?\nTrầm cảm sau sinh có thể xảy ra trong vòng 1 năm sau khi sinh con, nhưng thường bắt đầu khoảng 1–3 tuần sau khi sinh.\nNguyên nhân gây ra chứng trầm cảm sau sinh là gì?\nTrầm cảm sau sinh có thể là do sự kết hợp của nhiều yếu tố. Các yếu tố này bao gồm:\nNguyên nhân gây ra chứng trầm cảm sau sinh là gì?', 'Có thể bạn quan tâm: Lợi ích khi nuôi con bằng sữa mẹ\nNguyên nhân dẫn đến tắc tuyến sữa sau sinh\nCó nhiều nguyên nhân dẫn đến hiện tượng tắc tuyến sữa sau sinh, thường gặp nhất là:', 'Có nhiều nguyên nhân dẫn đến hiện tượng tắc tuyến sữa sau sinh, thường gặp nhất là:\nMột số mẹ gặp phải tình trạng tắc tia sữa sau sinh khi sữa được sản xuất rất nhiều trong bầu ngực nhưng chưa thể chảy ra ngoài do bé chưa ngậm đúng khớp ngậm sữa không thoát ra ngoài, bị ứ đọng khiến bầu ngực căng cứng và tắc tia sữa.', '\ufeffCâu hỏi: Chatbot này tư vấn được những vấn đề gì về sau sinh?\nTrả lời: Chatbot tư vấn hỗ trợ chăm sóc mẹ bỉm sau sinh, bao gồm: chăm sóc hậu sản, nuôi con bằng sữa mẹ, dinh dưỡng mẹ và bé, sức khỏe tâm lý (trầm cảm sau sinh), chăm sóc trẻ sơ sinh, bệnh lý hậu sản thường gặp. Mọi tư vấn chỉ mang tính tham khảo, không thay thế khám bác sĩ.\nNguồn: Hệ thống Chatbot RAG — Đồ án tốt nghiệp CTU 2025']","Dựa trên tài liệu, nguyên nhân phổ biến nhất gây băng huyết sau sinh là đờ tử cung, chiếm khoảng 80% tổng số ca sinh.",1.0,1.0,0.8527245528286315,0.9999999999
Sưa mẹ vắt ra có thể bảo quản ở nhiệt độ thường trong bao lâu,"Theo tài liệu 4, mẹ có thể bảo quản sữa mẹ đã vắt ở nhiệt độ thường trong 8 giờ.","['Bảo quản sữa mẹ đã vắt như thế nào?\nMục lục\nTrước khi vắt sữa mẹ\nBảo quản sữa mẹ sau khi vắt sữa\nĐiều kiện bảo quản sữa mẹ mới vắt tốt nhất\nLưu ý khi cất trữ sữa mẹ\nLưu ý khi đông lạnh sữa mẹ\nSữa mẹ đã rã đông có mùi hoặc trông khác với sữa mẹ tươi không?\nNuôi con bằng sữa mẹ trữ đông\nVệ sinh an toàn các vật dụng cho trẻ sơ sinh và thiết bị hút sữa', 'Sữa mẹ có thể được bảo quản trong túi đá giữ nhiệt tối đa 24 giờ nếu bạn đi du lịch hoặc vận chuyển sữa đến nơi khác, sau đó hãy bảo quản trong tủ đông nếu chưa dùng đến.\nCó thể bảo quản sữa mẹ vắt ra trong túi đá giữ nhiệt tối đa 24 giờ\nRã đông sữa mẹ an toàn\n-Luôn luôn rã đông sữa mẹ cũ nhất trước. Theo thời gian, chất lượng sữa mẹ có thể giảm xuống.\n-Một số cách rã đông sữa mẹ:', 'Bạn đang nuôi con bằng sữa mẹ và chuẩn đi làm trở lại, muốn linh hoạt trong việc cho con bú bạn có thể cân nhắc vắt sữa cho con bằng tay hoặc sử dụng thiết bị hút sữa. Và khi bạn bắt đầu vắt sữa, điều quan trọng là phải biết cách bảo quản sữa đã vắt ra như thế nào để đảm bảo chất lượng sữa mẹ, tránh lãng phí, giúp mẹ tự tin duy trì nguồn sữa mẹ để nuôi con sau khoảng thời gian nghỉ hậu sản trở', '95 \n \n- Chỉ khi nào cảm thấy sức khỏe đã ổn định, không còn \nđau đ ớn, tâm lý cũng đã s ẵn sàng và có c ảm h ứng cho \nchuyện “yêu” thì mới có thể quan hệ trở lạ \nBà mẹ phải làm th ế nào để đảm bảo bé có th ể ăn sữa mẹ \ntrong thời gian đi làm? \n- Vắt sữa: bằng tay hoặc bằng máy \n- Bảo qu ản s ữa: ở nhiệt đ ộ thường trong 8 gi ờ, ngăn \nmát tủ lạnh trong 48 giờ, ngăn đông tủ lạnh trong một tháng.', 'lượng sữa mẹ, tránh lãng phí, giúp mẹ tự tin duy trì nguồn sữa mẹ để nuôi con sau khoảng thời gian nghỉ hậu sản trở lại với công việc và đảm bảo an toàn cho trẻ. Một số lưu ý bảo quản sữa mẹ đã vắt như sau:']",Chỉ nên để sữa lâu nhất khoảng 3 giờ sau khi vắt.,Sưa mẹ vắt ra có thể bảo quản ở nhiệt độ thường trong bao lâu,"['Bảo quản sữa mẹ đã vắt như thế nào?\nMục lục\nTrước khi vắt sữa mẹ\nBảo quản sữa mẹ sau khi vắt sữa\nĐiều kiện bảo quản sữa mẹ mới vắt tốt nhất\nLưu ý khi cất trữ sữa mẹ\nLưu ý khi đông lạnh sữa mẹ\nSữa mẹ đã rã đông có mùi hoặc trông khác với sữa mẹ tươi không?\nNuôi con bằng sữa mẹ trữ đông\nVệ sinh an toàn các vật dụng cho trẻ sơ sinh và thiết bị hút sữa', 'Sữa mẹ có thể được bảo quản trong túi đá giữ nhiệt tối đa 24 giờ nếu bạn đi du lịch hoặc vận chuyển sữa đến nơi khác, sau đó hãy bảo quản trong tủ đông nếu chưa dùng đến.\nCó thể bảo quản sữa mẹ vắt ra trong túi đá giữ nhiệt tối đa 24 giờ\nRã đông sữa mẹ an toàn\n-Luôn luôn rã đông sữa mẹ cũ nhất trước. Theo thời gian, chất lượng sữa mẹ có thể giảm xuống.\n-Một số cách rã đông sữa mẹ:', 'Bạn đang nuôi con bằng sữa mẹ và chuẩn đi làm trở lại, muốn linh hoạt trong việc cho con bú bạn có thể cân nhắc vắt sữa cho con bằng tay hoặc sử dụng thiết bị hút sữa. Và khi bạn bắt đầu vắt sữa, điều quan trọng là phải biết cách bảo quản sữa đã vắt ra như thế nào để đảm bảo chất lượng sữa mẹ, tránh lãng phí, giúp mẹ tự tin duy trì nguồn sữa mẹ để nuôi con sau khoảng thời gian nghỉ hậu sản trở', '95 \n \n- Chỉ khi nào cảm thấy sức khỏe đã ổn định, không còn \nđau đ ớn, tâm lý cũng đã s ẵn sàng và có c ảm h ứng cho \nchuyện “yêu” thì mới có thể quan hệ trở lạ \nBà mẹ phải làm th ế nào để đảm bảo bé có th ể ăn sữa mẹ \ntrong thời gian đi làm? \n- Vắt sữa: bằng tay hoặc bằng máy \n- Bảo qu ản s ữa: ở nhiệt đ ộ thường trong 8 gi ờ, ngăn \nmát tủ lạnh trong 48 giờ, ngăn đông tủ lạnh trong một tháng.', 'lượng sữa mẹ, tránh lãng phí, giúp mẹ tự tin duy trì nguồn sữa mẹ để nuôi con sau khoảng thời gian nghỉ hậu sản trở lại với công việc và đảm bảo an toàn cho trẻ. Một số lưu ý bảo quản sữa mẹ đã vắt như sau:']","Theo tài liệu 4, mẹ có thể bảo quản sữa mẹ đã vắt ở nhiệt độ thường trong 8 giờ.",0.6666666666666666,0.0,0.602059701490192,0.9999999999
"Bé con 3 tháng tuổi bị sốt 38.5 độ sau khi tiêm chủng về, em nên dùng thuốc hạ sốt liều lượng ntn là an toàn","Tôi không tìm thấy thông tin cụ thể về liều lượng thuốc hạ sốt cho trẻ 3 tháng tuổi trong tài liệu. Tuy nhiên, tài liệu 5 cho biết:

* Chỉ cho trẻ uống thuốc hạ sốt khi trẻ bị sốt trên 38.5 độ C
* Tham khảo liều lượng theo yếu tố cân nặng và chiều cao của trẻ

Tôi khuyên bạn nên tham khảo ý kiến của bác sĩ hoặc chuyên gia y tế để được tư vấn cụ thể về liều lượng thuốc hạ sốt cho bé.","['89 \n \nLỊCH TIÊM CHỦNG CHO BÉ \n \nLứa tuổi Tiêm chủng \n- Sơ sinh \n- 2 tháng tuổi \n \n \n- 3 tháng tuổi \n- 4 tháng tuổi \n \n- 9 tháng tuổi \n- BCG, viêm gan B lần 1 \n- DTC (Bạch hầu, Ho gà, U ốn ván) l ần \n1; Sốt bại liệt lần 1 ( Sabin), Viêm gan \nB lần 2 \n- DTC lần 2, sốt bại liệt lần 2 \n- DTC l ần 3, S ốt b ại li ệt l ần 3, Viêm \nganB lần 3 \n- Sởi \n- Từ 12 - 23 \ntháng tuổi \n- Từ 24- 35 \ntháng tuổi', '\uf075 Trẻ bị ốm nhẹ, có khuyết tật hoặc suy dinh dưỡng đi tiêm chủng đều an \ntoàn.  \nTrẻ dưới 2 tuổi cần được tiêm hoặc uống vắc xin theo đúng lịch như\nsau:\nSơ sinh (càng sớm càng tốt)Văc xin Viêm gan B mũi sơ sinh (tốt nhất là 24 giờ đầu sau khi sinh). BCG (phòng lao)\n2 tháng tuổi\n3 tháng tuổi\n4 tháng tuổi\n9 tháng tuổi\n18 tháng tuổi', 'Cách điều trị bệnh viêm da cơ địa trẻ 3 tháng tuổi\nHỏi\nChào bác sĩ ạ. Bé nhà em được 3 tháng tuổi rồi ạ. Bé nhà em có nổi nốt sần khắp người. Em có mang bé đi khám thì bác sĩ họ bảo bị viêm da cơ địa. Em xin hỏi cách điều trị bệnh viêm da cơ địa trẻ 3 tháng tuổi. Mong bác sĩ giải đáp cho em.\nThanh (1997)\nTrả lời', '\ufeffCâu hỏi: Bé 3 tháng quấy nhiều về chiều có bình thường không?\nTrả lời: Có thể là cơn khóc dạ đề (colic) — khóc dữ dội >3 giờ/ngày, >3 ngày/tuần, thường chiều tối. Nguyên nhân chưa rõ. Cách xử lý: bế bé đi lại, vỗ lưng nhẹ, tắm ấm, giảm kích thích. Thường tự hết trước 4 tháng.\nNguồn: BV Nhi Đồng 1; Vinmec', '• Đảm bảo phòng không quá nóng\n• Không cho trẻ chườm đá hoặc tắm lạnh \nđể hạ sốt vì chúng có thể gây ra hiện \ntượng co mạch và làm trẻ sốt cao hơn\n• Chỉ cho trẻ uống thuốc hạ sốt trong \ntrường hợp khi trẻ bị sốt trên 38.5 độ C, \nvà khi trẻ cáu kỉnh hoặc khó chịu. Tham \nkhảo liều lượng theo yếu tố cân nặng và \nchiều cao của trẻ\nKHI NÀO CẦN GIÚP ĐỠ\nGọi trợ giúp y tế nếu trẻ:']",Bạn có thể dùng paracetamol liều 10-15mg/kg cân nặng mỗi 4-6 tiếng; kết hợp lau mát bằng nước ấm và cho bé bú nhiều hơn để bù nước.,"Bé con 3 tháng tuổi bị sốt 38.5 độ sau khi tiêm chủng về, em nên dùng thuốc hạ sốt liều lượng ntn là an toàn","['89 \n \nLỊCH TIÊM CHỦNG CHO BÉ \n \nLứa tuổi Tiêm chủng \n- Sơ sinh \n- 2 tháng tuổi \n \n \n- 3 tháng tuổi \n- 4 tháng tuổi \n \n- 9 tháng tuổi \n- BCG, viêm gan B lần 1 \n- DTC (Bạch hầu, Ho gà, U ốn ván) l ần \n1; Sốt bại liệt lần 1 ( Sabin), Viêm gan \nB lần 2 \n- DTC lần 2, sốt bại liệt lần 2 \n- DTC l ần 3, S ốt b ại li ệt l ần 3, Viêm \nganB lần 3 \n- Sởi \n- Từ 12 - 23 \ntháng tuổi \n- Từ 24- 35 \ntháng tuổi', '\uf075 Trẻ bị ốm nhẹ, có khuyết tật hoặc suy dinh dưỡng đi tiêm chủng đều an \ntoàn.  \nTrẻ dưới 2 tuổi cần được tiêm hoặc uống vắc xin theo đúng lịch như\nsau:\nSơ sinh (càng sớm càng tốt)Văc xin Viêm gan B mũi sơ sinh (tốt nhất là 24 giờ đầu sau khi sinh). BCG (phòng lao)\n2 tháng tuổi\n3 tháng tuổi\n4 tháng tuổi\n9 tháng tuổi\n18 tháng tuổi', 'Cách điều trị bệnh viêm da cơ địa trẻ 3 tháng tuổi\nHỏi\nChào bác sĩ ạ. Bé nhà em được 3 tháng tuổi rồi ạ. Bé nhà em có nổi nốt sần khắp người. Em có mang bé đi khám thì bác sĩ họ bảo bị viêm da cơ địa. Em xin hỏi cách điều trị bệnh viêm da cơ địa trẻ 3 tháng tuổi. Mong bác sĩ giải đáp cho em.\nThanh (1997)\nTrả lời', '\ufeffCâu hỏi: Bé 3 tháng quấy nhiều về chiều có bình thường không?\nTrả lời: Có thể là cơn khóc dạ đề (colic) — khóc dữ dội >3 giờ/ngày, >3 ngày/tuần, thường chiều tối. Nguyên nhân chưa rõ. Cách xử lý: bế bé đi lại, vỗ lưng nhẹ, tắm ấm, giảm kích thích. Thường tự hết trước 4 tháng.\nNguồn: BV Nhi Đồng 1; Vinmec', '• Đảm bảo phòng không quá nóng\n• Không cho trẻ chườm đá hoặc tắm lạnh \nđể hạ sốt vì chúng có thể gây ra hiện \ntượng co mạch và làm trẻ sốt cao hơn\n• Chỉ cho trẻ uống thuốc hạ sốt trong \ntrường hợp khi trẻ bị sốt trên 38.5 độ C, \nvà khi trẻ cáu kỉnh hoặc khó chịu. Tham \nkhảo liều lượng theo yếu tố cân nặng và \nchiều cao của trẻ\nKHI NÀO CẦN GIÚP ĐỠ\nGọi trợ giúp y tế nếu trẻ:']","Tôi không tìm thấy thông tin cụ thể về liều lượng thuốc hạ sốt cho trẻ 3 tháng tuổi trong tài liệu. Tuy nhiên, tài liệu 5 cho biết:

* Chỉ cho trẻ uống thuốc hạ sốt khi trẻ bị sốt trên 38.5 độ C
* Tham khảo liều lượng theo yếu tố cân nặng và chiều cao của trẻ

Tôi khuyên bạn nên tham khảo ý kiến của bác sĩ hoặc chuyên gia y tế để được tư vấn cụ thể về liều lượng thuốc hạ sốt cho bé.",0.6,0.8333333333333334,0.7024244786541033,0.19999999998
"Làm sao để em biết mình đã mặc tã cho con vừa vặn, k quá chật gây lằn da nhưng cũng k quá lỏng làm tràn tã","Để xác định kích thước tã phù hợp cho em bé, bạn nên chú ý đến các dấu hiệu sau:

- Tã bó sát vòng eo và đùi của bé, để lại vết hằn trên da
- Phải dùng tới mép của băng dán mới giữ tã nằm đúng vị trí
- Kéo tã lên bị ngắn, lưng tã thấp dưới rốn
- Tràn tã thường xuyên
- Cân nặng của bé vượt quá mức được chỉ dẫn

Khi thấy các dấu hiệu trên, bạn nên thay đổi kích cỡ tã lớn hơn.","['Tràn tã thường xuyên\nCân nặng của bé vượt quá mức được chỉ dẫn\nCách chọn tã cho bé theo giới tính:\nBé gái: Thấm hút nhiều ở phần giữa và phía sau, hoặc tã quần có đường diềm để lót thêm tã vải bên trong\nBé trai: Bỉm có lớp lót phụ thêm ở phía trước, màng ngăn hai bên đảm bảo không tràn nước tiểu.\nHình dạng của tã theo giai đoạn:\nTrẻ sơ sinh: Thường dùng loại dán hai bên', 'Ba mẹ cần chú ý chọn bỉm theo cân nặng của trẻ \nLưu ý, nên thay đổi kích cỡ tã lớn hơn khi thấy các dấu hiệu sau:\nTã bó sát vòng eo và đùi của bé, để lại vết hằn trên da\nPhải dùng tới mép của băng dán mới giữ tã nằm đúng vị trí\nKéo tã lên bị ngắn, lưng tã thấp dưới rốn\nTràn tã thường xuyên\nCân nặng của bé vượt quá mức được chỉ dẫn\nCách chọn tã cho bé theo giới tính:', 'tháng. Sau đó, trẻ cần được cân và đo 6 tháng một lần.\n\uf076 Để cân và đo trẻ một cách chính xác cần:\n\uf075 Cởi bỏ hết quần, áo, dép, mũ, tất cho trẻ.\n\uf075 Chỉ sử dụng một chiếc cân và thước cho các lần cân.\n\uf076 Biểu đồ tăng trưởng:\n\uf075 Mỗi trẻ cần có một biểu đồ tăng trưởng riêng và gia đình giữ. Đánh dấu \ncân nặng và chiều cao của trẻ trên biểu đồ tăng trưởng. Nối các dấu chấm', 'Tã dùng một lần: Hướng dẫn lựa chọn\nNhững yếu tố cần chú ý khi mua tã thường là độ vừa vặn để bé luôn thoải mái, thấm hút tốt chống tràn và thoáng khí tránh hăm tã. Sau đây là hướng dẫn tổng quan về cách chọn tã cho bé dựa trên độ tuổi, cân nặng và nhu cầu riêng mà các mẹ có thể tham khảo.\nCách chọn bỉm cho trẻ theo độ tuổi:', 'Từ 3 tháng tuổi trở lên: Bé đi nặng ít hơn, chỉ khoảng 2 - 3 lần mỗi ngày, nhưng số lượng mỗi lần sẽ nhiều. Mẹ có thể cho bé đóng bỉm hoàn toàn mà không dùng tã giấy, hoặc dùng tã vải để vừa tiết kiệm vừa tránh hăm tã.\nCách chọn bỉm cho trẻ theo cân nặng:\nTã Newborn: Trẻ sơ sinh dưới 1 tháng tuổi và nhẹ hơn 5 kg\nSize S: Tùy theo mỗi hãng tã, có thể chia trong khoảng 0 - 8 kg']","Sau khi dán tã, bạn nên kiểm tra bằng cách luồn hai ngón tay vào giữa tã và bụng bé; nếu thấy thoải mái là tã đã vừa vặn.","Làm sao để em biết mình đã mặc tã cho con vừa vặn, k quá chật gây lằn da nhưng cũng k quá lỏng làm tràn tã","['Tràn tã thường xuyên\nCân nặng của bé vượt quá mức được chỉ dẫn\nCách chọn tã cho bé theo giới tính:\nBé gái: Thấm hút nhiều ở phần giữa và phía sau, hoặc tã quần có đường diềm để lót thêm tã vải bên trong\nBé trai: Bỉm có lớp lót phụ thêm ở phía trước, màng ngăn hai bên đảm bảo không tràn nước tiểu.\nHình dạng của tã theo giai đoạn:\nTrẻ sơ sinh: Thường dùng loại dán hai bên', 'Ba mẹ cần chú ý chọn bỉm theo cân nặng của trẻ \nLưu ý, nên thay đổi kích cỡ tã lớn hơn khi thấy các dấu hiệu sau:\nTã bó sát vòng eo và đùi của bé, để lại vết hằn trên da\nPhải dùng tới mép của băng dán mới giữ tã nằm đúng vị trí\nKéo tã lên bị ngắn, lưng tã thấp dưới rốn\nTràn tã thường xuyên\nCân nặng của bé vượt quá mức được chỉ dẫn\nCách chọn tã cho bé theo giới tính:', 'tháng. Sau đó, trẻ cần được cân và đo 6 tháng một lần.\n\uf076 Để cân và đo trẻ một cách chính xác cần:\n\uf075 Cởi bỏ hết quần, áo, dép, mũ, tất cho trẻ.\n\uf075 Chỉ sử dụng một chiếc cân và thước cho các lần cân.\n\uf076 Biểu đồ tăng trưởng:\n\uf075 Mỗi trẻ cần có một biểu đồ tăng trưởng riêng và gia đình giữ. Đánh dấu \ncân nặng và chiều cao của trẻ trên biểu đồ tăng trưởng. Nối các dấu chấm', 'Tã dùng một lần: Hướng dẫn lựa chọn\nNhững yếu tố cần chú ý khi mua tã thường là độ vừa vặn để bé luôn thoải mái, thấm hút tốt chống tràn và thoáng khí tránh hăm tã. Sau đây là hướng dẫn tổng quan về cách chọn tã cho bé dựa trên độ tuổi, cân nặng và nhu cầu riêng mà các mẹ có thể tham khảo.\nCách chọn bỉm cho trẻ theo độ tuổi:', 'Từ 3 tháng tuổi trở lên: Bé đi nặng ít hơn, chỉ khoảng 2 - 3 lần mỗi ngày, nhưng số lượng mỗi lần sẽ nhiều. Mẹ có thể cho bé đóng bỉm hoàn toàn mà không dùng tã giấy, hoặc dùng tã vải để vừa tiết kiệm vừa tránh hăm tã.\nCách chọn bỉm cho trẻ theo cân nặng:\nTã Newborn: Trẻ sơ sinh dưới 1 tháng tuổi và nhẹ hơn 5 kg\nSize S: Tùy theo mỗi hãng tã, có thể chia trong khoảng 0 - 8 kg']","Để xác định kích thước tã phù hợp cho em bé, bạn nên chú ý đến các dấu hiệu sau:

- Tã bó sát vòng eo và đùi của bé, để lại vết hằn trên da
- Phải dùng tới mép của băng dán mới giữ tã nằm đúng vị trí
- Kéo tã lên bị ngắn, lưng tã thấp dưới rốn
- Tràn tã thường xuyên
- Cân nặng của bé vượt quá mức được chỉ dẫn

Khi thấy các dấu hiệu trên, bạn nên thay đổi kích cỡ tã lớn hơn.",0.5714285714285714,1.0,0.22989327786756183,0.249999999975
Trẻ sơ sinh đc kđịnh nghĩa là trẻ trong độ tuổi nào z?,"Tôi xin lỗi, nhưng thông tin trong tài liệu không xác định rõ ràng độ tuổi của trẻ sơ sinh. Tuy nhiên, theo tài liệu 1, trẻ sơ sinh được định nghĩa là trẻ từ khi lọt lòng mẹ đến 28 ngày tuổi.","['CHĂM SÓC TRẺ SƠ SINH\nNHỮNG THÔNG TIN CẦN NHỚ VÀ NHỮNG VIỆC CẦN LÀM\n\uf076 Sự cần thiết của việc chăm sóc sức khoẻ trẻ sơ sinh\n\uf075 Trẻ sơ sinh là trẻ từ khi lọt lòng mẹ đến 28 ngày tuổi. Trẻ sơ sinh còn yếu ớt dễ bị \nmắc bệnh, nếu mắc thì bệnh thường nặng và dễ tử vong.\n\uf075 Ở nước ta mỗi ngày có 70 trẻ sơ sinh tử vong, trong số đó tử vong nhiều nhất là', '\uf075 Trẻ bị ốm nhẹ, có khuyết tật hoặc suy dinh dưỡng đi tiêm chủng đều an \ntoàn.  \nTrẻ dưới 2 tuổi cần được tiêm hoặc uống vắc xin theo đúng lịch như\nsau:\nSơ sinh (càng sớm càng tốt)Văc xin Viêm gan B mũi sơ sinh (tốt nhất là 24 giờ đầu sau khi sinh). BCG (phòng lao)\n2 tháng tuổi\n3 tháng tuổi\n4 tháng tuổi\n9 tháng tuổi\n18 tháng tuổi', '13\nChăm sóc cho trẻ sơ sinh ngay sau sinh\n• Hầu hết trẻ được sinh ra vẫn khỏe mạnh. Nhận ra sớm và điều trị 1 số \nvấn đề có thể có ảnh hưởng lớn đến sức khỏe của trẻ. Vì lý do này, \ncác quan sát cơ bản được thực hiện và ghi lại trên Biểu đồ quan sát \nvà phản ứng trẻ sơ sinh\n• Nhiệt độ của trẻ nên được đo 1-2 giờ đầu tiên sau sinh trước khi', 'Trẻ sơ sinh phát triển các kỹ năng khác nhau. Ở một số trẻ, một số kỹ năng của chúng có thể phát triển nhanh hơn so với những trẻ khác. Và một số trẻ không bao giờ thực sự có khả năng lăn lộn và lật. Tuy nhiên, đối với trẻ sinh non thì bạn nên nhớ rằng trẻ sinh non có thể đạt được mốc này và các mốc khác muộn hơn so với các bạn cùng tuổi.', 'Đối với những người quan sát kỹ trẻ từ bên ngoài, một đứa trẻ sơ sinh về cơ bản chưa có nhiều những sự nhận thức và tác động đến thế giới xung quanh. Bé chủ yếu sẽ chỉ nằm im một chỗ, ngoại trừ lúc khóc. Vì vậy, làm thế nào để cha mẹ hay người chăm sóc trẻ có thể kết nối với bé?']",Trẻ sơ sinh là trẻ từ khi lọt lòng mẹ đến 28 ngày tuổi.,Trẻ sơ sinh đc kđịnh nghĩa là trẻ trong độ tuổi nào z?,"['CHĂM SÓC TRẺ SƠ SINH\nNHỮNG THÔNG TIN CẦN NHỚ VÀ NHỮNG VIỆC CẦN LÀM\n\uf076 Sự cần thiết của việc chăm sóc sức khoẻ trẻ sơ sinh\n\uf075 Trẻ sơ sinh là trẻ từ khi lọt lòng mẹ đến 28 ngày tuổi. Trẻ sơ sinh còn yếu ớt dễ bị \nmắc bệnh, nếu mắc thì bệnh thường nặng và dễ tử vong.\n\uf075 Ở nước ta mỗi ngày có 70 trẻ sơ sinh tử vong, trong số đó tử vong nhiều nhất là', '\uf075 Trẻ bị ốm nhẹ, có khuyết tật hoặc suy dinh dưỡng đi tiêm chủng đều an \ntoàn.  \nTrẻ dưới 2 tuổi cần được tiêm hoặc uống vắc xin theo đúng lịch như\nsau:\nSơ sinh (càng sớm càng tốt)Văc xin Viêm gan B mũi sơ sinh (tốt nhất là 24 giờ đầu sau khi sinh). BCG (phòng lao)\n2 tháng tuổi\n3 tháng tuổi\n4 tháng tuổi\n9 tháng tuổi\n18 tháng tuổi', '13\nChăm sóc cho trẻ sơ sinh ngay sau sinh\n• Hầu hết trẻ được sinh ra vẫn khỏe mạnh. Nhận ra sớm và điều trị 1 số \nvấn đề có thể có ảnh hưởng lớn đến sức khỏe của trẻ. Vì lý do này, \ncác quan sát cơ bản được thực hiện và ghi lại trên Biểu đồ quan sát \nvà phản ứng trẻ sơ sinh\n• Nhiệt độ của trẻ nên được đo 1-2 giờ đầu tiên sau sinh trước khi', 'Trẻ sơ sinh phát triển các kỹ năng khác nhau. Ở một số trẻ, một số kỹ năng của chúng có thể phát triển nhanh hơn so với những trẻ khác. Và một số trẻ không bao giờ thực sự có khả năng lăn lộn và lật. Tuy nhiên, đối với trẻ sinh non thì bạn nên nhớ rằng trẻ sinh non có thể đạt được mốc này và các mốc khác muộn hơn so với các bạn cùng tuổi.', 'Đối với những người quan sát kỹ trẻ từ bên ngoài, một đứa trẻ sơ sinh về cơ bản chưa có nhiều những sự nhận thức và tác động đến thế giới xung quanh. Bé chủ yếu sẽ chỉ nằm im một chỗ, ngoại trừ lúc khóc. Vì vậy, làm thế nào để cha mẹ hay người chăm sóc trẻ có thể kết nối với bé?']","Tôi xin lỗi, nhưng thông tin trong tài liệu không xác định rõ ràng độ tuổi của trẻ sơ sinh. Tuy nhiên, theo tài liệu 1, trẻ sơ sinh được định nghĩa là trẻ từ khi lọt lòng mẹ đến 28 ngày tuổi.",0.0,1.0,0.7283919443514394,0.9999999999
"Sau sinh em bị đau khớp háng và vùng chậu mỗi khi đi lại, em có cần fải đi chụp X-quang để kiểm tra k","Không có thông tin trong tài liệu về việc chụp X-quang để kiểm tra đau khớp háng và vùng chậu sau sinh. Tuy nhiên, tài liệu 2 và 3 đề cập đến việc khám sớm và điều trị bằng tập Kegel hoặc phẫu thuật để tránh biến chứng sau sinh.

- Tài liệu 2: ""Cần khám sớm, tránh làm việc nặng, nâng đồ.""
- Tài liệu 3: ""Tập bài tập phục hồi nhẹ nhàng, tránh cúi gập người đột ngột.""

Do đó, không có thông tin cụ thể về việc chụp X-quang trong trường hợp này.","['\uf02b Trước khi thực hiện triệt sản nữ ở thời điểm không có thai: phẫu thuật viên cần thăm \nkhám vùng chậu để xác định kích thước tử cung, tính chất di động và vị trí của  tử \ncung để loại trừ những trường hợp viêm vùng chậu và khối  u vùng chậu. \n\uf02b Trước khi thực hiện triệt sản n ữ sau sinh và sau phá thai: phẫu thuật viên cần  thăm \nkhám kỹ để loại trừ những biến chứng sau sinh và sau phá thai.', '\ufeffCâu hỏi: Mẹ bị sa tử cung sau sinh có dấu hiệu gì?\nTrả lời: Cảm giác nặng, vướng vùng âm hộ, nhìn thấy hoặc sờ thấy khối sa ra ngoài, tiểu không tự chủ, đại tiện khó. Cần khám sớm, tránh làm việc nặng, nâng đồ. Điều trị bằng tập Kegel hoặc phẫu thuật tùy mức độ.\nNguồn: BV Tâm Anh; Vinmec — Phục hồi sàn chậu', '\ufeffCâu hỏi: Sau sinh bị đau lưng phải làm sao?\nTrả lời: Dùng đai lưng hỗ trợ, tập bài tập phục hồi nhẹ nhàng, tránh cúi gập người đột ngột, khi bế bé nhớ ngồi xuống rồi đứng lên. Nếu đau kéo dài hơn 3 tháng hoặc đau lan xuống chân cần khám vật lý trị liệu.\nNguồn: Vinmec — Phục hồi chức năng sau sinh', 'Trắc nghiệm: Đau lưng sau sinh mổ và những điều cần biết Sau sinh mổ, bà mẹ không chỉ đau đớn với vết khâu bụng dưới mà còn đối mặt với những cơn đau lưng. Mức độ đau lưng sau sinh mổ theo thống kê chiếm đến hơn 70% các trường hợp. Trả lời nhanh 5 câu hỏi trắc nghiệm sau sẽ giúp bạn có thêm kiến thức để hạn chế tình trạng này.', '- Nếu thấy có u cục ở vú, u cục đó có kích thước cố định hay to lên trước khi có kinh và \nnhỏ đi sau khi hết kinh?  \n- Bản thân hoặc gia đình có ai bị các bệnh về vú trước đây không?  \n- Hướng dẫn khách hàng bỏ áo, ngồi lên bàn khám buông hai tay hai bên. \n- Nếu có vết loét và/hoặc vú tiết dịch cần mang găng sạch vào cả hai tay.']","Đau vùng chậu thường do giãn dây chằng lúc mang thai; nếu đau dữ dội ảnh hưởng vận động, bạn nên đi khám chuyên khoa sản để được đánh giá lại sàn chậu.","Sau sinh em bị đau khớp háng và vùng chậu mỗi khi đi lại, em có cần fải đi chụp X-quang để kiểm tra k","['\uf02b Trước khi thực hiện triệt sản nữ ở thời điểm không có thai: phẫu thuật viên cần thăm \nkhám vùng chậu để xác định kích thước tử cung, tính chất di động và vị trí của  tử \ncung để loại trừ những trường hợp viêm vùng chậu và khối  u vùng chậu. \n\uf02b Trước khi thực hiện triệt sản n ữ sau sinh và sau phá thai: phẫu thuật viên cần  thăm \nkhám kỹ để loại trừ những biến chứng sau sinh và sau phá thai.', '\ufeffCâu hỏi: Mẹ bị sa tử cung sau sinh có dấu hiệu gì?\nTrả lời: Cảm giác nặng, vướng vùng âm hộ, nhìn thấy hoặc sờ thấy khối sa ra ngoài, tiểu không tự chủ, đại tiện khó. Cần khám sớm, tránh làm việc nặng, nâng đồ. Điều trị bằng tập Kegel hoặc phẫu thuật tùy mức độ.\nNguồn: BV Tâm Anh; Vinmec — Phục hồi sàn chậu', '\ufeffCâu hỏi: Sau sinh bị đau lưng phải làm sao?\nTrả lời: Dùng đai lưng hỗ trợ, tập bài tập phục hồi nhẹ nhàng, tránh cúi gập người đột ngột, khi bế bé nhớ ngồi xuống rồi đứng lên. Nếu đau kéo dài hơn 3 tháng hoặc đau lan xuống chân cần khám vật lý trị liệu.\nNguồn: Vinmec — Phục hồi chức năng sau sinh', 'Trắc nghiệm: Đau lưng sau sinh mổ và những điều cần biết Sau sinh mổ, bà mẹ không chỉ đau đớn với vết khâu bụng dưới mà còn đối mặt với những cơn đau lưng. Mức độ đau lưng sau sinh mổ theo thống kê chiếm đến hơn 70% các trường hợp. Trả lời nhanh 5 câu hỏi trắc nghiệm sau sẽ giúp bạn có thêm kiến thức để hạn chế tình trạng này.', '- Nếu thấy có u cục ở vú, u cục đó có kích thước cố định hay to lên trước khi có kinh và \nnhỏ đi sau khi hết kinh?  \n- Bản thân hoặc gia đình có ai bị các bệnh về vú trước đây không?  \n- Hướng dẫn khách hàng bỏ áo, ngồi lên bàn khám buông hai tay hai bên. \n- Nếu có vết loét và/hoặc vú tiết dịch cần mang găng sạch vào cả hai tay.']","Không có thông tin trong tài liệu về việc chụp X-quang để kiểm tra đau khớp háng và vùng chậu sau sinh. Tuy nhiên, tài liệu 2 và 3 đề cập đến việc khám sớm và điều trị bằng tập Kegel hoặc phẫu thuật để tránh biến chứng sau sinh.

- Tài liệu 2: ""Cần khám sớm, tránh làm việc nặng, nâng đồ.""
- Tài liệu 3: ""Tập bài tập phục hồi nhẹ nhàng, tránh cúi gập người đột ngột.""

Do đó, không có thông tin cụ thể về việc chụp X-quang trong trường hợp này.",0.4,0.2857142857142857,0.6841701195879333,0.4166666666458333
Khoảng bao nhiêu ngày thì cổ tử cung của em sẽ đóng kín hoàn toàn sau khi đẻ các v ạ,"Cổ tử cung đóng kín hoàn toàn sau 6 tuần sau sinh.

- Tử cung co hồi hoàn toàn sau 6 tuần.
- Thời kỳ hậu sản kéo dài 42 ngày (6 tuần) sau sinh.
- Tử cung co hồi hoàn toàn sau 6 tuần trở về kích thước bình thường.
- Thời kỳ hậu sản kéo dài 6 tuần sau sinh.","['\ufeffCâu hỏi: Tử cung co hồi sau sinh bao lâu?\nTrả lời: Tử cung co hồi hoàn toàn sau 6 tuần. Ngay sau sinh tử cung to bằng thai 20 tuần, sau 1 tuần to bằng thai 12 tuần, sau 6 tuần trở về kích thước bình thường. Cho con bú sớm giúp tử cung co hồi nhanh hơn.\nNguồn: BV Từ Dũ — Hướng dẫn hậu sản', '\ufeffCâu hỏi: Sau sinh bao lâu mới được quan hệ tình dục?\nTrả lời: Tối thiểu 6 tuần sau sinh (hết thời kỳ hậu sản) khi đã khám và được bác sĩ xác nhận vết thương lành. Sinh mổ nên đợi đủ 6–8 tuần. Dùng bao cao su trong 3 tháng đầu vì tử cung chưa phục hồi hoàn toàn.\nNguồn: Vinmec — Chăm sóc sau sinh mổ; BV Từ Dũ hậu sản', '\ufeffCâu hỏi: Thời kỳ hậu sản kéo dài bao lâu?\nTrả lời: Thời kỳ hậu sản kéo dài 42 ngày (6 tuần) sau sinh. Đây là giai đoạn cơ thể mẹ phục hồi về trạng thái trước khi mang thai, tử cung co hồi, sản dịch ra dần và tuyến sữa hoạt động.\nNguồn: BV Từ Dũ — Hướng dẫn hậu sản', 'giúp tránh nhiễm trùng và làm khô rốn vì càng ủ kín rốn càng \ndễ làm cho vi trùng phát triển.  \n- Cuống rốn thường rụng từ 10- 14 ngày sau sinh. \nCho trẻ ngủ \n Sơ sinh có th ể ngủ từ 16 đến 18 giờ mỗi ngày, nhưng \ntrẻ có thể sẽ không ngủ một giấc dài liên tục, hầu hết các giấc \nngủ chỉ kéo dài vài vài giờ.  \nCác cách cho trẻ ngủ: \n- Bảo đảm trẻ bú đủ trước khi ngủ và được thay tã khô', '| 297 \n- Sau sinh: ngay khi có sữa. \n- Trong vòng 5 ngày đầu tiên của chu kỳ kinh (kể cả những trường hợp sau sinh đã có kinh \nlại) hoặc trong vòng 6 tuần đầu sau sinh hoặc trong vòng 7 ngày sau phá thai. \n- Ở bất cứ thời điểm nào nếu biết chắc là không có thai. Cần phải sử dụng thêm BPTT hỗ']","Thông thường, cổ tử cung sẽ đóng kín sau khoảng 12 đến 13 ngày sau sinh.",Khoảng bao nhiêu ngày thì cổ tử cung của em sẽ đóng kín hoàn toàn sau khi đẻ các v ạ,"['\ufeffCâu hỏi: Tử cung co hồi sau sinh bao lâu?\nTrả lời: Tử cung co hồi hoàn toàn sau 6 tuần. Ngay sau sinh tử cung to bằng thai 20 tuần, sau 1 tuần to bằng thai 12 tuần, sau 6 tuần trở về kích thước bình thường. Cho con bú sớm giúp tử cung co hồi nhanh hơn.\nNguồn: BV Từ Dũ — Hướng dẫn hậu sản', '\ufeffCâu hỏi: Sau sinh bao lâu mới được quan hệ tình dục?\nTrả lời: Tối thiểu 6 tuần sau sinh (hết thời kỳ hậu sản) khi đã khám và được bác sĩ xác nhận vết thương lành. Sinh mổ nên đợi đủ 6–8 tuần. Dùng bao cao su trong 3 tháng đầu vì tử cung chưa phục hồi hoàn toàn.\nNguồn: Vinmec — Chăm sóc sau sinh mổ; BV Từ Dũ hậu sản', '\ufeffCâu hỏi: Thời kỳ hậu sản kéo dài bao lâu?\nTrả lời: Thời kỳ hậu sản kéo dài 42 ngày (6 tuần) sau sinh. Đây là giai đoạn cơ thể mẹ phục hồi về trạng thái trước khi mang thai, tử cung co hồi, sản dịch ra dần và tuyến sữa hoạt động.\nNguồn: BV Từ Dũ — Hướng dẫn hậu sản', 'giúp tránh nhiễm trùng và làm khô rốn vì càng ủ kín rốn càng \ndễ làm cho vi trùng phát triển.  \n- Cuống rốn thường rụng từ 10- 14 ngày sau sinh. \nCho trẻ ngủ \n Sơ sinh có th ể ngủ từ 16 đến 18 giờ mỗi ngày, nhưng \ntrẻ có thể sẽ không ngủ một giấc dài liên tục, hầu hết các giấc \nngủ chỉ kéo dài vài vài giờ.  \nCác cách cho trẻ ngủ: \n- Bảo đảm trẻ bú đủ trước khi ngủ và được thay tã khô', '| 297 \n- Sau sinh: ngay khi có sữa. \n- Trong vòng 5 ngày đầu tiên của chu kỳ kinh (kể cả những trường hợp sau sinh đã có kinh \nlại) hoặc trong vòng 6 tuần đầu sau sinh hoặc trong vòng 7 ngày sau phá thai. \n- Ở bất cứ thời điểm nào nếu biết chắc là không có thai. Cần phải sử dụng thêm BPTT hỗ']","Cổ tử cung đóng kín hoàn toàn sau 6 tuần sau sinh.

- Tử cung co hồi hoàn toàn sau 6 tuần.
- Thời kỳ hậu sản kéo dài 42 ngày (6 tuần) sau sinh.
- Tử cung co hồi hoàn toàn sau 6 tuần trở về kích thước bình thường.
- Thời kỳ hậu sản kéo dài 6 tuần sau sinh.",0.8333333333333334,0.0,0.7304088321567037,0.9999999999
Con em đang bị nấm miệng thì có cần fải tiệt trùng bình sưa hay núm vú giả kỹ hơn bình thường k,"Dựa trên tài liệu đã được cung cấp, có một số thông tin liên quan đến việc tiệt trùng bình sữa và núm vú giả:

- Tài liệu 1: Khử trùng và vệ sinh bình sữa hoặc ti giả không đúng cách có thể gây ra bệnh nấm miệng ở trẻ nhỏ.
- Tài liệu 2: Nếu bạn đang sử dụng máy hút sữa để vắt sữa, đảm bảo rằng bình đựng sữa đã được tiệt trùng đúng cách.
- Tài liệu 2: Núm và bình cần được rửa sạch, tiệt trùng và phơi khô trước khi sử dụng cho trẻ.

Tóm lại, để phòng ngừa bệnh nấm miệng ở trẻ nhỏ, đặc biệt là trong độ tuổi từ 0-2 tuổi, cần phải tiệt trùng bình sữa và núm vú giả kỹ hơn bình thường.","['Bệnh nấm miệng xảy ra khi trẻ tiếp xúc với nấm trong khi sinh\nDo sự thay đổi nội tiết tố ở trẻ\nThuốc kháng sinh của người mẹ, đặc biệt là khi mẹ đang cho con bú có thể thúc đẩy bệnh nấm miệng\nKhử trùng và vệ sinh bình sữa hoặc ti giả không đúng cách có thể gây ra bệnh nấm miệng ở trẻ nhỏ', 'Làm sạch núm vú trước khi cho con bú\nThuốc điều trị nấm miệng cho trẻ được dùng sau ăn\nNếu bạn đang sử dụng máy hút sữa để vắt sữa, đảm bảo rằng bình đựng sữa đã được tiệt trùng đúng cách\nNúm và bình cần được rửa sạch, tiệt trùng và phơi khô trước khi sử dụng cho trẻ', 'vắt bỏ sữa thừa, tránh ứ đọng sữa. \n- Thay đổi vị trí cho con bú, không sử dụng vú như một \nnúm vú giả. \n- Nếu sau khi th ử các biện pháp trong vòng 24 gi ờ, các \ntriệu chứng không cải thiện, phải được khám và điều trị.  \nÁp xe vú \nNguyên nhân \n- Bà mẹ cho con bú không đúng cách có thể gây nứt \nnúm vú hoặc răng của bé cắn vào núm vú. .. tạo điều kiện cho \nvi khuẩn xâm nhập vào vú.', '• Kiểm tra xem trẻ có bị tưa, đốm trắng ở miệng hoặc đốm nốt ở mông.\nĐiều trị \n• Điều trị nhiễm nấm Candida một cách triệt để cho cả 2 mẹ con\nPhòng bệnh \n• Không cho trẻ dùng núm vú ngậm giả, chắn núm vú.\n• Đối với các bà mẹ nhiễm HIV điều đặc biệt quan trọng là phải điều trị sớm \ncác tổn thương ở vú và miệng trẻ.', '\ufeffCâu hỏi: Tư thế cho con bú đúng là như thế nào?\nTrả lời: Bế bé sao cho: bụng bé áp sát bụng mẹ, đầu và thân thẳng hàng, mặt bé nhìn thẳng vào vú mẹ. Miệng bé ngậm hết quầng vú (không chỉ núm vú), môi dưới cong ra ngoài. Bé mút nuốt đều, không có tiếng tặc lưỡi.\nNguồn: BV Từ Dũ — Hướng dẫn nuôi con bằng sữa mẹ']","Có, việc vệ sinh và khử trùng bình sữa hoặc ti giả không đúng cách là yếu tố nguy cơ gây bệnh; bạn cần rửa sạch, tiệt trùng và phơi khô các vật dụng này trước khi cho bé sử dụng.",Con em đang bị nấm miệng thì có cần fải tiệt trùng bình sưa hay núm vú giả kỹ hơn bình thường k,"['Bệnh nấm miệng xảy ra khi trẻ tiếp xúc với nấm trong khi sinh\nDo sự thay đổi nội tiết tố ở trẻ\nThuốc kháng sinh của người mẹ, đặc biệt là khi mẹ đang cho con bú có thể thúc đẩy bệnh nấm miệng\nKhử trùng và vệ sinh bình sữa hoặc ti giả không đúng cách có thể gây ra bệnh nấm miệng ở trẻ nhỏ', 'Làm sạch núm vú trước khi cho con bú\nThuốc điều trị nấm miệng cho trẻ được dùng sau ăn\nNếu bạn đang sử dụng máy hút sữa để vắt sữa, đảm bảo rằng bình đựng sữa đã được tiệt trùng đúng cách\nNúm và bình cần được rửa sạch, tiệt trùng và phơi khô trước khi sử dụng cho trẻ', 'vắt bỏ sữa thừa, tránh ứ đọng sữa. \n- Thay đổi vị trí cho con bú, không sử dụng vú như một \nnúm vú giả. \n- Nếu sau khi th ử các biện pháp trong vòng 24 gi ờ, các \ntriệu chứng không cải thiện, phải được khám và điều trị.  \nÁp xe vú \nNguyên nhân \n- Bà mẹ cho con bú không đúng cách có thể gây nứt \nnúm vú hoặc răng của bé cắn vào núm vú. .. tạo điều kiện cho \nvi khuẩn xâm nhập vào vú.', '• Kiểm tra xem trẻ có bị tưa, đốm trắng ở miệng hoặc đốm nốt ở mông.\nĐiều trị \n• Điều trị nhiễm nấm Candida một cách triệt để cho cả 2 mẹ con\nPhòng bệnh \n• Không cho trẻ dùng núm vú ngậm giả, chắn núm vú.\n• Đối với các bà mẹ nhiễm HIV điều đặc biệt quan trọng là phải điều trị sớm \ncác tổn thương ở vú và miệng trẻ.', '\ufeffCâu hỏi: Tư thế cho con bú đúng là như thế nào?\nTrả lời: Bế bé sao cho: bụng bé áp sát bụng mẹ, đầu và thân thẳng hàng, mặt bé nhìn thẳng vào vú mẹ. Miệng bé ngậm hết quầng vú (không chỉ núm vú), môi dưới cong ra ngoài. Bé mút nuốt đều, không có tiếng tặc lưỡi.\nNguồn: BV Từ Dũ — Hướng dẫn nuôi con bằng sữa mẹ']","Dựa trên tài liệu đã được cung cấp, có một số thông tin liên quan đến việc tiệt trùng bình sữa và núm vú giả:

- Tài liệu 1: Khử trùng và vệ sinh bình sữa hoặc ti giả không đúng cách có thể gây ra bệnh nấm miệng ở trẻ nhỏ.
- Tài liệu 2: Nếu bạn đang sử dụng máy hút sữa để vắt sữa, đảm bảo rằng bình đựng sữa đã được tiệt trùng đúng cách.
- Tài liệu 2: Núm và bình cần được rửa sạch, tiệt trùng và phơi khô trước khi sử dụng cho trẻ.

Tóm lại, để phòng ngừa bệnh nấm miệng ở trẻ nhỏ, đặc biệt là trong độ tuổi từ 0-2 tuổi, cần phải tiệt trùng bình sữa và núm vú giả kỹ hơn bình thường.",1.0,0.8888888888888888,0.6510307414079939,0.9166666666361111
Tình trạng đau nhức toàn thân sau sinh của em khi nào thì đc coi là bất thường và cần đi khám ngay,"Theo tài liệu, sau sinh bị đau lưng phải làm sao? Dùng đai lưng hỗ trợ, tập bài tập phục hồi nhẹ nhàng, tránh cúi gập người đột ngột, khi bế bé nhớ ngồi xuống rồi đứng lên. Nếu đau kéo dài hơn 3 tháng hoặc đau lan xuống chân cần khám vật lý trị liệu.

Tuy nhiên, tài liệu không đề cập cụ thể về tình trạng đau nhức toàn thân sau sinh trong 6 tuần đầu sau sinh.","['Sau sinh, nhiều phụ nữ phải đối mặt với những cơn đau nhức mỏi toàn thân, đặc biệt là đau lưng và đau vai gáy. Tình trạng này kéo dài ảnh hưởng rất lớn tới sức khỏe và chất lượng cuộc sống. Những cơn đau nhức xương khớp diễn ra chỉ vài ngày sau khi sinh và kéo dài liên tục, thậm chí dai dẳng nhiều năm trời, nhất là với sản phụ sinh mổ. Nhiều bà mẹ cảm thấy đau lưng, khó khăn khi di chuyển, đứng', 'Đau hậu sản, bàng quang, chảy máu... là những vấn đề thường gặp nhất sau sinh thường. Chúng khiến các mẹ khó chịu, đau nhức và mệt mỏi. Nếu không may gặp phải các tình trạng này thì mẹ nên tham khảo ý kiến của bác sĩ chuyên khoa để có cách kiêng cữ sau sinh thường an toàn và giảm thiểu khó chịu một cách hiệu quả.', 'Lập kế hoạch sinh sản\nPhát hiện và điều trị trầm cảm sau sinh\nGiúp giảm cân và lấy lại vóc dáng\nHỗ trợ tài chính và pháp lý nếu hoàn cảnh khó khăn, làm mẹ đơn thân hoặc đang trong mối quan hệ lạm dụng\nĐảm bảo nguồn thực phẩm hoặc nhà ở đầy đủ.\nSàng lọc một số bệnh mãn tính thường xuyên, đặc biệt là nếu bạn có thai kỳ nguy cơ cao.', '\ufeffCâu hỏi: Sau sinh bị đau lưng phải làm sao?\nTrả lời: Dùng đai lưng hỗ trợ, tập bài tập phục hồi nhẹ nhàng, tránh cúi gập người đột ngột, khi bế bé nhớ ngồi xuống rồi đứng lên. Nếu đau kéo dài hơn 3 tháng hoặc đau lan xuống chân cần khám vật lý trị liệu.\nNguồn: Vinmec — Phục hồi chức năng sau sinh', '\ufeffCâu hỏi: Mẹ sau sinh nên khám hậu sản khi nào?\nTrả lời: Khám hậu sản lần 1: sau 1 tuần (kiểm tra vết mổ/tầng sinh môn). Lần 2: sau 6 tuần (đánh giá toàn diện: tử cung, sàn chậu, sức khỏe tâm lý, tư vấn tránh thai). Khám thêm bất cứ khi nào có dấu hiệu bất thường.\nNguồn: BV Từ Dũ; Vinmec — Chăm sóc hậu sản']","Nếu đau nhức đi kèm với sốt, sưng đỏ các khớp, đau dữ dội không giảm khi nghỉ ngơi hoặc yếu liệt chi, bạn cần đến bệnh viện chuyên khoa để kiểm tra kịp thời.",Tình trạng đau nhức toàn thân sau sinh của em khi nào thì đc coi là bất thường và cần đi khám ngay,"['Sau sinh, nhiều phụ nữ phải đối mặt với những cơn đau nhức mỏi toàn thân, đặc biệt là đau lưng và đau vai gáy. Tình trạng này kéo dài ảnh hưởng rất lớn tới sức khỏe và chất lượng cuộc sống. Những cơn đau nhức xương khớp diễn ra chỉ vài ngày sau khi sinh và kéo dài liên tục, thậm chí dai dẳng nhiều năm trời, nhất là với sản phụ sinh mổ. Nhiều bà mẹ cảm thấy đau lưng, khó khăn khi di chuyển, đứng', 'Đau hậu sản, bàng quang, chảy máu... là những vấn đề thường gặp nhất sau sinh thường. Chúng khiến các mẹ khó chịu, đau nhức và mệt mỏi. Nếu không may gặp phải các tình trạng này thì mẹ nên tham khảo ý kiến của bác sĩ chuyên khoa để có cách kiêng cữ sau sinh thường an toàn và giảm thiểu khó chịu một cách hiệu quả.', 'Lập kế hoạch sinh sản\nPhát hiện và điều trị trầm cảm sau sinh\nGiúp giảm cân và lấy lại vóc dáng\nHỗ trợ tài chính và pháp lý nếu hoàn cảnh khó khăn, làm mẹ đơn thân hoặc đang trong mối quan hệ lạm dụng\nĐảm bảo nguồn thực phẩm hoặc nhà ở đầy đủ.\nSàng lọc một số bệnh mãn tính thường xuyên, đặc biệt là nếu bạn có thai kỳ nguy cơ cao.', '\ufeffCâu hỏi: Sau sinh bị đau lưng phải làm sao?\nTrả lời: Dùng đai lưng hỗ trợ, tập bài tập phục hồi nhẹ nhàng, tránh cúi gập người đột ngột, khi bế bé nhớ ngồi xuống rồi đứng lên. Nếu đau kéo dài hơn 3 tháng hoặc đau lan xuống chân cần khám vật lý trị liệu.\nNguồn: Vinmec — Phục hồi chức năng sau sinh', '\ufeffCâu hỏi: Mẹ sau sinh nên khám hậu sản khi nào?\nTrả lời: Khám hậu sản lần 1: sau 1 tuần (kiểm tra vết mổ/tầng sinh môn). Lần 2: sau 6 tuần (đánh giá toàn diện: tử cung, sàn chậu, sức khỏe tâm lý, tư vấn tránh thai). Khám thêm bất cứ khi nào có dấu hiệu bất thường.\nNguồn: BV Từ Dũ; Vinmec — Chăm sóc hậu sản']","Theo tài liệu, sau sinh bị đau lưng phải làm sao? Dùng đai lưng hỗ trợ, tập bài tập phục hồi nhẹ nhàng, tránh cúi gập người đột ngột, khi bế bé nhớ ngồi xuống rồi đứng lên. Nếu đau kéo dài hơn 3 tháng hoặc đau lan xuống chân cần khám vật lý trị liệu.

Tuy nhiên, tài liệu không đề cập cụ thể về tình trạng đau nhức toàn thân sau sinh trong 6 tuần đầu sau sinh.",0.7,1.0,0.5627827896215908,0.0
" Tại sao sau khi sinh em lại thấy tức vùng bụng dưới, tia nước tiểu rất chậm và nhỏ giọt vạy ak","Tôi không tìm thấy thông tin liên quan trực tiếp đến câu hỏi trong tài liệu. Tuy nhiên, dựa trên các tài liệu đã được cung cấp, có thể thấy rằng sau khi sinh, mẹ có thể gặp phải các vấn đề như tắc tia sữa, tiểu tồn lưu, hoặc các triệu chứng khác liên quan đến hậu sản.

Dựa trên tài liệu TÀI LIỆU 3, có thể thấy rằng các triệu chứng như ""có cảm giác trằn nặng, căng, đau tức vùng hạ vị"" và ""tia nước tiểu chậm, nhỏ giọt hoặc ngắt quãng kéo dài"" có thể là do tiểu tồn lưu sau sinh.

Tuy nhiên, để có câu trả lời chính xác, tôi cần thêm thông tin hoặc tài liệu liên quan trực tiếp đến câu hỏi.","['Biểu hiện khi bị tắc tia sữa sau sinh\nBác sĩ Khánh Quyên cho biết, tình trạng tia sữa bị tắc có thể xảy ra bất cứ lúc nào dù mẹ mới bắt đầu cho con bú hoặc đã cho con bú được một thời gian. Vì thế, mẹ cần lưu ý những dấu hiệu dưới đây để nhận biết sớm tình trạng tắc tia sữa và can thiệp điều trị kịp thời, bao gồm: (3)\nKhông tiết sữa hoặc tiết sữa rất ít, kể cả khi mẹ chủ động vắt sữa.', 'Sau khi con chào đời, cơ thể mẹ bắt đầu khôi phục lại những gì đã thay đổi trong suốt thai kỳ và sinh nở. Số lượng rất lớn các nội tiết tố khi có thai có thể biến mất khiến cho giai đoạn hậu sản sau sinh thường rất mệt mỏi cho mẹ. Tuy nhiên, nếu biết cách chăm sóc sản phụ sau sinh thường thì mọi thứ sẽ được vượt qua dễ dàng.', 'bệnh thấy:\n\uf02b Không tiểu được, tiểu phải rặn hoặc ra rất ít, lắt nhắt nhiều lần\n\uf02b Tia nước tiểu chậm, nhỏ giọt hoặc ngắt quãng kéo dài\n\uf02b Có cảm giác trằn nặng, căng, đau tức vùng hạ vị\n\uf02b Không có cảm giác mắc tiểu, tiểu không hết…\n- Triệu chứng thực thể:\n\uf02b Có thể có khối cầu BQ\n\uf02b Có thể đáy tử cung bị đẩy lên cao\n- Xác định chẩn đoán: NTTL ≥ 150 mL bằng các phép đo như:\n\uf02b Thông tiểu', '\ufeffCâu hỏi: Tiểu tồn lưu sau sinh là gì và xử lý thế nào?\nTrả lời: Tiểu tồn lưu: không tiểu được hoặc tiểu rất ít sau 6 giờ (sinh thường) hoặc sau rút ống thông (sinh mổ). Thử ngồi ngâm nước ấm, bật vòi nước khi tiểu. Nếu >400ml trong bàng quang qua siêu âm → đặt lại ống thông tiểu.\nNguồn: Phác đồ Tiểu tồn lưu sau sinh — BV Từ Dũ', 'Tắc tia sữa là gì?\nTắc tia sữa còn gọi là tắc tuyến sữa hay tắc ống dẫn sữa, là tình trạng sữa mẹ bị ứ đọng bên trong các ống dẫn sữa ở bầu ngực mà không được đẩy ra ngoài, khiến việc cho con bú gặp nhiều khó khăn cũng như gây đau đớn cho người mẹ. Tình trạng này thường xảy ra ở sản phụ sau sinh khoảng 6-8 tuần hoặc bất kỳ thời điểm nào trong thời kỳ nuôi con bằng sữa mẹ.']",Có thể bạn đang gặp tình trạng tiểu tồn lưu có triệu chứng. Cảm giác căng tức hạ vị dữ dội kèm tia nước tiểu yếu thường do tắc nghẽn đường ra bàng quang hoặc bàng quang co bóp kém.," Tại sao sau khi sinh em lại thấy tức vùng bụng dưới, tia nước tiểu rất chậm và nhỏ giọt vạy ak","['Biểu hiện khi bị tắc tia sữa sau sinh\nBác sĩ Khánh Quyên cho biết, tình trạng tia sữa bị tắc có thể xảy ra bất cứ lúc nào dù mẹ mới bắt đầu cho con bú hoặc đã cho con bú được một thời gian. Vì thế, mẹ cần lưu ý những dấu hiệu dưới đây để nhận biết sớm tình trạng tắc tia sữa và can thiệp điều trị kịp thời, bao gồm: (3)\nKhông tiết sữa hoặc tiết sữa rất ít, kể cả khi mẹ chủ động vắt sữa.', 'Sau khi con chào đời, cơ thể mẹ bắt đầu khôi phục lại những gì đã thay đổi trong suốt thai kỳ và sinh nở. Số lượng rất lớn các nội tiết tố khi có thai có thể biến mất khiến cho giai đoạn hậu sản sau sinh thường rất mệt mỏi cho mẹ. Tuy nhiên, nếu biết cách chăm sóc sản phụ sau sinh thường thì mọi thứ sẽ được vượt qua dễ dàng.', 'bệnh thấy:\n\uf02b Không tiểu được, tiểu phải rặn hoặc ra rất ít, lắt nhắt nhiều lần\n\uf02b Tia nước tiểu chậm, nhỏ giọt hoặc ngắt quãng kéo dài\n\uf02b Có cảm giác trằn nặng, căng, đau tức vùng hạ vị\n\uf02b Không có cảm giác mắc tiểu, tiểu không hết…\n- Triệu chứng thực thể:\n\uf02b Có thể có khối cầu BQ\n\uf02b Có thể đáy tử cung bị đẩy lên cao\n- Xác định chẩn đoán: NTTL ≥ 150 mL bằng các phép đo như:\n\uf02b Thông tiểu', '\ufeffCâu hỏi: Tiểu tồn lưu sau sinh là gì và xử lý thế nào?\nTrả lời: Tiểu tồn lưu: không tiểu được hoặc tiểu rất ít sau 6 giờ (sinh thường) hoặc sau rút ống thông (sinh mổ). Thử ngồi ngâm nước ấm, bật vòi nước khi tiểu. Nếu >400ml trong bàng quang qua siêu âm → đặt lại ống thông tiểu.\nNguồn: Phác đồ Tiểu tồn lưu sau sinh — BV Từ Dũ', 'Tắc tia sữa là gì?\nTắc tia sữa còn gọi là tắc tuyến sữa hay tắc ống dẫn sữa, là tình trạng sữa mẹ bị ứ đọng bên trong các ống dẫn sữa ở bầu ngực mà không được đẩy ra ngoài, khiến việc cho con bú gặp nhiều khó khăn cũng như gây đau đớn cho người mẹ. Tình trạng này thường xảy ra ở sản phụ sau sinh khoảng 6-8 tuần hoặc bất kỳ thời điểm nào trong thời kỳ nuôi con bằng sữa mẹ.']","Tôi không tìm thấy thông tin liên quan trực tiếp đến câu hỏi trong tài liệu. Tuy nhiên, dựa trên các tài liệu đã được cung cấp, có thể thấy rằng sau khi sinh, mẹ có thể gặp phải các vấn đề như tắc tia sữa, tiểu tồn lưu, hoặc các triệu chứng khác liên quan đến hậu sản.

Dựa trên tài liệu TÀI LIỆU 3, có thể thấy rằng các triệu chứng như ""có cảm giác trằn nặng, căng, đau tức vùng hạ vị"" và ""tia nước tiểu chậm, nhỏ giọt hoặc ngắt quãng kéo dài"" có thể là do tiểu tồn lưu sau sinh.

Tuy nhiên, để có câu trả lời chính xác, tôi cần thêm thông tin hoặc tài liệu liên quan trực tiếp đến câu hỏi.",0.6666666666666666,1.0,0.0,0.4166666666458333
"Em có nên sử dụng núm vú giả để dỗ bé ngủ k, việc này có gây ảnh hưởng đến khớp cắn hay khiến bé bỏ bú mẹ k","Dựa trên tài liệu đã được cung cấp, tôi trả lời như sau:

- Sử dụng núm vú giả có thể khiến trẻ dễ từ chối vú mẹ khi cho trẻ bú mẹ (Tài liệu 2).
- Điều này sẽ làm trẻ sẽ bú ít đi, từ đó bầu vú bà mẹ sẽ giảm sản xuất sữa dẫn đến việc không đủ sữa (Tài liệu 2).
- Không có thông tin nào trong tài liệu cho thấy việc sử dụng núm vú giả gây ảnh hưởng đến khớp cắn.","['vắt bỏ sữa thừa, tránh ứ đọng sữa. \n- Thay đổi vị trí cho con bú, không sử dụng vú như một \nnúm vú giả. \n- Nếu sau khi th ử các biện pháp trong vòng 24 gi ờ, các \ntriệu chứng không cải thiện, phải được khám và điều trị.  \nÁp xe vú \nNguyên nhân \n- Bà mẹ cho con bú không đúng cách có thể gây nứt \nnúm vú hoặc răng của bé cắn vào núm vú. .. tạo điều kiện cho \nvi khuẩn xâm nhập vào vú.', 'khuẩn khiến trẻ dễ có nguy cơ mắc \nnhiễm khuẩn đường tiêu hóa.\nngậm giả nên dễ từ chối vú mẹ khi cho \ntrẻ bú mẹ. Điều này sẽ làm trẻ sẽ bú ít đi, \ntừ đó bầu vú bà mẹ sẽ giảm sản xuất sữa \ndẫn đến việc không đủ sữa.\nBất lợi khi cho trẻ bú bình và vú ngậm giả', '\ufeffCâu hỏi: Sinh mổ có ảnh hưởng đến sữa mẹ không?\nTrả lời: Sinh mổ khiến sữa về chậm hơn 1–3 ngày do thiếu hormone Prolactin và Oxytocin (không trải qua chuyển dạ). Cách khắc phục: cho bé bú sớm nhất có thể, dùng máy hút sữa sau 1–2 giờ nếu bé chưa bú được, massage bầu ngực, giữ tâm lý thoải mái.\nNguồn: Vinmec — Sinh mổ không có sữa', 'Viêm vú và tắc ống dẫn sữa\nNguyên nhân\n• Sữa lưu thông kém tại toàn bộ bầu \nvú là do bà mẹ không cho trẻ bú \nthường xuyên hoặc trẻ bú không hiệu \nquả. Trẻ ngậm bắt vú không đúng\n• Sữa lưu thông kém tại một phần vú\ncó thể do bú không hiệu quả, áo quá \nchật đè vào bầu vú, đặc biệt là áo nịt \nngực vào ban đêm, hoặc ngón tay bà \nmẹ kẹp vào bầu vú khi cho trẻ bú.\n• Trẻ ngậm bắt vú kém sẽ làm nứt núm', '\ufeffCâu hỏi: Bé từ chối bú mẹ phải làm sao?\nTrả lời: Thử cho bú khi bé buồn ngủ hoặc mới thức, bú trong phòng yên tĩnh ít kích thích. Kiểm tra lại tư thế. Đảm bảo bé không quá đói (quấy dữ sẽ khó bú). Tránh dùng bình bú song song để bé không nhầm lẫn núm vú.\nNguồn: BV Nhi Đồng 1; BV Từ Dũ']",Có thể dùng khi bé đã bú mẹ ổn định (sau 1 tháng); tuy nhiên không nên lạm dụng quá lâu để tránh ảnh hưởng đến cấu trúc hàm và sự gắn kết với mẹ.,"Em có nên sử dụng núm vú giả để dỗ bé ngủ k, việc này có gây ảnh hưởng đến khớp cắn hay khiến bé bỏ bú mẹ k","['vắt bỏ sữa thừa, tránh ứ đọng sữa. \n- Thay đổi vị trí cho con bú, không sử dụng vú như một \nnúm vú giả. \n- Nếu sau khi th ử các biện pháp trong vòng 24 gi ờ, các \ntriệu chứng không cải thiện, phải được khám và điều trị.  \nÁp xe vú \nNguyên nhân \n- Bà mẹ cho con bú không đúng cách có thể gây nứt \nnúm vú hoặc răng của bé cắn vào núm vú. .. tạo điều kiện cho \nvi khuẩn xâm nhập vào vú.', 'khuẩn khiến trẻ dễ có nguy cơ mắc \nnhiễm khuẩn đường tiêu hóa.\nngậm giả nên dễ từ chối vú mẹ khi cho \ntrẻ bú mẹ. Điều này sẽ làm trẻ sẽ bú ít đi, \ntừ đó bầu vú bà mẹ sẽ giảm sản xuất sữa \ndẫn đến việc không đủ sữa.\nBất lợi khi cho trẻ bú bình và vú ngậm giả', '\ufeffCâu hỏi: Sinh mổ có ảnh hưởng đến sữa mẹ không?\nTrả lời: Sinh mổ khiến sữa về chậm hơn 1–3 ngày do thiếu hormone Prolactin và Oxytocin (không trải qua chuyển dạ). Cách khắc phục: cho bé bú sớm nhất có thể, dùng máy hút sữa sau 1–2 giờ nếu bé chưa bú được, massage bầu ngực, giữ tâm lý thoải mái.\nNguồn: Vinmec — Sinh mổ không có sữa', 'Viêm vú và tắc ống dẫn sữa\nNguyên nhân\n• Sữa lưu thông kém tại toàn bộ bầu \nvú là do bà mẹ không cho trẻ bú \nthường xuyên hoặc trẻ bú không hiệu \nquả. Trẻ ngậm bắt vú không đúng\n• Sữa lưu thông kém tại một phần vú\ncó thể do bú không hiệu quả, áo quá \nchật đè vào bầu vú, đặc biệt là áo nịt \nngực vào ban đêm, hoặc ngón tay bà \nmẹ kẹp vào bầu vú khi cho trẻ bú.\n• Trẻ ngậm bắt vú kém sẽ làm nứt núm', '\ufeffCâu hỏi: Bé từ chối bú mẹ phải làm sao?\nTrả lời: Thử cho bú khi bé buồn ngủ hoặc mới thức, bú trong phòng yên tĩnh ít kích thích. Kiểm tra lại tư thế. Đảm bảo bé không quá đói (quấy dữ sẽ khó bú). Tránh dùng bình bú song song để bé không nhầm lẫn núm vú.\nNguồn: BV Nhi Đồng 1; BV Từ Dũ']","Dựa trên tài liệu đã được cung cấp, tôi trả lời như sau:

- Sử dụng núm vú giả có thể khiến trẻ dễ từ chối vú mẹ khi cho trẻ bú mẹ (Tài liệu 2).
- Điều này sẽ làm trẻ sẽ bú ít đi, từ đó bầu vú bà mẹ sẽ giảm sản xuất sữa dẫn đến việc không đủ sữa (Tài liệu 2).
- Không có thông tin nào trong tài liệu cho thấy việc sử dụng núm vú giả gây ảnh hưởng đến khớp cắn.",0.5,1.0,0.4799954986026405,0.49999999995
"Bé con bị ngã đập đầu xuống đất, cần theo dõi những dấu hiệu j trong 24 giờ tới mn ơi","Dưới đây là các dấu hiệu cần theo dõi trong 24 giờ tới đối với trẻ em dưới 1 tuổi bị ngã đập đầu xuống đất:

- Bú kém hoặc bỏ bú.
- Ngủ li bì khó đánh thức.
- Thở khác thường (thở chậm dưới 40 lần hoặc thở nhanh trên 60 lần trong 1 phút, co rút lồng ngực, cánh mũi phập phồng, khò khè).

Lưu ý: Nếu xuất hiện bất kỳ dấu hiệu nào trên, cần đưa trẻ đến bệnh viện ngay lập tức.","['Bé chậm biết lẫy, ngồi, bò,... hơn so với thang đo phát triển vận động thông thường;\nHết 4 tháng tuổi em bé vẫn không thể nâng đầu tạo góc 45o so với mặt giường là dấu hiệu chứng tỏ tiến trình tập vận động của trẻ đã bị chậm ngay từ nấc thang đầu tiên. Lúc này, phụ huynh cần tiếp tục theo dõi bé;', 'NHỮNG THÔNG TIN CẦN NHỚ VÀ NHỮNG VIỆC CẦN LÀM\n\uf076 Sau khi trẻ sinh ra, bà mẹ và gia đình cần theo dõi và phát hiện sớm \ncác dấu hiệu nguy hiểm ở trẻ sơ sinh (trẻ từ khi sinh ra cho đến 28 \nngày tuổi) như:\n \uf075 Bú kém hoặc bỏ bú.\n\uf075  Ngủ li bì khó đánh thức.\n\uf075 Thở khác thường (thở chậm dưới 40 lần hoặc thở nhanh trên 60 lần trong \n1 phút, co rút lồng ngực, cánh mũi phập phồng, khò khè).', 'Với những trẻ trên 1 tuổi chưa biết bò, lăn hoặc nghiêng người về một phía, đặc biệt nếu trẻ không đạt được các mốc phát triển khác. Đối với một số trẻ điều này được coi là bình thường nhưng trong một số trường hợp, nó có thể là dấu hiệu chỉ ra một số vấn đề liên quan đến thần kinh, chẳng hạn như bạn não, căn bệnh được chẩn đoán ở khoảng 8.000 trẻ sơ sinh hàng năm.', 'Mặc dù, trẻ có thể chưa biết lật cho đến khoảng 5 tháng, nhưng tốt nhất bạn nên giữ tay và hỗ trợ em bé trong quá trình hoạt động này ngay từ đầu. Bạn nên chú ý, không để trẻ trên giường khi không có người trông coi hoặc bất kỳ bề mặt cao nào khác. Bởi vì lần lăn lộn đầu tiên của trẻ có thể dẫn đến chấn thương nghiêm trọng.', 'Em bé của bạn có thể có thể tự đạp chân của mình, từ nằm sấp, ngay từ khi được 4 tháng tuổi. Các ông bố bà mẹ cũng rất quan tâm đến vấn đề “Trẻ mấy tháng biết lật”. Đối với hoạt động này, em bé có thể mất khoảng 5 hoặc 6 tháng để em bé biết lật từ sau ra trước. Bởi vì em bé cần có hoạt động cơ cổ và cánh tay khỏe hơn cho động tác đó.']","Cần theo dõi xem bé có nôn nhiều, li bì, khó đánh thức, co giật, yếu chi hoặc có hành vi bất thường không; nếu có bất kỳ dấu hiệu nào hãy đưa bé đi cấp cứu ngay.","Bé con bị ngã đập đầu xuống đất, cần theo dõi những dấu hiệu j trong 24 giờ tới mn ơi","['Bé chậm biết lẫy, ngồi, bò,... hơn so với thang đo phát triển vận động thông thường;\nHết 4 tháng tuổi em bé vẫn không thể nâng đầu tạo góc 45o so với mặt giường là dấu hiệu chứng tỏ tiến trình tập vận động của trẻ đã bị chậm ngay từ nấc thang đầu tiên. Lúc này, phụ huynh cần tiếp tục theo dõi bé;', 'NHỮNG THÔNG TIN CẦN NHỚ VÀ NHỮNG VIỆC CẦN LÀM\n\uf076 Sau khi trẻ sinh ra, bà mẹ và gia đình cần theo dõi và phát hiện sớm \ncác dấu hiệu nguy hiểm ở trẻ sơ sinh (trẻ từ khi sinh ra cho đến 28 \nngày tuổi) như:\n \uf075 Bú kém hoặc bỏ bú.\n\uf075  Ngủ li bì khó đánh thức.\n\uf075 Thở khác thường (thở chậm dưới 40 lần hoặc thở nhanh trên 60 lần trong \n1 phút, co rút lồng ngực, cánh mũi phập phồng, khò khè).', 'Với những trẻ trên 1 tuổi chưa biết bò, lăn hoặc nghiêng người về một phía, đặc biệt nếu trẻ không đạt được các mốc phát triển khác. Đối với một số trẻ điều này được coi là bình thường nhưng trong một số trường hợp, nó có thể là dấu hiệu chỉ ra một số vấn đề liên quan đến thần kinh, chẳng hạn như bạn não, căn bệnh được chẩn đoán ở khoảng 8.000 trẻ sơ sinh hàng năm.', 'Mặc dù, trẻ có thể chưa biết lật cho đến khoảng 5 tháng, nhưng tốt nhất bạn nên giữ tay và hỗ trợ em bé trong quá trình hoạt động này ngay từ đầu. Bạn nên chú ý, không để trẻ trên giường khi không có người trông coi hoặc bất kỳ bề mặt cao nào khác. Bởi vì lần lăn lộn đầu tiên của trẻ có thể dẫn đến chấn thương nghiêm trọng.', 'Em bé của bạn có thể có thể tự đạp chân của mình, từ nằm sấp, ngay từ khi được 4 tháng tuổi. Các ông bố bà mẹ cũng rất quan tâm đến vấn đề “Trẻ mấy tháng biết lật”. Đối với hoạt động này, em bé có thể mất khoảng 5 hoặc 6 tháng để em bé biết lật từ sau ra trước. Bởi vì em bé cần có hoạt động cơ cổ và cánh tay khỏe hơn cho động tác đó.']","Dưới đây là các dấu hiệu cần theo dõi trong 24 giờ tới đối với trẻ em dưới 1 tuổi bị ngã đập đầu xuống đất:

- Bú kém hoặc bỏ bú.
- Ngủ li bì khó đánh thức.
- Thở khác thường (thở chậm dưới 40 lần hoặc thở nhanh trên 60 lần trong 1 phút, co rút lồng ngực, cánh mũi phập phồng, khò khè).

Lưu ý: Nếu xuất hiện bất kỳ dấu hiệu nào trên, cần đưa trẻ đến bệnh viện ngay lập tức.",0.1,1.0,0.7207731040055562,0.8055555555287036
"Em thấy mỗi lần bế bé con lâu là lưng và cổ lại đau nhức, có lưu ý j về tư thế bế bé hay cho bú k?","Dựa trên tài liệu, có một số lưu ý về tư thế bế bé và cho bú khi bé còn nhỏ:

* Tư thế bế bé: Không nên bế bé lên quá lâu, vì bé sẽ không thể bình tĩnh lại được. Thay vào đó, hãy cố gắng tìm hiểu bé cần gì và giúp bé.
* Tư thế cho con bú: Bế bé sao cho bụng bé áp sát bụng mẹ, đầu và thân thẳng hàng, mặt bé nhìn thẳng vào vú mẹ. Miệng bé ngậm hết quầng vú (không chỉ núm vú), môi dưới cong ra ngoài.

Tuy nhiên, tài liệu không đề cập trực tiếp đến việc tư thế bế bé có thể gây đau nhức lưng và cổ.","['khóc dạ đề.  Các lý do phổ biến khiến em bé \nquấy khóc là:\n• Đói\n• Sợ hãi\n• Bị đau\n• Bị lạnh\n• Môi trường xung quanh có quá nhiều \ntiếng ồn hoặc bé bị phấn khích quá mức \nBẠN CÓ THỂ LÀM GÌ?\nBế bé lên sẽ không làm ""hư"" bé. Tốt nhất là \nbạn nên đến với bé khi bé khóc. Đừng để bé \nkhó chịu quá lâu, bé sẽ không thể bình tĩnh \nlại được. \nHãy cố tìm hiểu bé cần gì và giúp bé. Để', 'khó chịu quá lâu, bé sẽ không thể bình tĩnh \nlại được. \nHãy cố tìm hiểu bé cần gì và giúp bé. Để \nxoa dịu em bé đang quấy khóc, bạn hãy thử \nnhững cách sau:\n• Cho bé bú \n• Ôm bé trong tư thế úp người bé vào \nvai của bạn\n• Ôm bé đi bộ vòng quanh \n• Đung đưa bé\n• Nói chuyện với bé \n• Hát cho bé nghe \n38', 'chí dai dẳng nhiều năm trời, nhất là với sản phụ sinh mổ. Nhiều bà mẹ cảm thấy đau lưng, khó khăn khi di chuyển, đứng lên ngồi xuống, không xoay vặn được người. Việc đặt và bế con lên cũng khiến xương khớp nhức mỏi.', '\ufeffCâu hỏi: Bé 3 tháng quấy nhiều về chiều có bình thường không?\nTrả lời: Có thể là cơn khóc dạ đề (colic) — khóc dữ dội >3 giờ/ngày, >3 ngày/tuần, thường chiều tối. Nguyên nhân chưa rõ. Cách xử lý: bế bé đi lại, vỗ lưng nhẹ, tắm ấm, giảm kích thích. Thường tự hết trước 4 tháng.\nNguồn: BV Nhi Đồng 1; Vinmec', '\ufeffCâu hỏi: Tư thế cho con bú đúng là như thế nào?\nTrả lời: Bế bé sao cho: bụng bé áp sát bụng mẹ, đầu và thân thẳng hàng, mặt bé nhìn thẳng vào vú mẹ. Miệng bé ngậm hết quầng vú (không chỉ núm vú), môi dưới cong ra ngoài. Bé mút nuốt đều, không có tiếng tặc lưỡi.\nNguồn: BV Từ Dũ — Hướng dẫn nuôi con bằng sữa mẹ']","Khi cho bú, bạn nên ngồi thoải mái, có điểm tựa lưng và dùng gối hỗ trợ kê dưới bé để tránh việc phải cúi người quá thấp hoặc gồng vai gây áp lực lên cột sống.","Em thấy mỗi lần bế bé con lâu là lưng và cổ lại đau nhức, có lưu ý j về tư thế bế bé hay cho bú k?","['khóc dạ đề.  Các lý do phổ biến khiến em bé \nquấy khóc là:\n• Đói\n• Sợ hãi\n• Bị đau\n• Bị lạnh\n• Môi trường xung quanh có quá nhiều \ntiếng ồn hoặc bé bị phấn khích quá mức \nBẠN CÓ THỂ LÀM GÌ?\nBế bé lên sẽ không làm ""hư"" bé. Tốt nhất là \nbạn nên đến với bé khi bé khóc. Đừng để bé \nkhó chịu quá lâu, bé sẽ không thể bình tĩnh \nlại được. \nHãy cố tìm hiểu bé cần gì và giúp bé. Để', 'khó chịu quá lâu, bé sẽ không thể bình tĩnh \nlại được. \nHãy cố tìm hiểu bé cần gì và giúp bé. Để \nxoa dịu em bé đang quấy khóc, bạn hãy thử \nnhững cách sau:\n• Cho bé bú \n• Ôm bé trong tư thế úp người bé vào \nvai của bạn\n• Ôm bé đi bộ vòng quanh \n• Đung đưa bé\n• Nói chuyện với bé \n• Hát cho bé nghe \n38', 'chí dai dẳng nhiều năm trời, nhất là với sản phụ sinh mổ. Nhiều bà mẹ cảm thấy đau lưng, khó khăn khi di chuyển, đứng lên ngồi xuống, không xoay vặn được người. Việc đặt và bế con lên cũng khiến xương khớp nhức mỏi.', '\ufeffCâu hỏi: Bé 3 tháng quấy nhiều về chiều có bình thường không?\nTrả lời: Có thể là cơn khóc dạ đề (colic) — khóc dữ dội >3 giờ/ngày, >3 ngày/tuần, thường chiều tối. Nguyên nhân chưa rõ. Cách xử lý: bế bé đi lại, vỗ lưng nhẹ, tắm ấm, giảm kích thích. Thường tự hết trước 4 tháng.\nNguồn: BV Nhi Đồng 1; Vinmec', '\ufeffCâu hỏi: Tư thế cho con bú đúng là như thế nào?\nTrả lời: Bế bé sao cho: bụng bé áp sát bụng mẹ, đầu và thân thẳng hàng, mặt bé nhìn thẳng vào vú mẹ. Miệng bé ngậm hết quầng vú (không chỉ núm vú), môi dưới cong ra ngoài. Bé mút nuốt đều, không có tiếng tặc lưỡi.\nNguồn: BV Từ Dũ — Hướng dẫn nuôi con bằng sữa mẹ']","Dựa trên tài liệu, có một số lưu ý về tư thế bế bé và cho bú khi bé còn nhỏ:

* Tư thế bế bé: Không nên bế bé lên quá lâu, vì bé sẽ không thể bình tĩnh lại được. Thay vào đó, hãy cố gắng tìm hiểu bé cần gì và giúp bé.
* Tư thế cho con bú: Bế bé sao cho bụng bé áp sát bụng mẹ, đầu và thân thẳng hàng, mặt bé nhìn thẳng vào vú mẹ. Miệng bé ngậm hết quầng vú (không chỉ núm vú), môi dưới cong ra ngoài.

Tuy nhiên, tài liệu không đề cập trực tiếp đến việc tư thế bế bé có thể gây đau nhức lưng và cổ.",0.9090909090909091,0.14285714285714285,0.4158836287384411,0.47777777776185176
Nhu cầu năng lượng bổ sung hàng ngày cho mẹ bỉm nuôi con bú 6 tháng đầu,"Không có thông tin cụ thể về nhu cầu năng lượng bổ sung hàng ngày cho mẹ bỉm nuôi con bú 6 tháng tuổi trong tài liệu. Tuy nhiên, tài liệu 3 đề cập đến thực phẩm cho mẹ sau sinh lành mạnh và nhiều năng lượng, chẳng hạn như ngũ cốc nguyên hạt, để giúp mẹ đáp ứng nhu cầu hàng ngày đầy đủ hơn.","['Tuy nhiên, từ 6 tháng tuổi, trẻ cần được ăn dặm bổ sung ngoài nguồn sữa mẹ vì lúc này nhu cầu dinh dưỡng của trẻ tăng lên, nếu chỉ cho trẻ bú sữa mẹ hoàn toàn sẽ không đáp ứng đủ nhu cầu của trẻ. Vì vậy, cần quan tâm cho trẻ từ 6 tháng tuổi ăn dặm mấy bữa mỗi ngày để đảm bảo không thiếu hụt dưỡng chất và năng lượng cho trẻ hoạt động và phát triển.', '\uf075 Cho trẻ bú theo nhu cầu cả ngày lẫn đêm. \n\uf075 Trẻ không bú được thì mẹ cần vắt sữa và cho trẻ uống bằng thìa và cốc.\n \uf076 Nuôi dưỡng trẻ từ 6 đến 24 tháng tuổi:\n\uf075 Cho trẻ ăn bổ sung khi trẻ tròn 6 tháng tuổi (180 ngày).\n\uf075 Tiếp tục cho trẻ bú mẹ càng nhiều càng tốt, tới 24 tháng tuổi hoặc lâu hơn.\n\uf075 Cho trẻ ăn từ loãng đến đặc, từ ít đến nhiều.\n\uf075 Cho trẻ ăn nhiều bữa trong ngày.', 'Khi làm mẹ, bạn có thể sẽ phải thức đêm chăm con nên luôn cần một bữa sáng nhiều năng lượng. Thực phẩm cho mẹ sau sinh lành mạnh và nhiều năng lượng bạn có thể thử là ngũ cốc nguyên hạt. Nhiều loại ngũ cốc còn được bổ sung các vitamin và chất dinh dưỡng thiết yếu để giúp bạn đáp ứng nhu cầu hàng ngày đầy đủ hơn.', 'nhu cầu của bé, \nnghĩa là tùy \ntheo lượng \nmà bé muốn.\nSữa mẹ là thực phẩm tốt nhất và đầy đủ nhất cho em bé \ntừ 0 đến 6 tháng tuổi. Ngoài sữa mẹ, trẻ không cần bất \ncứ các loại thực phẩm nào khác, kể cả nước \n10', 'Viện Dinh dưỡng Quốc gia khuyến cáo, sau 6 tháng tuổi là thời gian tốt nhất cho trẻ bắt đầu ăn dặm. Vì từ 6 tháng tuổi trở đi, bé tăng trưởng mạnh mẽ, tốc độ tăng trưởng cao đồng nghĩa với nhu cầu dinh dưỡng cũng tăng lên. Sữa mẹ khi ấy không đủ đáp ứng dinh dưỡng cho trẻ, nhất là sau 6 tháng, sữa mẹ bắt đầu loãng và ít dần đi. Chính vì thế, trẻ cần được bổ sung chất dinh dưỡng bằng cách ăn dặm']",Cần bổ sung thêm khoảng 505 - 675 kcal mỗi ngày so với bình thường. ,Nhu cầu năng lượng bổ sung hàng ngày cho mẹ bỉm nuôi con bú 6 tháng đầu,"['Tuy nhiên, từ 6 tháng tuổi, trẻ cần được ăn dặm bổ sung ngoài nguồn sữa mẹ vì lúc này nhu cầu dinh dưỡng của trẻ tăng lên, nếu chỉ cho trẻ bú sữa mẹ hoàn toàn sẽ không đáp ứng đủ nhu cầu của trẻ. Vì vậy, cần quan tâm cho trẻ từ 6 tháng tuổi ăn dặm mấy bữa mỗi ngày để đảm bảo không thiếu hụt dưỡng chất và năng lượng cho trẻ hoạt động và phát triển.', '\uf075 Cho trẻ bú theo nhu cầu cả ngày lẫn đêm. \n\uf075 Trẻ không bú được thì mẹ cần vắt sữa và cho trẻ uống bằng thìa và cốc.\n \uf076 Nuôi dưỡng trẻ từ 6 đến 24 tháng tuổi:\n\uf075 Cho trẻ ăn bổ sung khi trẻ tròn 6 tháng tuổi (180 ngày).\n\uf075 Tiếp tục cho trẻ bú mẹ càng nhiều càng tốt, tới 24 tháng tuổi hoặc lâu hơn.\n\uf075 Cho trẻ ăn từ loãng đến đặc, từ ít đến nhiều.\n\uf075 Cho trẻ ăn nhiều bữa trong ngày.', 'Khi làm mẹ, bạn có thể sẽ phải thức đêm chăm con nên luôn cần một bữa sáng nhiều năng lượng. Thực phẩm cho mẹ sau sinh lành mạnh và nhiều năng lượng bạn có thể thử là ngũ cốc nguyên hạt. Nhiều loại ngũ cốc còn được bổ sung các vitamin và chất dinh dưỡng thiết yếu để giúp bạn đáp ứng nhu cầu hàng ngày đầy đủ hơn.', 'nhu cầu của bé, \nnghĩa là tùy \ntheo lượng \nmà bé muốn.\nSữa mẹ là thực phẩm tốt nhất và đầy đủ nhất cho em bé \ntừ 0 đến 6 tháng tuổi. Ngoài sữa mẹ, trẻ không cần bất \ncứ các loại thực phẩm nào khác, kể cả nước \n10', 'Viện Dinh dưỡng Quốc gia khuyến cáo, sau 6 tháng tuổi là thời gian tốt nhất cho trẻ bắt đầu ăn dặm. Vì từ 6 tháng tuổi trở đi, bé tăng trưởng mạnh mẽ, tốc độ tăng trưởng cao đồng nghĩa với nhu cầu dinh dưỡng cũng tăng lên. Sữa mẹ khi ấy không đủ đáp ứng dinh dưỡng cho trẻ, nhất là sau 6 tháng, sữa mẹ bắt đầu loãng và ít dần đi. Chính vì thế, trẻ cần được bổ sung chất dinh dưỡng bằng cách ăn dặm']","Không có thông tin cụ thể về nhu cầu năng lượng bổ sung hàng ngày cho mẹ bỉm nuôi con bú 6 tháng tuổi trong tài liệu. Tuy nhiên, tài liệu 3 đề cập đến thực phẩm cho mẹ sau sinh lành mạnh và nhiều năng lượng, chẳng hạn như ngũ cốc nguyên hạt, để giúp mẹ đáp ứng nhu cầu hàng ngày đầy đủ hơn.",1.0,1.0,0.7903573016303784,0.699999999965
Em fải kiên trì tập Kegel trong bao lâu thì ms bắt đầu cảm thấy cơ thể mình có sự thay đổi rõ rệt,"Theo tài liệu 1, thời gian để âm đạo săn chắc trở lại sau một lần chuyển dạ là vài tháng, thậm chí vài năm. Tuy nhiên, nếu kiên trì tập luyện bài tập Kegel, thời gian này sẽ rút ngắn lại.

Theo tài liệu 2, phụ nữ sau sinh có thể tập luyện bài tập Kegel từ tuần 2-4 sau sinh mổ.

Vì bé 6 tháng tuổi đang ăn dặm, mẹ có thể tập luyện bài tập Kegel từ tuần 2-4 sau sinh mổ.

Do đó, mẹ cần kiên trì tập Kegel trong khoảng 2-4 tuần thì bắt đầu cảm thấy cơ thể mình có sự thay đổi rõ rệt khi đang nuôi con 6 tháng tuổi.","['Bài tập này cũng đặc biệt hữu hiệu cho phụ nữ sau khi sinh con, nhất là các bà mẹ chọn phương pháp sinh thường. Bình thường, phải mất vài tháng, thậm chí vài năm sau khi sinh con, âm đạo của người phụ nữ mới có thể săn chắc trở lại sau một lần chuyển dạ. Tuy nhiên, thời gian này sẽ rút ngắn lại nếu kiên trì tập luyện bài tập Kegel. Các động tác tập Kegel còn giúp phụ nữ sau sinh phòng ngừa bệnh', '\ufeffCâu hỏi: Mẹ sinh mổ khi nào được tập thể dục lại?\nTrả lời: Bài tập nhẹ (Kegel, đi bộ): từ tuần 2–4. Bài tập vừa (yoga, bơi lội): sau 8 tuần nếu vết mổ lành tốt. Bài tập cường độ cao: sau 3–6 tháng có sự đồng ý của bác sĩ. Không tập bụng nặng trong 6 tháng đầu.\nNguồn: BS Sản Phụ Khoa — Vinmec Phú Quốc', 'Khi nào có thể cho bé uống thêm nước?\nCác tổ chức Y tế trên thế giới khuyên mẹ nên đợi đến khi bé bắt đầu ăn dặm. Tại thời điểm đó, mẹ có thể cung cấp một lượng nhỏ nước đun sôi để nguội nhưng không thay thế sữa mẹ. Bé vẫn nên được cho bú mẹ tiếp tục và kéo dài về sau mà theo khuyến cáo của WHO là nên kéo dài đến 24 tháng để trẻ được phát triển toàn diện.', 'Viện Dinh dưỡng Quốc gia khuyến cáo, sau 6 tháng tuổi là thời gian tốt nhất cho trẻ bắt đầu ăn dặm. Vì từ 6 tháng tuổi trở đi, bé tăng trưởng mạnh mẽ, tốc độ tăng trưởng cao đồng nghĩa với nhu cầu dinh dưỡng cũng tăng lên. Sữa mẹ khi ấy không đủ đáp ứng dinh dưỡng cho trẻ, nhất là sau 6 tháng, sữa mẹ bắt đầu loãng và ít dần đi. Chính vì thế, trẻ cần được bổ sung chất dinh dưỡng bằng cách ăn dặm', 'Sau 9 tháng 10 ngày mang nặng, thai phụ bước vào cuộc đẻ và phải đối mặt với mức độ đau đẻ được so sánh với gãy 20 cái xương sườn cùng lúc. Để cuộc đẻ diễn ra suôn sẻ, an toàn, thai phụ cần hiểu rõ:\n- Quy trình cuộc chuyển dạ diễn ra như thế nào, thường kéo dài trong bao lâu để có hướng sinh thường hay sinh mổ, bảo vệ sức khỏe cho thai nhi.']","Nếu bạn tập luyện liên tục và đúng kỹ thuật hàng ngày, thông thường chỉ sau khoảng 3-4 tuần là bạn có thể cảm nhận được sự thay đổi tuyệt vời trong cơ thể.",Em fải kiên trì tập Kegel trong bao lâu thì ms bắt đầu cảm thấy cơ thể mình có sự thay đổi rõ rệt,"['Bài tập này cũng đặc biệt hữu hiệu cho phụ nữ sau khi sinh con, nhất là các bà mẹ chọn phương pháp sinh thường. Bình thường, phải mất vài tháng, thậm chí vài năm sau khi sinh con, âm đạo của người phụ nữ mới có thể săn chắc trở lại sau một lần chuyển dạ. Tuy nhiên, thời gian này sẽ rút ngắn lại nếu kiên trì tập luyện bài tập Kegel. Các động tác tập Kegel còn giúp phụ nữ sau sinh phòng ngừa bệnh', '\ufeffCâu hỏi: Mẹ sinh mổ khi nào được tập thể dục lại?\nTrả lời: Bài tập nhẹ (Kegel, đi bộ): từ tuần 2–4. Bài tập vừa (yoga, bơi lội): sau 8 tuần nếu vết mổ lành tốt. Bài tập cường độ cao: sau 3–6 tháng có sự đồng ý của bác sĩ. Không tập bụng nặng trong 6 tháng đầu.\nNguồn: BS Sản Phụ Khoa — Vinmec Phú Quốc', 'Khi nào có thể cho bé uống thêm nước?\nCác tổ chức Y tế trên thế giới khuyên mẹ nên đợi đến khi bé bắt đầu ăn dặm. Tại thời điểm đó, mẹ có thể cung cấp một lượng nhỏ nước đun sôi để nguội nhưng không thay thế sữa mẹ. Bé vẫn nên được cho bú mẹ tiếp tục và kéo dài về sau mà theo khuyến cáo của WHO là nên kéo dài đến 24 tháng để trẻ được phát triển toàn diện.', 'Viện Dinh dưỡng Quốc gia khuyến cáo, sau 6 tháng tuổi là thời gian tốt nhất cho trẻ bắt đầu ăn dặm. Vì từ 6 tháng tuổi trở đi, bé tăng trưởng mạnh mẽ, tốc độ tăng trưởng cao đồng nghĩa với nhu cầu dinh dưỡng cũng tăng lên. Sữa mẹ khi ấy không đủ đáp ứng dinh dưỡng cho trẻ, nhất là sau 6 tháng, sữa mẹ bắt đầu loãng và ít dần đi. Chính vì thế, trẻ cần được bổ sung chất dinh dưỡng bằng cách ăn dặm', 'Sau 9 tháng 10 ngày mang nặng, thai phụ bước vào cuộc đẻ và phải đối mặt với mức độ đau đẻ được so sánh với gãy 20 cái xương sườn cùng lúc. Để cuộc đẻ diễn ra suôn sẻ, an toàn, thai phụ cần hiểu rõ:\n- Quy trình cuộc chuyển dạ diễn ra như thế nào, thường kéo dài trong bao lâu để có hướng sinh thường hay sinh mổ, bảo vệ sức khỏe cho thai nhi.']","Theo tài liệu 1, thời gian để âm đạo săn chắc trở lại sau một lần chuyển dạ là vài tháng, thậm chí vài năm. Tuy nhiên, nếu kiên trì tập luyện bài tập Kegel, thời gian này sẽ rút ngắn lại.

Theo tài liệu 2, phụ nữ sau sinh có thể tập luyện bài tập Kegel từ tuần 2-4 sau sinh mổ.

Vì bé 6 tháng tuổi đang ăn dặm, mẹ có thể tập luyện bài tập Kegel từ tuần 2-4 sau sinh mổ.

Do đó, mẹ cần kiên trì tập Kegel trong khoảng 2-4 tuần thì bắt đầu cảm thấy cơ thể mình có sự thay đổi rõ rệt khi đang nuôi con 6 tháng tuổi.",0.4,0.0,0.24461237303568703,0.9999999999
 Tại sao bs bảo người cho con bú thì tử cung sẽ co hồi nhanh hơn mn nhỉ?,"Theo tài liệu, người cho con bú sẽ có tử cung co hồi nhanh hơn sau sinh so với người không cho con bú vì động tác mút vú làm cho sữa mẹ về nhanh hơn và giúp tử cung co hồi tốt hơn, làm giảm nguy cơ chảy máu cho bà mẹ.","['6 \n \nsau đẻ không sờ được tử cung trên khớp vệ nữa. Sự co hồi tử \ncung phụ thuộc vào: \n- Đẻ con so tử cung co hồi nhanh hơn đẻ con dạ. \n- Tử cung đẻ thường co hồi nhanh hơn tử cung mổ đẻ. \n- Những ngư ời cho co n bú t ử cung co h ồi nhanh hơn \nngười không cho con bú. \nTử cung không b ị nhiễm khu ẩn co h ồi nhanh hơn t ử \ncung bị nhiễm khuẩn \n \nNguồn: Ảnh của Freepik tải từ Freepik', '\uf075 Sữa non là sữa tiết ra trong vài ngày đầu sau sinh, có nhiều chất dinh \ndưỡng và giúp bảo vệ trẻ không bị bệnh tật.\n\uf075 Động tác mút vú làm cho sữa mẹ về nhanh hơn và giúp tử cung co hồi tốt \nhơn, làm giảm nguy cơ chảy máu cho bà mẹ.Cho con bú sớm giúp mẹ \ncon gắn bó tình cảm.\n\uf076 Tác dụng của việc cho trẻ bú mẹ hoàn toàn trong 6 tháng đầu:', 'phút  sau đẻ). Cho con nằm cạnh mẹ: \n\uf02b Mẹ dễ chăm sóc,theo dõi con. \n\uf02b Trẻ ít khóc hơn. \n\uf02b Thời gian bú mẹ được lâu hơn. \n- Tư vấn về lợi ích của việc cho bú sớm: \n\uf02b Lợi ích của sữa non. \n\uf02b Sữa về sớm hơn. \n\uf02b Trẻ tăng cân tốt hơn. \n\uf02b Ít bị cương tắc sữa. \n\uf02b Không vắt bỏ sữa non, cần cho con bú cả sữa non. \n- Hướng dẫn bà mẹ cho con bú đúng: Trẻ ngậm bắt vú đúng (Miệng trẻ mở rộng, Lưỡi trẻ', 'Dù là sinh thường hay sinh mổ thì mẹ cũng cần phải vận động đi lại sớm sau khi sinh, nếu có vấn đề tâm lý thì cần chia sẻ với mọi người để có thể giải tỏa, trong tuần đầu sau sinh mẹ nên khám lại để đảm bảo sức khỏe an toàn.\nTrường hợp mẹ gặp khó khăn khi cho trẻ bú thì cần có người hướng dẫn mẹ cho con bú đúng cách.', 'Cho con bú: tùy tình trạng sức khỏe của sản phụ, sau sinh mổ bằng hình thức gây tê, sản phụ có thể cho con bú sau 30 phút hoặc một giờ sau đó. Với sản phụ gây mê toàn thân, thời gian nâng lên, thông thường khoảng sau 6g.']","Vì động tác cho con bú giúp kích thích cơ thể tiết oxytocin, làm tử cung co hồi nhanh hơn so với người không cho con bú.", Tại sao bs bảo người cho con bú thì tử cung sẽ co hồi nhanh hơn mn nhỉ?,"['6 \n \nsau đẻ không sờ được tử cung trên khớp vệ nữa. Sự co hồi tử \ncung phụ thuộc vào: \n- Đẻ con so tử cung co hồi nhanh hơn đẻ con dạ. \n- Tử cung đẻ thường co hồi nhanh hơn tử cung mổ đẻ. \n- Những ngư ời cho co n bú t ử cung co h ồi nhanh hơn \nngười không cho con bú. \nTử cung không b ị nhiễm khu ẩn co h ồi nhanh hơn t ử \ncung bị nhiễm khuẩn \n \nNguồn: Ảnh của Freepik tải từ Freepik', '\uf075 Sữa non là sữa tiết ra trong vài ngày đầu sau sinh, có nhiều chất dinh \ndưỡng và giúp bảo vệ trẻ không bị bệnh tật.\n\uf075 Động tác mút vú làm cho sữa mẹ về nhanh hơn và giúp tử cung co hồi tốt \nhơn, làm giảm nguy cơ chảy máu cho bà mẹ.Cho con bú sớm giúp mẹ \ncon gắn bó tình cảm.\n\uf076 Tác dụng của việc cho trẻ bú mẹ hoàn toàn trong 6 tháng đầu:', 'phút  sau đẻ). Cho con nằm cạnh mẹ: \n\uf02b Mẹ dễ chăm sóc,theo dõi con. \n\uf02b Trẻ ít khóc hơn. \n\uf02b Thời gian bú mẹ được lâu hơn. \n- Tư vấn về lợi ích của việc cho bú sớm: \n\uf02b Lợi ích của sữa non. \n\uf02b Sữa về sớm hơn. \n\uf02b Trẻ tăng cân tốt hơn. \n\uf02b Ít bị cương tắc sữa. \n\uf02b Không vắt bỏ sữa non, cần cho con bú cả sữa non. \n- Hướng dẫn bà mẹ cho con bú đúng: Trẻ ngậm bắt vú đúng (Miệng trẻ mở rộng, Lưỡi trẻ', 'Dù là sinh thường hay sinh mổ thì mẹ cũng cần phải vận động đi lại sớm sau khi sinh, nếu có vấn đề tâm lý thì cần chia sẻ với mọi người để có thể giải tỏa, trong tuần đầu sau sinh mẹ nên khám lại để đảm bảo sức khỏe an toàn.\nTrường hợp mẹ gặp khó khăn khi cho trẻ bú thì cần có người hướng dẫn mẹ cho con bú đúng cách.', 'Cho con bú: tùy tình trạng sức khỏe của sản phụ, sau sinh mổ bằng hình thức gây tê, sản phụ có thể cho con bú sau 30 phút hoặc một giờ sau đó. Với sản phụ gây mê toàn thân, thời gian nâng lên, thông thường khoảng sau 6g.']","Theo tài liệu, người cho con bú sẽ có tử cung co hồi nhanh hơn sau sinh so với người không cho con bú vì động tác mút vú làm cho sữa mẹ về nhanh hơn và giúp tử cung co hồi tốt hơn, làm giảm nguy cơ chảy máu cho bà mẹ.",0.6666666666666666,1.0,0.8344001030445172,0.99999999998
 Chế độ ăn uống thế nào để giúp em cải thiện tình trạng rối loạn nội tiết sau sinh mn ơi,"Dựa trên tài liệu, chế độ ăn uống để giúp mẹ cải thiện tình trạng rối loạn nội tiết sau sinh chưa được đề cập trực tiếp. Tuy nhiên, tài liệu đề cập đến việc bổ sung các chất dinh dưỡng cần thiết cho mẹ sau sinh, bao gồm:

- Các loại hoa quả tươi và rau xanh
- Chất bột đường
- Thực phẩm hỗ trợ tiết sữa như móng giò hầm đu đủ/lạc, cháo cá chép, rau ngót, mè đen, gừng, cà rốt
- Uống sữa, nước hầm xương

Tài liệu không đề cập trực tiếp đến chế độ ăn uống cụ thể để cải thiện tình trạng rối loạn nội tiết sau sinh.","['Bên cạnh đó, cha mẹ còn cần bổ sung cho con các vi khoáng chất thiết yếu như kẽm, Lysine, crom, selen, vitamin B1, ... để đáp ứng đầy đủ nhu cầu về dưỡng chất ở trẻ. Việc bổ sung các vitamin thiết yếu này còn hỗ trợ tiêu hóa, tăng cường khả năng hấp thu dưỡng chất, giúp cải thiện tình trạng biếng ăn, giúp trẻ ăn ngon miệng. Cha mẹ có thể đồng thời áp dụng việc bổ sung chất qua đường ăn uống và', '1\nCải thiện chất lượng chăm sóc mẹ và \nbé sau sinh \nKim Hyde \nHộ sinh, Tư vấn NCBSM, Điều dưỡng chăm sóc sức khỏe bà mẹ và trẻ sơ sinh\nChăm sóc sau sinh\nGiai đoạn sau sinh được định \nnghĩa là khoảng thời gian từ 1 \ngiờ sau sinh và kéo dài 6 tuần \nsau đó – Tổ chức y tế thế \ngiới (WHO) mô tả giai đoạn sau \nsinh là giai đoạn quan trọng nhất  \nvà cũng là giai đoạn dễ bị lãng', 'Thời kỳ mang thai, nhu cầu canxi của cơ thể người mẹ là rất lớn do thai nhi cần được bổ sung canxi và các chất dinh dưỡng để phát triển toàn diện. Nếu người mẹ không đáp ứng đủ nhu cầu canxi của thai nhi qua chế độ ăn uống và thuốc uống bổ sung thì thai nhi sẽ lấy canxi từ xương của mẹ để bù đắp, dẫn đến tình trạng loãng xương.', '\ufeffCâu hỏi: Ăn gì để nhiều sữa sau sinh?\nTrả lời: Thực phẩm hỗ trợ tiết sữa: móng giò hầm đu đủ/lạc, cháo cá chép, rau ngót, mè đen, gừng, cà rốt. Uống sữa, nước hầm xương. Quan trọng nhất: ăn đủ calo (2500–2800 kcal/ngày) và uống đủ nước.\nNguồn: BV Từ Dũ — Dinh dưỡng mẹ bỉm sữa; Vinmec', 'Về chế độ dinh dưỡng: Hộ sinh trưởng Nguyễn Bích Hạnh - Vinmec Times City khuyên rằng, sau sinh thường mẹ cần được ăn uống đầy đủ các chất dinh dưỡng, không nên kiêng khem quá mức vì đang trong quá trình rất cần lấy lại sức và tạo sữa nuôi con. Mẹ có khỏe thì con mới phát triển tốt. Những thực phẩm mẹ cần bổ sung trong giai đoạn này bao gồm:\nCác loại hoa quả tươi và rau xanh;\nChất bột đường;']","Bạn nên bổ sung chất xơ (đậu, rau củ), ăn thịt trắng (gà, ngan,vịt), hạn chế thịt bò,thịt cừu, dê, phủ tạng động vật, uống đủ nước và có thể ăn mỗi ngày 1 quả lòng đỏ trứng gà, tập thể dục thường xuyên, ngủ đủ giấc: cố gắng duy trì giấc ngủ 8 giờ/1 ngày, bổ sung vitamin và khoáng chất thiết yếu có nhiều trong rau xanh, hoa quả theo mùa và sử dụng thuốc hỗ trợ cải thiện tình trạng suy giảm nội tiết tố theo chỉ định.", Chế độ ăn uống thế nào để giúp em cải thiện tình trạng rối loạn nội tiết sau sinh mn ơi,"['Bên cạnh đó, cha mẹ còn cần bổ sung cho con các vi khoáng chất thiết yếu như kẽm, Lysine, crom, selen, vitamin B1, ... để đáp ứng đầy đủ nhu cầu về dưỡng chất ở trẻ. Việc bổ sung các vitamin thiết yếu này còn hỗ trợ tiêu hóa, tăng cường khả năng hấp thu dưỡng chất, giúp cải thiện tình trạng biếng ăn, giúp trẻ ăn ngon miệng. Cha mẹ có thể đồng thời áp dụng việc bổ sung chất qua đường ăn uống và', '1\nCải thiện chất lượng chăm sóc mẹ và \nbé sau sinh \nKim Hyde \nHộ sinh, Tư vấn NCBSM, Điều dưỡng chăm sóc sức khỏe bà mẹ và trẻ sơ sinh\nChăm sóc sau sinh\nGiai đoạn sau sinh được định \nnghĩa là khoảng thời gian từ 1 \ngiờ sau sinh và kéo dài 6 tuần \nsau đó – Tổ chức y tế thế \ngiới (WHO) mô tả giai đoạn sau \nsinh là giai đoạn quan trọng nhất  \nvà cũng là giai đoạn dễ bị lãng', 'Thời kỳ mang thai, nhu cầu canxi của cơ thể người mẹ là rất lớn do thai nhi cần được bổ sung canxi và các chất dinh dưỡng để phát triển toàn diện. Nếu người mẹ không đáp ứng đủ nhu cầu canxi của thai nhi qua chế độ ăn uống và thuốc uống bổ sung thì thai nhi sẽ lấy canxi từ xương của mẹ để bù đắp, dẫn đến tình trạng loãng xương.', '\ufeffCâu hỏi: Ăn gì để nhiều sữa sau sinh?\nTrả lời: Thực phẩm hỗ trợ tiết sữa: móng giò hầm đu đủ/lạc, cháo cá chép, rau ngót, mè đen, gừng, cà rốt. Uống sữa, nước hầm xương. Quan trọng nhất: ăn đủ calo (2500–2800 kcal/ngày) và uống đủ nước.\nNguồn: BV Từ Dũ — Dinh dưỡng mẹ bỉm sữa; Vinmec', 'Về chế độ dinh dưỡng: Hộ sinh trưởng Nguyễn Bích Hạnh - Vinmec Times City khuyên rằng, sau sinh thường mẹ cần được ăn uống đầy đủ các chất dinh dưỡng, không nên kiêng khem quá mức vì đang trong quá trình rất cần lấy lại sức và tạo sữa nuôi con. Mẹ có khỏe thì con mới phát triển tốt. Những thực phẩm mẹ cần bổ sung trong giai đoạn này bao gồm:\nCác loại hoa quả tươi và rau xanh;\nChất bột đường;']","Dựa trên tài liệu, chế độ ăn uống để giúp mẹ cải thiện tình trạng rối loạn nội tiết sau sinh chưa được đề cập trực tiếp. Tuy nhiên, tài liệu đề cập đến việc bổ sung các chất dinh dưỡng cần thiết cho mẹ sau sinh, bao gồm:

- Các loại hoa quả tươi và rau xanh
- Chất bột đường
- Thực phẩm hỗ trợ tiết sữa như móng giò hầm đu đủ/lạc, cháo cá chép, rau ngót, mè đen, gừng, cà rốt
- Uống sữa, nước hầm xương

Tài liệu không đề cập trực tiếp đến chế độ ăn uống cụ thể để cải thiện tình trạng rối loạn nội tiết sau sinh.",1.0,0.0,0.0,0.0
" Ngoài việc phát âm, em cần quan sát những phản ứng nào khác của con đối với lời nói của cha mẹ để biết bé phát triển tâm sinh lý bình thường k?","Tôi xin lỗi, nhưng tài liệu không cung cấp thông tin cụ thể về các phản ứng của trẻ sơ sinh (khoảng 6-12 tháng tuổi) đối với lời nói của cha mẹ. Tuy nhiên, dựa trên tài liệu, có thể thấy rằng trẻ sơ sinh trong khoảng thời gian này sẽ bắt đầu nhận thức và phản ứng với thế giới xung quanh.

Tài liệu 2 cho biết: ""Bé chủ yếu sẽ chỉ nằm im một chỗ, ngoại trừ lúc khóc."" Điều này cho thấy rằng trẻ sơ sinh trong khoảng thời gian này vẫn chưa có nhiều phản ứng với môi trường xung quanh.

Tài liệu 4 cũng cho biết: ""Sau khi trẻ sinh ra, bà mẹ và gia đình cần theo dõi và phát hiện sớm các dấu hiệu nguy hiểm ở trẻ sơ sinh (trẻ từ khi sinh ra cho đến 28 ngày tuổi) như: Ngủ li bì khó đánh thức."" Điều này cho thấy rằng trẻ sơ sinh trong khoảng thời gian này vẫn còn dễ bị ảnh hưởng bởi các yếu tố môi trường.

Tuy nhiên, để biết thêm thông tin cụ thể về các phản ứng của trẻ sơ sinh (khoảng 6-12 tháng tuổi) đối với lời nói của cha mẹ, bạn cần tham khảo thêm tài liệu hoặc chuyên gia y tế.","['phải đánh giá nguyên nhân\n• Nếu em bé bị vàng da, hoặc vàng da đang xấu đi, hoặc em bé đang đi qua phân \nnhạt, cần báo với nhân viên y tế. Nếu bé bị vàng da thì phải theo dõi mức độ vàng \nkèm với tổng trạng của bé liên quan đến việc bú và sự tỉnh táo\n• Bé bú mẹ có dấu hiệu vàng da nên bú thường xuyên hơn, và bé phải được đánh \nthức để cho bú nếu cần ít nhất mỗi 4 giờ', 'Đối với những người quan sát kỹ trẻ từ bên ngoài, một đứa trẻ sơ sinh về cơ bản chưa có nhiều những sự nhận thức và tác động đến thế giới xung quanh. Bé chủ yếu sẽ chỉ nằm im một chỗ, ngoại trừ lúc khóc. Vì vậy, làm thế nào để cha mẹ hay người chăm sóc trẻ có thể kết nối với bé?', 'Sau khi bé chào đời là lúc cơ thể mẹ dần khôi phục những thay đổi trong thai kỳ và sinh nở. Chăm sóc trẻ sơ sinh thường chiếm hầu hết thời gian, nhưng khám sức khỏe bà mẹ sau sinh cũng quan trọng không kém. Các mẹ phải cố gắng nghỉ ngơi và thư giãn càng nhiều càng tốt.', 'NHỮNG THÔNG TIN CẦN NHỚ VÀ NHỮNG VIỆC CẦN LÀM\n\uf076 Sau khi trẻ sinh ra, bà mẹ và gia đình cần theo dõi và phát hiện sớm \ncác dấu hiệu nguy hiểm ở trẻ sơ sinh (trẻ từ khi sinh ra cho đến 28 \nngày tuổi) như:\n \uf075 Bú kém hoặc bỏ bú.\n\uf075  Ngủ li bì khó đánh thức.\n\uf075 Thở khác thường (thở chậm dưới 40 lần hoặc thở nhanh trên 60 lần trong \n1 phút, co rút lồng ngực, cánh mũi phập phồng, khò khè).', 'Giấc ngủ của trẻ sơ sinh là điều rất được các mẹ quan tâm, vì nó có ảnh hưởng trực tiếp đến sức khỏe của trẻ. Trẻ sơ sinh thay đổi môi trường \xa0từ trong bụng mẹ ra môi trường tự nhiên bên ngoài, đồng thời trẻ cũng chưa phân biệt được ngày và đêm, nên có những trẻ sẽ ngủ nhiều vào ban ngày và thức giấc nhiều hơn vào ban đêm.']","Bạn nên quan sát xem bé có phản ứng rõ ràng với những lời âu yếm, cưng nựng hoặc tiếng quát mắng, cáu giận và từ ""không"" của cha mẹ hay không để đánh giá khả năng tiếp nhận ngôn ngữ của con. "," Ngoài việc phát âm, em cần quan sát những phản ứng nào khác của con đối với lời nói của cha mẹ để biết bé phát triển tâm sinh lý bình thường k?","['phải đánh giá nguyên nhân\n• Nếu em bé bị vàng da, hoặc vàng da đang xấu đi, hoặc em bé đang đi qua phân \nnhạt, cần báo với nhân viên y tế. Nếu bé bị vàng da thì phải theo dõi mức độ vàng \nkèm với tổng trạng của bé liên quan đến việc bú và sự tỉnh táo\n• Bé bú mẹ có dấu hiệu vàng da nên bú thường xuyên hơn, và bé phải được đánh \nthức để cho bú nếu cần ít nhất mỗi 4 giờ', 'Đối với những người quan sát kỹ trẻ từ bên ngoài, một đứa trẻ sơ sinh về cơ bản chưa có nhiều những sự nhận thức và tác động đến thế giới xung quanh. Bé chủ yếu sẽ chỉ nằm im một chỗ, ngoại trừ lúc khóc. Vì vậy, làm thế nào để cha mẹ hay người chăm sóc trẻ có thể kết nối với bé?', 'Sau khi bé chào đời là lúc cơ thể mẹ dần khôi phục những thay đổi trong thai kỳ và sinh nở. Chăm sóc trẻ sơ sinh thường chiếm hầu hết thời gian, nhưng khám sức khỏe bà mẹ sau sinh cũng quan trọng không kém. Các mẹ phải cố gắng nghỉ ngơi và thư giãn càng nhiều càng tốt.', 'NHỮNG THÔNG TIN CẦN NHỚ VÀ NHỮNG VIỆC CẦN LÀM\n\uf076 Sau khi trẻ sinh ra, bà mẹ và gia đình cần theo dõi và phát hiện sớm \ncác dấu hiệu nguy hiểm ở trẻ sơ sinh (trẻ từ khi sinh ra cho đến 28 \nngày tuổi) như:\n \uf075 Bú kém hoặc bỏ bú.\n\uf075  Ngủ li bì khó đánh thức.\n\uf075 Thở khác thường (thở chậm dưới 40 lần hoặc thở nhanh trên 60 lần trong \n1 phút, co rút lồng ngực, cánh mũi phập phồng, khò khè).', 'Giấc ngủ của trẻ sơ sinh là điều rất được các mẹ quan tâm, vì nó có ảnh hưởng trực tiếp đến sức khỏe của trẻ. Trẻ sơ sinh thay đổi môi trường \xa0từ trong bụng mẹ ra môi trường tự nhiên bên ngoài, đồng thời trẻ cũng chưa phân biệt được ngày và đêm, nên có những trẻ sẽ ngủ nhiều vào ban ngày và thức giấc nhiều hơn vào ban đêm.']","Tôi xin lỗi, nhưng tài liệu không cung cấp thông tin cụ thể về các phản ứng của trẻ sơ sinh (khoảng 6-12 tháng tuổi) đối với lời nói của cha mẹ. Tuy nhiên, dựa trên tài liệu, có thể thấy rằng trẻ sơ sinh trong khoảng thời gian này sẽ bắt đầu nhận thức và phản ứng với thế giới xung quanh.

Tài liệu 2 cho biết: ""Bé chủ yếu sẽ chỉ nằm im một chỗ, ngoại trừ lúc khóc."" Điều này cho thấy rằng trẻ sơ sinh trong khoảng thời gian này vẫn chưa có nhiều phản ứng với môi trường xung quanh.

Tài liệu 4 cũng cho biết: ""Sau khi trẻ sinh ra, bà mẹ và gia đình cần theo dõi và phát hiện sớm các dấu hiệu nguy hiểm ở trẻ sơ sinh (trẻ từ khi sinh ra cho đến 28 ngày tuổi) như: Ngủ li bì khó đánh thức."" Điều này cho thấy rằng trẻ sơ sinh trong khoảng thời gian này vẫn còn dễ bị ảnh hưởng bởi các yếu tố môi trường.

Tuy nhiên, để biết thêm thông tin cụ thể về các phản ứng của trẻ sơ sinh (khoảng 6-12 tháng tuổi) đối với lời nói của cha mẹ, bạn cần tham khảo thêm tài liệu hoặc chuyên gia y tế.",0.375,1.0,0.0,0.0
Sau 2 tuần mà rốn bé vẫn chưa rụng thì có cần đưa bé đi viện k ạ,"Dựa trên tài liệu, sau 2 tuần mà rốn bé vẫn chưa rụng, cần đưa bé đi khám tại bệnh viện nếu rốn bé sưng đỏ hoặc tiết dịch hôi.","['96 \n \nsinh ra m ột lo ại hooc môn căng th ẳng không t ốt cho s ức \nkhỏe bé sơ sinh. \nSau 2 tuần rốn bé vẫn chưa rụng cần phải làm gì? \n- Nếu rốn bé khô, bé không qu ấy khóc ho ặc bỏ bú thì \nvẫn bình thường \n- Nếu rốn bé sưng đỏ hoặc tiết dịch hôi, cần đến cơ sở y \ntế khám ngay để được xử trí kịp thời.', '– Chăm sóc rốn:Vệ sinh rốn cho trẻ hàng ngày đến khi rốn rụng và khô bằng cồn 70° và bông vô khuẩn, không nên bôi bất cứ thứ thuốc mỡ hay thuốc bột gì vào rốn trẻ\nCần đưa trẻ đến khám khi có một trong các triệu chứng sau:\nRốn có mùi hôi hoặc rỉ nước vàng hoặc rỉ máu.\nRốn có nang, rỉ nước.\nDa quanh rốn sưng tấy đỏ.\nRốn chậm rụng sau 3 tuần.', '116 |  \nSA DÂY RỐN \n- Sa dây rốn trong bọc ối: khám âm đạo thấy dây rốn nằm ở bên hoặc dưới ngôi thai nhưng \nvẫn trong bọc ối. \n- Nếu ối đã vỡ thì thấy dây rốn sa trong âm đạo, có khi ra ngoài âm hộ. \n- Hay gặp ngôi bất thường. \nTuyến xã. \n- Tư vấn cho sản phụ không rặn. \n- Đặt sản phụ nằm theo tư thế đầu gối-ngực.', 'tháng. \n- Chỉ tiêm vaccin BCG  cho trẻ sau khi trẻ hoàn thành điều trị 2 tuần.  \n- Khuyên mẹ tiếp tục điều trị bệnh lao đến khi ổn định. \n- Phát hiện các trường hợp bà mẹ bị giang mai qua quá trình quản lý thai nghén, kiểm tra \nxem mẹ đã được điều trị đầy đủ chưa. Nếu chưa thì khuyên mẹ đẻ tại tuyến trên để điều \ntrị cho trẻ sau sinh.', '\uf02b Hút buồng tử cung \n- Thai tiếp tục phát triển có thể hút thai hoặc tiếp tục liệu trình phá thai bằng thuốc nếu \nkhách hàng mong muốn và trong giới hạn tuổi thai cho phép.  \n- Ghi chú: nếu ra máu nhiều (ướt đẫm 2 băng vệ sinh dày trong 1 giờ và kéo dài 2 giờ liên \ntiếp) phải khám lại ngay. \n- Tai biến: chảy máu nhiều, rong huyết kéo dài, nhiễm khuẩn, sót thai, sót rau.']",Nếu rốn vẫn khô và bé ăn ngủ tốt thì bình thường; nhưng nếu rốn sưng đỏ hoặc có dịch hôi thì phải đi khám ngay.,Sau 2 tuần mà rốn bé vẫn chưa rụng thì có cần đưa bé đi viện k ạ,"['96 \n \nsinh ra m ột lo ại hooc môn căng th ẳng không t ốt cho s ức \nkhỏe bé sơ sinh. \nSau 2 tuần rốn bé vẫn chưa rụng cần phải làm gì? \n- Nếu rốn bé khô, bé không qu ấy khóc ho ặc bỏ bú thì \nvẫn bình thường \n- Nếu rốn bé sưng đỏ hoặc tiết dịch hôi, cần đến cơ sở y \ntế khám ngay để được xử trí kịp thời.', '– Chăm sóc rốn:Vệ sinh rốn cho trẻ hàng ngày đến khi rốn rụng và khô bằng cồn 70° và bông vô khuẩn, không nên bôi bất cứ thứ thuốc mỡ hay thuốc bột gì vào rốn trẻ\nCần đưa trẻ đến khám khi có một trong các triệu chứng sau:\nRốn có mùi hôi hoặc rỉ nước vàng hoặc rỉ máu.\nRốn có nang, rỉ nước.\nDa quanh rốn sưng tấy đỏ.\nRốn chậm rụng sau 3 tuần.', '116 |  \nSA DÂY RỐN \n- Sa dây rốn trong bọc ối: khám âm đạo thấy dây rốn nằm ở bên hoặc dưới ngôi thai nhưng \nvẫn trong bọc ối. \n- Nếu ối đã vỡ thì thấy dây rốn sa trong âm đạo, có khi ra ngoài âm hộ. \n- Hay gặp ngôi bất thường. \nTuyến xã. \n- Tư vấn cho sản phụ không rặn. \n- Đặt sản phụ nằm theo tư thế đầu gối-ngực.', 'tháng. \n- Chỉ tiêm vaccin BCG  cho trẻ sau khi trẻ hoàn thành điều trị 2 tuần.  \n- Khuyên mẹ tiếp tục điều trị bệnh lao đến khi ổn định. \n- Phát hiện các trường hợp bà mẹ bị giang mai qua quá trình quản lý thai nghén, kiểm tra \nxem mẹ đã được điều trị đầy đủ chưa. Nếu chưa thì khuyên mẹ đẻ tại tuyến trên để điều \ntrị cho trẻ sau sinh.', '\uf02b Hút buồng tử cung \n- Thai tiếp tục phát triển có thể hút thai hoặc tiếp tục liệu trình phá thai bằng thuốc nếu \nkhách hàng mong muốn và trong giới hạn tuổi thai cho phép.  \n- Ghi chú: nếu ra máu nhiều (ướt đẫm 2 băng vệ sinh dày trong 1 giờ và kéo dài 2 giờ liên \ntiếp) phải khám lại ngay. \n- Tai biến: chảy máu nhiều, rong huyết kéo dài, nhiễm khuẩn, sót thai, sót rau.']","Dựa trên tài liệu, sau 2 tuần mà rốn bé vẫn chưa rụng, cần đưa bé đi khám tại bệnh viện nếu rốn bé sưng đỏ hoặc tiết dịch hôi.",1.0,0.75,0.524431159392637,0.9999999999666667
Sau sinh bao lâu thì em có thể đi đặt vòng tránh thai đc các Mom nhỉ,"Câu trả lời dựa trên tài liệu đã được cung cấp:

- Đặt vòng tránh thai được thực hiện ngay sau sổ nhau (trong 48 giờ) hoặc sau 4–6 tuần hậu sản.
- Không có thông tin cụ thể về độ tuổi sau sinh khi đặt vòng tránh thai.

Tuy nhiên, dựa trên tài liệu 3, sau khi sinh, các mẹ nên chủ động sử dụng các biện pháp tránh thai an toàn, và đối với sinh thường, sau ít nhất 6 tuần là có thể quan hệ tình dục trở lại.","['\ufeffCâu hỏi: Đặt vòng tránh thai sau sinh khi nào được?\nTrả lời: Đặt vòng ngay sau sổ nhau (trong 48 giờ) hoặc sau 4–6 tuần hậu sản khi tử cung đã co hồi. Vòng đồng hoạt động ngay, vòng Mirena (progestin) có thể đặt ngay khi cho con bú. Hiệu quả tránh thai >99%.\nNguồn: BV Từ Dũ — Kế hoạch hóa gia đình', 'Sau 9 tháng 10 ngày mang nặng, thai phụ bước vào cuộc đẻ và phải đối mặt với mức độ đau đẻ được so sánh với gãy 20 cái xương sườn cùng lúc. Để cuộc đẻ diễn ra suôn sẻ, an toàn, thai phụ cần hiểu rõ:\n- Quy trình cuộc chuyển dạ diễn ra như thế nào, thường kéo dài trong bao lâu để có hướng sinh thường hay sinh mổ, bảo vệ sức khỏe cho thai nhi.', 'sau khi sinh \n- Chỉ quan hệ trở lại khi c ả hai cảm thấy sẵn sàng và \nthoải mái. \n- Nên ch ủ động s ử dụng các bi ện pháp tránh thai an \ntoàn \n Đối với sinh thường \n- Với những người có s ức khỏe tốt và h ồi phục nhanh \nthì sau ít nhất 6 tuần là có thể quan hệ tình dục trở lại.  \n- Nên ch ủ động s ử dụng các bi ện pháp tránh  thai an \ntoàn. \nĐối với đẻ mổ', '\ufeffCâu hỏi: Sau sinh kinh nguyệt bao lâu trở lại?\nTrả lời: Mẹ bú mẹ hoàn toàn: kinh nguyệt có thể trở lại sau 6–12 tháng. Mẹ không cho con bú hoặc bú ít: kinh trở lại sau 6–8 tuần. Lưu ý vẫn có thể có thai trước kỳ kinh đầu tiên nên cần tránh thai sớm.\nNguồn: BV Từ Dũ — Hướng dẫn hậu sản', 'Sau khi bé chào đời là lúc cơ thể mẹ dần khôi phục những thay đổi trong thai kỳ và sinh nở. Chăm sóc trẻ sơ sinh thường chiếm hầu hết thời gian, nhưng khám sức khỏe bà mẹ sau sinh cũng quan trọng không kém. Các mẹ phải cố gắng nghỉ ngơi và thư giãn càng nhiều càng tốt.']",Bạn cần chờ khoảng 4-6 tuần để tử cung hồi phục hoàn toàn thì mới có thể đặt dụng cụ tử cung.,Sau sinh bao lâu thì em có thể đi đặt vòng tránh thai đc các Mom nhỉ,"['\ufeffCâu hỏi: Đặt vòng tránh thai sau sinh khi nào được?\nTrả lời: Đặt vòng ngay sau sổ nhau (trong 48 giờ) hoặc sau 4–6 tuần hậu sản khi tử cung đã co hồi. Vòng đồng hoạt động ngay, vòng Mirena (progestin) có thể đặt ngay khi cho con bú. Hiệu quả tránh thai >99%.\nNguồn: BV Từ Dũ — Kế hoạch hóa gia đình', 'Sau 9 tháng 10 ngày mang nặng, thai phụ bước vào cuộc đẻ và phải đối mặt với mức độ đau đẻ được so sánh với gãy 20 cái xương sườn cùng lúc. Để cuộc đẻ diễn ra suôn sẻ, an toàn, thai phụ cần hiểu rõ:\n- Quy trình cuộc chuyển dạ diễn ra như thế nào, thường kéo dài trong bao lâu để có hướng sinh thường hay sinh mổ, bảo vệ sức khỏe cho thai nhi.', 'sau khi sinh \n- Chỉ quan hệ trở lại khi c ả hai cảm thấy sẵn sàng và \nthoải mái. \n- Nên ch ủ động s ử dụng các bi ện pháp tránh thai an \ntoàn \n Đối với sinh thường \n- Với những người có s ức khỏe tốt và h ồi phục nhanh \nthì sau ít nhất 6 tuần là có thể quan hệ tình dục trở lại.  \n- Nên ch ủ động s ử dụng các bi ện pháp tránh  thai an \ntoàn. \nĐối với đẻ mổ', '\ufeffCâu hỏi: Sau sinh kinh nguyệt bao lâu trở lại?\nTrả lời: Mẹ bú mẹ hoàn toàn: kinh nguyệt có thể trở lại sau 6–12 tháng. Mẹ không cho con bú hoặc bú ít: kinh trở lại sau 6–8 tuần. Lưu ý vẫn có thể có thai trước kỳ kinh đầu tiên nên cần tránh thai sớm.\nNguồn: BV Từ Dũ — Hướng dẫn hậu sản', 'Sau khi bé chào đời là lúc cơ thể mẹ dần khôi phục những thay đổi trong thai kỳ và sinh nở. Chăm sóc trẻ sơ sinh thường chiếm hầu hết thời gian, nhưng khám sức khỏe bà mẹ sau sinh cũng quan trọng không kém. Các mẹ phải cố gắng nghỉ ngơi và thư giãn càng nhiều càng tốt.']","Câu trả lời dựa trên tài liệu đã được cung cấp:

- Đặt vòng tránh thai được thực hiện ngay sau sổ nhau (trong 48 giờ) hoặc sau 4–6 tuần hậu sản.
- Không có thông tin cụ thể về độ tuổi sau sinh khi đặt vòng tránh thai.

Tuy nhiên, dựa trên tài liệu 3, sau khi sinh, các mẹ nên chủ động sử dụng các biện pháp tránh thai an toàn, và đối với sinh thường, sau ít nhất 6 tuần là có thể quan hệ tình dục trở lại.",1.0,1.0,0.0,0.9999999999
"Em có đc sử dụng mỹ phẩm dưỡng da hay sơn móng tay trong thời gian cho con bú k, có ảnh hưởng đến bé k","Tôi không tìm thấy thông tin cụ thể về việc sử dụng mỹ phẩm dưỡng da hay sơn móng tay trong thời gian cho con bú trong tài liệu đã cung cấp. Tuy nhiên, tôi có thể đề xuất một số thông tin liên quan:

- TÀI LIỆU 2 đề cập đến việc chọn sữa tắm có độ pH phù hợp, không kích ứng và không chứa chất tẩy rửa để duy trì độ ẩm và cân bằng da cho trẻ.
- TÀI LIỆU 4 đề cập đến việc không sử dụng bất kỳ loại dầu massage nào vì chúng có thể ảnh hưởng đến trẻ khi bú mẹ.

Để đảm bảo an toàn cho cả mẹ và bé, tôi khuyên bạn nên tham khảo ý kiến của bác sĩ sản phụ khoa hoặc chuyên gia chăm sóc sức khỏe về việc sử dụng mỹ phẩm dưỡng da hay sơn móng tay trong thời gian cho con bú.","['quả, không gây tổn thương các tuyến sữa bình thường khác, không cần sử dụng thuốc giảm đau và chống viêm toàn thân, trong thời gian điều trị mẹ vẫn có thể cho con bú bình thường, đảm bảo cung cấp dinh dưỡng thiết yếu và kháng thể tự nhiên cho con phát triển khỏe mạnh và phát triển toàn diện nhất.', '87 \n \n- Tắm cho trẻ mỗi n gày kèm theo sử dụng kem dưỡng \nda lành tính để duy trì độ ẩm và cân bằng da; \n- Chọn sữa tắm có độ pH phù hợp, không kích ứng và \nkhông chứa chất tẩy rửa; \n- Tránh các yếu tố nguy cơ như khí hậu khô, bụi, lông \nđộng vật, phấn hoa \n- Mẹ cho con bú nên ăn những t hực phẩm chứa chất \nchống oxy hóa làm tăng sức đề kháng của da \nViêm rốn \nBiểu hiện', 'Bạn đang nuôi con bằng sữa mẹ và chuẩn đi làm trở lại, muốn linh hoạt trong việc cho con bú bạn có thể cân nhắc vắt sữa cho con bằng tay hoặc sử dụng thiết bị hút sữa. Và khi bạn bắt đầu vắt sữa, điều quan trọng là phải biết cách bảo quản sữa đã vắt ra như thế nào để đảm bảo chất lượng sữa mẹ, tránh lãng phí, giúp mẹ tự tin duy trì nguồn sữa mẹ để nuôi con sau khoảng thời gian nghỉ hậu sản trở', 'Lưu ý khi massage ngực \n- Trước khi massage, bà m ẹ cần v ệ sinh tay b ằng gel \ntuyệt trùng hay s ử dụng xà bông. B ởi việc vệ sinh tay không \nsạch có thể ảnh hưởng tới sức khỏe của trẻ \n- Không sử dụng bất kỳ một loại dầu massage nào b ởi \nchúng có thể ảnh hưởng tới trẻ khi bú mẹ. \n- Tránh massage m ạnh hay nh ững đ ộng tác ấn sâu. \nThay vào đó, hãy massage một cách nhẹ nhàng và thư giãn.', 'Nồng độ thuốc tìm thấy trong sữa mẹ thường rất thấp. Việc cho con bú có nhiều lợi ích cho cả bạn và em bé. Quyết định dùng thuốc chống trầm cảm trong khi cho con bú liên quan đến việc cân nhắc những lợi ích này so với những rủi ro tiềm ẩn khi em bé tiếp xúc với thuốc trong sữa mẹ. Hãy trao đổi với bác sĩ sản phụ khoa về việc cho con bú trong khi bạn đang dùng thuốc chống trầm cảm.']","Bạn nên chọn mỹ phẩm có nguồn gốc tự nhiên, tránh các chất độc hại như retinol hay paraben; hạn chế sơn móng tay vì mùi sơn có thể gây khó chịu cho bé.","Em có đc sử dụng mỹ phẩm dưỡng da hay sơn móng tay trong thời gian cho con bú k, có ảnh hưởng đến bé k","['quả, không gây tổn thương các tuyến sữa bình thường khác, không cần sử dụng thuốc giảm đau và chống viêm toàn thân, trong thời gian điều trị mẹ vẫn có thể cho con bú bình thường, đảm bảo cung cấp dinh dưỡng thiết yếu và kháng thể tự nhiên cho con phát triển khỏe mạnh và phát triển toàn diện nhất.', '87 \n \n- Tắm cho trẻ mỗi n gày kèm theo sử dụng kem dưỡng \nda lành tính để duy trì độ ẩm và cân bằng da; \n- Chọn sữa tắm có độ pH phù hợp, không kích ứng và \nkhông chứa chất tẩy rửa; \n- Tránh các yếu tố nguy cơ như khí hậu khô, bụi, lông \nđộng vật, phấn hoa \n- Mẹ cho con bú nên ăn những t hực phẩm chứa chất \nchống oxy hóa làm tăng sức đề kháng của da \nViêm rốn \nBiểu hiện', 'Bạn đang nuôi con bằng sữa mẹ và chuẩn đi làm trở lại, muốn linh hoạt trong việc cho con bú bạn có thể cân nhắc vắt sữa cho con bằng tay hoặc sử dụng thiết bị hút sữa. Và khi bạn bắt đầu vắt sữa, điều quan trọng là phải biết cách bảo quản sữa đã vắt ra như thế nào để đảm bảo chất lượng sữa mẹ, tránh lãng phí, giúp mẹ tự tin duy trì nguồn sữa mẹ để nuôi con sau khoảng thời gian nghỉ hậu sản trở', 'Lưu ý khi massage ngực \n- Trước khi massage, bà m ẹ cần v ệ sinh tay b ằng gel \ntuyệt trùng hay s ử dụng xà bông. B ởi việc vệ sinh tay không \nsạch có thể ảnh hưởng tới sức khỏe của trẻ \n- Không sử dụng bất kỳ một loại dầu massage nào b ởi \nchúng có thể ảnh hưởng tới trẻ khi bú mẹ. \n- Tránh massage m ạnh hay nh ững đ ộng tác ấn sâu. \nThay vào đó, hãy massage một cách nhẹ nhàng và thư giãn.', 'Nồng độ thuốc tìm thấy trong sữa mẹ thường rất thấp. Việc cho con bú có nhiều lợi ích cho cả bạn và em bé. Quyết định dùng thuốc chống trầm cảm trong khi cho con bú liên quan đến việc cân nhắc những lợi ích này so với những rủi ro tiềm ẩn khi em bé tiếp xúc với thuốc trong sữa mẹ. Hãy trao đổi với bác sĩ sản phụ khoa về việc cho con bú trong khi bạn đang dùng thuốc chống trầm cảm.']","Tôi không tìm thấy thông tin cụ thể về việc sử dụng mỹ phẩm dưỡng da hay sơn móng tay trong thời gian cho con bú trong tài liệu đã cung cấp. Tuy nhiên, tôi có thể đề xuất một số thông tin liên quan:

- TÀI LIỆU 2 đề cập đến việc chọn sữa tắm có độ pH phù hợp, không kích ứng và không chứa chất tẩy rửa để duy trì độ ẩm và cân bằng da cho trẻ.
- TÀI LIỆU 4 đề cập đến việc không sử dụng bất kỳ loại dầu massage nào vì chúng có thể ảnh hưởng đến trẻ khi bú mẹ.

Để đảm bảo an toàn cho cả mẹ và bé, tôi khuyên bạn nên tham khảo ý kiến của bác sĩ sản phụ khoa hoặc chuyên gia chăm sóc sức khỏe về việc sử dụng mỹ phẩm dưỡng da hay sơn móng tay trong thời gian cho con bú.",0.4,0.0,0.5991841460080436,0.0
Hậu quả của thiếu dinh dưỡng trong 3 tháng cuối thai kỳ là j v,"Theo tài liệu 1, thiếu dinh dưỡng trong 3 tháng cuối thai kỳ có thể dẫn đến:

- Nguy cơ đẻ nhẹ cân
- Nguy cơ bị tiểu đường sau này

 *Lưu ý: Mẹ nên đưa bé đến cơ sở y tế để được thăm khám trực tiếp.*","['lớn tới phát triển của con như sau:\n• Thiếu dinh dưỡng thời kỳ đầu bào thai: con đẻ ra có nguy cơ bị béo phì\nvà mắc bệnh tim mạch khi trưởng thành\n• Thiếu dinh dưỡng trong ba tháng giữa: con có nguy cơ thấp còi\n• Thiếu dinh dưỡng thời kỳ cuối: nguy cơ đẻ nhẹ cân và bị tiểu đường về\nsau', 'Sơ sinh sinh non do được sinh ra trước thời điểm các cơ quan trong cơ thể hoàn chỉnh \nvề mặt chức năng cũng như gi ải phẫu nên ph ải đối diện với nhiều nguy cơ và bi ến chứng \ncũng như sẽ gặp nhiều khó khăn trong dinh dưỡng. \n- Xác định tuổi thai, cân nặng, chiều dài, nếu non tháng tăng nhiệt độ phòng sinh \n- Chăm sóc đúng quy trình chăm sóc thiết yếu da kề da sau sinh', 'Em bé của bạn có thể có thể tự đạp chân của mình, từ nằm sấp, ngay từ khi được 4 tháng tuổi. Các ông bố bà mẹ cũng rất quan tâm đến vấn đề “Trẻ mấy tháng biết lật”. Đối với hoạt động này, em bé có thể mất khoảng 5 hoặc 6 tháng để em bé biết lật từ sau ra trước. Bởi vì em bé cần có hoạt động cơ cổ và cánh tay khỏe hơn cho động tác đó.', '- Những tình trạng của bé ảnh hưởng đến việc cho bú như: bé có dị tật vùng miệng, hầu -\nhọng, bé non tháng hoặc nhỏ so với tuổi thai cần chăm sóc đặc biệt, bé bị một số tình \ntrạng rối loạn chuyển hóa.  \nMẹ nhiễm HIV. \n- Lắng nghe và tìm hiểu nhu cầu tránh thai của khách hàng. Nêu rõ hiệu quả, thuận lợi,', 'Đặc điểm chung của trẻ sinh thấp cân\n• Trẻ sinh thấp cân là trẻ sinh ra có cân nặng dưới 2500 gram, bao gồm cả \ntrẻ sinh non và trẻ sinh đủ tháng. \n• Trẻ sinh thấp cân có nguy cơ bị nhiễm khuẩn cao hơn nên càng cần cho trẻ  \nbú sữa mẹ nhiều hơn.\n• Trẻ sinh thấp cân sinh đủ tháng thường có thể bú mẹ dễ dàng và mút vú \nhiệu quả.']",Con đẻ ra có nguy cơ bị nhẹ cân và mắc bệnh tiểu đường về sau.,Hậu quả của thiếu dinh dưỡng trong 3 tháng cuối thai kỳ là j v,"['lớn tới phát triển của con như sau:\n• Thiếu dinh dưỡng thời kỳ đầu bào thai: con đẻ ra có nguy cơ bị béo phì\nvà mắc bệnh tim mạch khi trưởng thành\n• Thiếu dinh dưỡng trong ba tháng giữa: con có nguy cơ thấp còi\n• Thiếu dinh dưỡng thời kỳ cuối: nguy cơ đẻ nhẹ cân và bị tiểu đường về\nsau', 'Sơ sinh sinh non do được sinh ra trước thời điểm các cơ quan trong cơ thể hoàn chỉnh \nvề mặt chức năng cũng như gi ải phẫu nên ph ải đối diện với nhiều nguy cơ và bi ến chứng \ncũng như sẽ gặp nhiều khó khăn trong dinh dưỡng. \n- Xác định tuổi thai, cân nặng, chiều dài, nếu non tháng tăng nhiệt độ phòng sinh \n- Chăm sóc đúng quy trình chăm sóc thiết yếu da kề da sau sinh', 'Em bé của bạn có thể có thể tự đạp chân của mình, từ nằm sấp, ngay từ khi được 4 tháng tuổi. Các ông bố bà mẹ cũng rất quan tâm đến vấn đề “Trẻ mấy tháng biết lật”. Đối với hoạt động này, em bé có thể mất khoảng 5 hoặc 6 tháng để em bé biết lật từ sau ra trước. Bởi vì em bé cần có hoạt động cơ cổ và cánh tay khỏe hơn cho động tác đó.', '- Những tình trạng của bé ảnh hưởng đến việc cho bú như: bé có dị tật vùng miệng, hầu -\nhọng, bé non tháng hoặc nhỏ so với tuổi thai cần chăm sóc đặc biệt, bé bị một số tình \ntrạng rối loạn chuyển hóa.  \nMẹ nhiễm HIV. \n- Lắng nghe và tìm hiểu nhu cầu tránh thai của khách hàng. Nêu rõ hiệu quả, thuận lợi,', 'Đặc điểm chung của trẻ sinh thấp cân\n• Trẻ sinh thấp cân là trẻ sinh ra có cân nặng dưới 2500 gram, bao gồm cả \ntrẻ sinh non và trẻ sinh đủ tháng. \n• Trẻ sinh thấp cân có nguy cơ bị nhiễm khuẩn cao hơn nên càng cần cho trẻ  \nbú sữa mẹ nhiều hơn.\n• Trẻ sinh thấp cân sinh đủ tháng thường có thể bú mẹ dễ dàng và mút vú \nhiệu quả.']","Theo tài liệu 1, thiếu dinh dưỡng trong 3 tháng cuối thai kỳ có thể dẫn đến:

- Nguy cơ đẻ nhẹ cân
- Nguy cơ bị tiểu đường sau này

 *Lưu ý: Mẹ nên đưa bé đến cơ sở y tế để được thăm khám trực tiếp.*",0.6666666666666666,1.0,0.7912146055814522,0.0
 Băng huyết sau sinh sớm và muộn khác nhau ra sao bs ơi,"Dựa trên tài liệu, băng huyết sau sinh được phân loại thành:

- Băng huyết sau sinh sớm (hay nguyên phát): xảy ra trong vòng 24 giờ đầu.
- Băng huyết sau sinh muộn (hay thứ phát): xảy ra từ 24 giờ đến 6 tuần sau sinh.

Trong giai đoạn sau sinh, băng huyết sau sinh sớm thường xảy ra ngay sau khi sinh, trong khi băng huyết sau sinh muộn có thể xảy ra trong thời gian dài hơn.","['với số lượng từ 500ml trở lên trong vòng 24 giờ sau khi sổ thai hoặc mổ sinh VÀ có ảnh \nhưởng đến tổng trạng, tri giác và sinh hiệu của sản phụ. \nBăng huyết sau sinh là một cấp cứu sản khoa, được phân loại thành : \n• Băng huyết sau sinh sớm (hay nguyên phát): xảy ra trong vòng 24 giờ đầu. \n• Băng huyết sau sinh muộn (hay thứ phát): xảy ra từ 24 giờ đến 6 tuần sau sinh.', 'lý do tiếp tục theo dõi bé như: Strep nhóm B, ối lẫn phân su hoặc ối vỡ sớm\n• Hồ sơ bàn giao có ghi nhận sự theo dõi mẹ và biểu đồ kiểm tra trẻ sơ sinh với \n2 chữ kí của nhân viên (ngày tháng, thời gian, tên, chữ kí)\nĐến khoa hậu sản\nNhập và hướng dẫn tại khoa hậu sản\n• Thông báo cho sản phụ biết khi tiếp xúc lần đầu tiên tại khoa hậu sản về các \ndấu hiệu và triệu chứng chủ yếu đe dọa tính mạng', 'Dù là sinh thường hay sinh mổ thì mẹ cũng cần phải vận động đi lại sớm sau khi sinh, nếu có vấn đề tâm lý thì cần chia sẻ với mọi người để có thể giải tỏa, trong tuần đầu sau sinh mẹ nên khám lại để đảm bảo sức khỏe an toàn.\nTrường hợp mẹ gặp khó khăn khi cho trẻ bú thì cần có người hướng dẫn mẹ cho con bú đúng cách.', 'Sơ sinh sinh non do được sinh ra trước thời điểm các cơ quan trong cơ thể hoàn chỉnh \nvề mặt chức năng cũng như gi ải phẫu nên ph ải đối diện với nhiều nguy cơ và bi ến chứng \ncũng như sẽ gặp nhiều khó khăn trong dinh dưỡng. \n- Xác định tuổi thai, cân nặng, chiều dài, nếu non tháng tăng nhiệt độ phòng sinh \n- Chăm sóc đúng quy trình chăm sóc thiết yếu da kề da sau sinh', '1\nCải thiện chất lượng chăm sóc mẹ và \nbé sau sinh \nKim Hyde \nHộ sinh, Tư vấn NCBSM, Điều dưỡng chăm sóc sức khỏe bà mẹ và trẻ sơ sinh\nChăm sóc sau sinh\nGiai đoạn sau sinh được định \nnghĩa là khoảng thời gian từ 1 \ngiờ sau sinh và kéo dài 6 tuần \nsau đó – Tổ chức y tế thế \ngiới (WHO) mô tả giai đoạn sau \nsinh là giai đoạn quan trọng nhất  \nvà cũng là giai đoạn dễ bị lãng']",BHSS sớm xảy ra trong vòng 24 giờ đầu; BHSS muộn xảy ra từ sau 24 giờ đến 6 tuần sau sinh., Băng huyết sau sinh sớm và muộn khác nhau ra sao bs ơi,"['với số lượng từ 500ml trở lên trong vòng 24 giờ sau khi sổ thai hoặc mổ sinh VÀ có ảnh \nhưởng đến tổng trạng, tri giác và sinh hiệu của sản phụ. \nBăng huyết sau sinh là một cấp cứu sản khoa, được phân loại thành : \n• Băng huyết sau sinh sớm (hay nguyên phát): xảy ra trong vòng 24 giờ đầu. \n• Băng huyết sau sinh muộn (hay thứ phát): xảy ra từ 24 giờ đến 6 tuần sau sinh.', 'lý do tiếp tục theo dõi bé như: Strep nhóm B, ối lẫn phân su hoặc ối vỡ sớm\n• Hồ sơ bàn giao có ghi nhận sự theo dõi mẹ và biểu đồ kiểm tra trẻ sơ sinh với \n2 chữ kí của nhân viên (ngày tháng, thời gian, tên, chữ kí)\nĐến khoa hậu sản\nNhập và hướng dẫn tại khoa hậu sản\n• Thông báo cho sản phụ biết khi tiếp xúc lần đầu tiên tại khoa hậu sản về các \ndấu hiệu và triệu chứng chủ yếu đe dọa tính mạng', 'Dù là sinh thường hay sinh mổ thì mẹ cũng cần phải vận động đi lại sớm sau khi sinh, nếu có vấn đề tâm lý thì cần chia sẻ với mọi người để có thể giải tỏa, trong tuần đầu sau sinh mẹ nên khám lại để đảm bảo sức khỏe an toàn.\nTrường hợp mẹ gặp khó khăn khi cho trẻ bú thì cần có người hướng dẫn mẹ cho con bú đúng cách.', 'Sơ sinh sinh non do được sinh ra trước thời điểm các cơ quan trong cơ thể hoàn chỉnh \nvề mặt chức năng cũng như gi ải phẫu nên ph ải đối diện với nhiều nguy cơ và bi ến chứng \ncũng như sẽ gặp nhiều khó khăn trong dinh dưỡng. \n- Xác định tuổi thai, cân nặng, chiều dài, nếu non tháng tăng nhiệt độ phòng sinh \n- Chăm sóc đúng quy trình chăm sóc thiết yếu da kề da sau sinh', '1\nCải thiện chất lượng chăm sóc mẹ và \nbé sau sinh \nKim Hyde \nHộ sinh, Tư vấn NCBSM, Điều dưỡng chăm sóc sức khỏe bà mẹ và trẻ sơ sinh\nChăm sóc sau sinh\nGiai đoạn sau sinh được định \nnghĩa là khoảng thời gian từ 1 \ngiờ sau sinh và kéo dài 6 tuần \nsau đó – Tổ chức y tế thế \ngiới (WHO) mô tả giai đoạn sau \nsinh là giai đoạn quan trọng nhất  \nvà cũng là giai đoạn dễ bị lãng']","Dựa trên tài liệu, băng huyết sau sinh được phân loại thành:

- Băng huyết sau sinh sớm (hay nguyên phát): xảy ra trong vòng 24 giờ đầu.
- Băng huyết sau sinh muộn (hay thứ phát): xảy ra từ 24 giờ đến 6 tuần sau sinh.

Trong giai đoạn sau sinh, băng huyết sau sinh sớm thường xảy ra ngay sau khi sinh, trong khi băng huyết sau sinh muộn có thể xảy ra trong thời gian dài hơn.",0.8,1.0,0.5564994347548957,0.699999999965
"Giai đoạn ""Cửa sổ cơ hội"" để phòng chống thấp còi là khi nào the","Tôi xin lỗi, nhưng tài liệu không cung cấp thông tin cụ thể về giai đoạn ""Cửa sổ cơ hội"" để phòng chống thấp còi ở trẻ mới sinh hoặc trong giai đoạn đầu đời (0-2 tuổi).","['Quá trình phát triển của con bạn cần phải được đánh giá điều này sẽ giúp phát hiện sớm các dấu hiệu trẻ chậm phát triển tâm thần, chiều cao, hay sự tăng trưởng của trẻ nhanh hay chậm. Qua đó giúp bạn có kế hoạch điều chỉnh cách chăm sóc, nuôi dạy phù hợp và hiệu quả. Vậy đánh giá sự phát triển của trẻ là gì? Có cần lo lắng khi đưa trẻ đi đánh giá? Trong bài viết này chúng tôi cung cấp những thông', 'lòng bàn tay chân ở bất kỳ ngày tuổi nào. \n- Tất cả các trẻ sơ sinh nên được chiếu đèn tích cực trước khi đưa ra quyết định thay máu. \n- Đánh giá được biến chứng não cấp do tăng bilirubin tự do (3 giai đoạn -có thể diễn tiến \nnhanh trong vài ngày): \n\uf02b Sớm (1-2 ngày): ngủ nhiều, bú giảm, giảm nhẹ trương lực cơ, khóc ré', 'mỗi giai đoạn phát triển, bạn có thể ngăn \nchặn được những thương tích nghiêm \ntrọng cho trẻ\n• Hãy chuẩn bị và tính trước . Khi trẻ \nphát triển những kĩ năng mới, như biết \nđi và biết leo trèo, hãy nghĩ về những \ngì bạn cần làm để giữ cho trẻ được an \ntoàn. Tìm những mối nguy hiểm có thể \ncó trong nhà của mình và khi bạn đi ra \nngoài. Hãy loại bỏ những nguy hiểm này \nnếu được.', '1\nCải thiện chất lượng chăm sóc mẹ và \nbé sau sinh \nKim Hyde \nHộ sinh, Tư vấn NCBSM, Điều dưỡng chăm sóc sức khỏe bà mẹ và trẻ sơ sinh\nChăm sóc sau sinh\nGiai đoạn sau sinh được định \nnghĩa là khoảng thời gian từ 1 \ngiờ sau sinh và kéo dài 6 tuần \nsau đó – Tổ chức y tế thế \ngiới (WHO) mô tả giai đoạn sau \nsinh là giai đoạn quan trọng nhất  \nvà cũng là giai đoạn dễ bị lãng', 'Sau khi bé chào đời là lúc cơ thể mẹ dần khôi phục những thay đổi trong thai kỳ và sinh nở. Chăm sóc trẻ sơ sinh thường chiếm hầu hết thời gian, nhưng khám sức khỏe bà mẹ sau sinh cũng quan trọng không kém. Các mẹ phải cố gắng nghỉ ngơi và thư giãn càng nhiều càng tốt.']",Là giai đoạn trẻ từ 6 đến 24 tháng tuổi. ,"Giai đoạn ""Cửa sổ cơ hội"" để phòng chống thấp còi là khi nào the","['Quá trình phát triển của con bạn cần phải được đánh giá điều này sẽ giúp phát hiện sớm các dấu hiệu trẻ chậm phát triển tâm thần, chiều cao, hay sự tăng trưởng của trẻ nhanh hay chậm. Qua đó giúp bạn có kế hoạch điều chỉnh cách chăm sóc, nuôi dạy phù hợp và hiệu quả. Vậy đánh giá sự phát triển của trẻ là gì? Có cần lo lắng khi đưa trẻ đi đánh giá? Trong bài viết này chúng tôi cung cấp những thông', 'lòng bàn tay chân ở bất kỳ ngày tuổi nào. \n- Tất cả các trẻ sơ sinh nên được chiếu đèn tích cực trước khi đưa ra quyết định thay máu. \n- Đánh giá được biến chứng não cấp do tăng bilirubin tự do (3 giai đoạn -có thể diễn tiến \nnhanh trong vài ngày): \n\uf02b Sớm (1-2 ngày): ngủ nhiều, bú giảm, giảm nhẹ trương lực cơ, khóc ré', 'mỗi giai đoạn phát triển, bạn có thể ngăn \nchặn được những thương tích nghiêm \ntrọng cho trẻ\n• Hãy chuẩn bị và tính trước . Khi trẻ \nphát triển những kĩ năng mới, như biết \nđi và biết leo trèo, hãy nghĩ về những \ngì bạn cần làm để giữ cho trẻ được an \ntoàn. Tìm những mối nguy hiểm có thể \ncó trong nhà của mình và khi bạn đi ra \nngoài. Hãy loại bỏ những nguy hiểm này \nnếu được.', '1\nCải thiện chất lượng chăm sóc mẹ và \nbé sau sinh \nKim Hyde \nHộ sinh, Tư vấn NCBSM, Điều dưỡng chăm sóc sức khỏe bà mẹ và trẻ sơ sinh\nChăm sóc sau sinh\nGiai đoạn sau sinh được định \nnghĩa là khoảng thời gian từ 1 \ngiờ sau sinh và kéo dài 6 tuần \nsau đó – Tổ chức y tế thế \ngiới (WHO) mô tả giai đoạn sau \nsinh là giai đoạn quan trọng nhất  \nvà cũng là giai đoạn dễ bị lãng', 'Sau khi bé chào đời là lúc cơ thể mẹ dần khôi phục những thay đổi trong thai kỳ và sinh nở. Chăm sóc trẻ sơ sinh thường chiếm hầu hết thời gian, nhưng khám sức khỏe bà mẹ sau sinh cũng quan trọng không kém. Các mẹ phải cố gắng nghỉ ngơi và thư giãn càng nhiều càng tốt.']","Tôi xin lỗi, nhưng tài liệu không cung cấp thông tin cụ thể về giai đoạn ""Cửa sổ cơ hội"" để phòng chống thấp còi ở trẻ mới sinh hoặc trong giai đoạn đầu đời (0-2 tuổi).",1.0,0.0,0.0,0.9999999999
 Sau khi sinh xong thì giai đoạn hậu sản đc tính kéo dài bao lâu chat ơi,"Giai đoạn hậu sản kéo dài 42 ngày (6 tuần) sau sinh. Đây là giai đoạn cơ thể mẹ phục hồi về trạng thái trước khi mang thai, tử cung co hồi, sản dịch ra dần và tuyến sữa hoạt động.","['\ufeffCâu hỏi: Sau sinh bao lâu mới được quan hệ tình dục?\nTrả lời: Tối thiểu 6 tuần sau sinh (hết thời kỳ hậu sản) khi đã khám và được bác sĩ xác nhận vết thương lành. Sinh mổ nên đợi đủ 6–8 tuần. Dùng bao cao su trong 3 tháng đầu vì tử cung chưa phục hồi hoàn toàn.\nNguồn: Vinmec — Chăm sóc sau sinh mổ; BV Từ Dũ hậu sản', '\ufeffCâu hỏi: Thời kỳ hậu sản kéo dài bao lâu?\nTrả lời: Thời kỳ hậu sản kéo dài 42 ngày (6 tuần) sau sinh. Đây là giai đoạn cơ thể mẹ phục hồi về trạng thái trước khi mang thai, tử cung co hồi, sản dịch ra dần và tuyến sữa hoạt động.\nNguồn: BV Từ Dũ — Hướng dẫn hậu sản', 'Sau khi con chào đời, cơ thể mẹ bắt đầu khôi phục lại những gì đã thay đổi trong suốt thai kỳ và sinh nở. Số lượng rất lớn các nội tiết tố khi có thai có thể biến mất khiến cho giai đoạn hậu sản sau sinh thường rất mệt mỏi cho mẹ. Tuy nhiên, nếu biết cách chăm sóc sản phụ sau sinh thường thì mọi thứ sẽ được vượt qua dễ dàng.', 'thì mẹ không được làm việc nặng, không ngồi quá lâu và dành nhiều thời gian để nghỉ ngơi, thư giãn. Ngoài ra, việc cho con bú sớm - sau sinh 24 tiếng sẽ giúp tử cung hồi phục tốt để đẩy sản dịch sau sinh thường ra ngoài, tránh được bệnh sa tử cung, giảm nguy cơ băng huyết sau sinh.', '1\nCải thiện chất lượng chăm sóc mẹ và \nbé sau sinh \nKim Hyde \nHộ sinh, Tư vấn NCBSM, Điều dưỡng chăm sóc sức khỏe bà mẹ và trẻ sơ sinh\nChăm sóc sau sinh\nGiai đoạn sau sinh được định \nnghĩa là khoảng thời gian từ 1 \ngiờ sau sinh và kéo dài 6 tuần \nsau đó – Tổ chức y tế thế \ngiới (WHO) mô tả giai đoạn sau \nsinh là giai đoạn quan trọng nhất  \nvà cũng là giai đoạn dễ bị lãng']",Giai đoạn sau sinh bắt đầu từ 1 giờ sau khi sinh và kéo dài suốt 6 tuần sau đó., Sau khi sinh xong thì giai đoạn hậu sản đc tính kéo dài bao lâu chat ơi,"['\ufeffCâu hỏi: Sau sinh bao lâu mới được quan hệ tình dục?\nTrả lời: Tối thiểu 6 tuần sau sinh (hết thời kỳ hậu sản) khi đã khám và được bác sĩ xác nhận vết thương lành. Sinh mổ nên đợi đủ 6–8 tuần. Dùng bao cao su trong 3 tháng đầu vì tử cung chưa phục hồi hoàn toàn.\nNguồn: Vinmec — Chăm sóc sau sinh mổ; BV Từ Dũ hậu sản', '\ufeffCâu hỏi: Thời kỳ hậu sản kéo dài bao lâu?\nTrả lời: Thời kỳ hậu sản kéo dài 42 ngày (6 tuần) sau sinh. Đây là giai đoạn cơ thể mẹ phục hồi về trạng thái trước khi mang thai, tử cung co hồi, sản dịch ra dần và tuyến sữa hoạt động.\nNguồn: BV Từ Dũ — Hướng dẫn hậu sản', 'Sau khi con chào đời, cơ thể mẹ bắt đầu khôi phục lại những gì đã thay đổi trong suốt thai kỳ và sinh nở. Số lượng rất lớn các nội tiết tố khi có thai có thể biến mất khiến cho giai đoạn hậu sản sau sinh thường rất mệt mỏi cho mẹ. Tuy nhiên, nếu biết cách chăm sóc sản phụ sau sinh thường thì mọi thứ sẽ được vượt qua dễ dàng.', 'thì mẹ không được làm việc nặng, không ngồi quá lâu và dành nhiều thời gian để nghỉ ngơi, thư giãn. Ngoài ra, việc cho con bú sớm - sau sinh 24 tiếng sẽ giúp tử cung hồi phục tốt để đẩy sản dịch sau sinh thường ra ngoài, tránh được bệnh sa tử cung, giảm nguy cơ băng huyết sau sinh.', '1\nCải thiện chất lượng chăm sóc mẹ và \nbé sau sinh \nKim Hyde \nHộ sinh, Tư vấn NCBSM, Điều dưỡng chăm sóc sức khỏe bà mẹ và trẻ sơ sinh\nChăm sóc sau sinh\nGiai đoạn sau sinh được định \nnghĩa là khoảng thời gian từ 1 \ngiờ sau sinh và kéo dài 6 tuần \nsau đó – Tổ chức y tế thế \ngiới (WHO) mô tả giai đoạn sau \nsinh là giai đoạn quan trọng nhất  \nvà cũng là giai đoạn dễ bị lãng']","Giai đoạn hậu sản kéo dài 42 ngày (6 tuần) sau sinh. Đây là giai đoạn cơ thể mẹ phục hồi về trạng thái trước khi mang thai, tử cung co hồi, sản dịch ra dần và tuyến sữa hoạt động.",0.6,0.07692307692307693,0.9021409861657489,0.8666666666377778
" Tại sao bé nhà em lại hay quấy khóc vào 1 khung giờ cố định buổi tối (khóc dạ đề), em fải làm j để dỗ con","Dựa trên tài liệu, có thể xác định các lý do phổ biến khiến trẻ quấy khóc là:

- Đói
- Sợ hãi
- Bị đau
- Bị lạnh
- Môi trường xung quanh có quá nhiều tiếng ồn hoặc bé bị phấn khích quá mức

Để dỗ con, bạn có thể:

- Đảm bảo bé không đói
- Thay tã nếu bé bị ướt
- Cố gắng đáp ứng nhu cầu của bé
- Cho bé bú khi bé khóc
- Tìm hiểu và giúp bé khi bé khóc","['XỬ LÝ CÁC VẤN ĐỀ VỀ HÀNH VI\nQUẤY KHÓC (ĐỐI VỚI TRẺ NHỎ) \nĐIỀU GÌ ĐANG XẢY RA?\n“Tôi biết là bé đang quấy khóc, nhưng không biết vì sao? Tôi có thể làm gì đây?”\nTẠI SAO ĐIỀU NÀY LẠI XẢY RA?\nKhóc là một cách để em bé thể hiện rằng bé \nđang cần một điều gì đó. Đôi khi bạn rất khó \nbiết được rằng bé cần gì, ví dụ trường hợp bé \nkhóc dạ đề.  Các lý do phổ biến khiến em bé \nquấy khóc là:\n• Đói\n• Sợ hãi', 'NHỮNG VẤN ĐỀ PHỔ BIẾN\nNHỮNG VẤN ĐỀ PHỔ BIẾN\nHỘI CHỨNG QUẤY KHÓC Ở TRẺ SƠ SINH \n(KHÓC DẠ ĐỀ)\nBé khóc dạ đề:\n• Bé khóc và khóc trong thời gian dài, \ndường như không có cách nào có thể \ntrấn an bé, bất kể bạn làm gì\n• Bé khóc như vậy kéo dài hàng giờ đồng \nhồ mỗi ngày, thường vào buổi đêm\nTất cả các em bé đều khóc, một số bé khóc \nnhiều hơn các bé khác. Quấy khóc là một xu', 'khóc dạ đề.  Các lý do phổ biến khiến em bé \nquấy khóc là:\n• Đói\n• Sợ hãi\n• Bị đau\n• Bị lạnh\n• Môi trường xung quanh có quá nhiều \ntiếng ồn hoặc bé bị phấn khích quá mức \nBẠN CÓ THỂ LÀM GÌ?\nBế bé lên sẽ không làm ""hư"" bé. Tốt nhất là \nbạn nên đến với bé khi bé khóc. Đừng để bé \nkhó chịu quá lâu, bé sẽ không thể bình tĩnh \nlại được. \nHãy cố tìm hiểu bé cần gì và giúp bé. Để', '74 \n \nTrẻ quấy khóc, nôn trớ \nSơ sinh thường hay khóc, ngư ời Hộ sinh có thể nhận ra \ntiếng khóc khi trẻ đói hay ti ếng khóc khi trẻ bị ướt tã ho ặc \ncần mẹ, Trẻ cũng có thể khóc khi bị kích thích quá mức. Hãy \ncố gắng đáp ứng nhu c ầu của trẻ và điều quan tr ọng nhất là \nhãy cho trẻ bú khi trẻ khóc \n- Trẻ đói – cho trẻ bú  \n- Trẻ bị ướt tã – thay tã', 'Bé quấy khóc nhiều nhất ở giai đoạn 2 tháng \ntuổi và sau đó bắt đầu giảm dần.\nKhóc dạ dề cũng theo xu hướng như vậy \nnhưng cường độ mạnh hơn rất nhiều. Khóc \ndạ đề rất khó để xử lý.\nBạn có thể cảm thấy rất bất lực, vô vọng và \ncực kỳ, cực kỳ mệt mỏi.\nHãy tự nhắc nhở bản thân rằng khóc dạ đề \nlà hiện tượng bình thường và không kéo dài \nmãi mãi. \nBạn cũng có thể cảm thấy tức giận. Nếu bạn']","Đây có thể là hội chứng Colic; bạn hãy ôm ấp, massage bụng cho bé, tạo không gian yên tĩnh và kiên nhẫn vỗ về cho đến khi bé qua cơn quấy."," Tại sao bé nhà em lại hay quấy khóc vào 1 khung giờ cố định buổi tối (khóc dạ đề), em fải làm j để dỗ con","['XỬ LÝ CÁC VẤN ĐỀ VỀ HÀNH VI\nQUẤY KHÓC (ĐỐI VỚI TRẺ NHỎ) \nĐIỀU GÌ ĐANG XẢY RA?\n“Tôi biết là bé đang quấy khóc, nhưng không biết vì sao? Tôi có thể làm gì đây?”\nTẠI SAO ĐIỀU NÀY LẠI XẢY RA?\nKhóc là một cách để em bé thể hiện rằng bé \nđang cần một điều gì đó. Đôi khi bạn rất khó \nbiết được rằng bé cần gì, ví dụ trường hợp bé \nkhóc dạ đề.  Các lý do phổ biến khiến em bé \nquấy khóc là:\n• Đói\n• Sợ hãi', 'NHỮNG VẤN ĐỀ PHỔ BIẾN\nNHỮNG VẤN ĐỀ PHỔ BIẾN\nHỘI CHỨNG QUẤY KHÓC Ở TRẺ SƠ SINH \n(KHÓC DẠ ĐỀ)\nBé khóc dạ đề:\n• Bé khóc và khóc trong thời gian dài, \ndường như không có cách nào có thể \ntrấn an bé, bất kể bạn làm gì\n• Bé khóc như vậy kéo dài hàng giờ đồng \nhồ mỗi ngày, thường vào buổi đêm\nTất cả các em bé đều khóc, một số bé khóc \nnhiều hơn các bé khác. Quấy khóc là một xu', 'khóc dạ đề.  Các lý do phổ biến khiến em bé \nquấy khóc là:\n• Đói\n• Sợ hãi\n• Bị đau\n• Bị lạnh\n• Môi trường xung quanh có quá nhiều \ntiếng ồn hoặc bé bị phấn khích quá mức \nBẠN CÓ THỂ LÀM GÌ?\nBế bé lên sẽ không làm ""hư"" bé. Tốt nhất là \nbạn nên đến với bé khi bé khóc. Đừng để bé \nkhó chịu quá lâu, bé sẽ không thể bình tĩnh \nlại được. \nHãy cố tìm hiểu bé cần gì và giúp bé. Để', '74 \n \nTrẻ quấy khóc, nôn trớ \nSơ sinh thường hay khóc, ngư ời Hộ sinh có thể nhận ra \ntiếng khóc khi trẻ đói hay ti ếng khóc khi trẻ bị ướt tã ho ặc \ncần mẹ, Trẻ cũng có thể khóc khi bị kích thích quá mức. Hãy \ncố gắng đáp ứng nhu c ầu của trẻ và điều quan tr ọng nhất là \nhãy cho trẻ bú khi trẻ khóc \n- Trẻ đói – cho trẻ bú  \n- Trẻ bị ướt tã – thay tã', 'Bé quấy khóc nhiều nhất ở giai đoạn 2 tháng \ntuổi và sau đó bắt đầu giảm dần.\nKhóc dạ dề cũng theo xu hướng như vậy \nnhưng cường độ mạnh hơn rất nhiều. Khóc \ndạ đề rất khó để xử lý.\nBạn có thể cảm thấy rất bất lực, vô vọng và \ncực kỳ, cực kỳ mệt mỏi.\nHãy tự nhắc nhở bản thân rằng khóc dạ đề \nlà hiện tượng bình thường và không kéo dài \nmãi mãi. \nBạn cũng có thể cảm thấy tức giận. Nếu bạn']","Dựa trên tài liệu, có thể xác định các lý do phổ biến khiến trẻ quấy khóc là:

- Đói
- Sợ hãi
- Bị đau
- Bị lạnh
- Môi trường xung quanh có quá nhiều tiếng ồn hoặc bé bị phấn khích quá mức

Để dỗ con, bạn có thể:

- Đảm bảo bé không đói
- Thay tã nếu bé bị ướt
- Cố gắng đáp ứng nhu cầu của bé
- Cho bé bú khi bé khóc
- Tìm hiểu và giúp bé khi bé khóc",0.9166666666666666,1.0,0.724475650310697,0.94999999997625
Cuống rốn của bé nhà mình thường sẽ rụng sau bao nhiêu ngày kể từ khi sinh ạ,"Câu trả lời dựa trên tài liệu:

- Cuống rốn thường rụng từ 10- 14 ngày sau sinh (Tài liệu 1).
- Một số trẻ có thể bị rụng rốn chỉ trong tuần đầu sau sinh, tuy nhiên cũng có trẻ kéo dài đến 15 ngày (Tài liệu 2).
- Không có thông tin về ảnh hưởng của thời gian rụng rốn đến sức khỏe của bé trong tài liệu.

Vậy, cuống rốn của bé nhà mình thường sẽ rụng sau khoảng 10- 14 ngày sau sinh.","['giúp tránh nhiễm trùng và làm khô rốn vì càng ủ kín rốn càng \ndễ làm cho vi trùng phát triển.  \n- Cuống rốn thường rụng từ 10- 14 ngày sau sinh. \nCho trẻ ngủ \n Sơ sinh có th ể ngủ từ 16 đến 18 giờ mỗi ngày, nhưng \ntrẻ có thể sẽ không ngủ một giấc dài liên tục, hầu hết các giấc \nngủ chỉ kéo dài vài vài giờ.  \nCác cách cho trẻ ngủ: \n- Bảo đảm trẻ bú đủ trước khi ngủ và được thay tã khô', 'Một số trẻ có thể bị rụng rốn chỉ trong tuần đầu sau sinh, tuy nhiên cũng có trẻ kéo dài đến 15 ngày', '96 \n \nsinh ra m ột lo ại hooc môn căng th ẳng không t ốt cho s ức \nkhỏe bé sơ sinh. \nSau 2 tuần rốn bé vẫn chưa rụng cần phải làm gì? \n- Nếu rốn bé khô, bé không qu ấy khóc ho ặc bỏ bú thì \nvẫn bình thường \n- Nếu rốn bé sưng đỏ hoặc tiết dịch hôi, cần đến cơ sở y \ntế khám ngay để được xử trí kịp thời.', '\ufeffCâu hỏi: Mẹ sau sinh có thể mang thai lại khi nào?\nTrả lời: Sinh thường: nên đợi ít nhất 18 tháng. Sinh mổ: nên đợi ít nhất 2 năm để vết mổ tử cung lành hoàn toàn, giảm nguy cơ vỡ tử cung trong lần mang thai tiếp theo.\nNguồn: Vinmec — Tư vấn sản khoa', 'bé. Với trẻ sơ sinh, gấp phần trên của tã xuống để phần cuống rốn lộ ra ngoài. Hoặc sử dụng tã sơ sinh có đường cắt cho cuống rốn lộ ra ngoài.']",Thông thường cuống rốn bé sẽ rụng trong khoảng từ 10 đến 14 ngày sau sinh.,Cuống rốn của bé nhà mình thường sẽ rụng sau bao nhiêu ngày kể từ khi sinh ạ,"['giúp tránh nhiễm trùng và làm khô rốn vì càng ủ kín rốn càng \ndễ làm cho vi trùng phát triển.  \n- Cuống rốn thường rụng từ 10- 14 ngày sau sinh. \nCho trẻ ngủ \n Sơ sinh có th ể ngủ từ 16 đến 18 giờ mỗi ngày, nhưng \ntrẻ có thể sẽ không ngủ một giấc dài liên tục, hầu hết các giấc \nngủ chỉ kéo dài vài vài giờ.  \nCác cách cho trẻ ngủ: \n- Bảo đảm trẻ bú đủ trước khi ngủ và được thay tã khô', 'Một số trẻ có thể bị rụng rốn chỉ trong tuần đầu sau sinh, tuy nhiên cũng có trẻ kéo dài đến 15 ngày', '96 \n \nsinh ra m ột lo ại hooc môn căng th ẳng không t ốt cho s ức \nkhỏe bé sơ sinh. \nSau 2 tuần rốn bé vẫn chưa rụng cần phải làm gì? \n- Nếu rốn bé khô, bé không qu ấy khóc ho ặc bỏ bú thì \nvẫn bình thường \n- Nếu rốn bé sưng đỏ hoặc tiết dịch hôi, cần đến cơ sở y \ntế khám ngay để được xử trí kịp thời.', '\ufeffCâu hỏi: Mẹ sau sinh có thể mang thai lại khi nào?\nTrả lời: Sinh thường: nên đợi ít nhất 18 tháng. Sinh mổ: nên đợi ít nhất 2 năm để vết mổ tử cung lành hoàn toàn, giảm nguy cơ vỡ tử cung trong lần mang thai tiếp theo.\nNguồn: Vinmec — Tư vấn sản khoa', 'bé. Với trẻ sơ sinh, gấp phần trên của tã xuống để phần cuống rốn lộ ra ngoài. Hoặc sử dụng tã sơ sinh có đường cắt cho cuống rốn lộ ra ngoài.']","Câu trả lời dựa trên tài liệu:

- Cuống rốn thường rụng từ 10- 14 ngày sau sinh (Tài liệu 1).
- Một số trẻ có thể bị rụng rốn chỉ trong tuần đầu sau sinh, tuy nhiên cũng có trẻ kéo dài đến 15 ngày (Tài liệu 2).
- Không có thông tin về ảnh hưởng của thời gian rụng rốn đến sức khỏe của bé trong tài liệu.

Vậy, cuống rốn của bé nhà mình thường sẽ rụng sau khoảng 10- 14 ngày sau sinh.",0.75,0.5,0.6057434248017507,0.9999999999666667
Sau khi mổ xong bị rét run người thì bé con có đc tiếp tục nằm da kề da k mn ơi,"Không có thông tin cụ thể trong tài liệu về việc tiếp tục nằm da kề da với mẹ khi mẹ bị rét run người sau khi mổ. Tuy nhiên, tài liệu 5 đề cập đến việc giữ ấm cho bé bằng cách giữ khô và bao phủ bởi chăn hoặc khăn lông khô và ấm khi tiếp xúc da kề da với mẹ.

- Để giữ ấm bé, bé phải được giữ khô và được bao phủ bởi chăn hay khăn lông khô và ấm khi duy trì tiếp xúc da kề da với mẹ.
- Càng sớm càng tốt ngay sau sinh.","['\ufeffCâu hỏi: Mẹ sau sinh có được tắm không?\nTrả lời: Sinh thường: tắm nước ấm từ ngày 1–2, phòng kín gió. Sinh mổ: lau người 3 ngày đầu, tắm nhẹ từ ngày 4 khi vết mổ khô. Không ngâm bồn tắm cho đến khi vết mổ/tầng sinh môn lành hẳn.\nNguồn: BV Phụ Sản MêKông — Chăm sóc sau sinh mổ', 'Giai đoạn tháng đầu tiên sau sinh còn gọi là giai đoạn chu sinh của trẻ, đây là khoảng thời gian rất quan trọng, trẻ được quan tâm và chăm sóc tốt sẽ tạo tiền đề để phát triển về sau này. Trong vòng 24 giờ đầu tiên, nếu sức khỏe của mẹ và bé đều ổn định thì nên để trẻ được da kề da với mẹ để thắt chặt kết nối mẫu tử và giúp trẻ cảm thấy an toàn hơn trong quá trình thích nghi với cuộc sống bên', '\ufeffCâu hỏi: Mẹ sau sinh mất ngủ kéo dài phải làm gì?\nTrả lời: Ngủ khi bé ngủ (dù ban ngày). Nhờ người thân trông bé 1–2 cữ đêm. Tránh cà phê sau 14h. Tạo môi trường ngủ tối yên tĩnh. Nếu mất ngủ kéo dài >2 tuần kèm lo âu/buồn bã cần khám tâm lý.\nNguồn: Vinmec — Sức khỏe mẹ sau sinh', '\ufeffCâu hỏi: Mẹ sau sinh ngủ tư thế nào tốt nhất?\nTrả lời: Sinh thường: nằm tư thế thoải mái. Sinh mổ: nằm nghiêng kê gối góc 20–30 độ, tránh nằm ngửa hoàn toàn để giảm đau vết mổ và hạn chế sản dịch ứ đọng.\nNguồn: BV Phụ Sản MêKông — Chăm sóc sau sinh mổ', 'càng sớm càng tốt ngay sau sinh.\n• Để giữ ấm bé, bé phải được giữ khô và \nđược bao phủ bởi chăn hay khăn lông \nkhô và ấm khi duy trì tiếp xúc da kề da \nvới mẹ.']","Có, bạn vẫn nên duy trì da kề da; lúc này nhân viên y tế sẽ hỗ trợ đắp thêm chăn ấm cho cả hai mẹ con để giữ thân nhiệt cho bé và giúp bạn thoải mái hơn.",Sau khi mổ xong bị rét run người thì bé con có đc tiếp tục nằm da kề da k mn ơi,"['\ufeffCâu hỏi: Mẹ sau sinh có được tắm không?\nTrả lời: Sinh thường: tắm nước ấm từ ngày 1–2, phòng kín gió. Sinh mổ: lau người 3 ngày đầu, tắm nhẹ từ ngày 4 khi vết mổ khô. Không ngâm bồn tắm cho đến khi vết mổ/tầng sinh môn lành hẳn.\nNguồn: BV Phụ Sản MêKông — Chăm sóc sau sinh mổ', 'Giai đoạn tháng đầu tiên sau sinh còn gọi là giai đoạn chu sinh của trẻ, đây là khoảng thời gian rất quan trọng, trẻ được quan tâm và chăm sóc tốt sẽ tạo tiền đề để phát triển về sau này. Trong vòng 24 giờ đầu tiên, nếu sức khỏe của mẹ và bé đều ổn định thì nên để trẻ được da kề da với mẹ để thắt chặt kết nối mẫu tử và giúp trẻ cảm thấy an toàn hơn trong quá trình thích nghi với cuộc sống bên', '\ufeffCâu hỏi: Mẹ sau sinh mất ngủ kéo dài phải làm gì?\nTrả lời: Ngủ khi bé ngủ (dù ban ngày). Nhờ người thân trông bé 1–2 cữ đêm. Tránh cà phê sau 14h. Tạo môi trường ngủ tối yên tĩnh. Nếu mất ngủ kéo dài >2 tuần kèm lo âu/buồn bã cần khám tâm lý.\nNguồn: Vinmec — Sức khỏe mẹ sau sinh', '\ufeffCâu hỏi: Mẹ sau sinh ngủ tư thế nào tốt nhất?\nTrả lời: Sinh thường: nằm tư thế thoải mái. Sinh mổ: nằm nghiêng kê gối góc 20–30 độ, tránh nằm ngửa hoàn toàn để giảm đau vết mổ và hạn chế sản dịch ứ đọng.\nNguồn: BV Phụ Sản MêKông — Chăm sóc sau sinh mổ', 'càng sớm càng tốt ngay sau sinh.\n• Để giữ ấm bé, bé phải được giữ khô và \nđược bao phủ bởi chăn hay khăn lông \nkhô và ấm khi duy trì tiếp xúc da kề da \nvới mẹ.']","Không có thông tin cụ thể trong tài liệu về việc tiếp tục nằm da kề da với mẹ khi mẹ bị rét run người sau khi mổ. Tuy nhiên, tài liệu 5 đề cập đến việc giữ ấm cho bé bằng cách giữ khô và bao phủ bởi chăn hoặc khăn lông khô và ấm khi tiếp xúc da kề da với mẹ.

- Để giữ ấm bé, bé phải được giữ khô và được bao phủ bởi chăn hay khăn lông khô và ấm khi duy trì tiếp xúc da kề da với mẹ.
- Càng sớm càng tốt ngay sau sinh.",0.75,1.0,0.24263365726420125,0.99999999998
 Tại sao k nên cho mì chính vào thức ăn của bé con,"Theo tài liệu 2, không cho mì chính vào thức ăn của trẻ.","['Theo Viện Dinh dưỡng Quốc gia, dưới 1 tuổi, thận của trẻ còn yếu, không thể tải quá 1g muối mỗi ngày. Không nêm thêm các loại gia vị mặn vào thức ăn của trẻ. Bản thân thực phẩm đã cung cấp đủ nhu cầu của trẻ.\nTừ 1 tuổi trở lên, có thể nêm một chút muối hoặc mắm, chú ý nên nêm nhạt. Tốt nhất là tập cho trẻ ăn nhạt từ nhỏ để đảm bảo sức khỏe sau này.', '\uf075 Cho trẻ ăn đủ bốn nhóm thực phẩm: tinh bột, đạm, mỡ hay dầu thực vật \nvà các loại rau quả.\n\uf075 Nên thay đổi món ăn cho trẻ để tạo cảm giác ngon miệng.\n\uf075 Nước cháo loãng hay nước hầm xương không phải là thức ăn bổ dưỡng.\n\uf075 Không cho mì chính vào thức ăn của trẻ.', 'cứ món đồ chơi nào không được thiết kế \ncho trẻ dưới ba tuổi có thể có những bộ \nphận nhỏ làm em bé của bạn có thể bị \nhóc hoặc nghẹt thở \n• Luôn luôn giám sát trẻ khi trẻ đang chơi. \nDạy trẻ về việc sử dụng an toàn các đồ \nchơi và thiết bị tại các khu vui chơi\nKhi ăn\n• Giữ cho trẻ an toàn khỏi khu vực nấu \nnướng\n• Không để các chất lỏng, thức ăn và đồ \nnóng ở rìa cạnh bàn hoặc mặt bàn bếp', 'Cho trẻ ăn cháo ngọt: Cha mẹ không nên sử dụng quá nhiều đường cho trẻ. Với người lớn, lượng đường tiêu thụ tối đa trong một ngày là 20g. Vì thế, không nên cho trẻ ăn quá nhiều đường sẽ ảnh hưởng đến sức khỏe.\nChỉ cho trẻ ăn cháo với nước thịt: Nên thay đổi các loại thực phẩm giàu đạm thường xuyên, băm nhỏ thịt cá vào trong cháo để bữa ăn của trẻ đa dạng và lạ miệng hơn.', 'XỬ LÝ CÁC VẤN ĐỀ VỀ HÀNH VI\nTRẺ KHÔNG CHỊU ĂN\nTẠI SAO ĐIỀU NÀY LẠI XẢY RA?\nBé có thể đã ăn nhiều thức ăn hơn lượng \nthức ăn mà bé cần. Bạn có thể sẽ cảm thấy \nngạc nhiên khi thấy có một số trẻ cần rất ít \nthức ăn để khoẻ mạnh. \nBẠN CÓ THỂ LÀM GÌ?\n• Hãy bình tĩnh. Bé không đói. Khi bé đói, \nbé sẽ ăn\n• Chia nhỏ khẩu phần ăn\n• Cố gắng cho bé một chế độ ăn đa dạng:']",Tài liệu quy định không cho mì chính vào thức ăn của trẻ nhỏ., Tại sao k nên cho mì chính vào thức ăn của bé con,"['Theo Viện Dinh dưỡng Quốc gia, dưới 1 tuổi, thận của trẻ còn yếu, không thể tải quá 1g muối mỗi ngày. Không nêm thêm các loại gia vị mặn vào thức ăn của trẻ. Bản thân thực phẩm đã cung cấp đủ nhu cầu của trẻ.\nTừ 1 tuổi trở lên, có thể nêm một chút muối hoặc mắm, chú ý nên nêm nhạt. Tốt nhất là tập cho trẻ ăn nhạt từ nhỏ để đảm bảo sức khỏe sau này.', '\uf075 Cho trẻ ăn đủ bốn nhóm thực phẩm: tinh bột, đạm, mỡ hay dầu thực vật \nvà các loại rau quả.\n\uf075 Nên thay đổi món ăn cho trẻ để tạo cảm giác ngon miệng.\n\uf075 Nước cháo loãng hay nước hầm xương không phải là thức ăn bổ dưỡng.\n\uf075 Không cho mì chính vào thức ăn của trẻ.', 'cứ món đồ chơi nào không được thiết kế \ncho trẻ dưới ba tuổi có thể có những bộ \nphận nhỏ làm em bé của bạn có thể bị \nhóc hoặc nghẹt thở \n• Luôn luôn giám sát trẻ khi trẻ đang chơi. \nDạy trẻ về việc sử dụng an toàn các đồ \nchơi và thiết bị tại các khu vui chơi\nKhi ăn\n• Giữ cho trẻ an toàn khỏi khu vực nấu \nnướng\n• Không để các chất lỏng, thức ăn và đồ \nnóng ở rìa cạnh bàn hoặc mặt bàn bếp', 'Cho trẻ ăn cháo ngọt: Cha mẹ không nên sử dụng quá nhiều đường cho trẻ. Với người lớn, lượng đường tiêu thụ tối đa trong một ngày là 20g. Vì thế, không nên cho trẻ ăn quá nhiều đường sẽ ảnh hưởng đến sức khỏe.\nChỉ cho trẻ ăn cháo với nước thịt: Nên thay đổi các loại thực phẩm giàu đạm thường xuyên, băm nhỏ thịt cá vào trong cháo để bữa ăn của trẻ đa dạng và lạ miệng hơn.', 'XỬ LÝ CÁC VẤN ĐỀ VỀ HÀNH VI\nTRẺ KHÔNG CHỊU ĂN\nTẠI SAO ĐIỀU NÀY LẠI XẢY RA?\nBé có thể đã ăn nhiều thức ăn hơn lượng \nthức ăn mà bé cần. Bạn có thể sẽ cảm thấy \nngạc nhiên khi thấy có một số trẻ cần rất ít \nthức ăn để khoẻ mạnh. \nBẠN CÓ THỂ LÀM GÌ?\n• Hãy bình tĩnh. Bé không đói. Khi bé đói, \nbé sẽ ăn\n• Chia nhỏ khẩu phần ăn\n• Cố gắng cho bé một chế độ ăn đa dạng:']","Theo tài liệu 2, không cho mì chính vào thức ăn của trẻ.",0.5,1.0,0.6675497866993556,0.99999999995
" Con thường xuyên thức giấc giữa đêm và khóc, fải làm j để bé ngủ sâu hơn mn ơi","Theo tài liệu, khi bé khoảng 3 tháng tuổi, có thể là cơn khóc dạ đề (colic) — khóc dữ dội >3 giờ/ngày, >3 ngày/tuần, thường chiều tối. 

Để giúp bé ngủ sâu hơn, bạn có thể thử các cách sau:

- Bế bé đi lại
- Vỗ lưng nhẹ
- Tắm ấm
- Giảm kích thích

Tạo thói quen ngủ nhất quán cũng giúp bé ngủ dài hơn sau 3–4 tháng.","['SỨC KHOẺ \nG I Ú P  T R Ẻ  N G Ủ  Đ Ủ                            \nPhần lớn trẻ em cần ngủ khoảng 10 đến 14 \ntiếng mỗi ngày.\nKhi mới sinh, em bé thường ngủ các giấc \nngắn, theo lịch riêng của mình, cả ban ngày \nlẫn ban đêm. Em bé có thể thức giấc thường \nxuyên. Có thể phải mất  vài tháng để trẻ bắt \nđầu ngủ những giấc dài hơn vào ban đêm.\nTrẻ cần ngủ và nghỉ ngơi để khoẻ mạnh. Với', 'hồ mỗi ngày, thường vào buổi đêm\nTất cả các em bé đều khóc, một số bé khóc \nnhiều hơn các bé khác. Quấy khóc là một xu \nhướng bình thường đối với tất cả các bé. Quấy \nkhóc thường bắt đầu từ khoảng 02 tuần sau \nsinh, và sau đó bé khóc thường xuyên hơn. \nBé quấy khóc nhiều nhất ở giai đoạn 2 tháng \ntuổi và sau đó bắt đầu giảm dần.\nKhóc dạ dề cũng theo xu hướng như vậy', '\ufeffCâu hỏi: Bé 3 tháng quấy nhiều về chiều có bình thường không?\nTrả lời: Có thể là cơn khóc dạ đề (colic) — khóc dữ dội >3 giờ/ngày, >3 ngày/tuần, thường chiều tối. Nguyên nhân chưa rõ. Cách xử lý: bế bé đi lại, vỗ lưng nhẹ, tắm ấm, giảm kích thích. Thường tự hết trước 4 tháng.\nNguồn: BV Nhi Đồng 1; Vinmec', '\ufeffCâu hỏi: Bé khóc đêm mãi không ngủ phải làm gì?\nTrả lời: Kiểm tra theo thứ tự: đói (cho bú), tã ướt/bẩn (thay tã), quá nóng/lạnh (điều chỉnh nhiệt độ), đau bụng/đầy hơi (massage bụng theo vòng tròn), cần vỗ về (bế lên đi lại). Tạo thói quen ngủ nhất quán giúp bé ngủ dài hơn sau 3–4 tháng.\nNguồn: BV Nhi Đồng 1; Vinmec', 'Trẻ sơ sinh gần như ngủ suốt ngày đêm, chỉ thức dậy để bú (khoảng 2 đến 3 giờ bú một lần). Thông thường, không cần phải đánh thức trẻ sơ sinh dậy để cho bú, nhưng cũng không nên để bé ngủ quá lâu >3 giờ mà không cho bú.\nTại sao con tôi bị vàng da?']","Hãy kiểm tra xem trẻ có bị đói, ướt tã hay phòng quá nóng/lạnh không. Duy trì các hoạt động nhẹ nhàng trước khi ngủ sẽ giúp trẻ có giấc ngủ ổn định hơn."," Con thường xuyên thức giấc giữa đêm và khóc, fải làm j để bé ngủ sâu hơn mn ơi","['SỨC KHOẺ \nG I Ú P  T R Ẻ  N G Ủ  Đ Ủ                            \nPhần lớn trẻ em cần ngủ khoảng 10 đến 14 \ntiếng mỗi ngày.\nKhi mới sinh, em bé thường ngủ các giấc \nngắn, theo lịch riêng của mình, cả ban ngày \nlẫn ban đêm. Em bé có thể thức giấc thường \nxuyên. Có thể phải mất  vài tháng để trẻ bắt \nđầu ngủ những giấc dài hơn vào ban đêm.\nTrẻ cần ngủ và nghỉ ngơi để khoẻ mạnh. Với', 'hồ mỗi ngày, thường vào buổi đêm\nTất cả các em bé đều khóc, một số bé khóc \nnhiều hơn các bé khác. Quấy khóc là một xu \nhướng bình thường đối với tất cả các bé. Quấy \nkhóc thường bắt đầu từ khoảng 02 tuần sau \nsinh, và sau đó bé khóc thường xuyên hơn. \nBé quấy khóc nhiều nhất ở giai đoạn 2 tháng \ntuổi và sau đó bắt đầu giảm dần.\nKhóc dạ dề cũng theo xu hướng như vậy', '\ufeffCâu hỏi: Bé 3 tháng quấy nhiều về chiều có bình thường không?\nTrả lời: Có thể là cơn khóc dạ đề (colic) — khóc dữ dội >3 giờ/ngày, >3 ngày/tuần, thường chiều tối. Nguyên nhân chưa rõ. Cách xử lý: bế bé đi lại, vỗ lưng nhẹ, tắm ấm, giảm kích thích. Thường tự hết trước 4 tháng.\nNguồn: BV Nhi Đồng 1; Vinmec', '\ufeffCâu hỏi: Bé khóc đêm mãi không ngủ phải làm gì?\nTrả lời: Kiểm tra theo thứ tự: đói (cho bú), tã ướt/bẩn (thay tã), quá nóng/lạnh (điều chỉnh nhiệt độ), đau bụng/đầy hơi (massage bụng theo vòng tròn), cần vỗ về (bế lên đi lại). Tạo thói quen ngủ nhất quán giúp bé ngủ dài hơn sau 3–4 tháng.\nNguồn: BV Nhi Đồng 1; Vinmec', 'Trẻ sơ sinh gần như ngủ suốt ngày đêm, chỉ thức dậy để bú (khoảng 2 đến 3 giờ bú một lần). Thông thường, không cần phải đánh thức trẻ sơ sinh dậy để cho bú, nhưng cũng không nên để bé ngủ quá lâu >3 giờ mà không cho bú.\nTại sao con tôi bị vàng da?']","Theo tài liệu, khi bé khoảng 3 tháng tuổi, có thể là cơn khóc dạ đề (colic) — khóc dữ dội >3 giờ/ngày, >3 ngày/tuần, thường chiều tối. 

Để giúp bé ngủ sâu hơn, bạn có thể thử các cách sau:

- Bế bé đi lại
- Vỗ lưng nhẹ
- Tắm ấm
- Giảm kích thích

Tạo thói quen ngủ nhất quán cũng giúp bé ngủ dài hơn sau 3–4 tháng.",1.0,,0.20913942210714426,0.999999999975
