row_id,kb,question,answer,contexts,ground_truth,retrieved_docs,faithfulness,context_recall,answer_relevancy,context_precision,is_valid_rag,status,error
0,kb1,Trẻ sơ sinh được định nghĩa là trẻ trong độ tuổi nào,Trẻ sơ sinh được định nghĩa là trẻ trong độ tuổi 0-28 ngày tuổi.,"['không được nuôi bằng sữa mẹ từ 6 − 23 tháng tuổi được điều tra 𝑥 100 Chỉ số Trẻ 6-23 tháng tuổi có chế độ ăn chấp nhận tối thiểu, ký hiệu là MAD (Minimum acceptable diet 6-23 months) là tỷ lệ trẻ 6-23 tháng tuổi được ăn theo chế độ ăn tối thiểu có thể chấp nhận được vào ngày hôm trước. Chế độ ăn chấp nhận tối thiểu được định nghĩa là: - Đối với trẻ em bú sữa mẹ: tối thiểu là có được sự đa dạng về chế độ ăn uống (MDD) và đạt chỉ tiêu về tần suất bữa ăn tối thiểu (MMF) trong độ tuổi của trẻ trong ngày hôm trước; - Đối với trẻ không được bú sữa mẹ: tối thiểu là có đư ợc sự đa dạng về chế độ ăn uống (MDD) và đ ạt chỉ tiêu về tần suất bữa ăn tối thiểu (MMF) trong đ ộ tuổi của trẻ trong ngày hôm trước và có ít nhất 2 lần được uống sữa ngoài. Chỉ số Trẻ 6-23 tháng tuổi có chế độ ăn chấp nhận tối thiểu (MAD) được tính từ 2 công thức sau cho 2 nhóm đối tượng: Với trẻ được nuôi bằng sữa mẹ: MAD (%) = Số trẻ từ 6 − 23 tháng tuổi được nuôi bằng sữa mẹ có chế độ ăn đa dạng tối thiểu (MDD) và đạt số bữa ăn tối thiểu (MMF) ngày hôm qua Số trẻ được nuôi bằng sữa mẹ từ 6 − 23 tháng tuổi được điều tra 𝑥 100', '40 Chỉ số Trẻ 6-23 tháng có chế độ ăn đa dạng tối thiểu (MDD) được ước tính theo công thức: MDD (%) = Số trẻ 6 − 23 tháng tuổi được ăn từ 5 nhóm thực phẩm trở lên vào ngày hôm qua Số trẻ 6 − 23 tháng tuổi được điều tra 𝑥 100 Chỉ số Trẻ 6-23 tháng tu ổi có đ ủ số lần ăn t ối thiểu, ký hi ệu là MMF (Mi nimum meal frequency 6-23 months) là tỷ lệ phần trăm trẻ em từ 6-23 tháng tuổi được ăn thức ăn mềm, nửa rắn hoặc rắn (nhưng bao gồm cả sữa ngoài đối với nhóm trẻ không được bú sữa mẹ) đạt số bữa tối thiểu trở lên trong ngày trước đó (“số bữa ăn tối thiểu”, đồng nghĩa với “số lần ăn tối thiểu” trừ khi với số lượng rất nhỏ); Số lần ăn tối thiểu: ≥ 2 lần đối với trẻ 6-8 tháng tuổi, ≥ 3 lần đối với trẻ 9-23 tháng tuổi đối với trẻ bú mẹ và ≥ 4 lần đối với trẻ 6-23 tháng tuổi không bú mẹ. Khái niệm “số bữa ăn tối thiểu” có sự khác nhau giữa nhóm trẻ được nuôi bằng sữa mẹ so với nhóm trẻ không được nuôi bằng sữa mẹ, nên áp dụng 2 công thức cho 2 nhóm trẻ này như sau: - Với nhóm trẻ được nuôi bằng sữa mẹ: MFF (%) = Số trẻ từ 6 − 23 tháng tuổi được nuôi bằng sữa mẹ, được ăn thức ăn mềm, nửa rắn hoặc rắn với số lần tối thiểu hoặc nhiều hơn trong ngày hôm qua Số trẻ được nuôi bằng sữa mẹ từ 6 − 2', 'Mặc dù, trẻ có thể chưa biết lật cho đến khoảng 5 tháng, nhưng tốt nhất bạn nên giữ tay và hỗ trợ em bé trong quá trình hoạt động này ngay từ đầu. Bạn nên chú ý, không để trẻ trên giường khi không có người trông coi hoặc bất kỳ bề mặt cao nào khác. Bởi vì lần lăn lộn đầu tiên của trẻ có thể dẫn đến chấn thương nghiêm trọng.\nNếu trẻ vẫn chưa biết cách lật bằng cách này hay cách khác khi được khoảng 6 tháng tuổi, đồng thời bé cũng chưa chuyển sang ngồi và thay vào đó cố gắng bò và lăn. Lúc này bạn có thể nói chuyện với bác sĩ nhi khoa để tìm ra nguyên nhân và biện pháp hỗ trợ bé.\nTrẻ sơ sinh phát triển các kỹ năng khác nhau. Ở một số trẻ, một số kỹ năng của chúng có thể phát triển nhanh hơn so với những trẻ khác. Và một số trẻ không bao giờ thực sự có khả năng lăn lộn và lật. Tuy nhiên, đối với trẻ sinh non thì bạn nên nhớ rằng trẻ sinh non có thể đạt được mốc này và các mốc khác muộn hơn so với các bạn cùng tuổi.\nCha mẹ nên đưa trẻ đến gặp bác sĩ chuyên khoa khi trẻ có những dấu hiệu bất thường \nEm bé của bạn đã phát triển các cơ ở chân, cổ, lưng và cánh tay trong khi tập lăn. Giờ đây, bé sẽ vận hành các cơ đó khi bé học cách ngồi và bò. Hầu hết trẻ sơ sinh đã thành thạo việc ngồi d']",Trẻ sơ sinh là trẻ từ khi lọt lòng mẹ đến 28 ngày tuổi.,3,0.0,0.0,0.827,0.0,True,done,
1,kb1,"Trong ngày đầu sau sinh, cần giữ ấm cho trẻ bằng cách nào","Trẻ sau sinh cần giữ ấm bằng cách tiếp xúc da kề da với mẹ, mặc thêm áo tã, đội mũ, mang tất vớ, quấn khăn, và đắp chăn ấm cho trẻ.","['222 | RỐI LOẠN THÂN NHIỆT Ở TRẺ SƠ SINH Thân nhiệt của trẻ sơ sinh đo ở nách bình thường từ 36,50C đến dưới 37,50C. Khi vượt quá giới hạn này thì gọi là rối loạn thân nhiệt. 1. Hạ thân nhiệt. Hạ thân nhiệt là thân nhiệt dưới 36,50C khi đo ở nách. Hạ thân nhiệt sơ sinh là m ột dấu hiệu nặng có thể gây tử vong, thường gặp trong nhiễm khuẩn nặng. Các mức độ hạ thân nhiệt (cặp ở nách) \uf02b Hạ thân nhiệt nhẹ: thân nhiệt đo ở nách từ 360C-36,40C. \uf02b Hạ thân nhiệt trung bình: thân nhiệt đo ở nách từ 350C đến 35,90C. \uf02b Hạ thân nhiệt nặng: thân nhiệt đo ở nách dưới 350C. Xử trí hạ thân nhiệt bằng nguyên tắc dùng phương pháp vật lý. 1.1. Tuyến xã. - Nhận biết nguy cơ hạ thân nhiệt: t rẻ nhẹ cân, trẻ đẻ non, có hồi sức, trẻ không khỏe (nhiễm khuẩn nặng), không nằm với mẹ, bú kém, thời tiết lạnh. - Phát hiện kịp thời dấu hiệu hạ thân nhiệt: sờ bàn tay/bàn chân lạnh. Theo dõi sờ bàn chân mỗi giờ trong 2 giờ đầu, sau đó mỗi 4 giờ trong ngày đầu sau sinh. - Đo thân nhiệt ít nhất 1 lần trong ngày đầu sau sinh. Những trẻ có nguy cơ cần kiểm tra thân nhiệt thường xuyên hơn mỗi 6 giờ. - Xử trí: \uf02b Hướng dẫn mẹ giữ ấm cho trẻ bằng tiếp xúc da kề da, phương pháp Kangaroo hoặc mặc thêm áo tã, đội mũ, mang tấ', '2 Chăm sóc lấy người mẹ và em bé làm trung tâm • Chăm sóc lấy người mẹ làm trung tâm là thuật ngữ được dùng để mô tả một triết lý chăm sóc thai sản nhằm thúc đẩy 1 cách tiếp cận toàn diện bằng cách nhận ra nhu cầu xã hội, cảm xúc, thể chất, tinh thần và văn hóa của mỗi người phụ nữ • Sự mong đợi và bối cảnh xã hội được xác định bởi chính bản thân người phụ nữ • Phụ nữ và gia đình của họ được thừa nhận là những cá nhân khác biệt về nhu cầu, giá trị và sở thích, và luôn được tôn trọng trong mọi vấn đề liên quan đến chăm sóc mẹ và bé • Thái độ chăm sóc nhẹ nhàng, bao gồm cả gia đình (kể cả cha và ông bà) sẽ tăng cường sự hồi phục và giao tiếp Chăm sóc ngay sau sinh • Khi thích hợp, tất cả phụ nữ nên được khuyến khích tiếp xúc da kề da với bé càng sớm càng tốt ngay sau sinh. • Để giữ ấm bé, bé phải được giữ khô và được bao phủ bởi chăn hay khăn lông khô và ấm khi duy trì tiếp xúc da kề da với mẹ.', 'Các biện pháp chẩn đoán bệnh Hạ thân nhiệt ở trẻ sơ sinh\nDựa vào các triệu chứng kể trên và đo nhiệt độ cho trẻ bằng nhiệt kế thủy ngân hoặc nhiệt kế điện tử, bác sĩ có thể sẽ phát hiện tình trạng trẻ sơ sinh hạ thân nhiệt. \xa0\nCác biện pháp điều trị bệnh Hạ thân nhiệt ở trẻ sơ sinh\nHạ thân nhiệt (nhiệt độ cơ thể 35-36,3 ° C):\nTiếp xúc da kề da, trong phòng ấm (ít nhất 25 ° C).\nĐội mũ trên đầu trẻ sơ sinh\nBọc mẹ và trẻ sơ sinh bằng chăn ấm\nHạ thân nhiệt vừa phải (nhiệt độ cơ thể 32-34,9 ° C)\nNằm dưới đèn sưởi\nCho trẻ nằm tủ ấm\nĐặt nệm nước ấm\nNếu không có thiết bị có sẵn thì có thể sử dụng biện pháp da kề da với mẹ trong phòng ấm (ít nhất 25 ° C)\nHạ thân nhiệt nặng (nhiệt độ cơ thể dưới 32 ° C)\nSử dụng lồng ấp (nên đặt cao hơn nhiệt độ cơ thể từ 1 đến 1,5 ° C) và nên điều chỉnh khi nhiệt độ trẻ sơ sinh tăng\nNếu không có thiết bị, có thể sử dụng biện pháp da kề da hoặc phòng ấm', 'Khi trẻ trong độ tuổi nhũ nhi quấy khóc cha mẹ trước tiên cần phải bình tĩnh, không nên giữ thái độ quá lo lắng, mất kiểm soát vì sẽ khiến mọi việc trở nên nghiêm trọng hơn. Sau đó cha mẹ quan sát những biểu hiện của trẻ, xem thử có phải quấy khóc đến từ những nguyên nhân có thể xử lý được như trẻ đói, cần thay tã, cần ôm ấp... hay không, nếu đã xử lý bằng cách cho trẻ bú, thay tã, bồng và nâng niu trẻ mà vẫn không được thì cần tìm sự hỗ trợ y tế trong thời gian sớm nhất.\nThông thường, một số kinh nghiệm có thể giúp trẻ giảm bớt sự quấy khóc nếu như trẻ không mắc bất cứ bệnh lý bất thường nào đó là:\nÔm ấp, nói với trẻ bằng những lời nói dịu dàng, trìu mến để giúp trẻ bình tĩnh lại.\nXây dựng kế hoạch cho những hoạt động của trẻ theo lịch trình mà cơ thể trẻ biểu hiện, tránh để trẻ phải làm bất cứ việc gì trong thời gian trẻ đang khó chịu.\nGiữ ấm vừa phải cho trẻ, không nên quấn khăn quá kín.\nCó thể cho trẻ nghe một số bài nhạc nhẹ nhàng.\nCó thể xoa bụng, massage cho trẻ.\nTrẻ khóc nhiều không rõ nguyên nhân là vấn đề khiến nhiều cha mẹ rất lo lắng, căng thẳng và mệt mỏi trong giai đoạn 1 – 2 tuổi. Tuy nhiên, cha mẹ nên bình tĩnh, cố gắng dành những cử chỉ yêu thương, quan tâm trẻ, đồ']",Giữ ấm cho trẻ bằng cách cho nằm cùng mẹ.,4,0.429,1.0,0.794,1.0,True,done,
2,kb1,Sau khi sinh bao lâu thì mới được tắm hoặc rửa cho trẻ,"Trẻ mới sinh cần tắm rửa mỗi ngày.

Theo tài liệu, trẻ mới sinh cần được tắm mỗi ngày để giữ vệ sinh và tránh viêm nhiễm.","['Đồng thời, việc tắm rửa cho bé trong thời gian này cũng sẽ giúp thư giãn và thoải mái hơn, mẹ có thể massage cho trẻ trước khi tắm để giúp trẻ dễ đi vào giấc ngủ sâu.\nChăm sóc ngày thứ 4 và ngày thứ 5\nVào ngày thứ 4 và ngày thứ 5 trong giai đoạn chu sinh, động tác bú mẹ của trẻ đã thuần thục hơn rất nhiều \nVào ngày thứ 4 và ngày thứ 5 trong giai đoạn chu sinh, động tác bú mẹ của trẻ đã thuần thục hơn rất nhiều và lực bú cũng sẽ mạnh hơn, được nhiều sữa hơn. Để giúp tăng tiết sữa thì mẹ nên cho trẻ bú đều cả 2 bên và duy trì mỗi cữ bú 30 phút.\nTrẻ bú nhiều nên cũng có nhu cầu vệ sinh nhiều nên mẹ cần chú ý thay tã cho trẻ thường xuyên sau mỗi 2 tiếng, phân của trẻ lúc này sẽ có màu vàng hoa cà hoa cải lẫn nhớt, khi lâu rửa vệ sinh cho trẻ thì cần dùng nước sạch để tránh viêm nhiễm trong tuần đầu sau sinh.\nNgoài ra, trẻ cũng cần được tắm mỗi ngày và nên chọn thời điểm có nhiệt độ cao nhất.\nNgày thứ 6 và ngày thứ 7\nKhi bước sang ngày thứ 6 và ngày thứ 7, trẻ cần được tăng cữ bú từ 60 - 90ml, trẻ có thể bị đảo lộn giấc ngủ so với thông thường và có khi trẻ sẽ “ngủ ngày cày đêm” nên mẹ cũng cần phải chuẩn bị tâm lý đón nhận và thích nghi cùng bé trong tuần đầu sau sinh.\nKhi trẻ quấy khó', '70 - Sau 24h sau sinh, thường các hộ sinh là người tắm cho trẻ trước. Sau đó khi ra vi ện mẹ hoặc là những người thân sẽ là ngư ời thư ờng xuyên ph ải t ắm r ửa v ệ sinh cho các tr ẻ. Trước khi tăm ph ải chu ẩn b ị đầy đ ủ đồ dùng như tã , b ỉm, quần áo, khăn lau. Nên tắm bé mỗi ngày - Chuẩn bị nước tắm ấm vừa đủ cho trẻ, (không quá 37 độ, có thể dùng đo nhiệt độ để đảm bảo nhiệt độ phù hợp cho bé) - Đổ nước vào chậu tắm - Cởi bỏ áo tã mũ, rồi quấn bé trong khăn bông l ớn, chỉ chừa phần đầu và mặt - Dùng khăn v ải màn th ấm nước ấm lau sạch mí m ắt, khóe mắt từ trong ra ngoài, lau mi ệng, sau tai và dư ới cằm rồi lau rửa mặt - Gội đầu bằng dầu gội dành riêng cho tr ẻ. Tránh để xà phòng rơi vào mắt và nước vào tai trẻ - Tăm mình dùng s ữa t ắm giành cho tr ẻ để tắm, làm sạch các ếp gấp, nhưng không làm ư ớt rốn, lau bàn tay và bàn chân và các kẽ ngón - Tắm vùng sinh dục và hậu môn sau cùng. Ở trẻ gái lau vùng sinh dục từ trước ra sau', 'Chủ đề: Drug. Tiêu đề: Đối tượng cần lưu ý đặc biệt khi sử dụng. Từ khoá: Cotilam. Câu hỏi: Sau khi sử dụng Cotilam, người dùng cần lưu ý điều gì?. Trả lời: Sau khi sử dụng Cotilam, người dùng không nên tắm, rửa chỗ bôi kem trong vòng ít nhất 1 giờ.. Ngữ cảnh: Khi dùng sản phẩm, người sử dụng cần lưu ý những điều sau:1 - Không được thoa kem lên vùng da bị trầy, vết thương hở, mắt hoặc niêm mạc.\n- Không nên tắm, rửa chỗ bôi kem trong vòng ít nhất 1 giờ sau khi sử dụng sản phẩm.\n- Không nên sử dụng Cotilam cùng với kem chống nắng, mỹ phẩm, kem dưỡng ẩm hoặc các sản phẩm thoa tại chỗ khác trên cùng 1 vị trí bôi.\n- Chỉ dùng kem Cotilam khi thực sự cần thiết cho phụ nữ có thai và cho con bú.', 'Chủ đề: Disease. Tiêu đề: Phòng ngừa viêm bàng quang cấp. Từ khoá: Viêm bàng quang cấp. Câu hỏi: Làm thế nào để ngăn ngừa vi khuẩn xâm nhập vào niệu đạo?. Trả lời: Có một số mẹo giúp hạn chế nguy cơ vi khuẩn xâm nhập vào niệu đạo như: Uống nhiều nước, đi tiểu càng sớm càng tốt sau khi quan hệ tình dục, lau từ trước ra sau sau khi đi tiêu, tránh sử dụng các dung dịch vệ sinh gây kích ứng niệu đạo, giữ gìn vệ sinh cá nhân, rửa sạch bộ phận sinh dục hàng ngày, tắm vòi hoa sen thay vì tắm bằng bồn, tránh sử dụng các phương pháp ngừa thai có thể làm thay đổi sự phát triển của vi khuẩn chẳng hạn như màng phim diệt tinh trùng, đừng nhịn tiểu quá lâu.. Ngữ cảnh: Không phải lúc nào bạn cũng có thể ngăn ngừa được bệnh viêm bàng quang cấp tính. Nhưng có những mẹo giúp hạn chế nguy cơ vi khuẩn xâm nhập vào niệu đạo:2 - Uống nhiều nước giúp bạn đi tiểu thường xuyên hơn và thải vi khuẩn ra khỏi đường tiết niệu trước khi nhiễm trùng.\n- Đi tiểu càng sớm càng tốt sau khi quan hệ tình dục.\n- Lau từ trước ra sau sau khi đi tiêu để ngăn vi khuẩn từ vùng hậu môn lây lan sang niệu đạo.\n- Tránh sử dụng các dung dịch vệ sinh gây kích ứng niệu đạo, chẳng hạn như thụt rửa, xịt khử mùi và phấn.\n- Giữ gìn vệ ']",Không tắm hoặc rửa cho trẻ trong 6 giờ đầu sau sinh.,4,0.25,1.0,0.83,0.0,True,done,
3,kb1,Trẻ nên được bú mẹ lần đầu vào thời điểm nào sau sinh,Trẻ nên được bú mẹ lần đầu càng sớm càng tốt sau sinh.,"['Đồng thời, việc tắm rửa cho bé trong thời gian này cũng sẽ giúp thư giãn và thoải mái hơn, mẹ có thể massage cho trẻ trước khi tắm để giúp trẻ dễ đi vào giấc ngủ sâu.\nChăm sóc ngày thứ 4 và ngày thứ 5\nVào ngày thứ 4 và ngày thứ 5 trong giai đoạn chu sinh, động tác bú mẹ của trẻ đã thuần thục hơn rất nhiều \nVào ngày thứ 4 và ngày thứ 5 trong giai đoạn chu sinh, động tác bú mẹ của trẻ đã thuần thục hơn rất nhiều và lực bú cũng sẽ mạnh hơn, được nhiều sữa hơn. Để giúp tăng tiết sữa thì mẹ nên cho trẻ bú đều cả 2 bên và duy trì mỗi cữ bú 30 phút.\nTrẻ bú nhiều nên cũng có nhu cầu vệ sinh nhiều nên mẹ cần chú ý thay tã cho trẻ thường xuyên sau mỗi 2 tiếng, phân của trẻ lúc này sẽ có màu vàng hoa cà hoa cải lẫn nhớt, khi lâu rửa vệ sinh cho trẻ thì cần dùng nước sạch để tránh viêm nhiễm trong tuần đầu sau sinh.\nNgoài ra, trẻ cũng cần được tắm mỗi ngày và nên chọn thời điểm có nhiệt độ cao nhất.\nNgày thứ 6 và ngày thứ 7\nKhi bước sang ngày thứ 6 và ngày thứ 7, trẻ cần được tăng cữ bú từ 60 - 90ml, trẻ có thể bị đảo lộn giấc ngủ so với thông thường và có khi trẻ sẽ “ngủ ngày cày đêm” nên mẹ cũng cần phải chuẩn bị tâm lý đón nhận và thích nghi cùng bé trong tuần đầu sau sinh.\nKhi trẻ quấy khó', 'ăn bổ sung hoặc (ii) có kinh trở lại hoặc (iii) con trên 6 tháng. - Hẹn gặp lại khách hàng ít nhất 1 lần trong vòng 3 tháng và hỏi những thông tin liên quan đến: \uf02b Có kinh trở lại. \uf02b Trẻ ăn những thức ăn khác ngoài sữa mẹ. \uf02b Những khó khăn trong việc cho bú để có hướng dẫn giúp đỡ. \uf02b Sử dụng thuốc trong thời kỳ cho con bú. \uf02b Mới bị những bệnh nhiễm khuẩn như viêm gan do virus (vàng da, vàng mắ t), HIV mới được phát hiện... \uf02b Thảo luận về thời điểm bắt đầu BPTT khác. 3.2. Thời điểm thực hiện. Bắt đầu ngay sau khi sinh. 3.3. Qui trình thực hiện. - Cho bé bú sau sinh càng sớm càng tốt. - Cho bú đúng cách.', 'Chủ đề: Disease. Tiêu đề: Nguyên nhân. Từ khoá: Hội chứng Colic ở bé sơ sinh. Câu hỏi: Tại sao hội chứng Colic xảy ra vào cùng thời điểm mỗi ngày?. Trả lời: Hiện tại, các nhà nghiên cứu vẫn chưa thể giải thích được tại sao hội chứng Colic lại xảy ra vào cùng thời điểm mỗi ngày.. Ngữ cảnh: Nguyên nhân của hội chứng Colic đến nay vẫn chưa rõ. Nó có thể là hậu quả của nhiều yếu tố kết hợp lại. Mặc dù có 1 số yếu tố được cho là nguyên nhân nhưng các nhà nghiên cứu vẫn chưa giải thích được các đặc điểm quan trọng như: - Tại sao nó thường xảy ra ở cuối tháng đầu đời của bé.\n- Nó khác nhau giữa các bé như thế nào.\n- Tại sao nó xảy ra vào cùng thời điểm mỗi ngày.\n- Tại sao nó tự hết theo thời gian. Các yếu tố đã được tìm ra: - Hệ tiêu hóa của bé chưa phát triển đầy đủ.\n- Mất cân bằng của hệ vi khuẩn có lợi trong ống tiêu hóa của bé.\n- Dị ứng hoặc không dung nạp thức ăn (sữa hoặc thức ăn mà mẹ ăn ở những trẻ bú mẹ).\n- Cho bú quá nhiều, quá ít hoặc bé ợ không thường xuyên.\n- Dạng sớm của bệnh đau nửa đầu ở trẻ em.\n- Hút thuốc lá trong hoặc sau thai kì có thể gây cho trẻ hội chứng Colic.', 'Sức khỏe của mẹ trong ngày đầu tiên sau sinh cũng sẽ còn rất yếu nên mọi việc chăm sóc sau sinh con sẽ nhờ cậy vào người thân, mẹ cần được theo dõi tình trạng huyết áp, mạch và ra máu sản dịch đảm bảo sức khỏe.\nNgày thứ 2 sau sinh\nSang ngày thứ 2, có những lúc trẻ sẽ không ngủ nữa mà mở mắt nhìn chăm chăm vào mặt người đối diện, tuy nhiên trẻ chỉ nhìn được trong khoảng từ 15 - 25cm, trẻ sẽ bắt đầu có xu hướng khóc nhiều và đòi bú mẹ, để đảm bảo trẻ luôn no thì thì cứ cách khoảng 2 tiếng cho trẻ bú một lần và hãy nhớ cho trẻ bú đúng tư thế để tránh sặc sữa, lúc này dạ dày của trẻ vẫn còn nhỏ nên chỉ cần cho trẻ bú theo nhu cầu là đủ.\nTrong quá trình chăm sóc sau sinh con đến ngày thứ 2 thì ngoài việc cho ăn, mẹ cũng cần chú ý đến tã của trẻ vì lúc này trẻ có thể làm ướt tã nhiều hơn, khi bị ướt quá thì có khi bé sẽ khóc.\nNgày thứ 3 sau sinh\nĐến ngày thứ 2 sau sinh, trẻ có thể có những biểu hiện giúp mẹ có thể biết được rằng trẻ đang bị đói như khóc hoặc dúi đầu vào ngực của mẹ....trẻ cũng sẽ ti mẹ nhịp nhàng và sâu hơn. Khi được gần gũi với mẹ thì trẻ sẽ vui hơn, trẻ quen được mẹ cưng nựng và nhận ra mẹ bởi giọng nói từ những tháng ngày còn trong bụng.\nDo trẻ đã ăn được nhiều hơn nê']",Cho trẻ bú mẹ ngay trong vòng 1 giờ đầu sau sinh và cho bú theo nhu cầu của trẻ.,4,1.0,1.0,0.909,0.5,True,done,
4,kb1,"Tại cơ sở y tế, trẻ sơ sinh cần được tiêm các loại vắc xin nào ngay","Trẻ sơ sinh cần được tiêm vắc xin thủy đậu tại cơ sở y tế.

Theo tài liệu RAG, vắc-xin thủy đậu được chỉ định cho tất cả trẻ em trên 1 tuổi cho tới 12 tuổi chưa mắc thủy đậu và người lớn chưa có kháng thể với Herpes zoster.","['Chủ đề: Disease. Tiêu đề: Cách phòng ngừa thủy đậu bội nhiễm. Từ khoá: Thủy đậu bội nhiễm. Câu hỏi: Ai là đối tượng nên tiêm vắc xin thủy đậu?. Trả lời: Theo Bộ Y tế (2016), vắc-xin thủy đậu được chỉ định cho tất cả trẻ em trên 1 tuổi cho tới 12 tuổi chưa mắc thủy đậu và người lớn chưa có kháng thể với Herpes zoster.. Ngữ cảnh: Tiêm vắc-xin là cách phòng thủy đậu hiệu quả nhất cũng như giảm thiểu biến chứng nặng của bệnh. Theo Bộ Y tế (2016), vắc-xin được chỉ định cho tất cả trẻ em trên 1 tuổi cho tới 12 tuổi chưa mắc thủy đậu và người lớn chưa có kháng thể với Herpes zoster. Vắc-xin thủy đậu rất an toàn và ngăn ngừa hầu hết trường hợp thủy đậu mức độ nặng. Kể từ khi vắc-xin ra đời tại Mỹ, đã giảm đến 90% trường hợp nhiễm thủy đậu, nhập viện và tử vong.8 Điều này cho thấy hầu hết những người đã chủng ngừa vắc-xin thường không mắc thủy đậu và nếu mắc thủy đậu, triệu chứng cũng thường nhẹ hơn. Biến chứng của bội nhiễm thủy đậu rất khó để tiên lượng trước. Do đó, cách tốt nhất để phòng các biến chứng thủy đậu là tránh để nhiễm bệnh, tiêm chủng đầy đủ. Nếu nhiễm bệnh, người bệnh không nên chủ quan, cần tuân thủ các biện pháp điều trị được Bộ Y Tế khuyến cáo, giữ vệ sinh để tránh gặp ph', 'CHĂM SÓC TRẺ CHĂM SÓC TRẺ • Trẻ cần được tiêm chủng theo chương trình tiêm chủng mở rộng tại các cơ sở y tế. Hãy tham khảo thông tin chi tiết tại cơ sở y tế địa phương • Tiêm chủng giúp trẻ phòng chống các bệnh nguy hiểm • Từ 6 tháng cho đến khi 5 tuổi, cứ 6 tháng một lần, trẻ nên được bổ sung viên uống Vitamin-A tại trạm y tế hoặc cơ sở y tế tại địa phương Hãy đảm bảo trẻ được tiêm chủng đầy đủ và theo đúng lịch • Tiêm chủng giúp bảo vệ trẻ khỏi các bệnh bạch hầu, ho gà, uốn ván, sởi, quai bị, bại liệt, rubella, nhiễm khuẩn Hib (gây viêm màng não mủ, viêm họng, viêm phế quản phổi,..), thuỷ đậu, các bệnh do phế cầu khuẩn gây ra và viêm màng não (nhiễm trùng não mô cầu) HÃY ĐẢM BẢO TRẺ ĐƯỢC TIÊM CHỦNG ĐẦY ĐỦ 16', 'Chủ đề: Disease. Tiêu đề: Cách phòng ngừa thủy đậu bội nhiễm. Từ khoá: Thủy đậu bội nhiễm. Câu hỏi: Tiêm vắc-xin có thể ngăn ngừa thủy đậu hoàn toàn không?. Trả lời: Tiêm vắc-xin có thể ngăn ngừa hầu hết trường hợp thủy đậu mức độ nặng, tuy nhiên, những người đã chủng ngừa vắc-xin vẫn có thể bị nhiễm bệnh, nhưng thường là triệu chứng nhẹ hơn.. Ngữ cảnh: Tiêm vắc-xin là cách phòng thủy đậu hiệu quả nhất cũng như giảm thiểu biến chứng nặng của bệnh. Theo Bộ Y tế (2016), vắc-xin được chỉ định cho tất cả trẻ em trên 1 tuổi cho tới 12 tuổi chưa mắc thủy đậu và người lớn chưa có kháng thể với Herpes zoster. Vắc-xin thủy đậu rất an toàn và ngăn ngừa hầu hết trường hợp thủy đậu mức độ nặng. Kể từ khi vắc-xin ra đời tại Mỹ, đã giảm đến 90% trường hợp nhiễm thủy đậu, nhập viện và tử vong.8 Điều này cho thấy hầu hết những người đã chủng ngừa vắc-xin thường không mắc thủy đậu và nếu mắc thủy đậu, triệu chứng cũng thường nhẹ hơn. Biến chứng của bội nhiễm thủy đậu rất khó để tiên lượng trước. Do đó, cách tốt nhất để phòng các biến chứng thủy đậu là tránh để nhiễm bệnh, tiêm chủng đầy đủ. Nếu nhiễm bệnh, người bệnh không nên chủ quan, cần tuân thủ các biện pháp điều trị được Bộ Y Tế khuyến cáo, g']","Trẻ cần được tiêm bắp vitamin K1, tiêm phòng Lao(BCG) và viêm gan B.",3,0.8,0.667,0.877,0.5,True,done,
5,kb1,Gia đình cần theo dõi những bộ phận nào của trẻ sơ sinh tại nhà,"Trẻ sơ sinh cần theo dõi các bộ phận sau tại nhà:

1. Bú mẹ hoặc bú bình
2. Tình trạng rốn
3. Da
4. Phát hiện các tình trạng bệnh lý

Đây là thông tin được nêu trong tài liệu ""sức khỏe bà mẹ, cán bộ y tế phải đồng thời thực hiện các chăm sóc sơ sinh thiết yếu và theo dõi trẻ trong những ngày đầu sau sinh"" (Tài liệu 2).","['Chủ đề: Disease. Tiêu đề: Xử trí bệnh tại nhà có được không? Khi nào cần gặp bác sĩ?. Từ khoá: Hội chứng Patau. Câu hỏi: Tại sao bệnh Patau không thể được xử trí tại nhà?. Trả lời: Bệnh Patau là bệnh bẩm sinh nghiêm trọng, không thể xử trí tại nhà mà cần sự theo dõi và xử trí kịp thời của nhân viên y tế tại bệnh viện.. Ngữ cảnh: Hội chứng Patau là một bệnh bẩm sinh xuất hiện ngay từ trong quá trình mang thai. Dẫn đến nhiều vấn đề nghiêm trọng về sức khỏe cho sức khỏe của thai nhi cũng như trẻ sơ sinh. Do đó, bệnh không thể được xử trí tại nhà, mà cần có sự theo dõi sát sao của các cán bộ nhân viên y tế tại bệnh viện để có thể xử trí kịp thời. Chính vì lý do này, cha mẹ không được tự ý xử trí bệnh tại nhà cho trẻ; trừ khi được sự cho phép và hướng dẫn kĩ lưỡng từ bác sĩ.', 'sức khỏe bà mẹ, cán bộ y tế phải đồng thời thực hiện các chăm sóc sơ sinh thiết yếu và theo dõi trẻ trong những ngày đầu sau sinh. Khám toàn thân cho cả mẹ và con trước khi cho về nhà. - Trường hợp cần chuyển tuyến: Khi chuyển phải cung cấp đầy đủ và cụ thể các thông tin về cuộc đẻ, tiền sử sản khoa và các diễn biến bệnh của trẻ và các xử trí đã làm. Thực hiện đúng tất cả các bước chăm sóc chuyển viện an toàn. - Theo dõi tại nhà: ít nhất 1 lần trong vòng tuần đầu sau đẻ cho cả mẹ và con. Các nội dung khám trẻ sơ sinh cũng bao gồm các vấn đề như đã theo dõi ở cơ sở y tế về bú mẹ, tình trạng rốn, da, phát hiện các tình trạng bệnh lý. Cần chú ý phát hiện sớm vàng da bệnh lý, kiểm tra tình trạng tiêm chủng, tăng cân và phát triển của trẻ. 2. Tại tuyến huyện. Cán bộ thực hiện là bác sĩ, nữ hộ sinh, điều dưỡng trong khoa sản và khoa nhi được đào tạo về chăm sóc sản khoa, chăm sóc sơ sinh thiết yếu và hồi sức sơ sinh. Nội dung thực hiện gồm: - Thực hiện tất cả các nội dung như ở trạm y tế xã và: - Trong phòng đẻ phải có bàn hồi sức sơ sinh.', 'các bác sĩ sản và nhi để tiên lượng cuộc đẻ và có hướng xử trí phù hợp cho cả mẹ và con. - Phối hợp theo dõi bà mẹ mang thai có nguy cơ và trẻ sơ sinh tại cuộc đẻ: \uf02b Chăm sóc trẻ sơ sinh bệnh lý: khi trẻ sơ sinh tại khoa Sản có vấn đề về sức khỏe cần có hội chẩn với bác sĩ Nhi về chẩn đoán, chăm sóc, điều trị, tư vấn. Nếu quá khả năng chăm sóc tại khoa Sản chuyển trẻ sang khoa Nhi điều trị. Khi chuyển trẻ phải cung cấp đầy đủ thông tin về mẹ, cuộc đẻ và trẻ. Cần có sự chia sẻ trách nhiệm khi có bất cứ vấn đề gì xảy ra đối với trẻ. \uf02b Trẻ sơ sinh bệnh khi chuyển sang khoa Nhi cần được bố trí nằm cùng với mẹ nếu có điều kiện và bệnh không quá nặng. \uf02b Nếu bà mẹ cần phải tiếp tục điều trị, theo dõi, cán bộ Sản cần thăm khám và chăm sóc cho bà mẹ. - Những nơi có điều kiện thực hiện sàng lọc trước sinh, sàng lọc sơ sinh: các cán bộ khoa Sản và khoa Nhi hợp tác tiến hành các hoạt động: \uf02b Truyền thông cung cấp kiến thức cho cộng đồng. \uf02b Tư vấn di truyền, bệnh tật. \uf02b Tổ chức mạng lưới, thực hiện sàng lọc trước sinh và sơ sinh trên diện rộng.', 'Chủ đề: Disease. Tiêu đề: Xử trí bệnh tại nhà có được không? Khi nào cần gặp bác sĩ?. Từ khoá: Hội chứng Patau. Câu hỏi: Cha mẹ có thể tự ý xử trí bệnh tại nhà cho trẻ khi nào?. Trả lời: Cha mẹ không được tự ý xử trí bệnh tại nhà cho trẻ, trừ khi được sự cho phép và hướng dẫn kĩ lưỡng từ bác sĩ.. Ngữ cảnh: Hội chứng Patau là một bệnh bẩm sinh xuất hiện ngay từ trong quá trình mang thai. Dẫn đến nhiều vấn đề nghiêm trọng về sức khỏe cho sức khỏe của thai nhi cũng như trẻ sơ sinh. Do đó, bệnh không thể được xử trí tại nhà, mà cần có sự theo dõi sát sao của các cán bộ nhân viên y tế tại bệnh viện để có thể xử trí kịp thời. Chính vì lý do này, cha mẹ không được tự ý xử trí bệnh tại nhà cho trẻ; trừ khi được sự cho phép và hướng dẫn kĩ lưỡng từ bác sĩ.', 'Chủ đề: Disease. Tiêu đề: Những phương pháp điều trị - Chăm sóc trẻ sinh non. Từ khoá: Sinh non. Câu hỏi: Tại các đơn vị chăm sóc đặc biệt dành cho trẻ sơ sinh, trẻ sinh non được theo dõi và chăm sóc như thế nào?. Trả lời: Trẻ sinh non được chăm sóc trong lồng ấp, theo dõi các dấu hiệu sinh tồn, có ống cho ăn, bổ sung chất lỏng mỗi ngày. Bên cạnh đó trẻ còn được chiếu đèn trị vàng da, truyền máu.. Ngữ cảnh: Trẻ sinh sớm thường được chuyển đến các đơn vị chăm sóc đặc biệt dành cho trẻ sơ sinh để được theo dõi chăm sóc 24/24. Tại đây trẻ sẽ được: - Chăm sóc hỗ trợ: Chăm sóc trong lồng ấp, theo dõi các dấu hiệu sinh tồn, có ống cho ăn, bổ sung chất lỏng mỗi ngày. Bên cạnh đó trẻ còn được chiếu đèn trị vàng da, truyền máu.\n- Thuốc men: Trẻ có thể được bổ sung thuốc để thúc đẩy quá trình trưởng thành và kích thích hoạt động bình thường của phổi, tim và tuần hoàn.\n- Phẫu thuật: Đôi khi phẫu thuật là cần thiết để điều trị một số tình trạng liên quan đến sinh non. Em bé có thể sẵn sàng để cho về nhà khi: - Có thể thở mà không cần hỗ trợ.\n- Có thể duy trì nhiệt độ cơ thể ổn định.\n- Có thể bú mẹ hoặc bú bình.\n- Tăng cân đều đặn.\n- Không bị nhiễm trùng.']","Gia đình và bà mẹ cần theo dõi về nhịp thở, màu da, rốn, bàn chân, tiểu tiện và
phân su của trẻ.",5,0.667,1.0,0.857,1.0,True,done,
6,kb1,Thế nào là nuôi con bằng sữa mẹ hoàn toàn,"Nuôi con bằng sữa mẹ hoàn toàn là việc cho trẻ bú sữa mẹ mà không cho ăn, uống bất cứ thức ăn đồ uống nào khác, trừ trường hợp phải uống bổ sung vitamin, khoáng chất hoặc thuốc.","['66 - Cần tư vấn bà mẹ tiếp tục sử dụng thuốc kháng virus theo phác đồ hiện hành của Bộ Y tế; - Tư vấn các biện pháp tránh thai cho bà mẹ nhiễm HIV, biện pháp tốt nhất là dùng bao cao su; - Khuyến khích các bà mẹ bộc lộ tình trạng nhiễm HIV với bạn tình và khuyến khích các bà mẹ đưa bạn tình làm xét nghiệm HIV; - Tư vấn cho bà mẹ tham gia vào các nhóm tổ chức xã hội, nhóm đồng đẳng... Chăm sóc trẻ sơ sinh, sinh ra từ mẹ nhiễm HIV - Đối với trẻ sinh ra từ mẹ nhiễm HIV được xem là trẻ phơi nhiễm HIV chỉ chọn một trong hai cách nuôi trẻ là bằng sữa mẹ hoàn toàn hoặc bằng sữa thay thế hoàn toàn. - Nếu nuôi con bằng sữa mẹ, nên cho bú mẹ hoàn toàn, không cho ăn, uống bất cứ thức ăn đồ uống nào kể cả nước trắng, trừ trường hợp phải uống bổ sung vitamin, khoán g chất hoặc thuốc; cần tư vấn các nguy cơ cho trẻ khi nuôi dưỡng bằng sữa mẹ. - Trường hợp nuôi trẻ bằng sữa thay thế là quá trình nuôi trẻ không bằng sữa mẹ, hoàn toàn thay bằng chế độ ăn cung cấp đủ năng lượng và chất dinh dưỡng, đáp ứng nhu', '74 | Cho con Phát hiện Xử trí Chưa bú mẹ hoặc khó khăn khi cho con bú. Hướng dẫn bà mẹ cách cho con bú Trẻ lạnh hoặc phòng lạnh. - Ủ ấm cho trẻ: cho trẻ nằm tiếp xúc da k ề da với mẹ, mặc thêm áo, đắp thêm chăn… - Làm ấm phòng. Khó thở, tím tái Xử trí cấp cứu Chảy máu rốn. Làm l ại r ốn. N ếu v ẫn ch ảy máu, không tìm được nguyên nhân, mời hội chẩn hoặc chuyển tuyến trên Không có phân su. Kiểm tra h ậu môn: ếu phát hi ện “không h ậu môn”, mời hội chẩn ngoại khoa ho ặc chuyển tuyến Không đái Kiểm tra xem tr ẻ có được bú đủ không? Nếu không tìm th ấy nguyên nhân, m ời h ội ch ẩn hoặc chuyển tuyến Vàng da Điều trị ngay hoặc chuyển tuyến 3. Chăm sóc bà mẹ và trẻ sơ sinh từ bà mẹ nhiễm HIV 3.1. Đối với trẻ sinh ra từ mẹ nhiễm HIV - Trẻ sinh ra từ mẹ nhiễm HIV (trẻ phơi nhiễ m HIV): chỉ chọn một trong hai cách nuôi trẻ: bằng sữa mẹ hoàn toàn hoặc bằng sữa thay thế hoàn toàn. - Nếu nuôi con bằng sữa mẹ: chỉ cho bú mẹ hoàn toàn, không cho ăn, uống bất cứ thức ăn đồ uống nào kể cả nước trắng, trừ trường hợp phải uống bổ sung vitami , khoáng chất hoặc thuốc. Tư vấn các nguy cơ cho trẻ khi nuôi dưỡng bằng sữa mẹ. - Nuôi trẻ bằng sữa thay thế là quá trình nuôi trẻ không bằng sữa mẹ, hoàn toàn ', 'Lợi ích của nuôi con bằng sữa mẹ NCBSM • Giúp tăng cường tình cảm mẹ con, bảo đảm sự phát triển của trẻ • Giúp chậm có thai trở lại • Bảo vệ sức khỏe bà mẹ \uf06c Chi phí thấp hơn so với nuôi nhân tạo Sữa mẹ • Là nguồn dinh dưỡng hoàn hảo • Dễ tiêu hóa, sử dụng hiệu quả • Phòng ngừa các bệnh nhiễm khuẩn', '| 217 TƯ VẤN NUÔI CON BẰNG SỮA MẸ Sữa mẹ là nguồn dinh dưỡng quý giá nh ất giúp cho tr ẻ sơ sinh chống lại bệnh tật đồng thời tăng cường sức khỏe và sự phát triển của trẻ. Theo ước tính của Tổ chức Y tế Thế giới: 22% các trường hợp tử vong ở trẻ sơ sinh có thể phòng tránh được nếu được bú sữa mẹ sớm trong vòng 1 gi ờ đầu sau sinh, 13% tr ẻ dưới 5 tuổi bị tử vong có thể ngăn chặn được nếu được bú sữa mẹ hoàn toàn. 1. Khi mang thai. - Giải thích: lợi ích của bú mẹ; Giải thích: thế nào là bú sữa mẹ sớm và bú sữa mẹ hoàn toàn và lợi ích của nó - Hỏi kinh nghiệm nuôi con bằng sữa mẹ. - Giải thích tầm quan trọng của việc chăm sóc vú và núm vú, xin phép khám. - Tạo niềm tin là tất cả bà mẹ đều có thể nuôi con bằng sữa mẹ. 2. Ngay sau đẻ. - Thực hiện tiếp xúc da kề da ngay sau đẻ để giúp trẻ được bú sữa mẹ sớm (trong vòng 90 phút sau đẻ). Cho con nằm cạnh mẹ: \uf02b Mẹ dễ chăm sóc,theo dõi con. \uf02b Trẻ ít khóc hơn. \uf02b Thời gian bú mẹ được lâu hơn. - Tư vấn về lợi ích của việc cho bú sớm: \uf02b Lợi ích của sữa non. \uf02b Sữa về sớm hơn. \uf02b Trẻ tăng cân tốt hơn. \uf02b Ít bị cương tắc sữa. \uf02b Không vắt bỏ sữa non, cần cho con bú cả sữa non. - Hướng dẫn bà mẹ cho con bú đúng: Trẻ ngậm bắt vú đúng (Miệng trẻ mở rộng']","Cho trẻ bú hoàn toàn bằng sữa mẹ mà không cần ăn thêm bất cứ thứ gì
khác, kể cả nước tráng miệng sau khi bú. Cho trẻ bú theo nhu cầu cả ngày
lẫn đêm.",4,0.4,1.0,0.616,1.0,True,done,
7,kb1,"Trước khi bế, tắm, thay tã lót cho trẻ hoặc cho trẻ bú, người chăm sóc cần làm gì","Trước khi bế, tắm, thay tã lót hoặc cho trẻ bú, người chăm sóc trẻ cần thực hiện các bước sau:

- Rửa tay sạch bằng xà phòng trước khi chăm sóc trẻ.
- Chuẩn bị nước tắm ấm vừa đủ cho trẻ (không quá 37 độ).
- Cởi bỏ áo tã mũ, rồi quấn bé trong khăn bông lớn, chỉ chừa phần đầu và mặt.
- Dùng khăn vải màn thắm nước ấm lau sạch mí mắt, khóe mắt từ trong ra ngoài, lau miệng, sau tai và dưới cằm rồi lau rửa mặt.
- Gội đầu bằng dầu gội dành riêng cho trẻ.
- Tắm mình dùng sữa tắm giành cho trẻ để tắm, làm sạch các gấp, nhưng không làm ướt rốn, lau bàn tay và bàn chân và các kẽ ngón.
- Tắm vùng sinh dục và hậu môn sau cùng. Ở trẻ gái lau vùng sinh dục từ trước ra sau.

Lưu ý: MomCare chưa tìm thấy đủ thông tin trong kho tài liệu để trả lời chi tiết về các bước trước khi cho trẻ bú.","['Nên dùng một lớp lót để giảm mùi hôi và giữ chất thải không bị thấm vào chậu đựng tã bẩn. Một số cha mẹ thường ngâm tã ngay vào chậu nước, nhưng thực tế cách này chẳng những không làm giảm mùi hôi và vết bẩn, mà còn khiến tã dễ mục rách và sinh sôi vi khuẩn nhiều hơn. Chỉ ngâm tã trong 1 - 2 giờ trước khi giặt.\nTạo không khi vui vẻ khi thay tã cho bé sơ sinh bằng cách nói chuyện và hát cho bé nghe, chỉ ra những phần khác nhau trên cơ thể bé và giải thích những gì bạn đang làm. Sau khi lau sạch người bé, hãy hát một vài bài thiếu nhi đơn giản, chơi ú òa hoặc đập tay với bé một chút, và tặng một nụ hôn trước khi kết thúc.\nNên thay tã thường xuyên để tránh cho trẻ bị hăm \nKhi ra khỏi nhà, hãy mang theo túi ướt chống thấm nước và giảm mùi hôi để nhét tã bẩn mang về. Bạn có thể mang theo một túi nhỏ, chứa một cái tã sạch và vài cái giẻ lau. Mỗi khi thay tã vải, chỉ cần lấy các vật dụng sạch trong túi khô ra sử dụng và nhét tã bẩn vào túi không thấm nước.\nBạn có thể sử dụng khăn giấy ướt hoặc mang khăn lau đã được làm ẩm trước, cất riêng trong một túi không thấm nước nhỏ và sạch. Bạn cũng có thể mang theo khăn lau khô và một chai xịt nhỏ chứa dung dịch nước và xà phòng nhẹ tự pha chế. Xị', '76 | 3. Hướng dẫn chăm sóc. Cho mẹ Cho con - Vệ sinh hàng ngày: rửa vùng sinh dục ít nhất 3 lần/ngày; lau người thay đồ sạch, sau đẻ 2 -3 ngày tắm nhanh bằng nước ấm. - Chăm sóc vú: cho con bú hoàn toàn sữa mẹ, không cho bất cứ thức ăn, nước uống khác; nếu tắc tia sữa cần xử lý sớm (day, vắt, hút, đi khám) để phòng ngừa viêm vú, áp xe vú. - Xử trí đau do co bóp tử cung: nếu đau nhẹ: không cần xử trí. Nếu đau nhiều: chườm nóng, cho uống paracetamol. - Vết khâu tầng sinh môn (nếu có): rửa sạch âm hộ sau đại, tiểu tiện và thấm khô. Cắt chỉ nếu đã 5 ngày sau đẻ. - Chế độ ăn uống và sinh hoạt: ăn đủ lượng, đủ chất, không kiêng vô lý. Ngủ 8 giờ/ngày, tôn trọng giấc ngủ trưa. Mặc đồ sạch sẽ, rộng rãi. - Chế độ vận động: sau đẻ 6 giờ đã có thể ngồi dậy, ngày hôm sau đi lại, vận động nhẹ nhàng. - Tư vấn và giúp giải quyết vấn đề tâm lý (nếu có). - Tư vấn về KHHGĐ, về nuôi con bằng sữa mẹ. - Hẹn đến thăm hoặc hẹn sản phụ đến khám tại trạm vào 6 tuần sau đẻ. - Hàng gày: nằm chung với mẹ trong phòng ấm. Ngủ màn. Không đặt trẻ nằm sấp, trên nền lạnh, cứng. Không cho tiếp xúc với người đang có bệnh, không cho gần súc vật, không để trong môi trường khói, bụi, khói thuốc. - Nuôi con bằng sữa mẹ: c', '70 - Sau 24h sau sinh, thường các hộ sinh là người tắm cho trẻ trước. Sau đó khi ra vi ện mẹ hoặc là những người thân sẽ là ngư ời thư ờng xuyên ph ải t ắm r ửa v ệ sinh cho các tr ẻ. Trước khi tăm ph ải chu ẩn b ị đầy đ ủ đồ dùng như tã , b ỉm, quần áo, khăn lau. Nên tắm bé mỗi ngày - Chuẩn bị nước tắm ấm vừa đủ cho trẻ, (không quá 37 độ, có thể dùng đo nhiệt độ để đảm bảo nhiệt độ phù hợp cho bé) - Đổ nước vào chậu tắm - Cởi bỏ áo tã mũ, rồi quấn bé trong khăn bông l ớn, chỉ chừa phần đầu và mặt - Dùng khăn v ải màn th ấm nước ấm lau sạch mí m ắt, khóe mắt từ trong ra ngoài, lau mi ệng, sau tai và dư ới cằm rồi lau rửa mặt - Gội đầu bằng dầu gội dành riêng cho tr ẻ. Tránh để xà phòng rơi vào mắt và nước vào tai trẻ - Tăm mình dùng s ữa t ắm giành cho tr ẻ để tắm, làm sạch các ếp gấp, nhưng không làm ư ớt rốn, lau bàn tay và bàn chân và các kẽ ngón - Tắm vùng sinh dục và hậu môn sau cùng. Ở trẻ gái lau vùng sinh dục từ trước ra sau']",Rửa tay bằng xà phòng và nước sạch.,3,1.0,0.0,0.0,0.333,True,done,
8,kb1,Liệt kê các dấu hiệu nguy hiểm ở trẻ sơ sinh cần đi khám ngay?,"Trẻ sơ sinh cần đi khám ngay khi xuất hiện các dấu hiệu nguy hiểm sau:

- Bú ít hoặc bỏ bú.
- Co giật hoặc co cứng.
- Ngủ li bì khó đánh thức.
- Thở rít khi nằm yên, thở khò khè.
- Sốt cao hoặc hạ thân nhiệt.
- Chảy máu bất cứ chỗ nào.
- Vàng da đậm hoặc vàng da sớm (24 giờ).
- Nôn liên tục, bụng chướng.","['Tiêm chủng đúng lịch.\nTheo dõi sự phát triển về tinh thần, vận động của trẻ theo đúng lứa tuổi.\nTái khám theo hẹn của bác sỹ (Khám mắt cho trẻ đẻ non có cân nặng lúc sinh dưới 2000g khi trẻ được 4 tuần tuổi, trẻ bị bệnh tim mạch…).\nTrẻ sơ sinh nên được khám sức khỏe định kỳ tại các cơ sở y tế( 1 tháng, 6 tháng, 12 tháng, 18 tháng, 24 tháng…\nCác dấu hiệu nguy hiểm ở trẻ sơ sinh:\nNếu thấy trẻ có một trong các dấu hiệu nguy hiểm sau đây cần đưa trẻ đến ngay cơ sở y tế để được cấp cứu:\nBú ít hoặc bỏ bú.\nCo giật hoặc co cứng.\nNgủ li bì khó đánh thức.\nThở rít khi nằm yên, thở khò khè.\nSốt cao hoặc hạ thân nhiệt.\nChảy máu bất cứ chỗ nào.\nVàng da đậm hoặc vàng da sớm (24 giờ tuổi).\nNôn liên tục, bụng chướng.', 'Câu hỏi: Cần đưa trẻ đi khám ngay khi nào?. Trả lời: Khi trẻ có một trong các dấu hiệu nguy hiểm sau:\n- Trẻ sơ sinh nôn ói nhiều, bú kém, bỏ bú\n- Nôn ói kéo dài hơn 24 giờ\n- Dịch ói có màu bất thường: có máu (đỏ hoặc nâu) hoặc màu vàng xanh (dịch mật)\n- Dấu hiệu mất nước vừa đến nặng: khô môi miệng, khóc không có nước mắt, mắt trũng, tiểu ít hoặc không đi tiểu trong 6-8 giờ đối với trẻ lớn hoặc tã không ướt trong 4-6 giờ đối với trẻ nhỏ\n- Đau bụng nhiều\n- Đi tiêu ra máu\n- Sốt ≥ 38,5 độ C trong 3 ngày, hoặc sốt cao > 39 độ C\n- Bé li bì, lừ đừ hoặc kích thích, quấy khóc bất thường\n- Co giật.', 'Chủ đề: Disease. Tiêu đề: Triệu chứng của viêm não. Từ khoá: Viêm não. Câu hỏi: Ở trẻ sơ sinh, triệu chứng viêm não có gì khác biệt so với trẻ lớn?. Trả lời: Bỏ bú, đau bụng, tiêu chảy, nổi ban, đây cũng có thể là dấu hiệu rối loạn tri giác ở trẻ sơ sinh.. Ngữ cảnh: Là một hội chứng nên viêm não bao gồm nhiều triệu chứng. Thay đổi tri giác (lừ đừ, ngủ mê, thậm chí là hôn mê). Đây là triệu chứng chủ yếu và nổi bật nhất. Những biểu hiện khác có thể xảy ra hoặc không: - Sốt cao.\n- Co giật.\n- Dấu thần kinh khu trú. Mỗi một vùng não bị tổn thương thường sẽ gây ra một dấu hiệu riêng. Bác sĩ khi thăm khám có thể xác định vị trí tổn thương não nhờ các dấu hiệu này. Thông thường khoảng 65 – 90% các triệu chứng diễn ra mãnh liệt, tình trạng bệnh nhân xấu đi nhanh chóng. Ở trẻ nhỏ có thể xuất hiện dấu hiệu “thóp phồng”. Ngoài ra, ở trẻ sơ sinh (< 1 tháng tuổi), triệu chứng viêm não có thể rất khác biệt. Cụ thể: - Bỏ bú. Đôi khi chỉ cần trẻ bỏ bú ta cũng nên đưa bé đến bệnh viện. Vì đây có thể là dấu hiệu rối loạn tri giác ở trẻ sơ sinh.\n- Đau bụng, tiêu chảy.\n- Nổi ban. Các dấu hiệu trên xét nghiệm: Hội chứng viêm não còn bao gồm các dấu hiệu trên xét nghiệm, cụ thể: - Dịch não tuỷ.\n- Hình ản', 'Chủ đề: Disease. Tiêu đề: Triệu chứng của viêm não. Từ khoá: Viêm não. Câu hỏi: Ngoài triệu chứng, viêm não còn bao gồm những dấu hiệu nào khi xét nghiệm?. Trả lời: Cụ thể, hội chứng viêm não còn bao gồm Dịch não tuỷ, Hình ảnh chụp não (MRI sọ não), Điện não đồ (EEG).. Ngữ cảnh: Là một hội chứng nên viêm não bao gồm nhiều triệu chứng. Thay đổi tri giác (lừ đừ, ngủ mê, thậm chí là hôn mê). Đây là triệu chứng chủ yếu và nổi bật nhất. Những biểu hiện khác có thể xảy ra hoặc không: - Sốt cao.\n- Co giật.\n- Dấu thần kinh khu trú. Mỗi một vùng não bị tổn thương thường sẽ gây ra một dấu hiệu riêng. Bác sĩ khi thăm khám có thể xác định vị trí tổn thương não nhờ các dấu hiệu này. Thông thường khoảng 65 – 90% các triệu chứng diễn ra mãnh liệt, tình trạng bệnh nhân xấu đi nhanh chóng. Ở trẻ nhỏ có thể xuất hiện dấu hiệu “thóp phồng”. Ngoài ra, ở trẻ sơ sinh (< 1 tháng tuổi), triệu chứng viêm não có thể rất khác biệt. Cụ thể: - Bỏ bú. Đôi khi chỉ cần trẻ bỏ bú ta cũng nên đưa bé đến bệnh viện. Vì đây có thể là dấu hiệu rối loạn tri giác ở trẻ sơ sinh.\n- Đau bụng, tiêu chảy.\n- Nổi ban. Các dấu hiệu trên xét nghiệm: Hội chứng viêm não còn bao gồm các dấu hiệu trên xét nghiệm, cụ thể: - Dịch não t']","Sau khi trẻ sinh ra, bà mẹ và gia đình cần theo dõi và phát hiện sớm các dấu hiệu nguy hiểm ở trẻ sơ sinh (trẻ từ khi sinh ra cho đến 28 ngày tuổi) như: Bú kém hoặc bỏ bú, ngủ li bì khó đánh thức, Thở khác thường (thở chậm dưới 40 lần hoặc thở nhanh trên 60 lần trong 1 phút, co rút lồng ngực, cánh mũi phập phồng, khò khè), Sốt cao (trên 38,5 độ C) hoặc hạ nhiệt độ (dưới 36 độ C), co cứng hoặc co giật,  mắt sưng đỏ hoặc có mủ nhiều, rốn sưng đỏ hoặc chảy mủ, Da vàng sau đẻ 24 giờ hoặc kéo dài hơn 2 tuần hoặc da vàng đậm, Nôn liên tục, bụng chướng, Đi ỉa nhiều nước, nhiều lần hơn bình thường, Trẻ không đái, ỉa sau 24 giờ sau khi sinh.",4,0.889,1.0,0.794,1.0,True,done,
9,kb1,Cách xử trí tại nhà khi trẻ sơ sinh bị sốt cao?,"⚠️ Nội dung câu hỏi có dấu hiệu cần được đánh giá y tế trực tiếp. Mẹ không nên tự xử lý tại nhà. Vui lòng liên hệ cơ sở y tế, bác sĩ hoặc gọi 115 nếu tình trạng khẩn cấp.","['Chủ đề: Disease. Tiêu đề: Xử trí bệnh tại nhà có được không? Khi nào cần gặp bác sĩ?. Từ khoá: Hội chứng Patau. Câu hỏi: Tại sao bệnh Patau không thể được xử trí tại nhà?. Trả lời: Bệnh Patau là bệnh bẩm sinh nghiêm trọng, không thể xử trí tại nhà mà cần sự theo dõi và xử trí kịp thời của nhân viên y tế tại bệnh viện.. Ngữ cảnh: Hội chứng Patau là một bệnh bẩm sinh xuất hiện ngay từ trong quá trình mang thai. Dẫn đến nhiều vấn đề nghiêm trọng về sức khỏe cho sức khỏe của thai nhi cũng như trẻ sơ sinh. Do đó, bệnh không thể được xử trí tại nhà, mà cần có sự theo dõi sát sao của các cán bộ nhân viên y tế tại bệnh viện để có thể xử trí kịp thời. Chính vì lý do này, cha mẹ không được tự ý xử trí bệnh tại nhà cho trẻ; trừ khi được sự cho phép và hướng dẫn kĩ lưỡng từ bác sĩ.', 'Chủ đề: Disease. Tiêu đề: Xử trí bệnh tại nhà có được không? Khi nào cần gặp bác sĩ?. Từ khoá: Hội chứng Patau. Câu hỏi: Cha mẹ có thể tự ý xử trí bệnh tại nhà cho trẻ khi nào?. Trả lời: Cha mẹ không được tự ý xử trí bệnh tại nhà cho trẻ, trừ khi được sự cho phép và hướng dẫn kĩ lưỡng từ bác sĩ.. Ngữ cảnh: Hội chứng Patau là một bệnh bẩm sinh xuất hiện ngay từ trong quá trình mang thai. Dẫn đến nhiều vấn đề nghiêm trọng về sức khỏe cho sức khỏe của thai nhi cũng như trẻ sơ sinh. Do đó, bệnh không thể được xử trí tại nhà, mà cần có sự theo dõi sát sao của các cán bộ nhân viên y tế tại bệnh viện để có thể xử trí kịp thời. Chính vì lý do này, cha mẹ không được tự ý xử trí bệnh tại nhà cho trẻ; trừ khi được sự cho phép và hướng dẫn kĩ lưỡng từ bác sĩ.', 'Các biện pháp chẩn đoán bệnh Hạ thân nhiệt ở trẻ sơ sinh\nDựa vào các triệu chứng kể trên và đo nhiệt độ cho trẻ bằng nhiệt kế thủy ngân hoặc nhiệt kế điện tử, bác sĩ có thể sẽ phát hiện tình trạng trẻ sơ sinh hạ thân nhiệt. \xa0\nCác biện pháp điều trị bệnh Hạ thân nhiệt ở trẻ sơ sinh\nHạ thân nhiệt (nhiệt độ cơ thể 35-36,3 ° C):\nTiếp xúc da kề da, trong phòng ấm (ít nhất 25 ° C).\nĐội mũ trên đầu trẻ sơ sinh\nBọc mẹ và trẻ sơ sinh bằng chăn ấm\nHạ thân nhiệt vừa phải (nhiệt độ cơ thể 32-34,9 ° C)\nNằm dưới đèn sưởi\nCho trẻ nằm tủ ấm\nĐặt nệm nước ấm\nNếu không có thiết bị có sẵn thì có thể sử dụng biện pháp da kề da với mẹ trong phòng ấm (ít nhất 25 ° C)\nHạ thân nhiệt nặng (nhiệt độ cơ thể dưới 32 ° C)\nSử dụng lồng ấp (nên đặt cao hơn nhiệt độ cơ thể từ 1 đến 1,5 ° C) và nên điều chỉnh khi nhiệt độ trẻ sơ sinh tăng\nNếu không có thiết bị, có thể sử dụng biện pháp da kề da hoặc phòng ấm', 'Chủ đề: Disease. Tiêu đề: Xử trí bệnh tại nhà có được không? Khi nào cần gặp bác sĩ?. Từ khoá: Hội chứng Patau. Câu hỏi: Hội chứng Patau là bệnh gì?. Trả lời: Hội chứng Patau là một bệnh bẩm sinh xuất hiện ngay từ trong quá trình mang thai.. Ngữ cảnh: Hội chứng Patau là một bệnh bẩm sinh xuất hiện ngay từ trong quá trình mang thai. Dẫn đến nhiều vấn đề nghiêm trọng về sức khỏe cho sức khỏe của thai nhi cũng như trẻ sơ sinh. Do đó, bệnh không thể được xử trí tại nhà, mà cần có sự theo dõi sát sao của các cán bộ nhân viên y tế tại bệnh viện để có thể xử trí kịp thời. Chính vì lý do này, cha mẹ không được tự ý xử trí bệnh tại nhà cho trẻ; trừ khi được sự cho phép và hướng dẫn kĩ lưỡng từ bác sĩ.', '| 239 NHIỄM KHUẨN MẮT Nhiễm khuẩn mắt ở trẻ sơ sinh còn được gọi là viêm k ết mạc trẻ sơ sinh, là tình tr ạng sưng, đỏ, chảy mủ mắt. Nhiễm khuẩn mắt nặng có thể dẫn đến mù lòa nếu không được điều trị. Nguyên nhân chính là do nhiễm tụ cầu, lậu cầu, Chlamydia trachomatis, trong và sau khi sinh. 1. Tại tuyến xã. 1.1. Hỏi và khám lâm sàng để phân loại là nhiễm khuẩn tại chỗ hay lan rộng. - Nhiễm khuẩn tại chỗ, nếu: \uf02b Chảy mủ mắt ít. \uf02b Mắt không sưng đỏ. - Nhiễm khuẩn mắt lan rộng, nếu: \uf02b Chảy mủ mắt nhiều. \uf02b Mắt sưng đỏ, lan rộng. \uf02b Có thể có các biểu hiện nhiễm khuẩn toàn thân. 1.2. Xử trí: - Nhiễm khuẩn tại chỗ: \uf02b Điều trị tại chỗ, không cần dùng kháng sinh toàn thân. \uf02b Hướng dẫn bà mẹ chăm sóc tại nhà. \uf02b Hẹn khám lại sau 2 ngày. Khám l ại ngay nếu bệnh không đỡ hoặc có các d ấu hiệu nguy hiểm toàn thân. - Nhiễm khuẩn lan rộng: \uf02b Chuyển lên tuyến trên. \uf02b Cho 1 liều kháng sinh tiêm bắp trước khi chuyển. 2. Tuyến huyện, tỉnh: - Hỏi và khám lâm sàng như ở tuyến xã. - Làm xét nghiệm xác định chẩn đoán nguyên nhân. - Khám xác định bà mẹ có bị nhiễm khuẩn đường sinh dục không. - Xử trí: \uf02b Nhiễm khuẩn tại chỗ: điều trị và xử trí như tuyến xã và chuyển về điều trị tại xã hoặc hướng dẫn bà mẹ']","Lau người bằng khăn ấm, đắp khăn ấm để hạ nhiệt và đưa ngay đến cơ sở y tế.",5,1.0,1.0,0.567,0.2,True,done,
10,kb1,Sữa non là gì và có lợi ích như thế nào?,"Sữa non có lợi ích giúp trẻ tăng cân tốt hơn, ít bị cương tắc sữa và không vắt bỏ sữa non, cần cho con bú cả sữa non.","['| 217 TƯ VẤN NUÔI CON BẰNG SỮA MẸ Sữa mẹ là nguồn dinh dưỡng quý giá nh ất giúp cho tr ẻ sơ sinh chống lại bệnh tật đồng thời tăng cường sức khỏe và sự phát triển của trẻ. Theo ước tính của Tổ chức Y tế Thế giới: 22% các trường hợp tử vong ở trẻ sơ sinh có thể phòng tránh được nếu được bú sữa mẹ sớm trong vòng 1 gi ờ đầu sau sinh, 13% tr ẻ dưới 5 tuổi bị tử vong có thể ngăn chặn được nếu được bú sữa mẹ hoàn toàn. 1. Khi mang thai. - Giải thích: lợi ích của bú mẹ; Giải thích: thế nào là bú sữa mẹ sớm và bú sữa mẹ hoàn toàn và lợi ích của nó - Hỏi kinh nghiệm nuôi con bằng sữa mẹ. - Giải thích tầm quan trọng của việc chăm sóc vú và núm vú, xin phép khám. - Tạo niềm tin là tất cả bà mẹ đều có thể nuôi con bằng sữa mẹ. 2. Ngay sau đẻ. - Thực hiện tiếp xúc da kề da ngay sau đẻ để giúp trẻ được bú sữa mẹ sớm (trong vòng 90 phút sau đẻ). Cho con nằm cạnh mẹ: \uf02b Mẹ dễ chăm sóc,theo dõi con. \uf02b Trẻ ít khóc hơn. \uf02b Thời gian bú mẹ được lâu hơn. - Tư vấn về lợi ích của việc cho bú sớm: \uf02b Lợi ích của sữa non. \uf02b Sữa về sớm hơn. \uf02b Trẻ tăng cân tốt hơn. \uf02b Ít bị cương tắc sữa. \uf02b Không vắt bỏ sữa non, cần cho con bú cả sữa non. - Hướng dẫn bà mẹ cho con bú đúng: Trẻ ngậm bắt vú đúng (Miệng trẻ mở rộng', 'Chủ đề: Disease. Tiêu đề: Tiêu chảy ở trẻ bú mẹ là như thế nào? - Nguyên nhân. Từ khoá: Tiêu chảy do kháng sinh. Câu hỏi: Sữa mẹ có lợi ích gì trong việc bảo vệ hệ tiêu hóa của trẻ bú mẹ?. Trả lời: Lợi ích từ sữa mẹ là giúp bảo vệ lớp niêm mạc ruột tránh tác động của vi khuẩn.. Ngữ cảnh: Tiêu chảy ở trẻ bú mẹ thường do nhiễm siêu vi, vi khuẩn hoặc ký sinh trùng. Thỉnh thoảng, trẻ sơ sinh có thể bị dị ứng với thực phẩm hoặc đồ uống được tiết qua sữa mẹ. Khi đó, bạn nên thay đổi chế độ ăn để giảm nguy cơ cho trẻ. Lợi ích từ sữa mẹ là giúp bảo vệ lớp niêm mạc ruột tránh tác động của vi khuẩn.', '44 Sữa tăng trưởng (growing up milk): Sản phẩm sữa được tiếp thị cho trẻ em từ 1 đến 3 tuổi. Các sản phẩm này hỗ trợ bổ sung dinh dưỡng cho trẻ em nhưng không bắt buộc. Sữa động vật là chất lỏng màu trắng được tiết ra từ tuyến vú của động vật có vú cái (bò, dê, cừu, lạc đà…) sau khi sinh con, có chức năng nuôi dưỡng con non trong giai đoạn đầu đời. Sữa ít béo (low-fat milk): Sữa được giảm bớt một phần chất béo so với sữa nguyên chất (sữa bò ho ặc sữa động vật khác). S ữa tách béo có hàm lư ợng chất béo 1 -2% nhưng vẫn giữ lại phần lớn các chất dinh dưỡng khác. Sữa tách béo (skim milk): Sữa được loại bỏ hoàn toàn hoặc gần như toàn bộ chất béo so với sữa nguyên chất (sữa bò hoặc sữa động vật khác). Sữa tách béo có hàm lư ợng chất béo giảm xuống dưới 0,5% nhưng vẫn giữ lại phần lớn các chất dinh dưỡng khác. Sữa thực vật (plant-based milk): Được chế biến từ nguyên liệu có nguồn gốc thực vật như hạt, ngũ cốc, đậu đỗ, thông qua quá trình ngâm, xay, l ọc để tạo thành chất lỏng có màu trắng đục, tương tự sữa động vật. Thức ăn bổ sung tăng cường dinh dưỡng: Thức ăn bổ sung được thiết kế đặc biệt để cung cấp thêm năng lượng và/hoặc các chất dinh dưỡng. Những thức ăn này có thể được sản xuất ']","Sữa non là sữa tiết ra trong vài ngày đầu sau sinh, có nhiều chất dinh
dưỡng và giúp bảo vệ trẻ không bị bệnh tật.",3,1.0,1.0,0.649,1.0,True,done,
11,kb1,Việc cho con bú ngay trong vòng một giờ đầu sau sinh có lợi gì cho người mẹ?,"Cho con bú ngay trong vòng một giờ đầu sau sinh có lợi cho người mẹ vì giúp trẻ tiếp xúc da kề da với mẹ, kích thích hành vi bản năng của trẻ để tìm vú mẹ và tự ngậm bắt vú bú bữa bú đầu tiên.","['10 điều kiện NCBSM thành công Các cơ sở y tế có nhiệm vụ chăm sóc sức khoẻ bà mẹ và trẻ em cần 1. Có bản qui định về nuôi con bằng sữa mẹ và được phổ biến thường xuyên cho cán bộ y tế. 2. Đào tạo cho tất cả cán bộ y tế những kỹ năng cần thiết để thực hiện quy định này. 3. Thông tin cho tất cả phụ nữ có thai về lợi ích và cách thực hiện nuôi con bằng sữa mẹ. 4. Giúp các bà mẹ bắt đầu cho con bú trong vòng 1 giờ đầu sau đẻ. 5. Chỉ dẫn cho các bà mẹ cách cho con bú và duy trì nguồn sữa ngay cả khi phải xa con. 6. Không cho trẻ sơ sinh bất cứ đồ ăn thức uống gì ngoài sữa mẹ, trừ khi có chỉ định của y tế. 7. Thực hiện mẹ con ở cùng phòng để con gần mẹ suốt 24 giờ trong ngày. 8. Khuyến khích cho trẻ bú theo nhu cầu. 9. Không cho trẻ nhỏ đang bú mẹ ngậm bất cứ loại vú giả hoặc đầu vú cao su nào. 10. Khuyến khích thành lập các nhóm hỗ trợ nuôi con bằng sữa mẹ và giới thiệu các bà mẹ tới đó sau khi họ ra viện.', 'Nuôi con bằng sữa mẹ trong 7 ngày đầu sau sinh • Cho trẻ tiếp xúc da kề da và bú sớm trong vòng 1 giờ đầu • Hiểu được dung tích dạ dày của trẻ trong 7 ngày đầu sau đẻ • Không cho trẻ bú sữa bình và bất cứ thức uống nào khác, đặc biệt là trong ngày đầu tiên sau đẻ. • Trẻ sơ sinh cần được bú thường xuyên và khi trẻ có biểu hiện đòi bú.', 'Chủ đề: Drug. Tiêu đề: Tương tác với các thuốc khác - Phụ nữ có thai và mẹ cho con bú có uống được Adalat LA 20 mg?. Từ khoá: Adalat LA 20mg. Câu hỏi: Đối với các dạng chế phẩm phóng thích ngay lập tức, để giảm thiểu sự tiếp xúc của trẻ sơ sinh với Nifedipine thì khi nào người mẹ nên vắt sữa?. Trả lời: Đối với các dạng chế phẩm phóng thích ngay lập tức, người mẹ nên trì hoãn việc cho con bú hoặc vắt sữa trong vòng 3-4 giờ sau khi dùng thuốc.. Ngữ cảnh: - Không nên sử dụng Nifedipine trong thai kỳ trừ khi cần thiết (đánh giá lợi ích và nguy cơ).\n- Thuốc được bài tiết qua sữa mẹ. Nồng độ Nifedipine trong sữa mẹ tương đương với nồng độ trong huyết thanh của mẹ. Đối với các dạng bào chế phóng thích ngay lập tức, nên trì hoãn việc cho con bú hoặc vắt sữa trong 3-4 giờ sau khi dùng thuốc để giảm sự tiếp xúc của trẻ sơ sinh với Nifedipine .', 'Hướng dẫn các bà mẹ cách cho con bú và duy trì nguồn sữa ngay cả khi bà mẹ phải xa con • Giúp bà mẹ nhận biết và cho trẻ bú ngay khi trẻ có dấu hiệu chứng tỏ trẻ muốn bú. • Trẻ khoẻ mạnh, đủ tháng thường không cần thức ăn hoặc đồ uống gì trước khi bà mẹ cho trẻ bú, vì vậy trẻ có thể chờ mẹ trong một vài giờ. • Dành nhiều thời gian giúp các bà mẹ cho con bú thành công ngay trong bữa bú đầu tiên • Giúp bà mẹ tin rằng sữa mẹ là quan trọng và thực sự giúp ích cho trẻ. • Giúp bà mẹ vắt sữa để thiết lập và duy trì nguồn sữa sau này cho trẻ. • Hướng dẫn và tạo điều kiện cho bà mẹ thực hiện tốt cho trẻ bú trong trường hợp sinh mổ Điều kiện 5', 'Giúp các bà mẹ cho con bú ngay sau sinh trong vòng 1 giờ đầu. • Đặt trẻ tiếp xúc da kề da với mẹ ngay sau sinh nhằm kích thích hành vi bản năng của trẻ để tìm vú mẹ và tự ngậm bắt vú bú bữa bú đầu tiên • Giúp các bà mẹ có HIV dương tính quyết định nuôi con bằng sữa mẹ thực hiện da-kề-da ngay sau khi sinh theo cách thông thường. • Bà mẹ sinh mổ – Hỗ trợ để có thể bắt đầu cho con bú càng sớm càng tốt. – Các bà mẹ được gây tê ngoài màng cứng hoặc tủy sống đều có thể cho trẻ tiếp xúc da kề da tương tự như các bà mẹ sinh thường. – Các bà mẹ gây mê toàn bộ có thể cho trẻ tiếp xúc da kề da ngay sau khi bà mẹ đáp ứng được. Điều kiện 4']","Giúp mẹ con gắn bó tình cảm, động tác mút vú làm cho sữa mẹ về nhanh hơn, tử cung co hồi tốt và giảm nguy cơ chảy máu cho bà mẹ.",5,1.0,1.0,0.817,0.887,True,done,
12,kb1,Những trường hợp nào bà mẹ không nên cho con bú mà phải dùng sữa thay thế?,"Bà mẹ nào không nên cho con bú mà phải dùng sữa thay thế là những trường hợp sau:

- Trẻ có mẹ bị bệnh nặng không thể cho trẻ bú sữa hoặc vắt sữa được.
- Trẻ có mẹ đang bị chiếu tia xạ hoặc phải dùng thuốc chống chỉ định cho con bú (như các thuốc kháng giáp trạng, thuốc chống ung thư).
- Trẻ có mẹ bị nhiễm HIV (trừ trường hợp bà mẹ đã được tư vấn và lựa chọn cách nuôi con bằng sữa mẹ).
- Trẻ mắc các bệnh chuyển hoá không dung nạp được sữa mẹ.

*Lưu ý: Mẹ nên đưa bé đến cơ sở y tế để được thăm khám trực tiếp.*","['Hướng dẫn bà mẹ nuôi con khi “không đủ sữa” (2) Đối với những trẻ nhận đủ sữa nhưng bà mẹ nghĩ là mình không đủ sữa: • Tìm hiểu lý do làm cho bà mẹ nghi ngờ khả năng tạo sữa của mình. • Khen ngợi những điểm tốt trong cách cho trẻ bú của bà mẹ và sự phát triển tốt của trẻ. • Giải thích để bà mẹ thay đổi các ý nghĩ sai lầm của bà mẹ về NCBSM mà không tỏ ra phê phán. • Đối với các bà mẹ có nhiều khả năng sẽ cho con ăn bổ sung sớm thì cần phải hỗ trợ họ tích cực hơn cho tới khi họ có niềm tin trở lại và không cho trẻ ăn bổ sung sớm.', 'KHUYẾN NGHỊ VỀ NCBSM Cho trẻ bú mẹ sớm trong vòng 1 giờ đầu sau khi sinh • Không cho trẻ uống các loại nước uống trước bữa bú đầu tiên như cam thảo, mật ong, nước đường hoặc sữa công thức để tránh ảnh hưởng đến việc tạo sữa sau này của bà mẹ. Cho trẻ bú mẹ hoàn toàn trong 6 tháng đầu • Chỉ cho trẻ bú mẹ mà không cho ăn, uống bất cứ thức ăn, đồ uống nào khác kể cả nước trắng, trừ các trường hợp phải uống bổ sung các vitamin, khoáng chất hoặc thuốc. • Sữa mẹ có chứa 88% nước nên bà mẹ không cần cho trẻ uống thêm nước khi trẻ được bú mẹ hoàn toàn.', '66 - Cần tư vấn bà mẹ tiếp tục sử dụng thuốc kháng virus theo phác đồ hiện hành của Bộ Y tế; - Tư vấn các biện pháp tránh thai cho bà mẹ nhiễm HIV, biện pháp tốt nhất là dùng bao cao su; - Khuyến khích các bà mẹ bộc lộ tình trạng nhiễm HIV với bạn tình và khuyến khích các bà mẹ đưa bạn tình làm xét nghiệm HIV; - Tư vấn cho bà mẹ tham gia vào các nhóm tổ chức xã hội, nhóm đồng đẳng... Chăm sóc trẻ sơ sinh, sinh ra từ mẹ nhiễm HIV - Đối với trẻ sinh ra từ mẹ nhiễm HIV được xem là trẻ phơi nhiễm HIV chỉ chọn một trong hai cách nuôi trẻ là bằng sữa mẹ hoàn toàn hoặc bằng sữa thay thế hoàn toàn. - Nếu nuôi con bằng sữa mẹ, nên cho bú mẹ hoàn toàn, không cho ăn, uống bất cứ thức ăn đồ uống nào kể cả nước trắng, trừ trường hợp phải uống bổ sung vitamin, khoán g chất hoặc thuốc; cần tư vấn các nguy cơ cho trẻ khi nuôi dưỡng bằng sữa mẹ. - Trường hợp nuôi trẻ bằng sữa thay thế là quá trình nuôi trẻ không bằng sữa mẹ, hoàn toàn thay bằng chế độ ăn cung cấp đủ năng lượng và chất dinh dưỡng, đáp ứng nhu', '74 | Cho con Phát hiện Xử trí Chưa bú mẹ hoặc khó khăn khi cho con bú. Hướng dẫn bà mẹ cách cho con bú Trẻ lạnh hoặc phòng lạnh. - Ủ ấm cho trẻ: cho trẻ nằm tiếp xúc da k ề da với mẹ, mặc thêm áo, đắp thêm chăn… - Làm ấm phòng. Khó thở, tím tái Xử trí cấp cứu Chảy máu rốn. Làm l ại r ốn. N ếu v ẫn ch ảy máu, không tìm được nguyên nhân, mời hội chẩn hoặc chuyển tuyến trên Không có phân su. Kiểm tra h ậu môn: ếu phát hi ện “không h ậu môn”, mời hội chẩn ngoại khoa ho ặc chuyển tuyến Không đái Kiểm tra xem tr ẻ có được bú đủ không? Nếu không tìm th ấy nguyên nhân, m ời h ội ch ẩn hoặc chuyển tuyến Vàng da Điều trị ngay hoặc chuyển tuyến 3. Chăm sóc bà mẹ và trẻ sơ sinh từ bà mẹ nhiễm HIV 3.1. Đối với trẻ sinh ra từ mẹ nhiễm HIV - Trẻ sinh ra từ mẹ nhiễm HIV (trẻ phơi nhiễ m HIV): chỉ chọn một trong hai cách nuôi trẻ: bằng sữa mẹ hoàn toàn hoặc bằng sữa thay thế hoàn toàn. - Nếu nuôi con bằng sữa mẹ: chỉ cho bú mẹ hoàn toàn, không cho ăn, uống bất cứ thức ăn đồ uống nào kể cả nước trắng, trừ trường hợp phải uống bổ sung vitami , khoáng chất hoặc thuốc. Tư vấn các nguy cơ cho trẻ khi nuôi dưỡng bằng sữa mẹ. - Nuôi trẻ bằng sữa thay thế là quá trình nuôi trẻ không bằng sữa mẹ, hoàn toàn ', '• Không cho trẻ sơ sinh bất cứ đồ ăn thức uống gì ngoài sữa mẹ, trừ khi có chỉ định của y tế • Các trường hợp chỉ định cho trẻ ăn sữa thay thế sữa mẹ: – Trẻ có mẹ bị bệnh nặng không thể cho trẻ bú sữa hoặc vắt sữa được – Trẻ có mẹ đang bị chiếu tia xạ hoặc phải dùng thuốc chống chỉ định cho con bú (như các thuốc kháng giáp trạng, thuốc chống ung thư). – Trẻ có mẹ bị nhiễm HIV (trừ trường hợp bà mẹ đã được tư vấn và lựa chọn cách nuôi con bằng sữa mẹ). – Trẻ mắc các bệnh chuyển hoá không dung nạp được sữa mẹ Điều kiện 6']","Bà mẹ có bệnh phải dùng thuốc như ung thư, thuốc về thần kinh, bẹ mẹ có bệnh: suy tim, lao phổi, nhiễm trùng hoặc áp xe vú, bà mẹ bị nghiễm HIV hay xét nghiệm đang nghi ngờ HIV, trẻ có dị tật ở miệng mà không thể bú được.",5,0.5,1.0,0.797,1.0,False,done,
13,kb1,Tư thế bú đúng là như thế nào?,"Tư thế bú đúng cho trẻ sơ sinh bao gồm:

- Đầu và thân trẻ ở trên cùng một đường thẳng.
- Mặt trẻ đối diện với vú và môi trẻ đối diện với núm vú.
- Thân trẻ sát với mẹ, đỡ toàn bộ người trẻ.
- Trẻ bú có hiệu quả (mút chậm, sâu, thỉnh thoảng dừng lại rồi bú tiếp).

Đây là tư thế bú đúng được hướng dẫn trong tài liệu ""217 TƯ VẤN NUÔI CON BẰNG SỮA MẸ"".","['| 217 TƯ VẤN NUÔI CON BẰNG SỮA MẸ Sữa mẹ là nguồn dinh dưỡng quý giá nh ất giúp cho tr ẻ sơ sinh chống lại bệnh tật đồng thời tăng cường sức khỏe và sự phát triển của trẻ. Theo ước tính của Tổ chức Y tế Thế giới: 22% các trường hợp tử vong ở trẻ sơ sinh có thể phòng tránh được nếu được bú sữa mẹ sớm trong vòng 1 gi ờ đầu sau sinh, 13% tr ẻ dưới 5 tuổi bị tử vong có thể ngăn chặn được nếu được bú sữa mẹ hoàn toàn. 1. Khi mang thai. - Giải thích: lợi ích của bú mẹ; Giải thích: thế nào là bú sữa mẹ sớm và bú sữa mẹ hoàn toàn và lợi ích của nó - Hỏi kinh nghiệm nuôi con bằng sữa mẹ. - Giải thích tầm quan trọng của việc chăm sóc vú và núm vú, xin phép khám. - Tạo niềm tin là tất cả bà mẹ đều có thể nuôi con bằng sữa mẹ. 2. Ngay sau đẻ. - Thực hiện tiếp xúc da kề da ngay sau đẻ để giúp trẻ được bú sữa mẹ sớm (trong vòng 90 phút sau đẻ). Cho con nằm cạnh mẹ: \uf02b Mẹ dễ chăm sóc,theo dõi con. \uf02b Trẻ ít khóc hơn. \uf02b Thời gian bú mẹ được lâu hơn. - Tư vấn về lợi ích của việc cho bú sớm: \uf02b Lợi ích của sữa non. \uf02b Sữa về sớm hơn. \uf02b Trẻ tăng cân tốt hơn. \uf02b Ít bị cương tắc sữa. \uf02b Không vắt bỏ sữa non, cần cho con bú cả sữa non. - Hướng dẫn bà mẹ cho con bú đúng: Trẻ ngậm bắt vú đúng (Miệng trẻ mở rộng', 'CÁCH CHO TRẺ BÚ ĐÚNG TƯ THẾ TRUNG TÂM TRUYỀN THÔNG GDSK TRUNG ƯƠNG TRANH 4', 'Nuôi dưỡng trẻ sinh thấp cân (1) Nuôi con bằng sữa mẹ cho trẻ sinh thấp cân có thể bú mẹ • Cho trẻ bú mẹ ngay sau sinh càng sớm càng tốt. • Trẻ sinh thấp cân thường bú yếu nên mỗi lần trẻ chỉ bú được ít sữa, vì vậy cần cho trẻ bú theo nhu cầu và thường xuyên hơn. • Trong những ngày đầu sau sinh, bà mẹ cho trẻ tập bú nhưng vẫn kết hợp vắt sữa và cho trẻ ăn bằng cốc, thìa để giúp trẻ tập phản xạ mút, nuốt sữa vừa đảm bảo trẻ nhận đủ lượng sữa cần thiết. • Tuyệt đối không nên cho trẻ bú bằng bình với núm vú giả vì sẽ làm cho trẻ quen bú vú giả bỏ bú mẹ sau này. • Cán bộ y tế cần hướng dẫn bà mẹ kỹ năng vắt sữa và cho trẻ ăn bằng cốc.', '66 - Cần tư vấn bà mẹ tiếp tục sử dụng thuốc kháng virus theo phác đồ hiện hành của Bộ Y tế; - Tư vấn các biện pháp tránh thai cho bà mẹ nhiễm HIV, biện pháp tốt nhất là dùng bao cao su; - Khuyến khích các bà mẹ bộc lộ tình trạng nhiễm HIV với bạn tình và khuyến khích các bà mẹ đưa bạn tình làm xét nghiệm HIV; - Tư vấn cho bà mẹ tham gia vào các nhóm tổ chức xã hội, nhóm đồng đẳng... Chăm sóc trẻ sơ sinh, sinh ra từ mẹ nhiễm HIV - Đối với trẻ sinh ra từ mẹ nhiễm HIV được xem là trẻ phơi nhiễm HIV chỉ chọn một trong hai cách nuôi trẻ là bằng sữa mẹ hoàn toàn hoặc bằng sữa thay thế hoàn toàn. - Nếu nuôi con bằng sữa mẹ, nên cho bú mẹ hoàn toàn, không cho ăn, uống bất cứ thức ăn đồ uống nào kể cả nước trắng, trừ trường hợp phải uống bổ sung vitamin, khoán g chất hoặc thuốc; cần tư vấn các nguy cơ cho trẻ khi nuôi dưỡng bằng sữa mẹ. - Trường hợp nuôi trẻ bằng sữa thay thế là quá trình nuôi trẻ không bằng sữa mẹ, hoàn toàn thay bằng chế độ ăn cung cấp đủ năng lượng và chất dinh dưỡng, đáp ứng nhu', 'nghi được với việc bú mẹ. - Hướng dẫn bà mẹ và gia đình về nhu cầu ăn uống trong trường hợp sinh đôi. 6. Trường hợp mẹ bị giang mai và viêm gan đang tiến triển: Không cho con bú khi mẹ có tổn thương núm vú (nứt núm vú..) và con đang có tổn thương ở miệng: tưa miệng, viêm lợi...Cần vắt bỏ sữa đến khi điều trị ổn định tiếp tục cho con bú mẹ trở lại 7. Tư vấn về việc nuôi con bằng sữa mẹ ở trẻ có mẹ nhiễm HIV: Đối với bà mẹ bị nhiễm HIV cần: - Tư vấn để nguời mẹ chọn cách nuôi dưỡng phù hợp: - Tư vấn về lợi ích của sữa mẹ và nguy cơ lây truyền HIV sang con. - Tư vấn về dùng sữa thay thế và các nguy cơ mắc bệnh nếu dùng sữa thay thế không đúng cách - Tư vấn khuyến cáo chung về nuôi dưỡng trẻ theo tuổi * Nếu người mẹ nhiễm HIV chọn cách nuôi con bằng sữa mẹ cần: - Nuôi bằng sữa mẹ hoàn toàn, tuyệt đối không nuôi hỗn hợp. - Tư vấn: tư thế bú, cách ngậm bắt vú đúng, xử trí nứt núm vú, viêm vú.']","Mẹ nằm hoặc ngồi ở tư thế thoải mái, có thể dùng gối hay chăn gấp kê dưới đầu bé nếu bà mẹ nằm hoặc để dưới cánh tay nếu bà mẹ ngồi. Mặt trẻ hướng vào vú mẹ, mũi trẻ đối diện với núm vú, măt mẹ nhìn vào bé. Toàn thân trẻ sát vào người mẹ, đầu-thân-mông trẻ trên đường thẳng.",5,0.5,1.0,0.23,1.0,True,done,
14,kb1,Dấu hiệu nào cho thấy trẻ bú tốt?,"Dấu hiệu cho thấy trẻ bú tốt bao gồm:

- Trẻ khoẻ mạnh, đủ tháng thường không cần thức ăn hoặc đồ uống gì trước khi bà mẹ cho trẻ bú.
- Trẻ nằm yên và thoải mái.
- Trẻ tìm vú mẹ khi đói.

Thông tin này được nêu trong tài liệu ""Hướng dẫn các bà mẹ cách cho con bú và duy trì nguồn sữa ngay cả khi bà mẹ phải xa con"" (Tài liệu id=""2"").","['MẪU QUAN SÁT MỘT BỮA BÚ (1) Tên bà mẹ ............................. Ngày quan sát ................................ Tên trẻ .................................. Tuổi của trẻ ...................................... Các dấu hiệu bú tốt Các dấu hiệu bú khó khăn Tình trạng chung Mẹ □ Bà mẹ cho con bú ở tư thế thoải mái □ Những dấu hiệu gắn bó giữa mẹ và con □ Bà mẹ cho con bú ở tư thế không thoải mái □ Không có giao tiếp bằng mắt giữa mẹ và con Trẻ □ Bình thường □ Nằm yên và thoải mái □ Tìm vú mẹ khi đói □ Ốm yếu, thờ ơ □ Quấy khóc □ Không tìm vú mẹ', 'Hướng dẫn các bà mẹ cách cho con bú và duy trì nguồn sữa ngay cả khi bà mẹ phải xa con • Giúp bà mẹ nhận biết và cho trẻ bú ngay khi trẻ có dấu hiệu chứng tỏ trẻ muốn bú. • Trẻ khoẻ mạnh, đủ tháng thường không cần thức ăn hoặc đồ uống gì trước khi bà mẹ cho trẻ bú, vì vậy trẻ có thể chờ mẹ trong một vài giờ. • Dành nhiều thời gian giúp các bà mẹ cho con bú thành công ngay trong bữa bú đầu tiên • Giúp bà mẹ tin rằng sữa mẹ là quan trọng và thực sự giúp ích cho trẻ. • Giúp bà mẹ vắt sữa để thiết lập và duy trì nguồn sữa sau này cho trẻ. • Hướng dẫn và tạo điều kiện cho bà mẹ thực hiện tốt cho trẻ bú trong trường hợp sinh mổ Điều kiện 5', 'Điều kiện 8 Khuyến khích cho trẻ bú mẹ theo nhu cầu. Bú theo nhu cầu là cho trẻ bú bất cứ khi nào trẻ hoặc bà mẹ muốn, không hạn chế thời gian và số lần bú. • Giúp bà mẹ biết cách nhận biết các dấu hiệu muốn bú của trẻ để cho trẻ bú ngay không nên chờ đến khi trẻ khóc hay mệt mới cho trẻ bú • Hãy để trẻ bú bao lâu tuỳ thích và giúp trẻ ngậm bắt vú đúng. • Cho trẻ bú hết từng bên vú để nhận được sữa cuối có nhiều chất béo. Sau đó chuyển sang vú bên kia nếu trẻ còn muốn bú.', 'Chủ đề: Drug. Tiêu đề: Đối tượng chống chỉ định dùng Batigan - Phụ nữ có thai và mẹ cho con bú có sử dụng được Batigan?. Từ khoá: Batigan. Câu hỏi: Phụ nữ cho con bú có sử dụng được Batigan không?. Trả lời: Không nên sử dụng Batigan trong thời gian cho con bú để tránh ảnh hưởng bất lợi có thể xảy ra với trẻ sơ sinh.. Ngữ cảnh: - Phụ nữ có thai: Dữ liệu nghiên cứu trên phụ nữ có thai cho thấy không có độc tính và dị tật trên thai nhi hay trẻ sơ sinh. Các nghiên cứu trên động vật cũng cho thấy không có dấu hiệu độc tính trên sinh sản. Do đó, việc sử dụng Batigan trong thời kỳ mang thai có thể được xem xét.1 2\n- Phụ nữ cho con bú: Batigan được chứng minh có khả năng bài tiết vào sữa mẹ. Hiện không có thông tin đầy đủ về ảnh hưởng của Batigan với trẻ em và trẻ sơ sinh. Do đó, không nên sử dụng thuốc trong thời gian cho con bú. Phụ nữ nhiễm HIV và HBV không được cho con bú sữa mẹ để tránh lây truyền HIV và HBV.1', 'Chủ đề: Drug. Tiêu đề: Đối tượng chống chỉ định dùng Batigan - Phụ nữ có thai và mẹ cho con bú có sử dụng được Batigan?. Từ khoá: Batigan. Câu hỏi: Phụ nữ có thai có thể sử dụng Batigan không?. Trả lời: Việc sử dụng Batigan trong thời kỳ mang thai có thể được xem xét do dữ liệu nghiên cứu cho thấy không có độc tính và dị tật trên thai nhi hay trẻ sơ sinh.. Ngữ cảnh: - Phụ nữ có thai: Dữ liệu nghiên cứu trên phụ nữ có thai cho thấy không có độc tính và dị tật trên thai nhi hay trẻ sơ sinh. Các nghiên cứu trên động vật cũng cho thấy không có dấu hiệu độc tính trên sinh sản. Do đó, việc sử dụng Batigan trong thời kỳ mang thai có thể được xem xét.1 2\n- Phụ nữ cho con bú: Batigan được chứng minh có khả năng bài tiết vào sữa mẹ. Hiện không có thông tin đầy đủ về ảnh hưởng của Batigan với trẻ em và trẻ sơ sinh. Do đó, không nên sử dụng thuốc trong thời gian cho con bú. Phụ nữ nhiễm HIV và HBV không được cho con bú sữa mẹ để tránh lây truyền HIV và HBV.1']","Miệng trẻ mở rộng ngậm sâu vào quầng thâm vú mẹ, môi dưới trẻ trễ xuống và thấy lưỡi của trẻ giữa bầu vú và môi dưới, trẻ bú dài hơi và sâu. Cằm của trẻ chuyển động theo mỗi lần mút, người mẹ không thấy đau ở đầu vú.",5,0.4,0.286,0.965,1.0,True,done,
15,kb1,Sữa mẹ vắt ra có thể bảo quản ở nhiệt độ thường trong bao lâu?,Sữa mẹ vắt ra có thể bảo quản ở nhiệt độ thường trong tối đa 4 tiếng.,"['Bảo quản sữa mẹ đã vắt ra Nơi bảo quản Nhiệt độ Thời gian bảo quản \uf0b7 Ở nhiệt độ phòng 19 - 26°C \uf0b7 Tốt nhất 4 tiếng (có thể để từ 6-8 tiếng) \uf0b7 Trong ngăn mát tủ lạnh <4°C \uf0b7 Tốt nhất 4 ngày (có thể để tới 8 ngày) \uf0b7 Trong ngăn đá tủ lạnh -18 đến -20°C \uf0b7 Tốt nhất 6 tháng (có thể để tới 12 tháng)', 'Bảo quản sữa mẹ đã vắt như thế nào?\nMục lục\nTrước khi vắt sữa mẹ\nBảo quản sữa mẹ sau khi vắt sữa\nĐiều kiện bảo quản sữa mẹ mới vắt tốt nhất\nLưu ý khi cất trữ sữa mẹ\nLưu ý khi đông lạnh sữa mẹ\nSữa mẹ đã rã đông có mùi hoặc trông khác với sữa mẹ tươi không?\nNuôi con bằng sữa mẹ trữ đông\nVệ sinh an toàn các vật dụng cho trẻ sơ sinh và thiết bị hút sữa\nBạn đang nuôi con bằng sữa mẹ và chuẩn đi làm trở lại, muốn linh hoạt trong việc cho con bú bạn có thể cân nhắc vắt sữa cho con bằng tay hoặc sử dụng thiết bị hút sữa. Và khi bạn bắt đầu vắt sữa, điều quan trọng là phải biết cách bảo quản sữa đã vắt ra như thế nào để đảm bảo chất lượng sữa mẹ, tránh lãng phí, giúp mẹ tự tin duy trì nguồn sữa mẹ để nuôi con sau khoảng thời gian nghỉ hậu sản trở lại với công việc và đảm bảo an toàn cho trẻ. Một số lưu ý bảo quản sữa mẹ đã vắt như sau:\nTrước khi vắt sữa mẹ\nRửa tay sạch bằng xà phòng và nước. Nếu không có xà phòng và nước, hãy sử dụng dung dịch khử trùng tay có chứa ít nhất 60% cồn.\nCác mẹ có thể vắt sữa bằng tay hoặc bằng máy hút sữa bằng tay hoặc bằng điện.\nNếu sử dụng máy hút sữa, hãy kiểm tra các bộ phận máy hút và đường ống đảm bảo sạch sẽ. Thay thế các ống dây hút đã bị bẩn, mốc.\nNếu s', 'Tránh các loại chai/ túi có ký hiệu tái chế số 7 (Bisphenol-A), biểu tượng này cho thấy rằng vật chứa có thể được làm bằng nhựa có chứa BPA.\nKhông bảo quản sữa mẹ trong túi nhựa không dùng để đựng sữa mẹ.\nĐiều kiện bảo quản sữa mẹ mới vắt tốt nhất\n*Thời gian bảo quản được khuyến nghị là rất quan trọng cần tuân theo để có chất lượng tốt nhất.\nNghiên cứu cho thấy rằng việc bảo quản sữa mẹ càng lâu - cho dù trong tủ lạnh hay trong tủ đông thì lượng vitamin C trong sữa bị mất đi càng nhiều.\nĐiều quan trọng cần lưu ý nữa là dinh dưỡng trong sữa mẹ luôn thay đổi để đáp ứng nhu cầu của em bé. Sữa mẹ được vắt ra khi trẻ mới sinh sẽ không đáp ứng đủ nhu cầu của trẻ vài tháng tuổi. Ngoài ra, hướng dẫn bảo quản có thể khác nhau đối với trẻ sinh non hoặc nhập viện.\nLưu ý khi cất trữ sữa mẹ\nGhi nhãn rõ ràng trên bình/túi sữa trước khi trữ đông.\nTrữ đông sữa mẹ bằng tủ đông riêng để đạt được thời gian bảo quản tốt tối đa. Không bảo quản lâu sữa mẹ trong ngăn mát tủ lạnh hoặc ngăn đá tủ lạnh. Thay đổi nhiệt độ từ việc đóng - mở cửa tủ lạnh thường xuyên có thể ảnh hưởng đến chất lượng sữa bảo quản.\nNếu sữa mẹ vắt ra không có ý định dùng trong vòng 4 ngày, hãy đông lạnh ngay để đảm bảo chất lượng c']",Chỉ nên để sữa lâu nhất khoảng 3 giờ sau khi vắt.,3,0.0,0.0,0.445,0.5,True,done,
16,kb1,Tại sao bà mẹ cho con bú không nên kiêng ăn uống và cần nghỉ ngơi?,"Bà mẹ cho con bú cần nghỉ ngơi và ăn uống bình thường như sau:

- Nghỉ ngơi nhiều và có một chế độ ăn uống lành mạnh, cân đối.
- Tránh để cho ngực lúc nào cũng trong tình trạng căng, tắc sữa.
- Cho trẻ bú từng bên một, nếu trẻ bú không hết phải vắt bỏ sữa thừa, tránh ứ đọng sữa.

MomCare chưa tìm thấy đủ thông tin trong kho tài liệu để trả lời chi tiết hơn về chế độ ăn uống cụ thể cho bà mẹ cho con bú.","['CHẾ ĐỘ ĂN UỐNG VÀ NGHỈ NGƠI CỦA BÀ MẸ CHO CON BÚ TRUNG TÂM TRUYỀN THÔNG GDSK TRUNG ƯƠNG TRANH 6 Đỗ xanh Bơ Bơ VừngDầu ăn', '17 Hỗ trợ bú mẹ • Nghỉ ngơi tại phòng và tiếp xúc da kề da với mẹ khi cần. Bú mẹ được khuyến khích không giới hạn tần suất và thời gian • Sản phụ nghỉ ngơi đầy đủ không có sự gián đoạn bởi các quy trình lâm sàng với sự tiếp cận của thực phẩm và thức uống • Trẻ bú mẹ không được dùng sữa công thức trong bệnh viện nếu không có chỉ định y khoa • Xây dựng những gói thương mại, ví dụ cho những sản phụ khi họ xuất viện, không được chứa sữa công thức hoặc giới thiệu sữa công thức Hỗ trợ bú mẹ • Hướng dẫn tất cả sản phụ cho bú mẹ • Máy vắt sữa nên có sẵn để cho các sản phụ không được ở cùng bé dùng, tạo chu kì tiết sữa. Tất cả những sản phụ dùng máy hút sữa được hướng dẫn cách sử dụng đúng • Tiếp tục hỗ trợ mẹ tự tin cho bé bú mẹ và giúp mẹ hiểu các hành vi bình thường của trẻ và cho bú thường xuyên • Đặt bé không quấn đảm bảo bé gần mẹ và để bụng bé chạm bụng mẹ khi bắt đầu cho bú mẹ', '78 | CHĂM SÓC BÀ MẸ VÀ TRẺ SƠ SINH 6 TUẦN ĐẦU SAU ĐẺ 1. Hỏi. Về mẹ Về con Tình hình chung: - Ăn uống, ngủ, nghỉ ngơi, lao động. - Tiêu hóa, tiết niệu. - Dịch âm đạo - Cho con bú: có đủ sữa không, số lần bú/ngày. - Uống viên sắt, vitamin A. - Có kinh trở lại chưa. - Các nhu cầu về KHHGĐ - Những nỗi lo lắng, thắc mắc liên quan đến sức khỏe mẹ và con. Những bất thường: - Sốt. - Đau bụng dưới. - Tìm hiểu và hỗ trợ những vấn đề bà mẹ lo lắng. - Bú mẹ. - Toàn trạng. - Ngủ. - Đại tiểu tiện. - Đã tiêm phòng các loại vaccin nào. - Tìm hiểu và hỗ trợ các vấn đề bà mẹ lo lắng. 2. Khám. Cho mẹ Cho con - Quan sát toàn thân và trạng thái tinh thần. - Đo mạch, huyết áp, thân nhiệt, cân nặng. - Khám vú và tìm hiểu các vấn đề liên quan đến cho con bú. - Khám nắn bụng. - Kiểm tra tầng sinh môn. - Đặt mỏ vịt kiểm tra nếu nghi có viêm sinh dục. - Cân trẻ. - Khám toàn thân: tim, phổi, bụng. - Khám mắt. - Khám tai, mũi, họng. - Khám da. - Khám rốn. 3. Hướng dẫn bà mẹ tự chăm sóc mình và chăm sóc con Cho mẹ Cho con - Sau mỗi lần đại, tiểu tiện phải rửa và lau khô âm hộ. - Có thể tắm hàng ngày bằng nước sạch và ấm. Giống như phần chăm sóc trẻ trong vòng 1 tuần sau đẻ: - Chăm sóc chung hàng ngày. - Cho con', '41 - Có thể sốt, đau đầu, mệt mỏi. Xử trí – Chăm sóc - Nghỉ ngơi nhiều và có một chế độ ăn uống lành mạnh, cân đối - Tránh để cho ngực lúc nào cũng trong tình trạng căng, tắc sữa. - Cho trẻ bú từng bên m ột, nếu trẻ bú không h ết phải vắt bỏ sữa thừa, tránh ứ đọng sữa. - Thay đổi vị trí cho con bú, không sử dụng vú như một núm vú giả. - Nếu sau khi th ử các biện pháp trong vòng 24 gi ờ, các triệu chứng không cải thiện, phải được khám và điều trị. Áp xe vú Nguyên nhân - Bà mẹ cho con bú không đúng cách có thể gây nứt núm vú hoặc răng của bé cắn vào núm vú. .. tạo điều kiện cho vi khuẩn xâm nhập vào vú. - Bà mẹ để sữa bị ứ đọng trong tuyến vú dễ gây áp xe vú. - Tắc tia sữa: bà mẹ đang cho con bú không thực hiện thông tia sữa sau đẻ, không vắt bỏ sữa thừa khi con bú', 'Hướng dẫn các bà mẹ cách cho con bú và duy trì nguồn sữa ngay cả khi bà mẹ phải xa con • Giúp bà mẹ nhận biết và cho trẻ bú ngay khi trẻ có dấu hiệu chứng tỏ trẻ muốn bú. • Trẻ khoẻ mạnh, đủ tháng thường không cần thức ăn hoặc đồ uống gì trước khi bà mẹ cho trẻ bú, vì vậy trẻ có thể chờ mẹ trong một vài giờ. • Dành nhiều thời gian giúp các bà mẹ cho con bú thành công ngay trong bữa bú đầu tiên • Giúp bà mẹ tin rằng sữa mẹ là quan trọng và thực sự giúp ích cho trẻ. • Giúp bà mẹ vắt sữa để thiết lập và duy trì nguồn sữa sau này cho trẻ. • Hướng dẫn và tạo điều kiện cho bà mẹ thực hiện tốt cho trẻ bú trong trường hợp sinh mổ Điều kiện 5']","Được ăn uống đầy đủ, nghỉ ngơi hợp lý giúp bà mẹ có sức khoẻ tốt và có
đủ sữa để nuôi con.",5,0.875,1.0,0.0,0.679,True,done,
17,kb1,Mẹ sau sinh cần bổ sung Vitamin A với liều lượng bao nhiêu?,MomCare chưa tìm thấy đủ thông tin trong kho tài liệu để trả lời câu hỏi này.,"['• Calo: 1 lít sữa mẹ có 600 - 700 kcal. • Protein: lượng protein ở sữa mẹ ít hơn trong sữa bò, là protein nước sữa • Lipid: lipid trong sữa mẹ nhiều hơn sữa bò. Sữa mẹ có acid béo linoleic cần thiết cho sự phát triển của não, mắt và sự bền vững các thành mạch của trẻ • Glucid và đường: trong sữa mẹ có nhiều lactose hơn sữa bò • Vitamin: trong sữa mẹ có nhiều vitamin A, vitamin D, vitamin C • Trong sữa mẹ có ít calci hơn sữa bò nhưng dễ hấp thu • Sắt trong sữa mẹ cao hơn sữa bò và dễ hấp thu CÁC CHẤT DINH DƯỠNG SỮA MẸ SỮA BÒ SỮA CÔNG THỨC Nước Đủ cho nhu cầu trẻ Cần bổ sung Cần bổ sung Năng lượng Tương đương Tương đương Tương đương Protein Lượng chính xác và dễ tiêu hóa Khó tiêu hóa Gần tương tự sữa mẹ Carbonhydrat Lactose- Nhiều Oligosaccharides Lactose- Ít Oligosaccharides Lactose- Sucrose thiếu Lipase Chất béo Có EFA và lipase giúp hỗ trợ tiêu hóa Không có Không có lipase Ít EFA Không có lipase Vitamin và khoáng chất Thích hợp nếu bà mẹ đủ Ít vitamin C, A, sắt Được bổ sung thêm vitamin và chất khoáng Kháng thể, các yếu tố chống nhiễm khuẩn IgA, Lactoferrin, Lysozyme, tế bào bạch cầu Không Không Các yếu tố phát triển Có Không Không SO SÁNH SỮA MẸ VỚI CÁC LOẠI SỮA KHÁC', 'Câu hỏi: Giải pháp phòng ngừa bệnh xuất huyết não ở trẻ. Trả lời: Xuất huyết não ở trẻ sơ sinh có thể để lại nhiều di chứng cho trẻ nên việc phòng ngừa là điều vô cùng quan trọng và cần thiết.\nVới mẹ bầu, bạn cần chú ý chăm sóc sức khỏe và bổ sung dinh dưỡng đầy đủ ở thời kỳ mang thai. Những thực phẩm giàu vitamin K mà bạn nên ưu tiên sử dụng gồm thịt bò, thịt lợn nạc, trứng gà, ngũ cốc, rau xanh, trứng gà, sữa,... Khi được chẩn đoán thiếu vitamin K, mẹ bầu có thể tiêm bắp 5mg vào 2 tuần cuối trước khi sinh.\nSau khi sinh, trẻ vẫn cần nhận vitamin K từ sữa mẹ hoặc bổ sung từ bên ngoài bằng cách tiêm bổ sung vitamin K (Thông thường tiêm 1 mũi vitamin K1 1mg hoặc vitamin K3 2mg). Trẻ sơ sinh cũng có thể uống vitamin K với liều 3 lần, sau khi sinh, lúc 7 ngày tuổi và 1 tháng tuổi (Mỗi lần 2mg).\nTrên đây là những thông tin cần biết về xuất huyết não ở trẻ sơ sinh mà các bậc phụ huynh có thể tham khảo. Do việc điều trị bệnh thường gặp nhiều khó khăn, thế nên bố mẹ cần áp dụng các giải pháp phòng ngừa để đảm bảo an toàn cho sức khỏe của trẻ..', '17 2.9. Nhu cầu khuyến nghị vitamin B12: Vitamin B12 rất quan trọng trong quá trình mang thai, giúp tạo năng lượng, phát triển hệ thần kinh, hỗ trợ hình thành cơ thể. Các thực phẩm như thịt, cá, gia cầm, sữa, sò, gan… là nguồn thức ăn giàu vitamin B12. Bảng 18. Nhu cầu khuyến nghị Vitamin B12 (mg/ngày) Nhóm tuổi Nhu cầu khuyến nghị Phụ nữ có thai 2,6 Bà mẹ cho con bú 2,8 2.10. Nhu cầu khuyến nghị vitamin C (Acid Ascrobic): Vitamin C cần thiết cho cả mẹ và con trong su ốt thời kỳ mang thai và cho con bú. Vitamin cần thiết để tao collagen, protein cho cơ th ể. Vitamin C đóng vai trò như m ột chất chống oxy hóa đ ể bảo vệ cơ thể, chống nhiễm khuẩn. Hoa quả tươi và rau lá rất giàu vitamin C là những thực phẩm sẵn có tại Việt nam. Bảng 19. Nhu cầu khuyến nghị vitamin C Nhóm tuổi Nhu cầu khuyến nghị 20-29 tuổi 100 30-49 tuổi 100 Phụ nữ có thai (+) 10 Bà mẹ cho con bú (+) 45 (*) Chưa tính lượng hao hụt do chế biến, nấu nướng do Vitamin C dễ bị phá hủy bởi quá trình oxy hóa, ánh sáng, kiềm và nhiệt độ. 2.11. Nhu cầu khuyến nghị Choline: Choline đóng vai trò là ti ền chất của acetylcholine, các phospholipid và các lo ại đư ờng betain cung c ấp nhóm methyl. Choline có vai trò quan tr ọng tro']","Sau khi sinh bà mẹ cần uống 1 liều vitamin A 200.000 đơn vị để cung cấp
đủ vitamin A trong sữa mẹ cho trẻ.",3,0.0,0.0,0.0,0.0,True,done,
18,kb1,Khi nào thì trẻ bắt đầu bước vào giai đoạn ăn bổ sung (ăn dặm)?,Trẻ bắt đầu ăn dặm vào thời điểm 6 tháng tuổi.,"['15 Tùy thuộc trẻ còn bú mẹ hay không mà cung cấp lượng nước cho phù h ợp. Dùng nước sạch đun sôi để nguội. Tránh nước ngọt, nước có đường, trà, nước ép trái cây nguyên chất nhất là trẻ dưới 1 tuổi. Trẻ 6-11 tháng: Khi bắt đầu ăn bổ sung, có thể cho uống thêm nước đun sôi để nguội. Với số lượng khoảng từ 50-100 ml/ngày (trẻ 6-8 tháng), từ 120-180 ml/ngày (trẻ 9-11 tháng), chia vài lần nhỏ (sau bữa ăn), không tính nước trong sữa mẹ và thức ăn. Nước không thay thế sữa mẹ; vẫn tiếp tục bú theo nhu cầu. Lưu ý cho uống theo nhu cầu, không ép trẻ uống. Trẻ 12-23 tháng: Nhu cầu nước tăng theo ăn uống và vận động. Lượng tham khảo: khoảng 250-350 ml/ngày từ nước uống, chưa tính nước trong sữa mẹ và thức ăn. Tiếp tục bú mẹ đến 24 tháng hoặc lâu hơn. Cho trẻ uống nước từng ngụm nhỏ nhiều lần trong ngày, nhất là sau bữa ăn hoặc khi trời nóng, vận động nhiều. Trẻ bị bệnh (sốt, tiêu chảy) cần tăng nước uống, có thể dùng các dung dịch bù điện giải theo đúng hướng dẫn. Theo dõi dấu hiệu đủ nước: nước tiểu nhạt màu, đi tiểu ≥ 3-4 lần/ngày, trẻ tỉnh táo. Đảm bảo vệ sinh nguồn nước và dụng cụ uống để phòng tiêu chảy. 3.2. Cách cho trẻ ăn bổ sung 3.2.1. Thời điểm ăn bổ sung Trẻ nhỏ cần được bú mẹ hoàn ', 'SỨC KHOẺ • Bắt đầu cho trẻ ăn bổ sung (ăn sam, ăn dặm) tốt nhất từ 6 tháng tuổi và tiếp tục cho bé bú mẹ đến 2 tuổi hoặc lâu hơn. Bạn có thể bắt đầu cho trẻ ăn các thức ăn mềm và giàu dinh dưỡng như bột ngũ cốc được chế biến tại địa phương hay gia đình và các thực phẩm giàu chất sắt như thịt và trứng. • Tránh các loại thức ăn quá to hoặc cứng, ví dụ như các loại hạt và hoa quả cứng. • Bắt đầu từ 2 đến 3 bữa ăn bổ sung mỗi ngày. Từ 9 tháng trở lên, tăng lên 3 đến 4 bữa mỗi ngày. Cho bé ăn các bữa ăn phụ đều đặn giữa các bữa chính như chuối, đu đủ, các loại bánh mềm làm từ gạo hoặc bột mỳ, sữa chua hoặc khoai lang. CHO BÉ ĂN: GIAI ĐOẠN 6 - 12 THÁNG TUỔI • Tiếp tục cho bé bú sữa mẹ. Sữa mẹ vẫn là nguồn dinh dưỡng chính của bé. • Khi bé 8-9 tháng tuổi, hãy cho bé thử tự ăn bằng việc tự cầm nắm các thức ăn mềm. • Khi bé khoảng 1 tuổi, bé có thể ăn hầu hết các loại thức ăn của gia đình, miễn là các loại thức ăn này có ít hoặc không có đường hay muối. Bắt đầu cho bé ăn bổ sung các thức ăn mềm và giàu dinh dưỡng từ 6 tháng tuổi. 11', 'càng lớn thì sự thiếu hụt càng tăng. Vì vậy đối với đa số trẻ, tròn 6 tháng tuổi là thời gian tốt để bắt đầu ăn bổ sung. Trong thời kỳ ăn bổ sung, chức năng ăn uống của trẻ phát triển từ bú sữa sang nhai và nu ốt thức ăn. Lượng và loại thực phẩm trẻ ăn dần tăng lên, hình th ức chế biến và thực đơn cũng thay đ ổi. Hành vi ăn u ống trở nên độc lập hơn khi trẻ chuyển từ được đút ăn sang tự ăn. Ăn bổ sung từ 6 tháng tuổi giúp trẻ phát triển, hoạt động tốt và khỏe mạnh. Từ khi tròn 6 tháng tu ổi, trẻ cần được học cách ăn b ột đặc dần hay các th ức ăn nghiền. Các thức ăn này cung cấp năng lượng nhiều hơn các thức ăn lỏng. Trẻ ăn bột đặc hay thức ăn nghiền từ khi tròn 6 tháng tuổi dễ hơn vì trẻ có thể điều chỉnh lưỡi tốt hơn để đưa thức ăn di chuyển trong miệng, bắt đầu nhai và dịch chuyển hàm lên xuống. Ngoài ra, hệ tiêu hoá của trẻ đủ phát triển để tiêu hoá dần các loại thức ăn. Nếu trẻ không được nuôi bằng sữa mẹ (do một số lý do bắt buộc), nên sử dụng sữa phù hợp thay thế sữa mẹ cho tới khi trẻ được 6 tháng tuổi, không nên cho ăn bổ sung sớm trước 6 tháng tuổi. Các nguy cơ khi bắt đầu cho trẻ ăn thức ăn bổ sung sớm (trước 6 tháng): - Làm cho trẻ ít bú sữa mẹ, không cung cấp đủ dinh dư']",Khi trẻ tròn 6 tháng tuổi (180 ngày).,3,1.0,1.0,0.69,0.583,True,done,
19,kb1,Nguyên tắc cho trẻ ăn dặm về độ đặc và số lượng là gì?,"Trẻ cần được ăn dặm với nguyên tắc về độ đặc và số lượng như sau:

- Trẻ từ 6 - 7 tháng tuổi: Ăn 1 bữa/ngày, lượng thức ăn từ 100 - 200ml/bữa, bắt đầu từ bột, cháo nấu loãng cùng thức ăn xay, nghiền, sau đó tăng dần độ sệt, đặc.
- Trẻ từ 8 - 9 tháng tuổi: Ăn 2 bữa/ngày, lượng thức ăn khoảng 200ml/bữa, cho trẻ ăn cháo hoặc bột nấu đặc cùng thức ăn nghiền hoặc thái nhỏ.
- Trẻ từ 10 - 12 tháng tuổi: Ăn 3 bữa/ngày, lượng thức ăn tăng lên khoảng từ 200 - 250ml/bữa, cho trẻ ăn cháo hoặc bột nấu đặc cùng thức ăn thái nhỏ.
- Trẻ từ 12 - 24 tháng tuổi: Ăn 3 bữa/ngày, lượng thức ăn tăng lên từ 250 - 300ml/bữa.

Lưu ý, khi cho trẻ ăn dặm mấy bữa mỗi ngày tăng lên cùng lượng thức ăn, lượng sữa trẻ bú mẹ sẽ giảm. Tuy nhiên, cần tiếp tục duy trì nguồn sữa mẹ cho đến khi trẻ được 1 tuổi.","['Bên cạnh đó, số bữa ăn dặm cũng cần được cân bằng với nguồn sữa mẹ để trẻ dần thích nghi với các loại thực phẩm, tránh ăn quá nhiều có thể khiến trẻ từ chối sữa mẹ, làm giảm lượng sữa mẹ sản xuất để đáp ứng nhu cầu của trẻ.\nĂn dặm mấy bữa mỗi ngày là thắc mắc của nhiều bậc cha mẹ \nHiện nay, có nhiều kiểu ăn dặm mẹ có thể lựa chọn để tập cho trẻ như ăn dặm kiểu truyền thống, ăn dặm kiểu Nhật, hoặc ăn dặm kiểu bé chỉ huy. Với phương pháp ăn dặm truyền thống và kiểu Nhật, thức ăn của trẻ cần được chế biến với độ đặc tăng dần và ăn dặm mấy bữa mỗi ngày mẹ có thể tham khảo như sau:\n6 - 7 tháng tuổi: 1 bữa/ngày, kết hợp bú sữa mẹ. Lượng thức ăn từ 100 - 200ml/bữa. Bắt đầu từ bột, cháo nấu loãng cùng thức ăn xay, nghiền, sau đó tăng dần độ sệt, đặc.\n8 - 9 tháng tuổi: 2 bữa/ngày, kết hợp bú sữa mẹ. Lượng thức ăn khoảng 200ml/bữa. Cho trẻ ăn cháo hoặc bột nấu đặc cùng thức ăn nghiền hoặc thái nhỏ.\n10 - 12 tuổi: 3 bữa/ngày, kết hợp bú sữa mẹ. Lượng thức ăn tăng lên khoảng từ 200 - 250ml/bữa. Cho trẻ ăn cháo hoặc bột nấu đặc cùng thức ăn thái nhỏ. Ngoài ra, cần tập cho trẻ cầm nắm thức ăn cắt khúc đã được hấp, luộc, nấu chín.\n12 - 24 tháng: 3 bữa/ngày, kết hợp bú sữa mẹ. Lượng thức ăn tăng lê', 'Số bữa ăn dặm trong ngày của trẻ từ 6 tháng - 24 tháng\nCho trẻ ăn dặm mấy bữa mỗi ngày, mỗi bữa ăn dặm cách nhau bao lâu chắc hẳn đều khiến nhiều người mẹ đang có con trong giai đoạn ăn dặm phải đau đầu. Vậy trẻ từ 6 - 24 tháng cần ăn dặm bao nhiêu bữa?\nSữa mẹ là nguồn dinh dưỡng quý giá cho sự phát triển của trẻ trong 2 năm đầu đời, đặc biệt là 6 tháng đầu sau khi sinh. Trẻ dưới 6 tháng tuổi cần được bú sữa mẹ hoàn toàn để có thể hoạt động, khỏe mạnh và phát triển.\nTuy nhiên, từ 6 tháng tuổi, trẻ cần được ăn dặm bổ sung ngoài nguồn sữa mẹ vì lúc này nhu cầu dinh dưỡng của trẻ tăng lên, nếu chỉ cho trẻ bú sữa mẹ hoàn toàn sẽ không đáp ứng đủ nhu cầu của trẻ. Vì vậy, cần quan tâm cho trẻ từ 6 tháng tuổi ăn dặm mấy bữa mỗi ngày để đảm bảo không thiếu hụt dưỡng chất và năng lượng cho trẻ hoạt động và phát triển.\nTrên thực tế, nguồn sữa mẹ vẫn đóng vai trò quan trọng, chiếm hơn 1⁄2 nhu cầu dinh dưỡng hàng ngày của trẻ từ 6 - 12 tháng tuổi và khoảng 1⁄3 khi trẻ từ 12 - 24 tháng tuổi. Do đó, thức ăn dặm bổ sung không phải là nguồn dinh dưỡng thay thế cho sữa mẹ.\nCần quan tâm ăn dặm mấy bữa mỗi ngày, loại thực phẩm và cách chế biến như thế nào là phù hợp với sự phát triển của trẻ trong từ', 'Về nguyên tắc tăng số bữa ăn dặm, mẹ có thể ghi nhớ cho trẻ bắt đầu bằng 1 bữa/ngày trong 2 tháng đầu tiên, sau đó tăng thêm 1 bữa trong 2 tháng tiếp theo đến khi trẻ có thể ăn được 3 bữa/ngày.\nLưu ý, khi cho trẻ ăn dặm mấy bữa mỗi ngày tăng lên cùng lượng thức ăn, lượng sữa trẻ bú mẹ sẽ giảm. Tuy nhiên, cần tiếp tục duy trì nguồn sữa mẹ cho đến khi trẻ được 1 tuổi.\nTrẻ ăn dặm mấy bữa phụ thuộc vào độ tuổi của trẻ \nVới số bữa ăn dặm cho trẻ được khuyến nghị nêu trên, mẹ có thể tham khảo gợi ý thực đơn của Viện Dinh dưỡng Quốc gia phù hợp cho trẻ trong từng giai đoạn như sau:\nTrẻ từ 6 - 8 tháng tuổi: Chất bột (20g tinh bột gạo tẻ), chất đạm có thể là bột tôm tươi bỏ vỏ và giã nhỏ (15g), trứng (10g tương đương 1 lòng đỏ trứng gà hoặc 4 lòng đỏ trứng cút), thịt nạc (10g), cá (10g, bỏ xương), chất xơ (2 muỗng rau xanh giã nhỏ), chất béo (1 muỗng cà phê dầu ăn hoặc mỡ).\nTrẻ từ 9 - 11 tháng tuổi: Chất bột (25g tinh bột gạo tẻ), chất đạm có thể là bột tôm tươi bỏ vỏ và giã nhỏ (15g), bột cua (30g), thịt nạc (15g), cá (15g, bỏ xương), chất xơ (2 muỗng rau xanh giã nhỏ), chất béo (1 muỗng cà phê dầu ăn hoặc mỡ).\nTrẻ từ 12 - 23 tháng tuổi: Chất bột (40g tinh bột gạo tẻ), chất đạm có thể là t']","Cho trẻ ăn từ loãng đến đặc, từ ít đến nhiều.",3,1.0,1.0,0.712,0.833,True,done,
20,kb1,Trẻ từ 7-12 tháng tuổi cần ăn bao nhiêu bữa bột một ngày?,"Trẻ từ 7-12 tháng tuổi cần ăn 3 bữa bột một ngày, gồm thức ăn đặc hoặc rắn, thêm 2 bữa phụ.","['16 3.2.2. Tần suất ăn bổ sung Người chăm sóc nên tăng dần số lượng bữa ăn cho trẻ trong một ngày theo độ tuổi của trẻ. Số lần cho ăn phù h ợp phụ thuộc vào đậm độ năng lượng của thức ăn và lư ợng thức ăn tiêu thụ trong mỗi lần cho ăn. Tần suất ăn tối thiểu cho một trẻ khỏe mạnh trung bình như sau 1: - Trẻ bú mẹ từ 6-8 tháng tuổi: Cho bú theo nhịp hiện tại cùng với cho ăn từ 01 bữa ăn (6 tháng) đến 02 bữa ăn (7-8 tháng) một ngày gồm thức ăn mềm hoặc đặc. - Trẻ bú mẹ từ 9-11 tháng tuổi: Cho bú theo nhịp hiện tại cùng với cho ăn 03 bữa ăn một ngày gồm thức ăn đặc hoặc rắn; có thể thêm 1 bữa phụ. - Trẻ bú mẹ từ 12-23 tháng tuổi: Cho trẻ ăn 03 bữa ăn một ngày gồm thức ăn đặc hoặc rắn, thêm 2 bữa phụ, tiếp tục cho bú mẹ. - Trẻ không bú sữa mẹ từ 6-23 tháng tuổi: ngoài số bữa ăn trên, cho trẻ uống thêm 2-3 cốc sữa/ngày và ăn thêm 1-2 bữa/ngày. Số bữa ăn trong ngày c ủa trẻ còn phụ thuộc vào đậm độ năng lượng của loại thức ăn bổ sung và lượng sữa mẹ tiêu thụ. Nếu thức ăn bổ sung của trẻ ít năng lượng và/hoặc trẻ bú mẹ ít thì cần tăng số bữa ăn bổ sung để đáp ứng đủ nhu cầu của trẻ. Tuy nhiên không nên ăn quá nhiều bữa không cần thiết, đặc biệt ở những trẻ còn bú mẹ vì có thể làm giảm số lầ', 'Số bữa ăn dặm trong ngày của trẻ từ 6 tháng - 24 tháng\nCho trẻ ăn dặm mấy bữa mỗi ngày, mỗi bữa ăn dặm cách nhau bao lâu chắc hẳn đều khiến nhiều người mẹ đang có con trong giai đoạn ăn dặm phải đau đầu. Vậy trẻ từ 6 - 24 tháng cần ăn dặm bao nhiêu bữa?\nSữa mẹ là nguồn dinh dưỡng quý giá cho sự phát triển của trẻ trong 2 năm đầu đời, đặc biệt là 6 tháng đầu sau khi sinh. Trẻ dưới 6 tháng tuổi cần được bú sữa mẹ hoàn toàn để có thể hoạt động, khỏe mạnh và phát triển.\nTuy nhiên, từ 6 tháng tuổi, trẻ cần được ăn dặm bổ sung ngoài nguồn sữa mẹ vì lúc này nhu cầu dinh dưỡng của trẻ tăng lên, nếu chỉ cho trẻ bú sữa mẹ hoàn toàn sẽ không đáp ứng đủ nhu cầu của trẻ. Vì vậy, cần quan tâm cho trẻ từ 6 tháng tuổi ăn dặm mấy bữa mỗi ngày để đảm bảo không thiếu hụt dưỡng chất và năng lượng cho trẻ hoạt động và phát triển.\nTrên thực tế, nguồn sữa mẹ vẫn đóng vai trò quan trọng, chiếm hơn 1⁄2 nhu cầu dinh dưỡng hàng ngày của trẻ từ 6 - 12 tháng tuổi và khoảng 1⁄3 khi trẻ từ 12 - 24 tháng tuổi. Do đó, thức ăn dặm bổ sung không phải là nguồn dinh dưỡng thay thế cho sữa mẹ.\nCần quan tâm ăn dặm mấy bữa mỗi ngày, loại thực phẩm và cách chế biến như thế nào là phù hợp với sự phát triển của trẻ trong từ']","Cho trẻ ăn 3 bữa bột một ngày kèm sữa mẹ. Ngoài ra cho trẻ uống thêm nước ép trái cây, bánh mềm.",2,0.667,0.5,0.956,0.0,True,done,
21,kb1,Bốn nhóm thực phẩm cần có trong bữa ăn của trẻ là gì?,"Bốn nhóm thực phẩm cần có trong bữa ăn của trẻ là:

- Tinh bột, ngũ cốc và các cây họ đậu
- Chất đạm: động vật và thực vật, các loại sữa, thịt, trứng gà trứng vịt, cá và tôm
- Rau xanh và rau quả màu vàng, màu đỏ
- Chất béo động vật và dầu ăn","['SỨC KHOẺ Ở độ tuổi chập chững biết đi, trẻ không cần ăn một lượng lớn thức ăn. Quan trọng là trẻ cần biết và thử nhiều loại thức ăn khác nhau. Trẻ nhỏ thường làm thức ăn vung vãi bừa bộn trong bữa ăn. Việc trẻ chơi với thức ăn là bình thường. Chơi với thức ăn là một cách trẻ học. Ở độ tuổi mới vào tiểu học, trẻ có thể bắt đầu hiểu các khái niệm cơ bản về dinh dưỡng, như “tại sao một số thực phẩm có lợi cho sức khỏe?”. Cha mẹ và người chăm sóc trẻ là hình mẫu cho trẻ noi theo bởi gia đình là nơi bắt nguồn của các thói quen ăn uống lành mạnh và hình thành kiến thức về lựa chọn thực phẩm tốt. Trẻ ở lứa tuổi này sẽ tự quyết định có ăn hay không, ăn gì và ăn bao nhiêu. CHO TRẺ ĂN: CHO TRẺ TỪ 1 - 8 TUỔI Hãy dùng các thực phẩm đa dạng giàu dinh dưỡng từ bốn nhóm thức ăn sau càng nhiều càng tốt trong chế biến thức ăn cho trẻ: • Tinh bột, ngũ cốc và các cây họ đậu như gạo, ngô, khoai tây, các loại đậu, đậu nành và lạc • Chất đạm: động vật và thực vật, các loại sữa, thịt, trứng gà trứng vịt, cá và tôm • Rau xanh và rau quả màu vàng, màu đỏ: rau muống, mùng tơi, bí đỏ, cà rốt và cải bó xôi,… • Chất béo động vật và dầu ăn Tiếp tục cho trẻ bú mẹ đến 2 tuổi hoặc lâu hơn và cho trẻ ăn thức ăn với', '12 3. Chế độ ăn bổ sung cho trẻ từ 6 tháng tuổi đến 23 tháng tuổi 3.1. Thức ăn bổ sung 3.1.1. Chế độ ăn đa dạng Chế độ ăn đa dạng là các b ữa ăn có các th ực phẩm đến từ nhiều nhóm thực phẩm khác nhau mỗi ngày. Mỗi bữa ăn nên có đủ 4 nhóm thực phẩm chính, bao gồm: - Nhóm thực phẩm cung cấp chất bột đường: gạo, ngô, khoai, s ắn... được chế biến phù hợp cho trẻ nhỏ. - Nhóm thực phẩm cung cấp chất đạm: thịt các loại, cá và hải sản, trứng, sữa và các chế phẩm từ sữa, đậu, đỗ... - Nhóm thực phẩm cung cấp chất béo: dầu ăn/mỡ, lạc, vừng, các loạt hạt... - Nhóm rau và trái cây: rau lá, rau củ, trái cây. Ưu tiên chọn rau lá tươi màu xanh thẫm, củ quả có màu vàng, màu đỏ. Thay đổi món ăn thường xuyên, phối hợp giữa thức ăn nguồn động vật và thực vật, tránh lặp lại một loại thực phẩm trong nhiều ngày, đảm bảo đa dạng theo mùa và tận dụng thực phẩm tại địa phương. Trẻ nhỏ cần được tiêu thụ nhiều loại thực phẩm khác nhau đ ể đáp ứng nhu cầu dinh dưỡng, vi chất dinh dưỡng và tiếp cận với nhiều loại hương vị và kết cấu thực phẩm khác nhau. 3.1.2. Đậm độ năng lượng Đậm độ năng lượng (energy density) là lượng năng lượng (kcal) có trong m ột đơn vị khối lượng hoặc thể tích thực phẩm, thường tính the', '19 Trẻ em trong hoàn cảnh đặc biệt (ví dụ, trẻ có dị tật bẩm sinh, dị ứng và khuyết tật) có nhu cầu và yêu cầu chế độ ăn uống cụ thể sẽ cần được hỗ trợ phù hợp. Trẻ cần được ăn bổ sung đa d ạng, đủ năng lượng và giàu dinh dư ỡng, với đầy đủ các nhóm thực phẩm. Thức ăn bổ sung cần có đậm độ năng lượng phù hợp, cung cấp đủ chất đạm, chất béo và các vi ch ất thiết yếu như sắt, kẽm, vitamin A; hạn chế thực phẩm ít giá trị dinh dưỡng, nhiều đường, muối và chất béo không có lợi, đồng thời tiếp tục bú mẹ. Cần cho trẻ ăn đúng thời điểm, đủ số bữa, lượng ăn và đ ộ đặc phù hợp với lứa tuổi, đảm bảo an toàn thực phẩm và cho ăn dựa vào đáp ứng của trẻ. Cán bộ y tế tuyến cơ sở giữ vai trò then ch ốt trong tư v ấn, theo dõi tăng trư ởng, đánh giá th ực hành ăn bổ sung và kịp thời điều chỉnh chế độ ăn nhằm phòng suy dinh dư ỡng và thừa cân ở trẻ nhỏ. 4. Cách chế biến thức ăn bổ sung 4.1. Đảm bảo an toàn thực phẩm trong lựa chọn, chế biến, bảo quản thức ăn bổ sung và cho trẻ ăn 4.1.1. Nguyên tắc chung Thực phẩm là nguồn cung cấp các chất dinh dưỡng cho cơ thể nhưng nếu thực phẩm không đảm bảo vệ sinh an toàn thì lại có thể là nguồn gây bệnh; không biết cách lựa chọn, bảo quản, chế biến thực phẩm t']","Cho trẻ ăn đủ bốn nhóm thực phẩm: tinh bột, đạm, mỡ hay dầu thực vật
và các loại rau quả.",3,0.0,1.0,1.0,1.0,True,done,
22,kb1,Trẻ từ 12-24 tháng tuổi cần ăn bao nhiêu bữa một ngày?,Trẻ từ 12-24 tháng tuổi cần ăn 3 bữa chính và 2 bữa phụ một ngày.,"['Số bữa ăn dặm trong ngày của trẻ từ 6 tháng - 24 tháng\nCho trẻ ăn dặm mấy bữa mỗi ngày, mỗi bữa ăn dặm cách nhau bao lâu chắc hẳn đều khiến nhiều người mẹ đang có con trong giai đoạn ăn dặm phải đau đầu. Vậy trẻ từ 6 - 24 tháng cần ăn dặm bao nhiêu bữa?\nSữa mẹ là nguồn dinh dưỡng quý giá cho sự phát triển của trẻ trong 2 năm đầu đời, đặc biệt là 6 tháng đầu sau khi sinh. Trẻ dưới 6 tháng tuổi cần được bú sữa mẹ hoàn toàn để có thể hoạt động, khỏe mạnh và phát triển.\nTuy nhiên, từ 6 tháng tuổi, trẻ cần được ăn dặm bổ sung ngoài nguồn sữa mẹ vì lúc này nhu cầu dinh dưỡng của trẻ tăng lên, nếu chỉ cho trẻ bú sữa mẹ hoàn toàn sẽ không đáp ứng đủ nhu cầu của trẻ. Vì vậy, cần quan tâm cho trẻ từ 6 tháng tuổi ăn dặm mấy bữa mỗi ngày để đảm bảo không thiếu hụt dưỡng chất và năng lượng cho trẻ hoạt động và phát triển.\nTrên thực tế, nguồn sữa mẹ vẫn đóng vai trò quan trọng, chiếm hơn 1⁄2 nhu cầu dinh dưỡng hàng ngày của trẻ từ 6 - 12 tháng tuổi và khoảng 1⁄3 khi trẻ từ 12 - 24 tháng tuổi. Do đó, thức ăn dặm bổ sung không phải là nguồn dinh dưỡng thay thế cho sữa mẹ.\nCần quan tâm ăn dặm mấy bữa mỗi ngày, loại thực phẩm và cách chế biến như thế nào là phù hợp với sự phát triển của trẻ trong từ', '16 3.2.2. Tần suất ăn bổ sung Người chăm sóc nên tăng dần số lượng bữa ăn cho trẻ trong một ngày theo độ tuổi của trẻ. Số lần cho ăn phù h ợp phụ thuộc vào đậm độ năng lượng của thức ăn và lư ợng thức ăn tiêu thụ trong mỗi lần cho ăn. Tần suất ăn tối thiểu cho một trẻ khỏe mạnh trung bình như sau 1: - Trẻ bú mẹ từ 6-8 tháng tuổi: Cho bú theo nhịp hiện tại cùng với cho ăn từ 01 bữa ăn (6 tháng) đến 02 bữa ăn (7-8 tháng) một ngày gồm thức ăn mềm hoặc đặc. - Trẻ bú mẹ từ 9-11 tháng tuổi: Cho bú theo nhịp hiện tại cùng với cho ăn 03 bữa ăn một ngày gồm thức ăn đặc hoặc rắn; có thể thêm 1 bữa phụ. - Trẻ bú mẹ từ 12-23 tháng tuổi: Cho trẻ ăn 03 bữa ăn một ngày gồm thức ăn đặc hoặc rắn, thêm 2 bữa phụ, tiếp tục cho bú mẹ. - Trẻ không bú sữa mẹ từ 6-23 tháng tuổi: ngoài số bữa ăn trên, cho trẻ uống thêm 2-3 cốc sữa/ngày và ăn thêm 1-2 bữa/ngày. Số bữa ăn trong ngày c ủa trẻ còn phụ thuộc vào đậm độ năng lượng của loại thức ăn bổ sung và lượng sữa mẹ tiêu thụ. Nếu thức ăn bổ sung của trẻ ít năng lượng và/hoặc trẻ bú mẹ ít thì cần tăng số bữa ăn bổ sung để đáp ứng đủ nhu cầu của trẻ. Tuy nhiên không nên ăn quá nhiều bữa không cần thiết, đặc biệt ở những trẻ còn bú mẹ vì có thể làm giảm số lầ', 'không được nuôi bằng sữa mẹ từ 6 − 23 tháng tuổi được điều tra 𝑥 100 Chỉ số Trẻ 6-23 tháng tuổi có chế độ ăn chấp nhận tối thiểu, ký hiệu là MAD (Minimum acceptable diet 6-23 months) là tỷ lệ trẻ 6-23 tháng tuổi được ăn theo chế độ ăn tối thiểu có thể chấp nhận được vào ngày hôm trước. Chế độ ăn chấp nhận tối thiểu được định nghĩa là: - Đối với trẻ em bú sữa mẹ: tối thiểu là có được sự đa dạng về chế độ ăn uống (MDD) và đạt chỉ tiêu về tần suất bữa ăn tối thiểu (MMF) trong độ tuổi của trẻ trong ngày hôm trước; - Đối với trẻ không được bú sữa mẹ: tối thiểu là có đư ợc sự đa dạng về chế độ ăn uống (MDD) và đ ạt chỉ tiêu về tần suất bữa ăn tối thiểu (MMF) trong đ ộ tuổi của trẻ trong ngày hôm trước và có ít nhất 2 lần được uống sữa ngoài. Chỉ số Trẻ 6-23 tháng tuổi có chế độ ăn chấp nhận tối thiểu (MAD) được tính từ 2 công thức sau cho 2 nhóm đối tượng: Với trẻ được nuôi bằng sữa mẹ: MAD (%) = Số trẻ từ 6 − 23 tháng tuổi được nuôi bằng sữa mẹ có chế độ ăn đa dạng tối thiểu (MDD) và đạt số bữa ăn tối thiểu (MMF) ngày hôm qua Số trẻ được nuôi bằng sữa mẹ từ 6 − 23 tháng tuổi được điều tra 𝑥 100']","Trẻ từ 12 -24 tháng: Cho trẻ ăn 5 bữa một ngày (3 bữa cháo chính và 2
bữa phụ hoa quả, sữa hoặc bánh).",3,0.333,0.0,0.955,0.0,True,done,
23,kb1,Lợi ích của việc tiêm chủng vắc xin đầy đủ cho trẻ?,"Trẻ tiêm chủng vắc xin đầy đủ có thể được bảo vệ khỏi các bệnh nguy hiểm như bạch hầu, ho gà, uốn ván, sởi, quai bị, bại liệt, rubella, nhiễm khuẩn Hib, thủy đậu và viêm màng não.

Theo tài liệu, tiêm chủng giúp trẻ phòng chống các bệnh nguy hiểm và bảo vệ trẻ khỏi các bệnh do phế cầu khuẩn gây ra.","['Chủ đề: Disease. Tiêu đề: Cách phòng ngừa quai bị. Từ khoá: Quai bị. Câu hỏi: Ai không nên tiêm vắc-xin MMR?. Trả lời: Những người có hệ thống miễn dịch suy giảm, bị dị ứng với gelatin hoặc neomycin, phụ nữ đang mang thai thì không nên tiêm vắc-xin MMR.. Ngữ cảnh: Tiêm phòng có thể ngăn ngừa bệnh quai bị. Có tới một phần ba số người bị nhiễm bệnh không biểu hiện triệu chứng, nhưng có thể lây truyền bệnh. Việc chế tạo vắc-xin quai bị thành công vào năm 1967 đã giúp giảm 99,8% các trường hợp được ghi nhận ở Hoa Kỳ vào năm 2001. Hầu hết trẻ sơ sinh và trẻ nhỏ đều được chủng ngừa sởi, quai bị và rubella (MMR) cùng một lúc. Mũi tiêm MMR đầu tiên thường được thực hiện trong độ tuổi từ 12 đến 15 tháng khi khám sức khỏe định kỳ cho trẻ. Tiêm phòng lần thứ hai rất cần thiết cho trẻ em trong độ tuổi đi học từ 4 đến 6 tuổi. Với hai liều, vắc-xin MMR có hiệu quả khoảng 88%. Tỷ lệ hiệu quả của một liều là khoảng 78%.5 Người lớn tuổi và chưa mắc bệnh quai bị cũng cần được tiêm phòng. Những người làm việc trong môi trường có nguy cơ cao cũng nên tiêm vắc-xin phòng bệnh. Tuy nhiên, những người có hệ thống miễn dịch suy giảm, bị dị ứng với gelatin hoặc neomycin, phụ nữ đang mang thai thì không nên ', 'Chủ đề: Disease. Tiêu đề: Cách phòng ngừa thủy đậu bội nhiễm. Từ khoá: Thủy đậu bội nhiễm. Câu hỏi: Tiêm vắc-xin có thể ngăn ngừa thủy đậu hoàn toàn không?. Trả lời: Tiêm vắc-xin có thể ngăn ngừa hầu hết trường hợp thủy đậu mức độ nặng, tuy nhiên, những người đã chủng ngừa vắc-xin vẫn có thể bị nhiễm bệnh, nhưng thường là triệu chứng nhẹ hơn.. Ngữ cảnh: Tiêm vắc-xin là cách phòng thủy đậu hiệu quả nhất cũng như giảm thiểu biến chứng nặng của bệnh. Theo Bộ Y tế (2016), vắc-xin được chỉ định cho tất cả trẻ em trên 1 tuổi cho tới 12 tuổi chưa mắc thủy đậu và người lớn chưa có kháng thể với Herpes zoster. Vắc-xin thủy đậu rất an toàn và ngăn ngừa hầu hết trường hợp thủy đậu mức độ nặng. Kể từ khi vắc-xin ra đời tại Mỹ, đã giảm đến 90% trường hợp nhiễm thủy đậu, nhập viện và tử vong.8 Điều này cho thấy hầu hết những người đã chủng ngừa vắc-xin thường không mắc thủy đậu và nếu mắc thủy đậu, triệu chứng cũng thường nhẹ hơn. Biến chứng của bội nhiễm thủy đậu rất khó để tiên lượng trước. Do đó, cách tốt nhất để phòng các biến chứng thủy đậu là tránh để nhiễm bệnh, tiêm chủng đầy đủ. Nếu nhiễm bệnh, người bệnh không nên chủ quan, cần tuân thủ các biện pháp điều trị được Bộ Y Tế khuyến cáo, g', 'CHĂM SÓC TRẺ CHĂM SÓC TRẺ • Trẻ cần được tiêm chủng theo chương trình tiêm chủng mở rộng tại các cơ sở y tế. Hãy tham khảo thông tin chi tiết tại cơ sở y tế địa phương • Tiêm chủng giúp trẻ phòng chống các bệnh nguy hiểm • Từ 6 tháng cho đến khi 5 tuổi, cứ 6 tháng một lần, trẻ nên được bổ sung viên uống Vitamin-A tại trạm y tế hoặc cơ sở y tế tại địa phương Hãy đảm bảo trẻ được tiêm chủng đầy đủ và theo đúng lịch • Tiêm chủng giúp bảo vệ trẻ khỏi các bệnh bạch hầu, ho gà, uốn ván, sởi, quai bị, bại liệt, rubella, nhiễm khuẩn Hib (gây viêm màng não mủ, viêm họng, viêm phế quản phổi,..), thuỷ đậu, các bệnh do phế cầu khuẩn gây ra và viêm màng não (nhiễm trùng não mô cầu) HÃY ĐẢM BẢO TRẺ ĐƯỢC TIÊM CHỦNG ĐẦY ĐỦ 16']","Giúp phòng ngừa các bệnh nguy hiểm như Lao, Bạch hầu, Ho gà, Uốn ván, Bại liệt, viêm gan B, viêm não Nhật Bản,…",3,1.0,0.0,0.807,0.333,True,done,
24,kb1,"Khi trẻ bị tiêu chảy tại nhà, mẹ cần cho trẻ uống nước gì?",Trẻ bị tiêu chảy cần uống nước đun sôi để nguội.,"['NHỮNG VẤN ĐỀ PHỔ BIẾN Đối với trẻ lớn hơn • Cho trẻ bú liên tục • Khuyến khích trẻ uống càng nhiều nước bù điện giải (Oresol) càng tốt • Cho trẻ ăn đơn giản, dễ tiêu, có thể là thức ăn lỏng • Không cho trẻ uống nước hoa quả, các món tráng miệng ngọt hoặc bất cứ đồ ăn đồ uống ngọt cho đến khi ngừng tiêu chảy. Bạn có thể tự làm Oresol (nước điện giải). Trộn đều với nước đun sôi để nguội: 1 lít nước(4 cốc) • Đường: 20 ml (4 thìa cà phê) • Muối: 2 ml (1/2 thìa cà phê) Gọi trợ giúp y tế nếu trẻ: • Bị tiêu chảy kéo dài hơn 24 giờ • Bị tiêu chảy và nôn • Bị tiêu chảy có phân màu đen hoặc có máu trong phân và bị sốt trên 38.5°C • Rất uể oải và từ chối ăn hoặc uống • Có các dấu hiệu cơ thể bị mất nước như: o Mắt bị trũng o Da hoặc miệng khô o Ít đi tiểu hoặc nước tiểu có màu vàng đậm 29', 'Chủ đề: Disease. Tiêu đề: Tiêu chảy ở trẻ bú mẹ là như thế nào? - Tiêu chảy thường kéo dài trong bao lâu?. Từ khoá: Tiêu chảy do kháng sinh. Câu hỏi: Mục tiêu chính của điều trị tiêu chảy ở trẻ bú mẹ là gì?. Trả lời: Mục tiêu chính của điều trị là ngăn ngừa tình trạng mất nước.. Ngữ cảnh: Tiêu chảy do vi khuẩn hoặc virus thường kéo dài từ vài ngày đến 2 tuần. Mục tiêu chính của điều trị là ngăn ngừa tình trạng mất nước. Con bạn cần bú tăng cường sữa mẹ để bù lại lượng chất lỏng bị mất khi tiêu chảy. Một chất nào đó trong chế độ ăn uống của mẹ có thể khiến trẻ bú sữa mẹ hoàn toàn đi phân lỏng. Ví dụ như cà phê hoặc trà thảo dược. Nếu bạn nghi ngờ điều này, hãy thay đổi chế độ ăn và theo dõi quá trình tiêu chảy của trẻ. Tiêu chảy ở trẻ sơ sinh và trẻ nhỏ có thể do nhiều nguyên nhân khác nhau. Vậy đó là những nguyên nhân gì? Nhận biết trẻ bị tiêu chảy qua phân như thế nào? Các phương pháp chăm sóc trẻ tại nhà ra sao? Tất cả sẽ được giải đáp qua bài viết Tiêu chảy ở trẻ nhỏ và trẻ sơ sinh: Cách chăm sóc con đúng cách của YouMed. Quý phụ huynh có thể tham khảo bài viết để có thêm thông tin về tình trạng tiêu chảy ở trẻ nhé!', '15 Tùy thuộc trẻ còn bú mẹ hay không mà cung cấp lượng nước cho phù h ợp. Dùng nước sạch đun sôi để nguội. Tránh nước ngọt, nước có đường, trà, nước ép trái cây nguyên chất nhất là trẻ dưới 1 tuổi. Trẻ 6-11 tháng: Khi bắt đầu ăn bổ sung, có thể cho uống thêm nước đun sôi để nguội. Với số lượng khoảng từ 50-100 ml/ngày (trẻ 6-8 tháng), từ 120-180 ml/ngày (trẻ 9-11 tháng), chia vài lần nhỏ (sau bữa ăn), không tính nước trong sữa mẹ và thức ăn. Nước không thay thế sữa mẹ; vẫn tiếp tục bú theo nhu cầu. Lưu ý cho uống theo nhu cầu, không ép trẻ uống. Trẻ 12-23 tháng: Nhu cầu nước tăng theo ăn uống và vận động. Lượng tham khảo: khoảng 250-350 ml/ngày từ nước uống, chưa tính nước trong sữa mẹ và thức ăn. Tiếp tục bú mẹ đến 24 tháng hoặc lâu hơn. Cho trẻ uống nước từng ngụm nhỏ nhiều lần trong ngày, nhất là sau bữa ăn hoặc khi trời nóng, vận động nhiều. Trẻ bị bệnh (sốt, tiêu chảy) cần tăng nước uống, có thể dùng các dung dịch bù điện giải theo đúng hướng dẫn. Theo dõi dấu hiệu đủ nước: nước tiểu nhạt màu, đi tiểu ≥ 3-4 lần/ngày, trẻ tỉnh táo. Đảm bảo vệ sinh nguồn nước và dụng cụ uống để phòng tiêu chảy. 3.2. Cách cho trẻ ăn bổ sung 3.2.1. Thời điểm ăn bổ sung Trẻ nhỏ cần được bú mẹ hoàn ']","Cho trẻ bú nhiều hơn và lâu hơn. Cho trẻ uống Ô-rê-zôn, nước cháo, nước cơm hoặc nước ép quả tươi.",3,0.667,0.5,0.735,1.0,True,done,
25,kb1,"Giai đoạn ""Cửa sổ cơ hội"" để phòng chống thấp còi là khi nào?","Giai đoạn ""Cửa sổ cơ hội"" để phòng chống thấp còi là từ 6-23 tháng tuổi.","['7 - Độ tuổi 12-23 tháng tuổi: Tăng cân trung bình khoảng 200-300g/tháng. Tăng chiều dài trung bình khoảng 1,0-1,2 cm/tháng. Tốc độ tăng trưởng chậm lại nhưng nhu cầu về vi chất dinh dưỡng vẫn cao do não bộ và hệ miễn dịch phát triển nhanh. Trẻ thường xuyên ốm vặt, dễ chán ăn - dẫn đến nguy cơ suy dinh dưỡng thể thấp còi nếu chăm sóc không phù hợp do nhu cầu năng lượng từ ăn bổ sung đã tăng lên. Việc theo dõi cân nặng và chiều dài hằng tháng giúp phát hiện sớm các dấu hiệu suy dinh dưỡng (thấp còi, nhẹ cân, gầy còm) hoặc thừa cân - từ đó có biện pháp can thiệp kịp thời. Biểu hiện khi tăng trưởng không đạt chuẩn - Cân nặng không tăng liên tiếp 2-3 tháng là dấu hiệu cảnh báo nguy cơ suy dinh dưỡng thể nhẹ cân hoặc gầy còm. - Chiều dài tăng rất chậm (dưới 0,5 cm/tháng) là dấu hiệu có nguy cơ suy dinh dưỡng thể thấp còi. - Mức tăng trưởng nằm dưới -1SD theo chuẩn tăng trưởng của WHO là dấu hiệu NGUY CƠ suy dinh dưỡng cần phải can thiệp. Dưới -2SD là biểu hiện của suy dinh dưỡng. Thay đổi tăng trưởng trong giai đoạn 6-23 tháng tuổi Cân nặng tăng thêm khoảng 4-5 kg, chiều dài tăng thêm khoảng 18-20 cm. Giai đoạn này là ""cửa sổ cơ hội"" (window of opportunity) để đảm bảo tăng trưởng tối ưu,', 'Tỷ lệ thấp còi theo nhóm tuổi (2007, WHO) 0 5 10 15 20 25 30 35 40 45 0-6 6-12 12-24 24-36 36-48 48-60 Cửa sổ cơ hội từ 6-24 tháng', 'Chủ đề: Disease. Tiêu đề: Các triệu chứng của âm thổi ở tim. Từ khoá: Âm thổi tại tim. Câu hỏi: Đối với trẻ em, âm thổi tại tim có thể biến mất khi nào?. Trả lời: Đối với trẻ em, nhiều trường hợp âm thổi sẽ tự biến mất khi trẻ lớn lên.. Ngữ cảnh: Nếu bạn có một âm thổi vô hại ở tim, bạn có thể sẽ không có bất kỳ dấu hiệu hoặc triệu chứng nào khác.  Âm thổi bất thường ở tim có thể không gây ra dấu hiệu hoặc triệu chứng rõ ràng nào khác. Ngoài âm thanh bất thường mà bác sĩ nghe thấy khi nghe tim bằng ống nghe. Nhưng nếu bạn có những dấu hiệu hoặc triệu chứng này, chúng có thể là dấu hiệu của một rối loạn về cấu trúc hoặc chức năng tim:  - Da có màu xanh tím, đặc biệt là trên đầu ngón tay và môi của bạn;\n- Phù hoặc tăng cân đột ngột;\n- Hụt hơi khi sinh hoạt;\n- Ho kéo dài;\n- Gan to;\n- Giãn tĩnh mạch cổ;\n- Kém ăn và không phát triển bình thường (ở trẻ sơ sinh);\n- Đổ mồ hôi nhiều khi sinh hoạt thường ngày hoặc không gắng sức;\n- Đau ngực;\n- Chóng mặt;\n- Ngất xỉu.  Đối với trẻ em, nhiều âm thổi sẽ tự biến mất khi trẻ lớn lên. Đối với người lớn, âm thổi có thể biến mất khi nguyên nhân gây ra âm thổi được cải thiện.', 'Sự thay đổi hành vi ăn u ống không chỉ là vấn đề sinh lý mà còn liên quan đến tâm lý đang phát triển, đòi hỏi người chăm sóc phải thấu hiểu và thích nghi. Cần tạo môi trường ăn tích cực, khuyến khích giao tiếp, lựa chọn thực phẩm phong phú, an toàn, phù hợp với tuổi và tôn trọng cảm xúc của trẻ để góp phần giúp ăn bổ sung thành công. Ăn bổ sung là giai đo ạn chuyển tiếp quan trọng từ 6-23 tháng tuổi, khi sữa mẹ không còn đáp ứng đủ nhu cầu dinh dưỡng của trẻ. Ăn bổ sung đúng thời điểm, đủ lượng, đa dạng, an toàn và phù h ợp với sự phát triển sinh lý - tâm vận động giúp trẻ tăng trưởng tối ưu, phòng suy dinh dưỡng, thiếu vi chất và hình thành thói quen ăn uống lành mạnh lâu dài. Giai đo ạn này là “cửa sổ cơ hội” quyết định tầm vóc, s ức khỏe và phát triển trí tuệ của trẻ về sau. Giai đoạn 6-23 tháng tuổi, trẻ có nhu cầu dinh dưỡng cao trong khi dung tích d ạ dày còn nhỏ. Trẻ cần được đáp ứng đủ năng lượng, protein, chất béo và các vi chất thiết yếu (đặc biệt sắt, kẽm, vitamin A) từ sữa mẹ và thức ăn b ổ sung. Đồng thời, trẻ phát triển nhanh về tăng trưởng thể chất, hệ tiêu hóa, răng miệng, vận động và tâm lý, quyết định khả năng nhai-nuốt và hành vi ăn uống. Ăn bổ sung phù hợp với t']",Là giai đoạn trẻ từ 6 đến 24 tháng tuổi.,4,0.5,0.545,0.785,0.917,True,done,
26,kb1,Sự khác biệt về tỷ lệ Casein giữa sữa người và sữa bò là gì?,MomCare chưa tìm thấy đủ thông tin trong kho tài liệu để trả lời câu hỏi này.,"['20 KHUYẾN NGHỊ SỬ DỤNG SỮA VÀ CHẾ PHẨM SỮA CHO PHỤ NỮ CÓ THAI VÀ BÀ MẸ CHO CON BÚ Số liệu thống kê cho thấy khẩu phần can xi của người trưởng thành dường như không thay đ ổi trong các thập kỷ qua với mức đáp ứng can xi khẩu phần khoảng 50-60% nhu cầu khuyến nghị. Một trong những nguyên nhân là do thói quen ít s ử dụng sữa, chế phẩm sữa và các th ực phẩm nguồn gốc thủy sản. Mặt khác, chế độ ăn không đ ảm bảo tỷ lệ thích hợp giữa can xi và phospho, vì v ậy thì cơ th ể không hấp thu t ốt c ả 2 ch ất khoáng này. Trong khi, đ ối v ới ngư ời trưởng thành tỷ số can xi/phospho khẩu phần cần đạt mức ≥ 0,8, thì tỷ số này ở người Việt Nam chỉ đạt 0,6-0,7. . Sữa và chế phẩm sữa rất giàu can xi và là nguồn can xi có giá trị sinh học cao. Nghiên cứu trên phụ nữ Nhật Bản cho thấy phụ nữ có thai sử dụng phô mai trong thai kỳ đã giúp cải thiện sức khỏe răng và gi ảm nguy cơ sâu răng c ủa trẻ sau này. Một số nghiên cứu cho thấy khẩu phần can xi của phụ nữ có thai và bà mẹ cho con bú chỉ đáp ứng khoảng 50% nhu cầu khuyến nghị. Nghiên cứu can thiệp sử dụng sữa bổ sung vi chất dinh dưỡng cho 228 bà mẹ có thai t ừ 26-29 tuần thai cho đ ến 3 tháng sau sinh của Viện Dinh Dư ỡng cho thấy cân ặng sơ sinh tr', 'bổ sung cho trẻ nhỏ, làm cơ sở để đề xuất các chính sách, can thiệp về y tế và dinh dư ỡng cũng như theo dõi và đánh giá, bao g ồm cả trong các tình hu ống khẩn cấp. Chỉ số Trẻ 12-23 tháng tuổi tiếp tục được nuôi bằng sữa mẹ, ký hiệu là CBF (Continued breastfeeding 12-23 months) là tỷ lệ phần trăm tr ẻ từ 12-23 tháng tu ổi được bú s ữa mẹ trong ngày trước đó. CBF (%) = Số trẻ từ 12 − 23 tháng được nuôi bằng sữa mẹ vào ngày hôm qua Số trẻ 12 − 23 tháng tuổi được điều tra 𝑥 100 Chỉ số Trẻ 6-23 tháng có chế độ ăn đa dạng tối thiểu, ký hiệu là MDD (Minimum dietary diversity 6-23 months) là tỷ lệ trẻ 6-23 tháng tu ổi được ăn t ừ 5 nhóm thực phẩm trở lên trong 8 nhóm thực phẩm bao gồm cả sữa mẹ. Phân loại 8 nhóm thực phẩm là: Nhóm 1: Sữa mẹ Nhóm 2: Ngũ cốc, các loại củ Nhóm 3: Các loại đậu và hạt Nhóm 4: Các sản phẩm từ sữa (sữa, sữa chua, pho mát) Nhóm 5: Thực phẩm từ thịt (thịt, cá, gia cầm, và gan/nội tạng) Nhóm 6: Trứng Nhóm 7: Trái cây, rau quả giàu Vitamin A Nhóm 8: Các loại trái cây và rau quả khác', 'Sự khác nhau về chất lượng protein trong các loại sữa Sữa bòSữa người Whey protein Sữa đông Dễ tiêu hóa Khó tiêu hóa', '2 độ lệch chuẩn (-2SD Z-Score) ở nhóm can thiệp có xu hướng thấp hơn so với nhóm chứng.. Sữa và chế phẩm sữa không chỉ là nguồn cung cấp can xi quan trọng cho bà mẹ trong những giai đoạn đặc biệt này mà còn là những thực phẩm có đầy đủ các chất dinh dưỡng thiết yếu và ở tỷ lệ cân đối rất tốt cho sức khỏe bà mẹ và trẻ em. Sử dụng sữa và ch ế phẩm sữa hợp lý trong th ời kỳ mang thai và nuôi con bú, giúp cải thiện khẩu phần can xi, cải thiện tỷ số can xi/phospho thấp của khẩu phần, giúp hấp thu và chuyển hóa can xi tốt hơn. 1. Giá trị dinh dƣỡng của sữa và chế phẩm sữa 1.1. Sữa dạng lỏng: Sữa là th ực phẩm có giá tr ị dinh dưỡng cao, có đầy đủ chất đạm, chất béo, vitamin, chất khoáng giúp cơ th ể phát tri ển toàn di ện và khỏe mạnh. - Chất đạm:Chất đạm (Protein) c ủa sữa rất quý vì thành ph ần acid amin cân đối và độ đồng hóa cao. - Chất béo: Chất béo (Lipid) c ủa s ữa có nhi ều lo ại acid béo khác nhau bao gồm acid béo no và không no. Kho ảng 29% acid béo không no có m ột nối đôi và 6% acid béo không no có nhiều nối đôi.']","Casein trong sữa người chiếm 35% (dễ tiêu hóa), trong khi sữa bò chiếm 80% (khó tiêu hóa).",4,0.0,1.0,0.0,0.0,True,done,
27,kb1,Tại sao sữa mẹ giúp trẻ chống được nhiễm khuẩn?,Sữa mẹ giúp trẻ chống được nhiễm khuẩn vì giúp bảo vệ lớp niêm mạc ruột tránh tác động của vi khuẩn.,"['Chủ đề: Disease. Tiêu đề: Tiêu chảy ở trẻ bú mẹ là như thế nào? - Nguyên nhân. Từ khoá: Tiêu chảy do kháng sinh. Câu hỏi: Sữa mẹ có lợi ích gì trong việc bảo vệ hệ tiêu hóa của trẻ bú mẹ?. Trả lời: Lợi ích từ sữa mẹ là giúp bảo vệ lớp niêm mạc ruột tránh tác động của vi khuẩn.. Ngữ cảnh: Tiêu chảy ở trẻ bú mẹ thường do nhiễm siêu vi, vi khuẩn hoặc ký sinh trùng. Thỉnh thoảng, trẻ sơ sinh có thể bị dị ứng với thực phẩm hoặc đồ uống được tiết qua sữa mẹ. Khi đó, bạn nên thay đổi chế độ ăn để giảm nguy cơ cho trẻ. Lợi ích từ sữa mẹ là giúp bảo vệ lớp niêm mạc ruột tránh tác động của vi khuẩn.', 'Chủ đề: Disease. Tiêu đề: Tiêu chảy ở trẻ bú mẹ là như thế nào? - Nguyên nhân. Từ khoá: Tiêu chảy do kháng sinh. Câu hỏi: Nêu một số nguyên nhân gây tiêu chảy ở trẻ bú mẹ?. Trả lời: Tiêu chảy ở trẻ bú mẹ thường do nhiễm siêu vi, vi khuẩn hoặc ký sinh trùng. Thỉnh thoảng, trẻ sơ sinh có thể bị dị ứng với thực phẩm hoặc đồ uống được tiết qua sữa mẹ.. Ngữ cảnh: Tiêu chảy ở trẻ bú mẹ thường do nhiễm siêu vi, vi khuẩn hoặc ký sinh trùng. Thỉnh thoảng, trẻ sơ sinh có thể bị dị ứng với thực phẩm hoặc đồ uống được tiết qua sữa mẹ. Khi đó, bạn nên thay đổi chế độ ăn để giảm nguy cơ cho trẻ. Lợi ích từ sữa mẹ là giúp bảo vệ lớp niêm mạc ruột tránh tác động của vi khuẩn.', 'Chủ đề: Disease. Tiêu đề: Tiêu chảy ở trẻ bú mẹ là như thế nào? - Nguyên nhân. Từ khoá: Tiêu chảy do kháng sinh. Câu hỏi: Khi trẻ sơ sinh bị dị ứng với thức ăn hoặc đồ uống tiết qua sữa mẹ thì người mẹ nên làm gì?. Trả lời: Khi đó, người mẹ nên thay đổi chế độ ăn để giảm nguy cơ cho trẻ.. Ngữ cảnh: Tiêu chảy ở trẻ bú mẹ thường do nhiễm siêu vi, vi khuẩn hoặc ký sinh trùng. Thỉnh thoảng, trẻ sơ sinh có thể bị dị ứng với thực phẩm hoặc đồ uống được tiết qua sữa mẹ. Khi đó, bạn nên thay đổi chế độ ăn để giảm nguy cơ cho trẻ. Lợi ích từ sữa mẹ là giúp bảo vệ lớp niêm mạc ruột tránh tác động của vi khuẩn.', '• Không cho trẻ sơ sinh bất cứ đồ ăn thức uống gì ngoài sữa mẹ, trừ khi có chỉ định của y tế • Các trường hợp chỉ định cho trẻ ăn sữa thay thế sữa mẹ: – Trẻ có mẹ bị bệnh nặng không thể cho trẻ bú sữa hoặc vắt sữa được – Trẻ có mẹ đang bị chiếu tia xạ hoặc phải dùng thuốc chống chỉ định cho con bú (như các thuốc kháng giáp trạng, thuốc chống ung thư). – Trẻ có mẹ bị nhiễm HIV (trừ trường hợp bà mẹ đã được tư vấn và lựa chọn cách nuôi con bằng sữa mẹ). – Trẻ mắc các bệnh chuyển hoá không dung nạp được sữa mẹ Điều kiện 6', '5 - Táo bón: liên quan đến thiếu chất xơ, ít uống nước, số lượng thực phẩm tiêu thụ không đủ và cả do giảm nhu động ruột khi mang thai - Phù có thể do chèn ép hoặc cũng có thể do thiếu dinh dưỡng. - Chuột rút do thiếu Can xi và vitamin D Cung cấp đủ các thành phần dinh dưỡng, vi chất sẽ giảm các biểu hiện trên cho phụ nữ có thai. II. Tầm quan trọng của Dinh dƣỡng đối với bà mẹ trong thời gian cho con bú Không cần một chế độ ăn đặc biệt hay ăn kiêng trong thời gian cho con bú, tuy nhiên phụ nữ cho con bú cần được dinh dưỡng tốt và nhiều hơn vì 2 lý do chính: sản xuất đủ sữa cho con bú và bảo đảm sức khỏe cho chính mình để nuôi con và tiếp tục làm việc. Dinh dưỡng cho mẹ đối với nguồn sữa mẹ: Thành phần sữa mẹ nói chung là tương đối hằng định ở tất cả các bà mẹ và nguồn năng lượng dự trữ của bà mẹ luôn được huy động để sản xuất sữa khi cần, tuy nhiên nhiều nghiên cứu khẳng định là dinh dưỡng cho bà mẹ vẫn có ảnh hưởng đến một số vi chất và số lượng của sữa mẹ. Chế độ ăn của bà mẹ thiếu vitamin, đặc biệt là B1, A và D thì các vitamin này cũng sẽ thiếu trong sữa của những người mẹ đó. Hơn thế nữa, trong 6 tháng đầu, lượng kháng thể của con được truyền trực tiếp qua sữa mẹ, vì thế bảo đ']","Vì sữa mẹ chứa các kháng thể, tế bào bạch cầu và các protein chống nhiễm khuẩn được tiết trực tiếp từ cơ thể mẹ.",5,0.75,1.0,0.692,1.0,True,done,
28,kb1,Nhu cầu năng lượng từ sữa mẹ/ngày cho trẻ từ 3-5 tháng tuổi là bao nhiêu kcal?,MomCare chưa tìm thấy đủ thông tin trong kho tài liệu để trả lời câu hỏi này.,"['5 Như vậy nếu cân nặng theo tuổi của trẻ ở mức trung bình, ước tính lượng sữa mẹ ở mức trung bình thì nhu c ầu năng lư ợng từ thức ăn b ổ sung ở nhóm tuổi 6-8 tháng, 9 -11 tháng và 12 -23 tháng tương ứng là 230, 344 và 517 kcal/ngày. Nếu nhu c ầu năng lư ợng của trẻ ở mức thấp hay mức cao (phụ thuộc tuổi, giới tính và cân ặng theo tuổi của trẻ) cũng như nếu trẻ được nuôi bằng sữa mẹ (hoặc sử dụng sữa công thức) nhiều hoặc ít hơn mức trung bình thì lượng thức ăn bổ sung sẽ được điều chỉnh tương ứng. Tỷ lệ phần trăm năng lượng từ protein là 13-20% và từ lipid là 30-40% cho trẻ 6-23 tháng tuổi 8. Nhu cầu Protein khuyến nghị cho trẻ từ 6-23 tháng tuổi đã được cập nhật cho phù hợp với chất lượng protein và thể trọng của trẻ em Việt Nam theo Bảng 2. Bảng 2. Nhu cầu protein khuyến nghị cho trẻ từ 6-23 tháng tuổi Nhóm tuổi Nhu cầu protein tổng số Nhu cầu protein từ thức ăn bổ sung Trẻ trai Trẻ gái g/kg/ngày g/ngày g/kg/ngày g/ngày g/ngày 6 - 8 tháng - 15* - 15* 5 9 - 11 tháng - 25* - 25* 15,5 12 - 23 tháng 1,63 20** 1,71 20** 11,5 * Mức tiêu thụ đủ (AI); ** Nhu cầu khuyến nghị (RDA) Đối với Lipid, để đạt được tỷ lệ 30-40% năng lư ợng khẩu phần (đến cả từ sữa và thức ăn b ổ sung) từ Lipid, ', 'Nhu cầu năng lượng theo tuổi của trẻ và năng lượng từ sữa mẹ', 'Số bữa ăn dặm trong ngày của trẻ từ 6 tháng - 24 tháng\nCho trẻ ăn dặm mấy bữa mỗi ngày, mỗi bữa ăn dặm cách nhau bao lâu chắc hẳn đều khiến nhiều người mẹ đang có con trong giai đoạn ăn dặm phải đau đầu. Vậy trẻ từ 6 - 24 tháng cần ăn dặm bao nhiêu bữa?\nSữa mẹ là nguồn dinh dưỡng quý giá cho sự phát triển của trẻ trong 2 năm đầu đời, đặc biệt là 6 tháng đầu sau khi sinh. Trẻ dưới 6 tháng tuổi cần được bú sữa mẹ hoàn toàn để có thể hoạt động, khỏe mạnh và phát triển.\nTuy nhiên, từ 6 tháng tuổi, trẻ cần được ăn dặm bổ sung ngoài nguồn sữa mẹ vì lúc này nhu cầu dinh dưỡng của trẻ tăng lên, nếu chỉ cho trẻ bú sữa mẹ hoàn toàn sẽ không đáp ứng đủ nhu cầu của trẻ. Vì vậy, cần quan tâm cho trẻ từ 6 tháng tuổi ăn dặm mấy bữa mỗi ngày để đảm bảo không thiếu hụt dưỡng chất và năng lượng cho trẻ hoạt động và phát triển.\nTrên thực tế, nguồn sữa mẹ vẫn đóng vai trò quan trọng, chiếm hơn 1⁄2 nhu cầu dinh dưỡng hàng ngày của trẻ từ 6 - 12 tháng tuổi và khoảng 1⁄3 khi trẻ từ 12 - 24 tháng tuổi. Do đó, thức ăn dặm bổ sung không phải là nguồn dinh dưỡng thay thế cho sữa mẹ.\nCần quan tâm ăn dặm mấy bữa mỗi ngày, loại thực phẩm và cách chế biến như thế nào là phù hợp với sự phát triển của trẻ trong từ', '75th percentile). Năng lượng từ sữa mẹ được ước tính dựa trên số lượng sữa mẹ là ít, trung bình hay nhiều. Năng lượng từ thức ăn bổ sung là khoảng thiếu hụt giữa tổng nhu cầu năng lượng và năng lượng từ sữa mẹ. Bảng 1. Nhu cầu năng lượng khuyến nghị của trẻ bú mẹ từ 6-23 tháng tuổi Năng lượng 6-8 tháng 9-11 tháng 12-23 tháng SM ít (356ml) SM TB (677ml) SM nhiều (998ml) SM ít (257 ml) SM TB (621ml) SM nhiều (985 ml) SM ít (147ml) SM TB (567ml) SM nhiều (987ml) Tổng nhu c ầu năng lượng* (kcal/ngày)5,6 643 (518 – 776) 723 (598 – 848) 863 (650 – 1086) Năng lượng t ừ sữa mẹ (kcal/ngày)7 217 413 609 157 379 601 90 346 602 Năng lư ợng c ần t ừ thức ăn b ổ sung (kcal/ngày) 426 230 34 566 344 122 773 517 261']",Năng lượng từ sữa mẹ khoảng  500 kcal đến gần 600 kcal.,4,0.0,0.5,0.0,0.25,True,done,
29,kb1,Giải pháp hỗ trợ phản xạ oxytocin hoạt động tốt?,"Giải pháp hỗ trợ phản xạ oxytocin hoạt động tốt bao gồm:

- Tạo điều kiện cho bà mẹ luôn ở bên cạnh con.
- Bà mẹ luôn có được cảm giác thoải mái.
- Luôn củng cố niềm tin cho bà mẹ.
- Không đề cập đến bất cứ điều gì làm cho bà mẹ nghi ngờ về khả năng tạo sữa của mình.","['Giải pháp hỗ trợ phản xạ oxytocin hoạt động tốt • Tạo điều kiện cho bà mẹ luôn ở bên cạnh con, • Bà mẹ luôn có được cảm giác thoải mái, • Luôn củng cố niềm tin cho bà mẹ, • Không đề cập đến bất cứ điều gì làm cho bà mẹ nghi ngờ về khả năng tạo sữa của mình.', 'Chuẩn bị vắt sữa Chuẩn bị dụng cụ đựng sữa • Chọn một chiếc cốc, ly, lọ hoặc bình đựng có miệng rộng. • Rửa cốc bằng xà phòng và nước (Bà mẹ có thể chuẩn bị từ hôm trước). • Rót nước sôi vào cốc và để trong vài phút. Nước đang sôi sẽ tiêu diệt hầu hết các vi khuẩn. Khi đã sẵn sàng vắt sữa thì đổ nước đi. Kích thích phản xạ oxytocin trước khi vắt sữa • Phản xạ oxytocin rất quan trọng giúp tống sữa ra ngoài. • Khi bà mẹ vắt sữa, phản xạ oxytocin không thể hoạt động tốt bằng khi trẻ bú. Bà mẹ cần biết cách hỗ trợ cho phản xạ oxytocin, nếu không bà mẹ sẽ gặp khó khăn trong việc vắt sữa.', 'Chủ đề: Body Part. Tiêu đề: Hormone oxytocin được kiểm soát như thế nào?. Từ khoá: Oxytocin. Câu hỏi: Hormone oxytocin được kiểm soát như thế nào?. Trả lời: Oxytocin được kiểm soát bởi một cơ chế phản hồi tích cực.. Ngữ cảnh: Oxytocin được kiểm soát bởi một cơ chế phản hồi tích cực. Trong đó việc giải phóng hormone gây ra một hành động kích thích, từ hành động này lại phản hồi kích thích tiết nhiều oxytocin hơn. Ví dụ, khi tử cung bắt đầu co bóp, oxytocin được giải phóng, kích thích các cơn co thắt tử cung. Khi tử cung co thắt lại tiếp tục kích thích lượng oxytocin được giải phóng nhiều hơn. Bằng cách này, các cơn co thắt sẽ tiếp tục tăng cường độ và tần suất nhờ nồng độ oxytocin ngày một tăng cao. Không chỉ tác động lên cơn co thắt tử cung, phản hồi tích cực còn liên quan đến phản xạ tạo sữa. Khi trẻ bú vú mẹ, kích thích từ vú sẽ dẫn đến tiết oxytocin vào máu. Oxytocin lại tác động vào cơ trơn của vú và tiếp tục đẩy sữa ra ngoài. Ngoài ra, oxytocin cũng được giải phóng vào não để giúp kích thích bài tiết oxytocin hơn nữa. Tuy nhiên các quá trình này sẽ tự giới hạn khi không còn sự kích thích các cơ quan đích. Ví dụ oxytocin sẽ ngừng tiết sau khi sinh em bé hoặc khi em bé ngừng bú ', 'Hỗ trợ và cản trở phản xạ Oxytocin • Lo lắng • Căng thẳng • Đau • Khong tin tưởng Phản xạ cản trởPhản xạ hỗ trợ • Nghĩ đến con • ÂM thanh từ đứa trẻ • Ngắm nhìn • Vuốt ve • Tin tưởng', 'Chủ đề: Body Part. Tiêu đề: Hormone oxytocin được kiểm soát như thế nào?. Từ khoá: Oxytocin. Câu hỏi: Cơ chế phản hồi tích cực liên quan tới oxytocin là gì?. Trả lời: Khi tử cung bắt đầu co bóp, oxytocin được giải phóng, kích thích các cơn co thắt tử cung. Khi tử cung co thắt lại tiếp tục kích thích lượng oxytocin được giải phóng nhiều hơn, do đó các cơn co thắt sẽ tiếp tục tăng cường độ và tần suất nhờ nồng độ oxytocin ngày một tăng cao.. Ngữ cảnh: Oxytocin được kiểm soát bởi một cơ chế phản hồi tích cực. Trong đó việc giải phóng hormone gây ra một hành động kích thích, từ hành động này lại phản hồi kích thích tiết nhiều oxytocin hơn. Ví dụ, khi tử cung bắt đầu co bóp, oxytocin được giải phóng, kích thích các cơn co thắt tử cung. Khi tử cung co thắt lại tiếp tục kích thích lượng oxytocin được giải phóng nhiều hơn. Bằng cách này, các cơn co thắt sẽ tiếp tục tăng cường độ và tần suất nhờ nồng độ oxytocin ngày một tăng cao. Không chỉ tác động lên cơn co thắt tử cung, phản hồi tích cực còn liên quan đến phản xạ tạo sữa. Khi trẻ bú vú mẹ, kích thích từ vú sẽ dẫn đến tiết oxytocin vào máu. Oxytocin lại tác động vào cơ trơn của vú và tiếp tục đẩy sữa ra ngoài. Ngoài ra, oxytocin cũng đượ']","• Tạo điều kiện cho bà mẹ luôn ở bên cạnh con.
• Bà mẹ luôn có được cảm giác thoải mái.
• Luôn củng cố niềm tin cho bà mẹ.
• Không đề cập đến bất cứ điều gì làm cho bà mẹ nghi ngờ về khả năng tạo sữa của mình.",5,1.0,0.25,0.715,1.0,True,done,
30,kb1,Dung tích dạ dày của trẻ sơ sinh trong ngày đầu tiên là bao nhiêu?,"Dung tích dạ dày của trẻ sơ sinh trong ngày đầu tiên là không được cho trẻ bú sữa bình và bất cứ thức uống nào khác, đặc biệt là trong ngày đầu tiên sau đẻ.","['Nuôi con bằng sữa mẹ trong 7 ngày đầu sau sinh • Cho trẻ tiếp xúc da kề da và bú sớm trong vòng 1 giờ đầu • Hiểu được dung tích dạ dày của trẻ trong 7 ngày đầu sau đẻ • Không cho trẻ bú sữa bình và bất cứ thức uống nào khác, đặc biệt là trong ngày đầu tiên sau đẻ. • Trẻ sơ sinh cần được bú thường xuyên và khi trẻ có biểu hiện đòi bú.', 'Chủ đề: Disease. Tiêu đề: Triệu chứng bệnh. Từ khoá: Hirschsprung. Câu hỏi: Tỷ lệ trẻ được chẩn đoán bệnh Hirschsprung trong năm đầu tiên của cuộc đời là bao nhiêu?. Trả lời: Khoảng 80% trẻ được chẩn đoán bệnh trong năm đầu tiên của cuộc đời (trước 7 tuổi).. Ngữ cảnh: Các triệu chứng có thể khác nhau từ trẻ này sang trẻ khác. Trong thời kỳ sơ sinh, dấu hiệu đầu tiên bao gồm chậm đi tiêu được phân su trong một 1 đến 2 ngày sau khi sinh. Phân su là chất dính sẫm màu xanh đen thường có trong ruột. Trẻ sơ sinh thường đi tiêu phân su ở lần đi tiêu đầu tiên. Không đi tiêu được trong 24 – 48 giờ là dấu hiệu của Hirschsprung. Trẻ nhỏ bị Hirschsprung sẽ rất dễ bị chướng bụng, đau bụng và nôn mửa. Ngoài táo bón, trẻ thường có biểu hiện tăng cân kém, chậm lớn. Khoảng 80% trẻ được chẩn đoán bệnh trong năm đầu tiên của cuộc đời (trước 7 tuổi). Hơn 90% được chẩn đoán ở độ tuổi đi học (trước 13 tuổi).3 Ít hơn 1% được chẩn đoán ở tuổi thiếu niên hoặc tuổi trưởng thành.', 'Chủ đề: Disease. Tiêu đề: Tiêu chảy ở trẻ bú mẹ là như thế nào? - Khi nào phân của trẻ là bất thường?. Từ khoá: Tiêu chảy do kháng sinh. Câu hỏi: Số lần đi tiêu thông thường của trẻ sơ sinh trong những tháng đầu tiên là bao nhiêu lần?. Trả lời: Trong những tháng đầu tiên, trẻ sơ sinh bú mẹ thường đi tiêu phân sệt nhiều lần trong ngày.. Ngữ cảnh: Một số trẻ có thể tiêu phân màu vàng hoặc xanh. Phân của trẻ sơ sinh được bú sữa mẹ được xem là bất thường khi có chất nhầy hoặc máu, mùi hôi tanh. Số lần đi tiêu không giúp ích nhiều trong việc chẩn đoán liệu một trẻ bú mẹ có bị tiêu chảy hay không. Trẻ sơ sinh bú mẹ trong những tháng đầu tiên, thường đi tiêu phân sệt nhiều lần trong ngày. Tuy nhiên, nếu số lần đi tiêu hoặc lượng phân của trẻ tăng đột ngột, có thể con bạn bị tiêu chảy. Những dấu hiệu khác có thể gợi ý là trẻ bú giảm, lừ đừ và sốt.', 'Dấu hiệu cảnh báo trẻ chậm biết đi\nBài viết được tư vấn chuyên môn bởi Bác sĩ chuyên khoa II Lê Thanh Cẩm - Khoa Nhi - Sơ sinh - Bệnh viện Đa khoa Quốc tế Vinmec Đà Nẵng. Bác đã có kinh nghiệm 15 năm trong chẩn đoán & điều trị các bệnh lý Nhi khoa; từng có thời gian công tác tại khoa Nhi - Bệnh viện Đà Nẵng và Trung tâm Phụ Sản Nhi Đà Nẵng. Thế mạnh của bác là chẩn đoán và điều trị bệnh lý nhi; hồi sức, cấp cứu nhi.\nThông thường, sau khoảng 12 tháng tuổi, trẻ có thể đứng vững trên đôi chân mình và tập những bước đầu tiên. Tuy nhiên, cũng có những bé có sự phát triển vận động khá chậm, tới thời điểm được 18 tháng tuổi vẫn chưa biết đi. Hiện tượng này được gọi là trẻ chậm biết đi.\nMột em bé khỏe mạnh sẽ có sự phát triển về vận động như sau:\nTrẻ 1 tháng tuổi biết xoay đầu;\nBé 2 tháng tuổi có thể ngóc đầu lên và khi ngủ có thể duỗi 2 chân thoải mái;\nKhi được 3 tháng tuổi, khi nằm sấp bé có thể chống được tay và lật người được, tay cầm nắm được đồ vật và thích đưa lên miệng để khám phá;\nBé 4 – 5 tháng tuổi biết trườn người về phía trước;\nKhi được 6 tháng tuổi, trẻ có thể ngồi dựa, khi nằm sấp đã lật xoay người được;\nTrẻ 7 – 9 tháng tuổi có thể ngồi vững, trườn bò nhanh, khi vịn tay vào ']",Dung tích dạ dày trẻ trong ngày 1 (0-24 giờ) là từ 5 – 7 ml mỗi lần bú.,4,0.333,1.0,1.0,0.833,True,done,
31,kb1,"Đến ngày thứ 3 sau sinh, dung tích dạ dày của bé tăng lên bao nhiêu?","Dung tích dạ dày của bé tăng lên sau sinh như sau:

- Ngày 1: 5 - 7 ml
- Ngày 2: 10 - 13 ml
- Ngày 3: 22 - 27 ml
- Ngày 4: 36 - 46 ml
- Ngày 5-7: 43 - 57 ml

MomCare chưa tìm thấy đủ thông tin trong kho tài liệu để trả lời câu hỏi về thời gian cụ thể khi dung tích dạ dày của bé tăng lên.","['Ngày Giờ Dung tích dạ dày/1 lần bú Ngày 1 0 – 24 giờ 5 – 7 ml Ngày 2 24 – 48 giờ 10 – 13 ml Ngày 3 48 – 72 giờ 22 – 27 ml Ngày 4 72 – 96 giờ 36 – 46 ml Ngày 5-7 96 – 120 giờ 43 – 57 ml DUNG TÍCH DẠ DÀY CỦA TRẺ', 'SỨC KHOẺ SỨC KHOẺ • Khi trẻ khoẻ mạnh, cơ thể sẽ lớn lên, trẻ sẽ tăng cân và phát triển chiều cao đều đặn • Khi trẻ khoẻ mạnh, trẻ sẽ cứng cáp hơn • Khi trẻ khoẻ mạnh, trẻ sẽ có khả năng nhận biết và phản ứng tốt hơn với môi trường xung quanh Cơ thể trẻ phát triển, cứng cáp hơn và phản ứng nhanh nhạy là những dấu hiệu cho thấy trẻ khoẻ mạnh TRẺ CÓ KHOẺ MẠNH KHÔNG? Một trẻ khoẻ mạnh sẽ có xuất phát điểm từ một em bé khi mới chào đời, sau đó sẽ lớn lên rất nhanh, cứng cáp hơn và làm được nhiều hoạt động hơn. Cần lưu ý rằng không có đứa trẻ nào giống đứa trẻ nào. Sự phát triển về mặt thể chất và tinh thần của hai đứa trẻ cùng một độ tuổi và giới tính có thể rất khác nhau. 2', 'Trẻ 10 – 12 tháng có thể tập đi từng bước một, lần theo những vật mà bé vịn vào;\nBé 12 – 18 tháng tuổi đã biết đi, vịn để leo cầu thang và trèo lên ghế;\nBé 24 tháng tuổi có thể tự lên xuống cầu thang mà không cần dắt, có thể nhảy được trên một chân và biết đá bóng;\nTrẻ 3 tuổi biết chạy nhảy, vui đùa.\nTrắc nghiệm: Sự phát triển tinh thần, vận động của bé thế nào là đúng chuẩn? Khi nào bé biết nói, biết hóng chuyện hay biết cầm cốc là ""đúng chuẩn""? Điểm xem bạn biết được bao nhiêu mốc phát triển tinh thần, vận động ""đúng chuẩn"" của bé nhé! \nNội dung trắc nghiệm được tham vấn chuyên môn cùng Thạc sĩ, Ma Văn Thấm , chuyên khoa Nhi , Phòng khám Đa khoa Vinmec Dương Đông (Phú Quốc) \nMa Văn Thấm \nThạc sĩ, \nNhi \nPhòng khám Đa khoa Vinmec Dương Đông (Phú Quốc) \nĐăng ký khám \nĐiều kiện để bé biết đi bao gồm: Bộ xương đủ cứng cáp, các cơ bắp, hệ thống thần kinh và bộ não phát triển bình thường. Thông thường, theo biểu đồ tăng trưởng, trẻ cần có từng nấc thang lớn lên theo trình tự để đạt tới mục tiêu cuối cùng là biết đi. Theo đó, bé 3 tháng tuổi cần biết lẫy để lật sấp cơ thể (luyện tập cứng cơ thân và cổ). Bé 6 – 8 tháng cần biết ngồi để tập cơ thân. Khi được 9 tháng tuổi, đứa bé phải biết ', '248 | Gợi ý tiến trình dinh dưỡng đường tiêu hóa ở trẻ sinh non Cân nặng Thể tích khởi đầu Thời điểm tăng sữa Tốc độ tăng 1500-2000 g 20-30ml/kg/ngày Nếu dung nạp có thể tăng sau 24-48 giờ 30 ml/kg/ngày 2000-2500 g 30 ml/kg/ngày Tăng hàng ngày 30-40 ml/kg/ngày Trẻ < 34 tuần, khi chưa phối hợp tốt động tác bú-nuốt-thở, nên cho ăn qua thông dạ dày, 30- 60 phút mỗi cử - Trẻ có cân nặng lúc sinh < 1500g, khi dung nạp thể tích > 100ml/kg mỗi ngày, có thể dinh dưỡng bổ sung đạm và năng lượng vào sữa mẹ. - Khi trẻ ≥ 34 tuần, thể tích sữa mẹ cần đạt 180-200 ml/kg/ngày. 3.3 Theo dõi - Theo dõi vị trí ống thông dạ dày, kích cỡ phù hợp, chúc ngược bơm tiêm khi bơm sữa. - Đánh giá sự dung nạp. \uf02b Dịch dư dạ dày: \uf0b7 > 50% lượng sữa của cữ ăn trước hoặc 30-50% lượng sữa của cữ ăn trước x 3 cử, hoặc mới ọc dịch xanh: Nhịn ăn, đánh giá tình trạng bụng. \uf0b7 Nếu lượng sữa của cữ ăn trước 2 -3 ml khi dinh dưỡng tiêu hóa tối thi ểu, hoặc < 50% lượng sữa của cữ ăn trước: tiếp tục cho ăn, bơm lại sữa cũ và bơm thêm cho đủ ở cử kế tiếp, kiểm tra các yếu tố cải thiện dung nạp (tư thế trẻ, vị trí ống thông dạ dày, đi tiêu, trào ngược…) \uf02b Nôn ói, tình trạng bụng: bụng chướng, thay đổi màu da bụng, số lần đi tiê']",Dung tích dạ dày trẻ tăng lên khoảng 22 – 27 ml mỗi lần bú.,4,0.857,1.0,0.0,1.0,True,done,
32,kb1,Dung tích dạ dày trẻ từ ngày thứ 5 đến ngày thứ 7 sau đẻ là bao nhiêu?,Trẻ từ ngày thứ 5 đến ngày thứ 7 sau đẻ có dung tích dạ dày từ 43 - 57 ml.,"['Nuôi con bằng sữa mẹ trong 7 ngày đầu sau sinh • Cho trẻ tiếp xúc da kề da và bú sớm trong vòng 1 giờ đầu • Hiểu được dung tích dạ dày của trẻ trong 7 ngày đầu sau đẻ • Không cho trẻ bú sữa bình và bất cứ thức uống nào khác, đặc biệt là trong ngày đầu tiên sau đẻ. • Trẻ sơ sinh cần được bú thường xuyên và khi trẻ có biểu hiện đòi bú.', 'Đồng thời, việc tắm rửa cho bé trong thời gian này cũng sẽ giúp thư giãn và thoải mái hơn, mẹ có thể massage cho trẻ trước khi tắm để giúp trẻ dễ đi vào giấc ngủ sâu.\nChăm sóc ngày thứ 4 và ngày thứ 5\nVào ngày thứ 4 và ngày thứ 5 trong giai đoạn chu sinh, động tác bú mẹ của trẻ đã thuần thục hơn rất nhiều \nVào ngày thứ 4 và ngày thứ 5 trong giai đoạn chu sinh, động tác bú mẹ của trẻ đã thuần thục hơn rất nhiều và lực bú cũng sẽ mạnh hơn, được nhiều sữa hơn. Để giúp tăng tiết sữa thì mẹ nên cho trẻ bú đều cả 2 bên và duy trì mỗi cữ bú 30 phút.\nTrẻ bú nhiều nên cũng có nhu cầu vệ sinh nhiều nên mẹ cần chú ý thay tã cho trẻ thường xuyên sau mỗi 2 tiếng, phân của trẻ lúc này sẽ có màu vàng hoa cà hoa cải lẫn nhớt, khi lâu rửa vệ sinh cho trẻ thì cần dùng nước sạch để tránh viêm nhiễm trong tuần đầu sau sinh.\nNgoài ra, trẻ cũng cần được tắm mỗi ngày và nên chọn thời điểm có nhiệt độ cao nhất.\nNgày thứ 6 và ngày thứ 7\nKhi bước sang ngày thứ 6 và ngày thứ 7, trẻ cần được tăng cữ bú từ 60 - 90ml, trẻ có thể bị đảo lộn giấc ngủ so với thông thường và có khi trẻ sẽ “ngủ ngày cày đêm” nên mẹ cũng cần phải chuẩn bị tâm lý đón nhận và thích nghi cùng bé trong tuần đầu sau sinh.\nKhi trẻ quấy khó', 'Ngày Giờ Dung tích dạ dày/1 lần bú Ngày 1 0 – 24 giờ 5 – 7 ml Ngày 2 24 – 48 giờ 10 – 13 ml Ngày 3 48 – 72 giờ 22 – 27 ml Ngày 4 72 – 96 giờ 36 – 46 ml Ngày 5-7 96 – 120 giờ 43 – 57 ml DUNG TÍCH DẠ DÀY CỦA TRẺ', 'Khi trẻ quấy khóc, mẹ nên bế trẻ lên và ôm ấp vỗ về chứ đừng sợ bén hơi hay không chịu rời mẹ, lúc này trẻ còn quá nhỏ và sợ hãi với những thay đổi bên ngoài nên rất cần có mẹ ở bên.\nTrẻ vẫn đi tiêu đều đặn mỗi ngày, tuy nhiên nếu thấy phân của trẻ cứng và 2 - 3 ngày mới đi một lần thì hãy xem lại khẩu phần dinh dưỡng của mẹ và thay đổi cho phù hợp.\nVào ngày thứ 7, rốn của trẻ cũng đã bắt đầu khô dần và nên duy trì việc vệ sinh rốn bằng nước muối sinh lý mỗi ngày, một số trẻ có thể bị rụng rốn chỉ trong tuần đầu sau sinh, tuy nhiên cũng có trẻ kéo dài đến 15 ngày, nếu thấy rốn bé sang ngày thứ 7 mà vẫn chưa khô và rỉ nước, sưng tấy đỏ thì nên cho trẻ đi khám để được xử lý kịp thời vì rất có thể đó là dấu hiệu nhiễm khuẩn hoặc nhiễm trùng rốn.\nMột số trẻ có thể bị rụng rốn chỉ trong tuần đầu sau sinh, tuy nhiên cũng có trẻ kéo dài đến 15 ngày \nChăm sóc bà mẹ trong tuần đầu tiên sau sinh phải bao gồm: Chế độ ăn uống hàng ngày, sức khỏe chung, tình trạng sốt, có rỉ nước hoặc són phân không, đại tiện và tiểu tiện, có đau bụng và sản dịch như nào, tình trạng đau, tiết sữa, vú cương, có đủ sữa hay không, trạng thái tinh thần như thế nào...\nKhông chỉ trẻ mà mẹ cũng cần được chăm sóc sau s']",Khoảng 43 – 57 ml cho mỗi lần bú.,4,0.75,1.0,0.697,0.833,True,done,
33,kb1,Sữa mẹ chứa bao nhiêu phần trăm là nước?,Sữa mẹ chứa khoảng 87% là nước.,"['Chủ đề: Medicine. Tiêu đề: Công dụng của rau ngót - Rau ngót giúp tăng tạo sữa mẹ ở phụ nữ cho con bú. Từ khoá: Rau ngót. Câu hỏi: Trong nghiên cứu của Indonesia, chiết xuất từ rau ngót làm tăng sản xuất sữa mẹ bao nhiêu phần trăm so với giả dược?. Trả lời: Trong nghiên cứu ở Indonesia, chiết xuất từ lá rau làm tăng sản xuất sữa mẹ lên đến 50,7% so với giả dược.. Ngữ cảnh: Tiêu thụ rau ngót có thể có lợi cho phụ nữ đang cho con bú. Trong một nghiên cứu trên người, chiết xuất từ rau được chứng minh là giúp tăng sản xuất sữa mẹ. Một nghiên cứu ở Indonesia cho thấy: chiết xuất từ lá rau làm tăng sản xuất sữa mẹ lên đến 50,7% so với giả dược. Hơn nữa, việc tiêu thụ rau còn làm tăng đáng kể hàm lượng vitamin A trong sữa mẹ.', '44 Sữa tăng trưởng (growing up milk): Sản phẩm sữa được tiếp thị cho trẻ em từ 1 đến 3 tuổi. Các sản phẩm này hỗ trợ bổ sung dinh dưỡng cho trẻ em nhưng không bắt buộc. Sữa động vật là chất lỏng màu trắng được tiết ra từ tuyến vú của động vật có vú cái (bò, dê, cừu, lạc đà…) sau khi sinh con, có chức năng nuôi dưỡng con non trong giai đoạn đầu đời. Sữa ít béo (low-fat milk): Sữa được giảm bớt một phần chất béo so với sữa nguyên chất (sữa bò ho ặc sữa động vật khác). S ữa tách béo có hàm lư ợng chất béo 1 -2% nhưng vẫn giữ lại phần lớn các chất dinh dưỡng khác. Sữa tách béo (skim milk): Sữa được loại bỏ hoàn toàn hoặc gần như toàn bộ chất béo so với sữa nguyên chất (sữa bò hoặc sữa động vật khác). Sữa tách béo có hàm lư ợng chất béo giảm xuống dưới 0,5% nhưng vẫn giữ lại phần lớn các chất dinh dưỡng khác. Sữa thực vật (plant-based milk): Được chế biến từ nguyên liệu có nguồn gốc thực vật như hạt, ngũ cốc, đậu đỗ, thông qua quá trình ngâm, xay, l ọc để tạo thành chất lỏng có màu trắng đục, tương tự sữa động vật. Thức ăn bổ sung tăng cường dinh dưỡng: Thức ăn bổ sung được thiết kế đặc biệt để cung cấp thêm năng lượng và/hoặc các chất dinh dưỡng. Những thức ăn này có thể được sản xuất ', 'Chủ đề: Body Part. Tiêu đề: Chúng ta nên ăn bao nhiêu protein mỗi ngày?. Từ khoá: Protein. Câu hỏi: Viện Y học khuyến cáo nên cung cấp bao nhiêu phần trăm lượng calo hàng ngày đến từ protein?. Trả lời: Theo Viện Y học, nên cung cấp 10 đến 35 phần trăm lượng calo hàng ngày đến từ protein.. Ngữ cảnh: Viện Y học khuyến cáo rằng nên cung cấp 10 đến 35 phần trăm lượng calo hàng ngày đến từ protein. Đối với một người trưởng thành, một người trưởng thành 70 kg nên ăn ít nhất 58 g protein mỗi ngày. Lượng này tương đương với lượng protein có trong khoảng 200 gram ức gà hoặc 240 gram các loại hạt hỗn hợp. Trong các giai đoạn tăng trưởng, chẳng hạn như thời thơ ấu, mang thai và cho con bú, nhu cầu protein tương đối cao. Ngoài ra, khi về già, tỷ lệ protein trên năng lượng của chúng ta bắt đầu tăng lên. Điều này có nghĩa là chúng ta cần cùng một lượng protein nhưng ít năng lượng hơn do giảm tỷ lệ trao đổi chất và lối sống ít vận động hơn.', 'Câu hỏi: Trẻ bú bao nhiêu lần trong ngày là đủ ? khoảng cách giữa các cử bú là bao nhiêu?. Trả lời: Các mẹ hãy cho trẻ bú bất cứ khi nào trẻ đòi bú (cả ban ngày và ban đêm). Thông thường mỗi cử bú của trẻ sẽ kéo dài từ 10 đến 15 phút. Tuy nhiên một số trẻ lại muốn bú lâu hơn, khoảng 20 phút. Khi trẻ đã nhận đủ sữa, trẻ sẽ tự nhả vú, hài lòng và ngủ rất ngon.\nGợi ý cho các bà mẹ:\n- Trẻ bú đủ sữa, thường đi tiểu ít nhất từ 6-8 lần/ ngày, nước tiểu loãng, không nặng mùi.\n- Nếu trẻ bú không đủ sữa, trẻ đi tiểu dưới 6 lần/ ngày. Nước tiểu trẻ bị cô đặc, nặng mùi và có màu vàng đậm..']",Sữa mẹ chứa tới 88% là nước.,4,0.0,1.0,0.765,0.0,True,done,
34,kb1,Tại sao không nên cho trẻ bú bình hoặc dùng núm vú giả?,"Trẻ không nên bú bình hoặc dùng núm vú giả vì sẽ làm cho trẻ quen bú vú giả bỏ bú mẹ sau này.

Theo tài liệu RAG, việc cho trẻ bú bằng bình với núm vú giả sẽ làm cho trẻ quen bú vú giả và có thể bỏ bú mẹ sau này (Tài liệu số 5).","['Đau và nứt núm vú • Nguyên nhân nứt núm vú: Thường gặp nhất là do trẻ ngậm bắt vú không đúng. Lúc đầu núm vú chưa nứt, núm vú trông có vẻ vẫn bình thường hoặc có đường thắt lại khi trẻ nhả vú ra. Nếu cứ tiếp tục như vậy sẽ làm tổn thương da núm vú và gây nứt núm vú. • Cách xử trí – Không nên rửa bầu vú bằng xà phòng hoặc khăn thô ráp, làm mất đi chất dầu tự nhiên có ở da núm vú càng gây khô nứt hơn – Không nên dùng các loại thuốc hoặc dầu bôi vì sẽ gây kích ứng da núm vú và chưa có bằng chứng nói rằng các loại thuốc này có tác dụng. – Nên làm: sau mỗi lần trẻ bú hãy vắt một ít sữa bôi xung quanh núm và đầu vú. Điều này sẽ giúp chóng lành vết thương.', '41 - Có thể sốt, đau đầu, mệt mỏi. Xử trí – Chăm sóc - Nghỉ ngơi nhiều và có một chế độ ăn uống lành mạnh, cân đối - Tránh để cho ngực lúc nào cũng trong tình trạng căng, tắc sữa. - Cho trẻ bú từng bên m ột, nếu trẻ bú không h ết phải vắt bỏ sữa thừa, tránh ứ đọng sữa. - Thay đổi vị trí cho con bú, không sử dụng vú như một núm vú giả. - Nếu sau khi th ử các biện pháp trong vòng 24 gi ờ, các triệu chứng không cải thiện, phải được khám và điều trị. Áp xe vú Nguyên nhân - Bà mẹ cho con bú không đúng cách có thể gây nứt núm vú hoặc răng của bé cắn vào núm vú. .. tạo điều kiện cho vi khuẩn xâm nhập vào vú. - Bà mẹ để sữa bị ứ đọng trong tuyến vú dễ gây áp xe vú. - Tắc tia sữa: bà mẹ đang cho con bú không thực hiện thông tia sữa sau đẻ, không vắt bỏ sữa thừa khi con bú', 'Điều kiện 8 Khuyến khích cho trẻ bú mẹ theo nhu cầu. Bú theo nhu cầu là cho trẻ bú bất cứ khi nào trẻ hoặc bà mẹ muốn, không hạn chế thời gian và số lần bú. • Giúp bà mẹ biết cách nhận biết các dấu hiệu muốn bú của trẻ để cho trẻ bú ngay không nên chờ đến khi trẻ khóc hay mệt mới cho trẻ bú • Hãy để trẻ bú bao lâu tuỳ thích và giúp trẻ ngậm bắt vú đúng. • Cho trẻ bú hết từng bên vú để nhận được sữa cuối có nhiều chất béo. Sau đó chuyển sang vú bên kia nếu trẻ còn muốn bú.', 'Núm vú nhiễm nấm Candida Triệu chứng • Núm vú của bà mẹ rất đau và ngứa. Đau phải bỏng như có kim châm vào. • Da bầu vú có thể đỏ, căng bóng và bong ra từng mảng. Núm vú và quầng vú có thể mất đi một số sắc tố. • Thường xảy ra sau khi điều trị viêm vú hoặc nhiễm khuẩn khác. • Kiểm tra xem trẻ có bị tưa, đốm trắng ở miệng hoặc đốm nốt ở mông. Điều trị • Điều trị nhiễm nấm Candida một cách triệt để cho cả 2 mẹ con Phòng bệnh • Không cho trẻ dùng núm vú ngậm giả, chắn núm vú. • Đối với các bà mẹ nhiễm HIV điều đặc biệt quan trọng là phải điều trị sớm các tổn thương ở vú và miệng trẻ.', 'Nuôi dưỡng trẻ sinh thấp cân (1) Nuôi con bằng sữa mẹ cho trẻ sinh thấp cân có thể bú mẹ • Cho trẻ bú mẹ ngay sau sinh càng sớm càng tốt. • Trẻ sinh thấp cân thường bú yếu nên mỗi lần trẻ chỉ bú được ít sữa, vì vậy cần cho trẻ bú theo nhu cầu và thường xuyên hơn. • Trong những ngày đầu sau sinh, bà mẹ cho trẻ tập bú nhưng vẫn kết hợp vắt sữa và cho trẻ ăn bằng cốc, thìa để giúp trẻ tập phản xạ mút, nuốt sữa vừa đảm bảo trẻ nhận đủ lượng sữa cần thiết. • Tuyệt đối không nên cho trẻ bú bằng bình với núm vú giả vì sẽ làm cho trẻ quen bú vú giả bỏ bú mẹ sau này. • Cán bộ y tế cần hướng dẫn bà mẹ kỹ năng vắt sữa và cho trẻ ăn bằng cốc.']","Trẻ bú bằng bình với núm vú giả vì sẽ làm cho trẻ quen bú vú giả bỏ bú mẹ sau này, gây giảm bú và giảm sản xuất sữa.",5,0.167,1.0,0.647,1.0,True,done,
35,kb1,Hormon nào chịu trách nhiệm tạo sữa và hormon nào giúp phun sữa?,Hormon prolactin chịu trách nhiệm tạo sữa và phun sữa ở mẹ.,"['Chủ đề: Body Part. Tiêu đề: Chức năng - Tổng hợp. Từ khoá: Gan. Câu hỏi: Gan đóng vai trò như thế nào trong quá trình chuyển hóa protein?. Trả lời: Gan chịu trách nhiệm chính cho quá trình chuyển hóa protein, tổng hợp cũng như thoái hóa. Nó cũng chịu trách nhiệm cho một phần lớn tổng hợp axit amin.. Ngữ cảnh: Nó đóng vai trò chính trong chuyển hóa carbohydrate, protein, axit amin và lipid. 1. Chuyển hóa carbohydrate Gan thực hiện một số vai trò trong chuyển hóa carbohydrate Nó tổng hợp và lưu trữ khoảng 100 g glycogen thông qua quá trình glycogenesis – sự hình thành glycogen từ glucose. Khi cần, gan giải phóng glucose vào máu bằng cách thực hiện quá trình glycogenolysis – phân hủy glycogen thành glucose. Nó cũng chịu trách nhiệm cho quá trình gluconeogenesis, đó là sự tổng hợp glucose từ một số axit amin, lactate hoặc glycerol. Mô mỡ và tế bào gan sản xuất glycerol bằng cách phân hủy chất béo mà gan sử dụng cho quá trình gluconeogenesis. 2. Chuyển hóa protein Gan chịu trách nhiệm chính cho quá trình chuyển hóa protein, tổng hợp cũng như thoái hóa. Nó cũng chịu trách nhiệm cho một phần lớn tổng hợp axit amin. Nó đóng vai trò trong việc sản xuất các yếu tố đông máu, cũng như sản xuất', 'Chủ đề: Body Part. Tiêu đề: Hệ nội tiết là gì?. Từ khoá: Hệ nội tiết. Câu hỏi: Hệ nội tiết có vai trò gì trong cơ thể sống?. Trả lời: Hệ nội tiết là một mạng lưới các tuyến trong cơ thể – nơi tạo ra những nội tiết tố (hormone) giúp các tế bào “giao tiếp” với nhau. Chúng chịu trách nhiệm về hầu hết mọi tế bào, cơ quan và chức năng trong cơ thể.. Ngữ cảnh: Hệ thống nội tiết là một mạng lưới các tuyến trong cơ thể – nơi tạo ra những nội tiết tố (hormone) giúp các tế bào “giao tiếp” với nhau. Chúng chịu trách nhiệm về hầu hết mọi tế bào, cơ quan và chức năng trong cơ thể. Nếu hệ nội tiết bị rối loạn hoặc có sự mất cân bằng của các hormone, bạn có thể gặp nhiều vấn đề về sức khỏe trong tuổi dậy thì, mang thai hoặc kiểm soát cân nặng…1', 'Chủ đề: Drug. Tiêu đề: Đối tượng đặc biệt sử dụng Cimetidin - Phụ nữ cho con bú. Từ khoá: Cimetidin. Câu hỏi: Cimetidin có bài tiết vào sữa mẹ không?. Trả lời: Có, Cimetidin được bài tiết vào sữa mẹ và đạt nồng độ trong sữa cao hơn nồng độ trong huyết tương của người mẹ.. Ngữ cảnh: Cimetidin được bài tiết vào sữa và đạt nồng độ trong sữa cao hơn nồng độ trong huyết tương của người mẹ. Vì thế nên tránh cho con bú khi dùng thuốc', 'Chủ đề: Body Part. Tiêu đề: Chức năng - Tổng hợp. Từ khoá: Gan. Câu hỏi: Chức năng chính của gan trong chuyển hóa carbohydrate là gì?. Trả lời: Gan tổng hợp và lưu trữ khoảng 100 g glycogen thông qua quá trình glycogenesis và giải phóng glucose vào máu bằng quá trình glycogenolysis khi cần thiết.. Ngữ cảnh: Nó đóng vai trò chính trong chuyển hóa carbohydrate, protein, axit amin và lipid. 1. Chuyển hóa carbohydrate Gan thực hiện một số vai trò trong chuyển hóa carbohydrate Nó tổng hợp và lưu trữ khoảng 100 g glycogen thông qua quá trình glycogenesis – sự hình thành glycogen từ glucose. Khi cần, gan giải phóng glucose vào máu bằng cách thực hiện quá trình glycogenolysis – phân hủy glycogen thành glucose. Nó cũng chịu trách nhiệm cho quá trình gluconeogenesis, đó là sự tổng hợp glucose từ một số axit amin, lactate hoặc glycerol. Mô mỡ và tế bào gan sản xuất glycerol bằng cách phân hủy chất béo mà gan sử dụng cho quá trình gluconeogenesis. 2. Chuyển hóa protein Gan chịu trách nhiệm chính cho quá trình chuyển hóa protein, tổng hợp cũng như thoái hóa. Nó cũng chịu trách nhiệm cho một phần lớn tổng hợp axit amin. Nó đóng vai trò trong việc sản xuất các yếu tố đông máu, cũng như sản xuất h']",Prolactin giúp tạo sữa và Oxytocin giúp phun sữa (tống sữa ra ngoài).,4,0.5,1.0,0.578,0.583,True,done,
36,kb1,Kích thích phản xạ oxytocin trước khi vắt sữa có quan trọng không?,"Phản xạ oxytocin rất quan trọng giúp tống sữa ra ngoài. Khi bà mẹ vắt sữa, phản xạ oxytocin không thể hoạt động tốt bằng khi trẻ bú. Bà mẹ cần biết cách hỗ trợ cho phản xạ oxytocin, nếu không bà mẹ sẽ gặp khó khăn trong việc vắt sữa.","['Chuẩn bị vắt sữa Chuẩn bị dụng cụ đựng sữa • Chọn một chiếc cốc, ly, lọ hoặc bình đựng có miệng rộng. • Rửa cốc bằng xà phòng và nước (Bà mẹ có thể chuẩn bị từ hôm trước). • Rót nước sôi vào cốc và để trong vài phút. Nước đang sôi sẽ tiêu diệt hầu hết các vi khuẩn. Khi đã sẵn sàng vắt sữa thì đổ nước đi. Kích thích phản xạ oxytocin trước khi vắt sữa • Phản xạ oxytocin rất quan trọng giúp tống sữa ra ngoài. • Khi bà mẹ vắt sữa, phản xạ oxytocin không thể hoạt động tốt bằng khi trẻ bú. Bà mẹ cần biết cách hỗ trợ cho phản xạ oxytocin, nếu không bà mẹ sẽ gặp khó khăn trong việc vắt sữa.', 'Chủ đề: Body Part. Tiêu đề: Hormone oxytocin được kiểm soát như thế nào?. Từ khoá: Oxytocin. Câu hỏi: Cảm ứng oxytocin có tác động như thế nào sau khi sinh?. Trả lời: Oxytocin sẽ ngừng tiết sau khi sinh em bé.. Ngữ cảnh: Oxytocin được kiểm soát bởi một cơ chế phản hồi tích cực. Trong đó việc giải phóng hormone gây ra một hành động kích thích, từ hành động này lại phản hồi kích thích tiết nhiều oxytocin hơn. Ví dụ, khi tử cung bắt đầu co bóp, oxytocin được giải phóng, kích thích các cơn co thắt tử cung. Khi tử cung co thắt lại tiếp tục kích thích lượng oxytocin được giải phóng nhiều hơn. Bằng cách này, các cơn co thắt sẽ tiếp tục tăng cường độ và tần suất nhờ nồng độ oxytocin ngày một tăng cao. Không chỉ tác động lên cơn co thắt tử cung, phản hồi tích cực còn liên quan đến phản xạ tạo sữa. Khi trẻ bú vú mẹ, kích thích từ vú sẽ dẫn đến tiết oxytocin vào máu. Oxytocin lại tác động vào cơ trơn của vú và tiếp tục đẩy sữa ra ngoài. Ngoài ra, oxytocin cũng được giải phóng vào não để giúp kích thích bài tiết oxytocin hơn nữa. Tuy nhiên các quá trình này sẽ tự giới hạn khi không còn sự kích thích các cơ quan đích. Ví dụ oxytocin sẽ ngừng tiết sau khi sinh em bé hoặc khi em bé ngừng bú sữa m', 'Chủ đề: Body Part. Tiêu đề: Hormone oxytocin được kiểm soát như thế nào?. Từ khoá: Oxytocin. Câu hỏi: Hormone oxytocin được kiểm soát như thế nào?. Trả lời: Oxytocin được kiểm soát bởi một cơ chế phản hồi tích cực.. Ngữ cảnh: Oxytocin được kiểm soát bởi một cơ chế phản hồi tích cực. Trong đó việc giải phóng hormone gây ra một hành động kích thích, từ hành động này lại phản hồi kích thích tiết nhiều oxytocin hơn. Ví dụ, khi tử cung bắt đầu co bóp, oxytocin được giải phóng, kích thích các cơn co thắt tử cung. Khi tử cung co thắt lại tiếp tục kích thích lượng oxytocin được giải phóng nhiều hơn. Bằng cách này, các cơn co thắt sẽ tiếp tục tăng cường độ và tần suất nhờ nồng độ oxytocin ngày một tăng cao. Không chỉ tác động lên cơn co thắt tử cung, phản hồi tích cực còn liên quan đến phản xạ tạo sữa. Khi trẻ bú vú mẹ, kích thích từ vú sẽ dẫn đến tiết oxytocin vào máu. Oxytocin lại tác động vào cơ trơn của vú và tiếp tục đẩy sữa ra ngoài. Ngoài ra, oxytocin cũng được giải phóng vào não để giúp kích thích bài tiết oxytocin hơn nữa. Tuy nhiên các quá trình này sẽ tự giới hạn khi không còn sự kích thích các cơ quan đích. Ví dụ oxytocin sẽ ngừng tiết sau khi sinh em bé hoặc khi em bé ngừng bú ', 'Chủ đề: Body Part. Tiêu đề: Hormone oxytocin được kiểm soát như thế nào?. Từ khoá: Oxytocin. Câu hỏi: Cơ chế phản hồi tích cực liên quan tới oxytocin là gì?. Trả lời: Khi tử cung bắt đầu co bóp, oxytocin được giải phóng, kích thích các cơn co thắt tử cung. Khi tử cung co thắt lại tiếp tục kích thích lượng oxytocin được giải phóng nhiều hơn, do đó các cơn co thắt sẽ tiếp tục tăng cường độ và tần suất nhờ nồng độ oxytocin ngày một tăng cao.. Ngữ cảnh: Oxytocin được kiểm soát bởi một cơ chế phản hồi tích cực. Trong đó việc giải phóng hormone gây ra một hành động kích thích, từ hành động này lại phản hồi kích thích tiết nhiều oxytocin hơn. Ví dụ, khi tử cung bắt đầu co bóp, oxytocin được giải phóng, kích thích các cơn co thắt tử cung. Khi tử cung co thắt lại tiếp tục kích thích lượng oxytocin được giải phóng nhiều hơn. Bằng cách này, các cơn co thắt sẽ tiếp tục tăng cường độ và tần suất nhờ nồng độ oxytocin ngày một tăng cao. Không chỉ tác động lên cơn co thắt tử cung, phản hồi tích cực còn liên quan đến phản xạ tạo sữa. Khi trẻ bú vú mẹ, kích thích từ vú sẽ dẫn đến tiết oxytocin vào máu. Oxytocin lại tác động vào cơ trơn của vú và tiếp tục đẩy sữa ra ngoài. Ngoài ra, oxytocin cũng đượ']","Phản xạ oxytocin rất quan trọng giúp tống sữa ra ngoài. Khi bà mẹ vắt sữa, phản xạ oxytocin không thể hoạt động tốt bằng khi trẻ bú. Bà mẹ cần biết cách hỗ trợ cho phản xạ oxytocin, nếu không bà mẹ sẽ gặp khó khăn trong việc vắt sữa.",4,1.0,1.0,0.751,1.0,True,done,
37,kb1,Nếu vú đầy sữa thì sự bài tiết sữa sẽ như thế nào?,Nếu vú đầy sữa thì sự bài tiết sữa sẽ dừng lại.,"['Các yếu tố ức chế trong sữa mẹ Nếu vú đầy sữa thì sự bài tiết sữa sẽ dừng lạiChất ức chế', 'Đặc điểm giải phẫu vú Núm vú Xoang sữa Ống dẫn sữa Tuyến Montgomery Quầng vú Các nang sữa Mô nâng đỡ và mỡ Tế bào tiết sữa Tế bào cơ Oxytocin làm co tế bào cơ Prolactin kích thích bài tiết sữa', 'SỮA TRƯỞNG THÀNH \uf0fc Bài tiết từ ngày 2, hiện tượng căng sữa \uf0fc Số lượng nhiều, đủ nhu cầu của trẻ, TB 1 bà mẹ 800-1200ml/ ngày \uf0fc Sữa đầu bữa bú: bài tiết ở đầu bữa bú của trẻ, thường loãng, màu hơi xanh, số lượng nhiều, chủ yếu cung cấp đạm, đường lactose, nước và các chất dinh dưỡng khác \uf0fc Sữa cuối bữa bú: bài tiết cuối bữa bú của trẻ. Sữa cuối bữa mầu trắng đục vì chứa nhiều chất béo, chất béo này cung cấp nhiều năng lượng • Tại sao cần cho bú mẹ hết bên vú này mới chuyển sang bế vú đối diện?', 'Chủ đề: Body Part. Tiêu đề: Cấu tạo. Từ khoá: Vú. Câu hỏi: Phần sản xuất sữa của vú được chia thành bao nhiêu phần?. Trả lời: Phần sản xuất sữa của vú được chia thành 15 đến 20 phần, được gọi là thùy.. Ngữ cảnh: Ở phụ nữ, vú đè lên cơ ngực lớn và thường kéo dài từ xương sườn thứ hai đến xương sườn thứ sáu ở phía trước của lồng xương sườn. Do đó, vú bao phủ phần lớn vùng thành ngực. Ở phía trước ngực, mô vú có thể kéo dài từ xương đòn đến giữa xương ức. Ở hai bên ngực, mô vú có thể kéo dài vào nách và có thể vươn ra phía sau. Là một tuyến, vú bao gồm các lớp mô khác nhau, chủ yếu có hai loại: mô mỡ và mô tuyến, ảnh hưởng đến chức năng tiết sữa của vú. Mỡ dưới da bao phủ và bao bọc một mạng lưới các ống dẫn hội tụ trên núm vú. Chính các mô này cung cấp cho vú kích thước và hình dạng của nó. Ở cuối các ống dẫn là các tiểu thùy, nơi sữa được sản xuất và lưu trữ để đáp ứng với các thay đổi nội tiết tố. Trong thời kỳ mang thai, vú phản ứng với sự tương tác phức tạp của các hormone, bao gồm estrogen, progesterone và prolactin, làm trung gian cho sự hoàn thành phát triển của nó, để chuẩn bị tiết sữa cho bé bú. Phần sản xuất sữa của vú được tổ chức thành 15 đến 20 phần, được gọi là thùy. Tr', 'Chủ đề: Body Part. Tiêu đề: Cấu tạo. Từ khoá: Vú. Câu hỏi: Các tuyến Montgomery có chức năng gì?. Trả lời: Các tuyến Montgomery tiết ra chất lỏng nhờn giúp bôi trơn và bảo vệ núm vú trong thời gian cho con bú.. Ngữ cảnh: Ở phụ nữ, vú đè lên cơ ngực lớn và thường kéo dài từ xương sườn thứ hai đến xương sườn thứ sáu ở phía trước của lồng xương sườn. Do đó, vú bao phủ phần lớn vùng thành ngực. Ở phía trước ngực, mô vú có thể kéo dài từ xương đòn đến giữa xương ức. Ở hai bên ngực, mô vú có thể kéo dài vào nách và có thể vươn ra phía sau. Là một tuyến, vú bao gồm các lớp mô khác nhau, chủ yếu có hai loại: mô mỡ và mô tuyến, ảnh hưởng đến chức năng tiết sữa của vú. Mỡ dưới da bao phủ và bao bọc một mạng lưới các ống dẫn hội tụ trên núm vú. Chính các mô này cung cấp cho vú kích thước và hình dạng của nó. Ở cuối các ống dẫn là các tiểu thùy, nơi sữa được sản xuất và lưu trữ để đáp ứng với các thay đổi nội tiết tố. Trong thời kỳ mang thai, vú phản ứng với sự tương tác phức tạp của các hormone, bao gồm estrogen, progesterone và prolactin, làm trung gian cho sự hoàn thành phát triển của nó, để chuẩn bị tiết sữa cho bé bú. Phần sản xuất sữa của vú được tổ chức thành 15 đến 20 phần, được gọi là']",Nếu vú đầy sữa thì sự bài tiết sữa sẽ dừng lại.,5,1.0,1.0,0.775,1.0,True,done,
38,kb1,Hậu quả của việc trẻ ngậm bắt vú sai là gì?,"Hậu quả của việc trẻ ngậm bắt vú sai bao gồm:

- Đau núm vú
- Tổn thương núm vú
- Cương tức vú
- Trẻ bú không đủ sữa, khóc nhiều
- Trẻ đòi bú liên tục, mỗi lần bú kéo dài hơn bình thường
- Giảm sự tạo sữa
- Trẻ không tăng cân","['Hậu quả trẻ ngậm bắt vú sai • Đau núm vú • Tổn thương núm vú • Cương tức vú • Trẻ bú không đủ sữa, khóc nhiều • Trẻ đòi bú liên tục, mỗi lần bú kéo dài hơn bình thường • Giảm sự tạo sữa • Trẻ không tăng cân', '3/8 Nhìn từ bên ngoài Nhìn từ bên trong 3/9 Kỹ thuật cho trẻ ngậm bắt vú (1) Dấu hiệu ngậm bắt vú sai', 'Dấu hiệu ngậm bắt vú đúng Kỹ thuật cho trẻ ngậm bắt vú (1) 3/7 Ngậm bắt vú đúng (nhìn từ bên ngoài) Ngậm bắt vú đúng (nhìn từ bên trong)', 'Viêm vú và tắc ống dẫn sữa Nguyên nhân • Sữa lưu thông kém tại toàn bộ bầu vú là do bà mẹ không cho trẻ bú thường xuyên hoặc trẻ bú không hiệu quả. Trẻ ngậm bắt vú không đúng • Sữa lưu thông kém tại một phần vú có thể do bú không hiệu quả, áo quá chật đè vào bầu vú, đặc biệt là áo nịt ngực vào ban đêm, hoặc ngón tay bà mẹ kẹp vào bầu vú khi cho trẻ bú. • Trẻ ngậm bắt vú kém sẽ làm nứt núm vú, từ đó vi khuẩn sẽ xâm nhập vào mô vú và có thể gây ra viêm vú.', '37 Cách nâng bầu vú khi cho trẻ bú - Ngón tay cái để trên vú. - Các ngón tay còn l ại tựa vào ng ực đỡ phía dưới bầu vú. - Ngón tay trỏ nâng vú Hướng dẫn bà mẹ giúp trẻ ngậm bắt vú đúng - Giữ cho thân và đầu trẻ thẳng. - Mặt trẻ hướng về phía vú, mũi tương ứng với núm vú. - Thân trẻ áp sát vào người mẹ. - Nâng đỡ toàn bộ thân trẻ, không chỉ nâng cổ và vai. - Trước khi cho bú nên vắt bỏ vài giọt sữa đầu. - Bà mẹ cho núm vú chạm vào môi trẻ. - Đợi khi miệng trẻ mở rộng, chuyển nhanh núm vú vào miệng trẻ, giúp trẻ ngậm sâu tới tận quầng vú. - Mút vú có hiệu quả là mút chậm, sâu, có nghỉ. CHĂM SÓC VÚ TRONG 1 SỐ TRƯỜNG HỢP ĐẶC BIỆT Cương vú: Nguyên nhân Cương s ữa sinh lý thư ờng xu ất hi ện t ừ 2-7 ngày sau sinh.Tuy nhiên còn có thể do 1 số yếu tố khác như:']","Gây đau,tổn thương núm vú, cương tức vú, trẻ bú không đủ sữa, trẻ đòi bú liên tục, mỗi lần bú kéo dài hơn bình thường, giảm sự tạo sữa và trẻ không tăng cân.",5,0.556,1.0,0.422,0.887,True,done,
39,kb1,Có bao nhiêu trường hợp bà mẹ được khuyến nghị cần vắt sữa?,"Bà mẹ cần vắt sữa trong các trường hợp sau:

- Trẻ không bú được.
- Trẻ sinh đôi, cần nhiều thời gian mới thích nghi được với việc bú mẹ.
- Mẹ bị giang mai và viêm gan đang tiến triển, cần vắt bỏ sữa đến khi điều trị ổn định.
- Trẻ có tổn thương ở miệng, như tưa miệng, viêm lợi.

MomCare chưa tìm thấy đủ thông tin trong kho tài liệu để trả lời câu hỏi này.","['218 | 3. Cho con bú trong những ngày đầu. - Giải thích những thay đổi về vú trong những ngày đầu. - Không hạn chế số lần cho trẻ bú, cho bú theo nhu cầu, ít nhất là 8 lần/ngày, cả ngày và đêm. - Bú hết sữa một bên vú mới chuyển sang bên kia. - Không dứt vú khi bé chưa muốn thôi bú. - Chỉ cho bú sữa mẹ, không cho trẻ ăn hay uống bất cứ thức ăn, nước uống nào khác. - Nếu vú cương đau hoặc trẻ khó bắt vú giai đoạn đầu: hướng dẫn bà mẹ vắt sữa và giải thích cho bà mẹ yên tâm là vấn đề này sẽ được giải quyết, trẻ sẽ bú lại được bình thường. 4. Cho trẻ non tháng, nhẹ cân bú mẹ. - Nhấn mạnh tầm quan trọng của việc nuôi con bằng sữa mẹ. - Giúp bà mẹ yên tâm là có thể nuôi con bằng sữa mẹ. - Khuyến khích bà mẹ vắt sữa từ ngày đầu. - Để giúp sữa chảy tốt, nhắc người mẹ vắt ít sữa trước lúc cho bé bắt vú. - Nếu trẻ không bú được, cần vắt sữa, cho ăn bằng thìa và cốc sạch, tốt nhất là luộc các dụng cụ trước khi cho trẻ ăn. - Giải thích cho bà mẹ là trẻ sẽ lớn dần và bú tốt hơn. 5. Cho trẻ sinh đôi bú. - Giúp bà mẹ yên tâm là với 2 bầu vú, bà mẹ có thể nuôi cả 2 con. - Có thể cho cả 2 trẻ bú cùng một lúc hoặc 1 trẻ bú trước, 1 trẻ bú sau. - Nếu cả 2 trẻ cùng bú: \uf02b Đặt 1 gối bên dưới để đỡ hai t', 'SỮA TRƯỞNG THÀNH \uf0fc Bài tiết từ ngày 2, hiện tượng căng sữa \uf0fc Số lượng nhiều, đủ nhu cầu của trẻ, TB 1 bà mẹ 800-1200ml/ ngày \uf0fc Sữa đầu bữa bú: bài tiết ở đầu bữa bú của trẻ, thường loãng, màu hơi xanh, số lượng nhiều, chủ yếu cung cấp đạm, đường lactose, nước và các chất dinh dưỡng khác \uf0fc Sữa cuối bữa bú: bài tiết cuối bữa bú của trẻ. Sữa cuối bữa mầu trắng đục vì chứa nhiều chất béo, chất béo này cung cấp nhiều năng lượng • Tại sao cần cho bú mẹ hết bên vú này mới chuyển sang bế vú đối diện?', 'MỤC LỤC Nội dung Trang Tầm quan trọng của chăm sóc dinh dưỡng cho phụ nữ có thai và bà mẹ cho con bú 1 Nhu cầu dinh dưỡng của phụ nữ có thai và bà mẹ cho con bú 6 Khuyến nghị sử dụng sữa và chế phẩm sữa cho phụ nữ có thai và bà mẹ cho con bú 20 Dinh dưỡng cho phụ nữ có thai và bà mẹ cho con bú 24 Dinh dưỡng trong trường hợp bệnh lý khi mang thai 32 Tư vấn dinh dưỡng cho phụ nữ có thai và bà mẹ cho con bú 60 Phụ lục: Bảng tóm tắt nhu cầu dinh dưỡng khuyến nghị 66', 'người nhà biết các qui định hiện hành. 2. Hỗ trợ tinh thần cho gia đình trẻ trong các trường hợp bệnh nặng. Các hướng dẫn sau đây áp dụng ở các cơ sở y tế có điều trị trẻ bị bệnh nặng. 2.1. Đối với tất cả gia đình có trẻ bị bệnh nặng. - Động viên an ủi gia đình. \uf02b Không được trách gia đình người bệnh nếu họ đưa trẻ đến quá muộn hoặc không quan tâm đến tình trạng bệnh của trẻ. \uf02b Thông tin đầy đủ tình trạng bệnh của trẻ cho gia đìn h để cùng chia sẻ, phối hợp với cán bộ y tế trong chăm sóc trẻ. \uf02b Biểu hiện sự quan tâm, tôn trọng đối với trẻ và gia đình: \uf0b7 Khuyến khích và cho phép bà mẹ ở với trẻ. Nếu bà mẹ không thể ở với trẻ thì khuyến khích bà mẹ đến thăm trẻ càng nhiều càng tốt. Trong điều kiện tình trạng trẻ cho phép, cố gắng có giường nằm cho cả bà mẹ và trẻ. \uf0b7 Khuyến khích bà mẹ cộng tác trong việc chăm sóc trẻ. \uf0b7 Khuyến khích, động viên, hỗ trợ bà mẹ cho con bú. Trường hợp không thể cho con bú được, hướng dẫn, giúp đỡ bà mẹ vắt sữa và dùng thìa, cốc để cho trẻ ăn. - Thăm trẻ. \uf02b Chỉ những người thân trong gia đình vào thăm và hướng dẫn họ tuân thủ các qui định của bệnh viện.', 'Câu hỏi: Trẻ bú bao nhiêu lần trong ngày là đủ ? khoảng cách giữa các cử bú là bao nhiêu?. Trả lời: Các mẹ hãy cho trẻ bú bất cứ khi nào trẻ đòi bú (cả ban ngày và ban đêm). Thông thường mỗi cử bú của trẻ sẽ kéo dài từ 10 đến 15 phút. Tuy nhiên một số trẻ lại muốn bú lâu hơn, khoảng 20 phút. Khi trẻ đã nhận đủ sữa, trẻ sẽ tự nhả vú, hài lòng và ngủ rất ngon.\nGợi ý cho các bà mẹ:\n- Trẻ bú đủ sữa, thường đi tiểu ít nhất từ 6-8 lần/ ngày, nước tiểu loãng, không nặng mùi.\n- Nếu trẻ bú không đủ sữa, trẻ đi tiểu dưới 6 lần/ ngày. Nước tiểu trẻ bị cô đặc, nặng mùi và có màu vàng đậm..']","Có 7 trường hợp chính:                                                                                                                                       1. Để lại sữa cho con khi mẹ đi làm.
2. Nuôi trẻ nhẹ cân, không thể bú mẹ được.
3. Nuôi trẻ bệnh, không thể bú đủ.
4. Duy trì nguồn sữa khi bà mẹ hoặc trẻ bị ốm.
5. Ngăn không cho sữa chảy ra khi mẹ đi làm xa.
6. Giúp trẻ ngậm bắt bầu vú đang căng đầy.
7. Giúp cải thiện tình trạng cương tức vú",5,0.111,0.833,0.0,1.0,True,done,
40,kb1,Cách chuẩn bị dụng cụ đựng sữa trước khi vắt như thế nào?,"Để chuẩn bị dụng cụ đựng sữa trước khi vắt, bạn cần:

1. Chọn một chiếc cốc, ly, lọ hoặc bình đựng có miệng rộng.
2. Rửa cốc bằng xà phòng và nước (bà mẹ có thể chuẩn bị từ hôm trước).
3. Rót nước sôi vào cốc và để trong vài phút để tiêu diệt vi khuẩn.
4. Khi đã sẵn sàng vắt sữa, hãy đổ nước đi và sử dụng cốc đã được tiệt khuẩn để đựng sữa.","['Chuẩn bị vắt sữa Chuẩn bị dụng cụ đựng sữa • Chọn một chiếc cốc, ly, lọ hoặc bình đựng có miệng rộng. • Rửa cốc bằng xà phòng và nước (Bà mẹ có thể chuẩn bị từ hôm trước). • Rót nước sôi vào cốc và để trong vài phút. Nước đang sôi sẽ tiêu diệt hầu hết các vi khuẩn. Khi đã sẵn sàng vắt sữa thì đổ nước đi. Kích thích phản xạ oxytocin trước khi vắt sữa • Phản xạ oxytocin rất quan trọng giúp tống sữa ra ngoài. • Khi bà mẹ vắt sữa, phản xạ oxytocin không thể hoạt động tốt bằng khi trẻ bú. Bà mẹ cần biết cách hỗ trợ cho phản xạ oxytocin, nếu không bà mẹ sẽ gặp khó khăn trong việc vắt sữa.', 'Bảo quản sữa mẹ đã vắt như thế nào?\nMục lục\nTrước khi vắt sữa mẹ\nBảo quản sữa mẹ sau khi vắt sữa\nĐiều kiện bảo quản sữa mẹ mới vắt tốt nhất\nLưu ý khi cất trữ sữa mẹ\nLưu ý khi đông lạnh sữa mẹ\nSữa mẹ đã rã đông có mùi hoặc trông khác với sữa mẹ tươi không?\nNuôi con bằng sữa mẹ trữ đông\nVệ sinh an toàn các vật dụng cho trẻ sơ sinh và thiết bị hút sữa\nBạn đang nuôi con bằng sữa mẹ và chuẩn đi làm trở lại, muốn linh hoạt trong việc cho con bú bạn có thể cân nhắc vắt sữa cho con bằng tay hoặc sử dụng thiết bị hút sữa. Và khi bạn bắt đầu vắt sữa, điều quan trọng là phải biết cách bảo quản sữa đã vắt ra như thế nào để đảm bảo chất lượng sữa mẹ, tránh lãng phí, giúp mẹ tự tin duy trì nguồn sữa mẹ để nuôi con sau khoảng thời gian nghỉ hậu sản trở lại với công việc và đảm bảo an toàn cho trẻ. Một số lưu ý bảo quản sữa mẹ đã vắt như sau:\nTrước khi vắt sữa mẹ\nRửa tay sạch bằng xà phòng và nước. Nếu không có xà phòng và nước, hãy sử dụng dung dịch khử trùng tay có chứa ít nhất 60% cồn.\nCác mẹ có thể vắt sữa bằng tay hoặc bằng máy hút sữa bằng tay hoặc bằng điện.\nNếu sử dụng máy hút sữa, hãy kiểm tra các bộ phận máy hút và đường ống đảm bảo sạch sẽ. Thay thế các ống dây hút đã bị bẩn, mốc.\nNếu s', '48 - Bước 6: Sử dụng một tay xoa bóp bầu vú và quầng vú, tay còn l ại mẹ ấn nhẹ và kéo đ ầu vú ra. Hành đ ộng này s ẽ giúp c ải thi ện tình tr ạng núm vú b ị thụt vào bên trong hay núm vú bị ngắn khiến trẻ khó bú. CÁC BIỆN PHÁP DUY TRÌ NGUỒN SỮA MẸ - Ăn u ống đ ầy đ ủ các ch ất đ ạm, đư ờng, m ỡ. rau qu ả giàu vitamin. - Lao động hợp lý - Tinh thần thoải mái - Cho con bú đúng cách, đ ảm bảo hết sữa (kiệt sữa) sau mỗi lần bú - Không nịt chặt vú - Sinh đẻ có kế hoạch - Hạn chế dùng thuốc trong thời gian cho con bú CÁCH VẮT SỮA Cách vắt sữa bằng tay - Chuẩn bị dụng cụ đựng sữa như cốc hoặc bình sữa đã được tiệt khuẩn, hoặct úi đựng sữa chuyên dụng', '49 - Trước khi vắt sữa, bà mẹ cần rửa tay sạch sẽ và dùng khăn mềm, sạch lau qua b ầu vú; sau đó nên ng ồi hoặc đứng một cách thoải mái và giữ cốc hoặc bình sữa ở gần vú. - Đặt ngón tay cái lên phía trên núm vú và qu ầng vú, ngón tay trỏ ở phía dưới, đối diện với ngón tay cái thành hình chữ C, đỡ vú bằng các ngón tay khác. Ấn ngón cái và ngón trỏ một cách nh ẹ nhàng v ề phía trong và vào thành ng ực (không nên ấn quá m ạnh vì s ẽ làm tắc ống sữa), ấn vào r ồi thả ra, lúc đ ầu sữa có th ể chưa xuống nhưng sau khi ấn vài lần, sữa sẽ bắt đầu xuống và chảy ra. - Nên vắt mỗi bên tối thiểu từ 3-5 phút cho t ới khi thấy sữa chảy chậm lại thì chuy ển sang bên kia. Sau khi m ẹ vắt sữa xong hãy cho tr ẻ bú tiếp để bé nhận đư ợc sữa cuối mà mẹ không thể vắt ra được. Cách vắt sữa bằng máy hút sữa - Chọn ph ễu ch ụp vú v ừa v ới b ầu vú. Ph ễu ch ụp vú phải khít với đầu vú, nhưng cũng v ẫn đủ khoảng không đ ể đầu vú không bị chèn vào thành của phễu. - Đầu núm vú ph ải ằm gi ữa tâm c ủa ống ph ễu ch ụp vú. Trước khi hút s ữa, cũng c ần rửa sạch tay, ph ễu chụp vú và bình đựng sữa.']","Chọn cốc miệng rộng, rửa bằng xà phòng và nước(bà mẹ có thể chuẩn bị từ hồm trước), rót nước sôi vào cốc và để trong vài phút. Nước đang sôi sẽ tiêu diệt hầu hết các vi khuẩn. Khi đã sẵn sàng vắt sữa thì đỏ nước đi.",4,1.0,0.5,0.955,1.0,True,done,
41,kb1,Sữa mẹ bảo quản trong ngăn mát tủ lạnh (<4°C) được bao lâu?,Sữa mẹ bảo quản trong ngăn mát tủ lạnh (<4°C) được tốt nhất 4 ngày.,"['Bảo quản sữa mẹ đã vắt ra Nơi bảo quản Nhiệt độ Thời gian bảo quản \uf0b7 Ở nhiệt độ phòng 19 - 26°C \uf0b7 Tốt nhất 4 tiếng (có thể để từ 6-8 tiếng) \uf0b7 Trong ngăn mát tủ lạnh <4°C \uf0b7 Tốt nhất 4 ngày (có thể để tới 8 ngày) \uf0b7 Trong ngăn đá tủ lạnh -18 đến -20°C \uf0b7 Tốt nhất 6 tháng (có thể để tới 12 tháng)', 'Tránh các loại chai/ túi có ký hiệu tái chế số 7 (Bisphenol-A), biểu tượng này cho thấy rằng vật chứa có thể được làm bằng nhựa có chứa BPA.\nKhông bảo quản sữa mẹ trong túi nhựa không dùng để đựng sữa mẹ.\nĐiều kiện bảo quản sữa mẹ mới vắt tốt nhất\n*Thời gian bảo quản được khuyến nghị là rất quan trọng cần tuân theo để có chất lượng tốt nhất.\nNghiên cứu cho thấy rằng việc bảo quản sữa mẹ càng lâu - cho dù trong tủ lạnh hay trong tủ đông thì lượng vitamin C trong sữa bị mất đi càng nhiều.\nĐiều quan trọng cần lưu ý nữa là dinh dưỡng trong sữa mẹ luôn thay đổi để đáp ứng nhu cầu của em bé. Sữa mẹ được vắt ra khi trẻ mới sinh sẽ không đáp ứng đủ nhu cầu của trẻ vài tháng tuổi. Ngoài ra, hướng dẫn bảo quản có thể khác nhau đối với trẻ sinh non hoặc nhập viện.\nLưu ý khi cất trữ sữa mẹ\nGhi nhãn rõ ràng trên bình/túi sữa trước khi trữ đông.\nTrữ đông sữa mẹ bằng tủ đông riêng để đạt được thời gian bảo quản tốt tối đa. Không bảo quản lâu sữa mẹ trong ngăn mát tủ lạnh hoặc ngăn đá tủ lạnh. Thay đổi nhiệt độ từ việc đóng - mở cửa tủ lạnh thường xuyên có thể ảnh hưởng đến chất lượng sữa bảo quản.\nNếu sữa mẹ vắt ra không có ý định dùng trong vòng 4 ngày, hãy đông lạnh ngay để đảm bảo chất lượng c', '51 Trong ngăn mát tủ lạnh, nhiệt độ ≤-4 độ C thời gian bảo quản tốt nhất 4 ngày (có thể để tới 6-8 ngày). - Khi muốn bảo quản sữa ở ngăn đá, bà mẹ nên đặt sữa trong ngăn mát trư ớc rồi mới chuyển lên ngăn đá. Tương t ự, khi mu ốn rã đông nên chuy ển s ữa t ừ ngăn đá xu ống ngăn mát một thời gian cho sữa tan đá rồi mới mang ra sử dụng. CÁCH SỬ DỤNG SỮA MẸ ĐÃ BẢO QUẢN - Sữa b ảo qu ản trong t ủ lạnh thư ờng có l ớp v áng ổi trên bề mặt, nhưng bên dưới sữa nhìn trong như nước. - Để sử dụng nên h ấp cách th ủy (nếu bảo qu ản sữa ở ngăn đá) ho ặc làm ấm sữa bằng cách đ ặt bình ch ứa sữa vào một bát nư ớc nóng ( ếu bảo quản sữa ở ngăn mát), l ắc đều bình s ữa trư ớc khi cho bé ăn. Nếu s ữa sau khi rã đông có màu trắng đục như đám mây thì có kh ả năng sữa đã bị hỏng, không nên cho trẻ ăn sữa này vì không đảm bảo chất lượng. - Không nên rã đông s ữa ở nhiệt độ phòng vì s ẽ khiến vi khu ẩn tăng lên trong s ữa. Không đun s ữa m ẹ hoặc hâm sữa bằng lò vi sóng vì s ẽ làm mất chất dinh dư ỡng. Sữa sau khi rã đông, ếu bé bú không h ết thì phải bỏ đi, không được dùng hay trữ lại. Không pha sữa đông thừa với sữa mới vắt.', '50 - Có thể làm ẩm chụp vú đ ể tăng độ mút, kín khít. B ắt đầu hút v ới áp l ực chân không cao nh ất mà bà m ẹ vẫn thấy thoải mái. - Massage ngực trước và trong khi hút đ ể giúp sữa dễ chảy ra. Có th ể hút s ữa c ả hai bên vú cùng m ột lúc đ ể rút ngắn thời gian vắt sữa. BẢO QUẢN SỮA MẸ SAU KHI VẮT - Sử dụng bình chứa bằng thủy tinh hoặc nhựa cứng có nắp đ ậy kín ho ặc túi b ảo qu ản s ữa chuyên d ụng, dán nhãn bên ngoài ghi ngày, gi ờ vắt. Sữa vắt trước sẽ làm ấm và cho trẻ dùng trước, sữa vắt sau cho trẻ dùng sau. - Không nên đổ đầy sữa vào bình, - Mỗi bình ch ứa sữa chỉ nên chứa khoảng 60 - 120ml, vừa đủ cho 1 lần ăn của trẻ để tránh lãng phí và đ ảm bảo vệ sinh. - Không nên b ảo quản sữa ở cánh cửa tủ lạnh mà s ữa nên được bảo quản ở phía trong cùng c ủa ngăn mát t ủ lạnh và trên cùng của ngăn đá tủ lạnh. - Thời gian bảo quản sữa mẹ: Nếu ở nhiệt độ 19 - 26 độ C thì bảo quản được tốt nhất 4 tiếng (có thể để từ 6-8 tiếng).']",Tốt nhất trong 4 ngày và có thể để tới 8 ngày.,4,0.667,1.0,0.85,1.0,True,done,
42,kb1,Thời gian bảo quản sữa mẹ trong ngăn đá tủ lạnh (-18 đến -20°C)?,Sữa mẹ có thể bảo quản trong ngăn đá tủ lạnh trong thời gian tối đa 6 tháng.,"['Bảo quản sữa mẹ đã vắt ra Nơi bảo quản Nhiệt độ Thời gian bảo quản \uf0b7 Ở nhiệt độ phòng 19 - 26°C \uf0b7 Tốt nhất 4 tiếng (có thể để từ 6-8 tiếng) \uf0b7 Trong ngăn mát tủ lạnh <4°C \uf0b7 Tốt nhất 4 ngày (có thể để tới 8 ngày) \uf0b7 Trong ngăn đá tủ lạnh -18 đến -20°C \uf0b7 Tốt nhất 6 tháng (có thể để tới 12 tháng)', 'Chia nhỏ sữa lưu trữ vừa đủ cho 1 lần ăn của bé để tránh lãng phí.\nKhông đổ sữa mẹ quá đầy trong bình chứa/ túi chứa vì sữa mẹ sẽ nở ra khi đông lại.\nNếu sữa được đưa đến bệnh viện hoặc các cơ sở chăm sóc trẻ, hãy dán nhãn rõ ràng và ghi tên trẻ trên nhãn. Nếu bạn có thêm lưu ý nào khác hãy ghi cẩn thận vào nhãn và báo cho cơ sở chăm sóc trẻ đó biết.\nSữa mẹ có thể được bảo quản trong túi đá giữ nhiệt tối đa 24 giờ nếu bạn đi du lịch hoặc vận chuyển sữa đến nơi khác, sau đó hãy bảo quản trong tủ đông nếu chưa dùng đến.\nCó thể bảo quản sữa mẹ vắt ra trong túi đá giữ nhiệt tối đa 24 giờ\nRã đông sữa mẹ an toàn\n-Luôn luôn rã đông sữa mẹ cũ nhất trước. Theo thời gian, chất lượng sữa mẹ có thể giảm xuống.\n-Một số cách rã đông sữa mẹ:\nĐể trong tủ lạnh qua đêm.\nĐặt trong một ly/thau nước ấm.\nĐể dưới vòi nước ấm.\n-Không bao giờ rã đông hoặc hâm nóng sữa mẹ trong lò vi sóng. Lò vi sóng có thể phá hủy các chất dinh dưỡng trong sữa mẹ và tạo ra các điểm nóng, có thể làm bỏng miệng trẻ.\n-Nếu bạn rã đông sữa mẹ trong tủ lạnh, hãy sử dụng nó trong vòng 24 giờ (tính từ lúc sữa mẹ được rã đông hoàn toàn, không phải từ khi bạn lấy sữa ra khỏi tủ đông)\n-Sau khi sữa mẹ được rã đông và làm ấm, chỉ sử dụ', 'Tránh các loại chai/ túi có ký hiệu tái chế số 7 (Bisphenol-A), biểu tượng này cho thấy rằng vật chứa có thể được làm bằng nhựa có chứa BPA.\nKhông bảo quản sữa mẹ trong túi nhựa không dùng để đựng sữa mẹ.\nĐiều kiện bảo quản sữa mẹ mới vắt tốt nhất\n*Thời gian bảo quản được khuyến nghị là rất quan trọng cần tuân theo để có chất lượng tốt nhất.\nNghiên cứu cho thấy rằng việc bảo quản sữa mẹ càng lâu - cho dù trong tủ lạnh hay trong tủ đông thì lượng vitamin C trong sữa bị mất đi càng nhiều.\nĐiều quan trọng cần lưu ý nữa là dinh dưỡng trong sữa mẹ luôn thay đổi để đáp ứng nhu cầu của em bé. Sữa mẹ được vắt ra khi trẻ mới sinh sẽ không đáp ứng đủ nhu cầu của trẻ vài tháng tuổi. Ngoài ra, hướng dẫn bảo quản có thể khác nhau đối với trẻ sinh non hoặc nhập viện.\nLưu ý khi cất trữ sữa mẹ\nGhi nhãn rõ ràng trên bình/túi sữa trước khi trữ đông.\nTrữ đông sữa mẹ bằng tủ đông riêng để đạt được thời gian bảo quản tốt tối đa. Không bảo quản lâu sữa mẹ trong ngăn mát tủ lạnh hoặc ngăn đá tủ lạnh. Thay đổi nhiệt độ từ việc đóng - mở cửa tủ lạnh thường xuyên có thể ảnh hưởng đến chất lượng sữa bảo quản.\nNếu sữa mẹ vắt ra không có ý định dùng trong vòng 4 ngày, hãy đông lạnh ngay để đảm bảo chất lượng c', '51 Trong ngăn mát tủ lạnh, nhiệt độ ≤-4 độ C thời gian bảo quản tốt nhất 4 ngày (có thể để tới 6-8 ngày). - Khi muốn bảo quản sữa ở ngăn đá, bà mẹ nên đặt sữa trong ngăn mát trư ớc rồi mới chuyển lên ngăn đá. Tương t ự, khi mu ốn rã đông nên chuy ển s ữa t ừ ngăn đá xu ống ngăn mát một thời gian cho sữa tan đá rồi mới mang ra sử dụng. CÁCH SỬ DỤNG SỮA MẸ ĐÃ BẢO QUẢN - Sữa b ảo qu ản trong t ủ lạnh thư ờng có l ớp v áng ổi trên bề mặt, nhưng bên dưới sữa nhìn trong như nước. - Để sử dụng nên h ấp cách th ủy (nếu bảo qu ản sữa ở ngăn đá) ho ặc làm ấm sữa bằng cách đ ặt bình ch ứa sữa vào một bát nư ớc nóng ( ếu bảo quản sữa ở ngăn mát), l ắc đều bình s ữa trư ớc khi cho bé ăn. Nếu s ữa sau khi rã đông có màu trắng đục như đám mây thì có kh ả năng sữa đã bị hỏng, không nên cho trẻ ăn sữa này vì không đảm bảo chất lượng. - Không nên rã đông s ữa ở nhiệt độ phòng vì s ẽ khiến vi khu ẩn tăng lên trong s ữa. Không đun s ữa m ẹ hoặc hâm sữa bằng lò vi sóng vì s ẽ làm mất chất dinh dư ỡng. Sữa sau khi rã đông, ếu bé bú không h ết thì phải bỏ đi, không được dùng hay trữ lại. Không pha sữa đông thừa với sữa mới vắt.']",Tốt nhất trong 6 tháng và có thể lên tới 12 tháng.,4,0.5,1.0,0.959,0.833,True,done,
43,kb1,Cách rã đông và làm nóng sữa mẹ đã vắt ra đúng cách?,"Cách rã đông và làm nóng sữa mẹ đã vắt ra đúng cách là:

- Để trong tủ lạnh qua đêm.
- Đặt trong một ly/thau nước ấm.
- Để dưới vòi nước ấm.
- Không bao giờ rã đông hoặc hâm nóng sữa mẹ trong lò vi sóng.

Sau khi rã đông, hãy sử dụng sữa mẹ trong vòng 24 giờ (tính từ lúc sữa mẹ được rã đông hoàn toàn, không phải từ khi bạn lấy sữa ra khỏi tủ đông).","['Chia nhỏ sữa lưu trữ vừa đủ cho 1 lần ăn của bé để tránh lãng phí.\nKhông đổ sữa mẹ quá đầy trong bình chứa/ túi chứa vì sữa mẹ sẽ nở ra khi đông lại.\nNếu sữa được đưa đến bệnh viện hoặc các cơ sở chăm sóc trẻ, hãy dán nhãn rõ ràng và ghi tên trẻ trên nhãn. Nếu bạn có thêm lưu ý nào khác hãy ghi cẩn thận vào nhãn và báo cho cơ sở chăm sóc trẻ đó biết.\nSữa mẹ có thể được bảo quản trong túi đá giữ nhiệt tối đa 24 giờ nếu bạn đi du lịch hoặc vận chuyển sữa đến nơi khác, sau đó hãy bảo quản trong tủ đông nếu chưa dùng đến.\nCó thể bảo quản sữa mẹ vắt ra trong túi đá giữ nhiệt tối đa 24 giờ\nRã đông sữa mẹ an toàn\n-Luôn luôn rã đông sữa mẹ cũ nhất trước. Theo thời gian, chất lượng sữa mẹ có thể giảm xuống.\n-Một số cách rã đông sữa mẹ:\nĐể trong tủ lạnh qua đêm.\nĐặt trong một ly/thau nước ấm.\nĐể dưới vòi nước ấm.\n-Không bao giờ rã đông hoặc hâm nóng sữa mẹ trong lò vi sóng. Lò vi sóng có thể phá hủy các chất dinh dưỡng trong sữa mẹ và tạo ra các điểm nóng, có thể làm bỏng miệng trẻ.\n-Nếu bạn rã đông sữa mẹ trong tủ lạnh, hãy sử dụng nó trong vòng 24 giờ (tính từ lúc sữa mẹ được rã đông hoàn toàn, không phải từ khi bạn lấy sữa ra khỏi tủ đông)\n-Sau khi sữa mẹ được rã đông và làm ấm, chỉ sử dụ', 'Ngăn mát tủ lạnh (<= 4 độ C)\xa0\xa0 : \xa0\xa0\xa0\xa0\xa0\xa0\xa0\xa0\xa0\xa0\xa0\xa0\xa0\xa0 03 ngày\nNhiệt độ phòng (từ 19 độ đến 26 độ C): \xa0\xa003 giờ\n- Cách sử dụng sữa mẹ sau bảo quản:\nLấy sữa từ tủ lạnh, rã đông bằng cách cho vào ngăn mát tủ lạnh\nKhi sử dụng, làm ấm sữa bằng cách đặt bình chứa sữa vào một tô nước nóng. Không làm nóng sữa mẹ bằng cách đun sôi hoặc cho vào lò vi sóng\nNên cho trẻ ăn bằng cốc và thìa\n- Không nên:\nKhông tái đông lại sữa sau khi đã rã đông\nKhông pha sữa rã đông với sữa mới vắt\nTrong những ngày đầu sau sanh, trẻ sơ sinh phải dần thích nghi với môi trường bên ngoài; phản xạ thở, bú, nuốt của trẻ chưa hoàn chỉnh; dạ dày trẻ sơ sinh nằm ngang, và dung tích dạ dày rất nhỏ (ngày 1: 5-7ml; ngày 3: 22 – 27ml; ngày 10: 60- 80 ml) ; các mẹ cho trẻ bú mẹ cần lưu ý:\n-\xa0\xa0\xa0\xa0\xa0\xa0\xa0\xa0 Không cho trẻ uống nước đường, nước cam thảo; vì dễ làm cho trẻ ói, ọc, sặc.\n-\xa0\xa0\xa0\xa0\xa0\xa0\xa0\xa0 Khuyến khích các mẹ ngồi cho con bú, nhằm giúp trẻ ngậm bắt vú đúng và mẹ dễ quan sát trẻ .\n-\xa0\xa0\xa0\xa0\xa0\xa0\xa0\xa0 Sau khi cho trẻ bú, mẹ bế trẻ đầu cao, vỗ nhẹ vào lưng (vùng giữa hai xương bả vai), giúp cho trẻ ợ hơi trước khi đặt trẻ nằm.\n-\xa0\xa0\xa0\xa0\xa0\xa0\xa0\xa0 Đặt trẻ nằm tư thế đầu nghiêng sang một bên, nếu có ọc sữa sẽ dễ chảy ra ngoài, tránh sữa chảy vào mũi gây sặc sữa.']","• Rã đông sữa: Đưa sữa lên ngăn mát tủ lạnh cho đỡ đông sau đó để ở nhiệt độ thường cho tan hết đá, lắc đều sữa rồi làm nóng sữa.
• Làm nóng sữa: Ngâm bình sữa trong nước nóng vài phút khi sữa ấm lên là được. Không đun sôi sữa, không làm nóng sữa bằng lò vi sóng.",2,,,,,True,eval_error,Không chấm đủ 4 metrics sau retry
44,kb1,10 điều kiện nuôi con bằng sữa mẹ thành công bao gồm những gì?,"10 điều kiện nuôi con bằng sữa mẹ thành công bao gồm:

1. Có bản qui định về nuôi con bằng sữa mẹ và được phổ biến thường xuyên cho cán bộ y tế.
2. Đào tạo cho tất cả cán bộ y tế những kỹ năng cần thiết để thực hiện quy định này.
3. Thông tin cho tất cả phụ nữ có thai về lợi ích và cách thực hiện nuôi con bằng sữa mẹ.
4. Giúp các bà mẹ bắt đầu cho con bú trong vòng 1 giờ đầu sau đẻ.
5. Chỉ dẫn cho các bà mẹ cách cho con bú và duy trì nguồn sữa ngay cả khi phải xa con.
6. Không cho trẻ sơ sinh bất cứ đồ ăn thức uống gì ngoài sữa mẹ, trừ khi có chỉ định của y tế.
7. Thực hiện mẹ con ở cùng phòng để con gần mẹ suốt 24 giờ trong ngày.
8. Khuyến khích cho trẻ bú theo nhu cầu.
9. Không cho trẻ nhỏ đang bú mẹ ngậm bất cứ loại vú giả hoặc đầu vú cao su nào.
10. Khuyến khích thành lập các nhóm hỗ trợ nuôi con bằng sữa mẹ và giới thiệu các bà mẹ tới đó sau khi họ ra viện.","['Điều kiện 1 Có bản qui định về nuôi con bằng sữa mẹ và được phổ biến thường xuyên cho cán bộ y tế - Nội dung Bản qui định này phải bao gồm: • 10 điều kiện để nuôi con bằng sữa mẹ thành công. • Cấm việc cho không hoặc bán rẻ các loại sản phẩm thay thế sữa mẹ. • Giúp các bà mẹ nhiễm HIV dương tính lựa chọn cách nuôi dưỡng trẻ phù hợp với hoàn cảnh của mình và hỗ trợ họ thực hiện cách nuôi con mà họ đã chọn.', '10 điều kiện NCBSM thành công Các cơ sở y tế có nhiệm vụ chăm sóc sức khoẻ bà mẹ và trẻ em cần 1. Có bản qui định về nuôi con bằng sữa mẹ và được phổ biến thường xuyên cho cán bộ y tế. 2. Đào tạo cho tất cả cán bộ y tế những kỹ năng cần thiết để thực hiện quy định này. 3. Thông tin cho tất cả phụ nữ có thai về lợi ích và cách thực hiện nuôi con bằng sữa mẹ. 4. Giúp các bà mẹ bắt đầu cho con bú trong vòng 1 giờ đầu sau đẻ. 5. Chỉ dẫn cho các bà mẹ cách cho con bú và duy trì nguồn sữa ngay cả khi phải xa con. 6. Không cho trẻ sơ sinh bất cứ đồ ăn thức uống gì ngoài sữa mẹ, trừ khi có chỉ định của y tế. 7. Thực hiện mẹ con ở cùng phòng để con gần mẹ suốt 24 giờ trong ngày. 8. Khuyến khích cho trẻ bú theo nhu cầu. 9. Không cho trẻ nhỏ đang bú mẹ ngậm bất cứ loại vú giả hoặc đầu vú cao su nào. 10. Khuyến khích thành lập các nhóm hỗ trợ nuôi con bằng sữa mẹ và giới thiệu các bà mẹ tới đó sau khi họ ra viện.', 'Bảo quản sữa mẹ đã vắt như thế nào?\nMục lục\nTrước khi vắt sữa mẹ\nBảo quản sữa mẹ sau khi vắt sữa\nĐiều kiện bảo quản sữa mẹ mới vắt tốt nhất\nLưu ý khi cất trữ sữa mẹ\nLưu ý khi đông lạnh sữa mẹ\nSữa mẹ đã rã đông có mùi hoặc trông khác với sữa mẹ tươi không?\nNuôi con bằng sữa mẹ trữ đông\nVệ sinh an toàn các vật dụng cho trẻ sơ sinh và thiết bị hút sữa\nBạn đang nuôi con bằng sữa mẹ và chuẩn đi làm trở lại, muốn linh hoạt trong việc cho con bú bạn có thể cân nhắc vắt sữa cho con bằng tay hoặc sử dụng thiết bị hút sữa. Và khi bạn bắt đầu vắt sữa, điều quan trọng là phải biết cách bảo quản sữa đã vắt ra như thế nào để đảm bảo chất lượng sữa mẹ, tránh lãng phí, giúp mẹ tự tin duy trì nguồn sữa mẹ để nuôi con sau khoảng thời gian nghỉ hậu sản trở lại với công việc và đảm bảo an toàn cho trẻ. Một số lưu ý bảo quản sữa mẹ đã vắt như sau:\nTrước khi vắt sữa mẹ\nRửa tay sạch bằng xà phòng và nước. Nếu không có xà phòng và nước, hãy sử dụng dung dịch khử trùng tay có chứa ít nhất 60% cồn.\nCác mẹ có thể vắt sữa bằng tay hoặc bằng máy hút sữa bằng tay hoặc bằng điện.\nNếu sử dụng máy hút sữa, hãy kiểm tra các bộ phận máy hút và đường ống đảm bảo sạch sẽ. Thay thế các ống dây hút đã bị bẩn, mốc.\nNếu s', '326 | - Cho bé bú bất kỳ lúc nào bé đói, kể cả ngày và đêm. Cho bú 8 -10 lần/ngày, ban ngày không được cách quá 4 giờ, ban đêm không cách quá 6 giờ giữa 2 lần bú. - Cần duy trì cho bú mẹ ngay cả khi mẹ hoặc bé ốm. - Ngoài việc bú sữa mẹ, trẻ không ăn uống thêm một thứ gì khác. 3.4. Chuyển BPTT khác. Cần chuyển ngay sang một BPTT hiệu quả khác nếu có một trong những dấu hiệu sau: - Có kinh trở lại (không tính ra máu trong 6 tuần đầu sau sinh). - Mẹ không cho bú hoàn toàn hoặc bé đã được cho ăn/uống bổ sung. - Trẻ hơn 6 tháng tuổi. - Không muốn áp dụng biện pháp cho bú-vô kinh. 4. Đối với khách hàng HIV(+). - Khách hàng HIV(+) hoặc AIDS hoặc đang điều trị thuốc kháng virus KHÔNG NÊN sử dụng BPTT cho bú-vô kinh. - Tư vấn cho khách hàng HIV(+) phương thức nuôi con phù hợp nhất: \uf02b Chỉ không cho bú mẹ khi (và chỉ khi) có đầy đủ điều kiện để sử dụng sữa thay thế, cụ thể về điều kiện kinh tế đầy đủ, khả năng cung ứng sản phẩm thuận tiện và luôn sẵn có. \uf02b Nếu không thể có đủ điều kiện để sử dụng sữa thay thế, khách hàng HIV(+) có thể cho con bú mẹ hoàn toàn trong 6 tháng đầu đời. Trong trườ ng hợp này (cho con bú mẹ hoàn toàn trong 6 tháng đầu), có thể sử dụng BPTT cho bú -vô kinh nhưng cần']","Các cơ sở y tế có nhiệm vụ chăm sóc sức khoẻ bà mẹ và trẻ em cần:
1. Có bản qui định về nuôi con bằng sữa mẹ và được phổ biến thường xuyên cho cán bộ y tế.
2. Đào tạo cho tất cả cán bộ y tế những kỹ năng cần thiết để thực hiện quy định này.
3. Thông tin cho tất cả phụ nữ có thai về lợi ích và cách thực hiện nuôi con bằng sữa mẹ.
4. Giúp các bà mẹ bắt đầu cho con bú trong vòng 1 giờ đầu sau đẻ.
5. Chỉ dẫn cho các bà mẹ cách cho con bú và duy trì nguồn sữa ngay cả khi phải xa con.
6. Không cho trẻ sơ sinh bất cứ đồ ăn thức uống gì ngoài sữa mẹ, trừ khi có chỉ định của y tế.
7. Thực hiện mẹ con ở cùng phòng để con gần mẹ suốt 24 giờ trong ngày.
8. Khuyến khích cho trẻ bú theo nhu cầu.
9. Không cho trẻ nhỏ đang bú mẹ ngậm bất cứ loại vú giả hoặc đầu vú cao su nào.
10. Khuyến khích thành lập các nhóm hỗ trợ nuôi con bằng sữa mẹ và giới thiệu các bà mẹ tới đó sau khi họ ra viện.",4,1.0,1.0,0.835,1.0,True,done,
45,kb1,Bú mẹ theo nhu cầu được định nghĩa như thế nào?,"Bú mẹ theo nhu cầu được định nghĩa là mẹ đã cho bé uống tất cả nước mà bé cần, đồng thời cung cấp nước an toàn và bảo vệ bé chống lại bệnh tiêu chảy.","['Khi cho con bú nghĩa là mẹ đã cho bé uống tất cả nước mà bé cần, đồng thời cung cấp nước an toàn và bảo vệ bé chống lại bệnh tiêu chảy.\nCho trẻ uống nước với số lượng lớn thậm chí có thể dẫn đến ngộ độc nước uống, đó là tình trạng các chất điện giải (như natri) trong máu của em bé bị pha loãng, ức chế các chức năng cơ thể bình thường và dẫn đến các vấn đề nguy hiểm như nhiệt độ cơ thể thấp hoặc co giật .Vì trẻ dưới 6 tháng tuổi có khối lượng cơ thể thấp, việc uống nước rất dễ khiến vượt nhu cầu Natri bình thường của cơ thể - những khoáng chất và chất điện giải này đã có đủ trong sữa mẹ khi mẹ cho bé bú.\nKhi nào có thể cho bé uống thêm nước?\nCác tổ chức Y tế trên thế giới khuyên mẹ nên đợi đến khi bé bắt đầu ăn dặm. Tại thời điểm đó, mẹ có thể cung cấp một lượng nhỏ nước đun sôi để nguội nhưng không thay thế sữa mẹ. Bé vẫn nên được cho bú mẹ tiếp tục và kéo dài về sau mà theo khuyến cáo của WHO là nên kéo dài đến 24 tháng để trẻ được phát triển toàn diện.', 'Chủ đề: Drug. Tiêu đề: Đối tượng chống chỉ định dùng A.t Ascorbic Syrup - Phụ nữ có thai và mẹ cho con bú có uống được A.t Ascorbic Syrup?. Từ khoá: A.t Ascorbic Syrup. Câu hỏi: Mẹ cho con bú có uống được A.t Ascorbic Syrup không?. Trả lời: Mẹ cho con bú có thể uống được thuốc theo sự chỉ định của chuyên gia y tế.. Ngữ cảnh: Vitamin C được biết là có khả năng đi qua nhau thai. Khi sử dụng nhiều liều cao Vitamin C bất kỳ thời điểm nào trong thai kỳ có thể làm tăng nhu cầu về vitamin C. Ngoài ra, điều này còn dẫn đến bệnh Scorbut ở trẻ sơ sinh. Mẹ cho con bú có thể dùng được thuốc theo sự chỉ định của chuyên gia y tế.', '6 NHU CẦU DINH DƢỠNG CỦA PHỤ NỮ C THAI V B MẸ CHO CON BÚ Khi phụ nữ có thai, cho con bú, nhu cầu về năng lượng và các chất dinh dưỡng cao hơn so với mức bình thường vì ngoài nhu cầu cho các hoạt động của cơ thể còn thêm nhu c ầu cho sự biến đổi về chuyển hóa, tích lũy mỡ, tăng cân, sự tăng về khối lượng của tử cung, vú, phát triển của thai nhi và tạo sữa cho con bú. Nếu chế độ ăn của người mẹ khô ng hợp lý, thiếu về số lượng và chất lượng sẽ là nguyên nhân của suy dinh dưỡng bào thai, trẻ đẻ nhẹ cân. Một số nghiên cứu còn cho thấy mối liên quan giữa chế độ dinh dưỡng trong 1000 ngày đầu đời và sự đóng mở gen của các bệnh mạn tính không lây. Nhu cầu khuyến nghị năng lượng và các chất dinh dưỡng cho bà mẹ có thai và cho con bú được tính dựa theo bảng nhu cầu khuyến nghị cho người Việt Nam năm 2016. I. Nhu cầu khuyến nghị năng lƣợng và chất dinh dƣỡng 1. Nhu cầu khuyến nghị năng lượng Trong thời kì mang thai và cho con bú, hoạt động chuyển hóa của cơ thể tăng, khối lượng cơ thể tăng dẫn đến nhu cầu năng lượng của bà mẹ khi có thai và cho con bú tăng lên so với chưa mang thai. Nếu năng lượng cung cấp không đủ trong một thời gian dài, bà mẹ dễ bị thiếu năng lượng trường diễn, trẻ dễ có ']","Bú theo nhu cầu là cho trẻ bú bất cứ khi nào trẻ hoặc bà mẹ muốn, không hạn chế
thời gian và số lần bú.",3,1.0,1.0,0.841,1.0,True,done,
46,kb1,Dấu hiệu chắc chắn cho thấy bà mẹ không đủ sữa là gì?,"Dấu hiệu chắc chắn cho thấy bà mẹ không đủ sữa bao gồm:

- Trẻ tăng cân kém: Dưới 500 gam/1 tháng (Trong 6 tháng đầu trẻ phải tăng ít nhất 500 gam/1 tháng)
- Đi tiểu ít (dưới 6 lần/ngày) và nước tiểu cô đặc, nặng mùi và có màu vàng.","['Nuôi con khi bà mẹ không đủ sữa Các dấu hiệu giúp nhận biết bà mẹ không đủ sữa • Dấu hiệu chắc chắn – Trẻ tăng cân kém: Dưới 500 gam/1tháng (Trong 6 tháng đầu trẻ phải tăng ít nhất 500 gam/1tháng) – Đi tiểu ít (dưới 6 lần/ngày) và nước tiểu cô đặc, nặng mùi và có màu vàng • Dấu hiệu không chắc chắn – Trẻ không thoả mãn sau mỗi bữa bú, quấy khóc thường xuyên – Các bữa bú quá gần nhau, bữa bú kéo dài – Trẻ đi ngoài phân rắn hoặc xanh hoặc trẻ đi ngoài ít phân; – Khi bà mẹ vắt sữa không thấy sữa chảy ra – Hai bầu vú bà mẹ không to lên trong khi có thai; – Sữa không “về” sau khi sinh', 'Chủ đề: Drug. Tiêu đề: Phụ nữ mang thai và phụ nữ cho con bú có được sử dụng Diopolol không?. Từ khoá: Diopolol. Câu hỏi: Tại sao phụ nữ cho con bú không nên sử dụng Diopolol?. Trả lời: Phụ nữ cho con bú không nên sử dụng Diopolol vì chưa chắc chắn thuốc có bài tiết qua sữa mẹ hay không. Do đó, để đảm bảo an toàn cho trẻ, phụ nữ cho con bú không nên sử dụng thuốc này.. Ngữ cảnh: Chưa có nghiên cứu đầy đủ về dữ liệu an toàn khi sử dụng thuốc trên phụ nữ mang thai. Do đó, mẹ bầu chỉ nên dùng thuốc khi thật sự cần thiết và cần tham khảo ý kiến của bác sĩ trước khi dùng.1 Ở phụ nữ cho con bú, chưa chắc chắn thuốc có bài tiết qua sữa mẹ hay không. Vì vậy, để đảm bảo an toàn cho trẻ, phụ nữ cho con bú không nên sử dụng Diopolol.1', 'Chủ đề: Drug. Tiêu đề: Phụ nữ có thai và mẹ cho con bú có uống được thuốc Agiosmin 500mg hay không? - Thời kỳ cho con bú. Từ khoá: Agiosmin 500mg. Câu hỏi: Có bằng chứng nào cho thấy thuốc Agiosmin 500mg có tiết qua sữa mẹ không?. Trả lời: Không có bằng chứng cho thấy thuốc Agiosmin 500mg có tiết qua sữa mẹ.. Ngữ cảnh: Các dữ liệu về việc thuốc có tiết qua sữa mẹ hay không chưa được báo cáo. Do đó, bệnh nhân nên tránh cho con bú trong khi dùng thuốc.', '| 207 CHO TRẺ RA VIỆN 1. Thời điểm ra viện. 1.1. Các tiêu chuẩn về chuyên môn để có thể cho trẻ bệnh ra viện: - Bệnh lý chính và các dấu hiệu sinh tồn đã ổn định, không có vấn đề gì khác cần phải điều trị tại cơ sở y tế. - Thân nhiệt của trẻ bình thường, duy trì trong khoảng 36,5oC-37,4oC và các dấu hiệu sinh tồn đã ổn định. - Trẻ bú mẹ tốt. Nếu trẻ không có chỉ định bú mẹ, phải hướng dẫn bà mẹ kiến thức và thực hành nuôi con bằng các phương pháp cho ăn thay thế. - Trẻ có chiều hướng tăng cân. - Mẹ tự tin và có thể chăm sóc trẻ 1.2. Nếu vì hoàn cảnh đặc biệt, gia đình muốn xuất viện sớm hơn so với dự định của thầy thuốc, cần hướng dẫn bà mẹ cách tiếp tục điều trị tại nhà theo đơn thuốc (nên có cam kết từ bà mẹ xin ra viện sớm và thực hiện đúng các hướng dẫn của thầy thuốc), khuyến khích bà mẹ đưa trẻ khám lại sau 1-2 ngày hoặc khám lại ngay khi có dấu hiệu bất thường, liên hệ với nhân viên y tế địa phương đề nghị tiếp tục theo dõi trẻ. 2. Các thủ tục cần làm khi cho trẻ bệnh ra viện. 2.1. Khám trẻ trước khi ra viện : bảo đảm chắc chắn là bệnh chính đã ổn định, đủ các tiêu chuẩn cho trẻ xuất viện. 2.2. Thông báo cho gia đình biết về tình trạng bệnh của trẻ ổn định và quyết định ra v', 'Hướng dẫn bà mẹ nuôi con khi “không đủ sữa” (1) Đối với bà mẹ thực sự không đủ sữa • Xác định nguyên nhân tại sao không đủ sữa – Hỏi: để tìm hiểu quá trình nuôi trẻ . – Quan sát và đánh giá một bữa bú (theo bảng kiểm). • Hướng dẫn bà mẹ phát hiện được các lý do trẻ không nhận đủ sữa. • Dựa trên những nguyên nhân đã xác định được, hướng dẫn bà mẹ khắc phục cải thiện tình trạng thiếu sữa – Đừng vội cho trẻ ăn thêm sữa công thức hoặc ăn bổ sung – Cho trẻ bú đúng cách – Cho trẻ bú thường xuyên cả ngày và đêm. Trẻ càng bú nhiều thì sữa càng tiết nhiều . – Hẹn gặp bà mẹ sớm để tư vấn, hỗ trợ kịp thời . – Đến thăm bà mẹ hàng ngày cho tới khi sữa tiết ra nhiều hơn, bà mẹ thấy tự tin hơn và trẻ tăng cân trở lại.']","Trẻ tăng cân kém: dưới 500g/1tháng (trong 6 tháng đầu trả phải tăng ít nhất 500gam/1tháng). Đi tiểu ít(dưới 6 lần/ngày) và nước tiểu cô đặc, nặng mùi và có màu vàng.",5,1.0,1.0,0.929,0.7,True,done,
47,kb1,Cách xử trí khi vú bị căng sữa hoặc cương tức?,"Khi vú bị căng sữa hoặc cương tức, có thể xử trí bằng cách:

- Cho con bú thường xuyên hơn
- Dùng bơm để hút bớt sữa ra
- Dùng tay hoặc bơm hút để hút một ít sữa ra trước khi cho trẻ bú
- Dùng khăn ấm đắp vào vú, xoa bóp nhẹ nhàng và thư giãn giữa các bữa bú
- Chọn đúng loại áo ngực có kích thước phù hợp với thân hình để tránh cảm giác khó chịu và ngăn ngừa cương sữa.","['Vú căng sữa và cương tức (2) Vú căng sữa Vú cương tức • Nóng • Đau • Nặng • Phù nề • Cứng • Căng tức, núm vú bóng, đỏ • Có sữa chảy ra • Không có sữa chảy ra • Không sốt • Có thể sốt trong vòng 24 giờ Xử trí: • Cho con bú thường xuyên hơn • Dùng bơm để hút bớt sữa ra.', 'Vú căng sữa và cương tức (1) 1. Vú căng sữa ; 2 Cương tức', 'Nuôi con nhỏ khi bà mẹ gặp khó khăn về tình trạng vú Tình trạng khó khăn về vú thường gặp • Núm vú phẳng và tụt vào trong, • Cương tức vú • Tắc ống dẫn sữa và viêm vú, • Đau núm vú và nứt núm vú.', '38 - Cho trẻ bú không đúng cách - Tắc tia sữa - Áo ngực quá chặt Biểu hiện - Hai ho ặc ba ngày sau khi đ ẻ, vú c ủa bà m ẹ sẽ bị căng tức, đau và nổi cục sữa Xử tri - chăm sóc - Hướng dẫn bà mẹ hãy dùng tay hoặc bơm hút để hút một ít s ữa ra trư ớc khi cho tr ẻ bú, có th ể dùng khăn ấm đắp vào vú, xoa bóp nhẹ nhàng và thư giãn giữa các bữa bú. - Hướng dẫn bà m ẹ cho trẻ bú đúng cách, cho tr ẻ bú thường xuyên, theo nhu cầu, nếu trẻ bú không hêt hướng dẫn bà mẹ vắt sữa . - Bà m ẹ cần ch ọn đúng lo ại áo ng ực có kích thư ớc phù hợp với thân hình đ ể tránh cảm giác khó ch ịu và ngăn ngừa cương sữa. Đau núm vú: Bà mẹ nào cũng có thể gặp phải tình trạng này Nguyên nhân - Do ngậm bắt vú của trẻ chưa đúng - Do dùng máy hút sữa sai cách', 'Các trường hợp cần vắt sữa 1. Để lại sữa cho con khi mẹ đi làm. 2. Nuôi trẻ nhẹ cân, không thể bú mẹ được. 3. Nuôi trẻ bệnh, không thể bú đủ. 4. Duy trì nguồn sữa khi bà mẹ hoặc trẻ bị ốm. 5. Ngăn không cho sữa chảy ra khi mẹ đi làm xa. 6. Giúp trẻ ngậm bắt bầu vú đang căng đầy. 7. Giúp cải thiện tình trạng cương tức vú']","Cho con bú thường xuyên hơn, bú đúng cách và dùng bơm để hút bớt sữa ra.",5,1.0,1.0,0.918,0.75,True,done,
48,kb1,Nguyên nhân gây tắc ống dẫn sữa và viêm vú là gì?,"Nguyên nhân gây tắc ống dẫn sữa và viêm vú là:

- Sữa lưu thông kém tại toàn bộ bầu vú do bà mẹ không cho trẻ bú thường xuyên hoặc trẻ bú không hiệu quả.
- Sữa lưu thông kém tại một phần vú có thể do bú không hiệu quả, áo quá chật đè vào bầu vú, đặc biệt là áo nịt ngực vào ban đêm, hoặc ngón tay bà mẹ kẹp vào bầu vú khi cho trẻ bú.
- Trẻ ngậm bắt vú kém sẽ làm nứt núm vú, từ đó vi khuẩn sẽ xâm nhập vào mô vú và có thể gây ra viêm vú.
- Sữa mẹ được sản xuất rất nhiều trong bầu ngực nhưng chưa thể chảy ra ngoài do bé chưa ngậm đúng khớp ngậm sữa không thoát ra ngoài, bị ứ đọng khiến bầu ngực căng cứng và tắc tia sữa.
- Sữa mẹ còn dư thừa trong bầu ngực do bé bú không hết hoặc mẹ không hút hết phần sữa còn lại sau khi bé đã bú no, dẫn đến sữa ứ đọng lại gây tắc nghẽn.
- Mặc áo ngực quá chật, bó sát hoặc mang địu bé trước ngực khiến tia sữa bị tắc.
- Tư thế nằm sấp khi ngủ cũng có thể gây ra tình trạng này.
- Không cho bé bú thường xuyên hoặc không hút hết sữa ra ngoài trong khoảng 5-24 giờ sẽ gây ra tình trạng tắc tuyến sữa.
- Lực hút của máy hút sữa quá yếu, không thể hút hết sữa ra ngoài cũng dẫn đến tình trạng này.
- Y","['Tắc tia sữa sau sinh: Nguyên nhân, biểu hiện, chẩn đoán và phòng ngừa\n19/06/2023 \nBệnh viện Đa khoa Tâm Anh\nTư vấn chuyên môn bài viếtBS.CKI HỒ THỊ KHÁNH QUYÊN\nBệnh viện Đa khoa Tâm Anh TP.HCM \nKhoảng 20% phụ nữ bị tắc tia sữa và viêm vú sau sinh gây nên tình trạng đau nhức, mệt mỏi và ảnh hưởng đến mục tiêu nuôi con hoàn toàn bằng sữa mẹ. Nhiều trường hợp không được điều trị sớm và hiệu quả có thể gây áp xe tuyến vú, dần dần trở thành các dải xơ hóa hoặc u xơ tuyến vú. Vậy nguyên nhân gây tắc tia sữa là gì, điều trị và phòng ngừa tình trạng này bằng cách nào? BS.CKI Hồ Thị Khánh Quyên, Bác sĩ Trung tâm Sản Phụ khoa Bệnh viện Đa khoa Tâm Anh TP.HCM chia sẻ cụ thể trong bài viết dưới đây.\nTắc tia sữa là gì?\nTắc tia sữa còn gọi là tắc tuyến sữa hay tắc ống dẫn sữa, là tình trạng sữa mẹ bị ứ đọng bên trong các ống dẫn sữa ở bầu ngực mà không được đẩy ra ngoài, khiến việc cho con bú gặp nhiều khó khăn cũng như gây đau đớn cho người mẹ. Tình trạng này thường xảy ra ở sản phụ sau sinh khoảng 6-8 tuần hoặc bất kỳ thời điểm nào trong thời kỳ nuôi con bằng sữa mẹ.\nBác sĩ Hồ Thị Khánh Quyên chia sẻ, sữa mẹ được sản xuất từ các nang sữa, theo các ống dẫn sữa đổ về xoang chứa sữa nằm ở phía sa', 'Triệu chứng và mối liên hệ giữa tắc ống dẫn sữa và viêm vú', 'Điều trị tắc ống dẫn sữa và viêm vú Cải thiện sự lưu thông sữa ở phần vú bị bệnh là giải pháp quan trọng nhất trong điều trị. • Tìm nguyên nhân để xử trí cho đúng • Cho trẻ bú thường xuyên • Xoa bóp nhẹ nhàng bầu vú trong khi trẻ bú • Dùng khăn ấm đắp lên bầu vú giữa các bữa bú. • Nên bắt đầu cho trẻ bú từ bên vú lành kích thích phản xạ oxytocin giúp sữa lưu thông. • Dùng bơm hút vắt sữa ra, nếu để sữa đọng lại sẽ gây áp xe vú. • Tắc ống dẫn sữa và viêm vú sẽ cải thiện trong vòng 1 ngày khi sữa được lưu thông. • Có thể điều trị kháng sinh, chống viêm và nghỉ ngơi', 'Viêm vú và tắc ống dẫn sữa Nguyên nhân • Sữa lưu thông kém tại toàn bộ bầu vú là do bà mẹ không cho trẻ bú thường xuyên hoặc trẻ bú không hiệu quả. Trẻ ngậm bắt vú không đúng • Sữa lưu thông kém tại một phần vú có thể do bú không hiệu quả, áo quá chật đè vào bầu vú, đặc biệt là áo nịt ngực vào ban đêm, hoặc ngón tay bà mẹ kẹp vào bầu vú khi cho trẻ bú. • Trẻ ngậm bắt vú kém sẽ làm nứt núm vú, từ đó vi khuẩn sẽ xâm nhập vào mô vú và có thể gây ra viêm vú.', 'Có thể bạn quan tâm: Lợi ích khi nuôi con bằng sữa mẹ\nNguyên nhân dẫn đến tắc tuyến sữa sau sinh\nCó nhiều nguyên nhân dẫn đến hiện tượng tắc tuyến sữa sau sinh, thường gặp nhất là:\nMột số mẹ gặp phải tình trạng tắc tia sữa sau sinh khi sữa được sản xuất rất nhiều trong bầu ngực nhưng chưa thể chảy ra ngoài do bé chưa ngậm đúng khớp ngậm sữa không thoát ra ngoài, bị ứ đọng khiến bầu ngực căng cứng và tắc tia sữa.\nNhiều trường hợp tắc ống dẫn sữa do sữa mẹ còn dư thừa trong bầu ngực do bé bú không hết hoặc mẹ không hút hết phần sữa còn lại sau khi bé đã bú no, dẫn đến sữa ứ đọng lại gây tắc nghẽn.\nChẳng hạn như mặc áo ngực quá chật, bó sát hoặc mang địu bé trước ngực khiến tia sữa bị tắc. Ngoài ra, tư thế nằm sấp khi ngủ cũng có thể gây ra tình trạng này.\nNếu không cho bé bú thường xuyên hoặc không hút hết sữa ra ngoài trong khoảng 5-24 giờ sẽ gây ra tình trạng tắc tuyến sữa.\nKhi không ngậm bắt vú mẹ đúng bé sẽ không bú đủ lượng sữa mẹ được sản xuất ra, khiến sữa mẹ vẫn còn ứ đọng trong bầu ngực chính là nguyên nhân dẫn đến tắc tia sữa. (2)\nTham khảo: Tư thế cho con bú đúng cách\nNếu ít hút sữa hoặc hút không hết lượng sữa còn ứ đọng trong bầu ngực có thể gây ra tình trạng tắc ống dẫn']","Nguyên nhân:                                                                                                                                                                     • Sữa lưu thông kém tại toàn bộ bầu vú là do bà mẹ không cho trẻ bú thường xuyên hoặc trẻ bú không hiệu quả. Trẻ ngậm bắt vú không đúng.
• Sữa lưu thông kém tại một phần vú có thể do bú không hiệu quả, áo quá chật đè vào bầu vú, đặc biệt là áo nịt ngực vào ban đêm, hoặc ngón tay bà mẹ kẹp vào bầu vú khi cho trẻ bú.
• Trẻ ngậm bắt vú kém sẽ làm nứt núm vú, từ đó vi khuẩn sẽ xâm nhập vào mô vú và có thể gây ra viêm vú.",5,0.889,1.0,1.0,1.0,True,done,
49,kb1,Cách xử trí nứt núm vú cho bà mẹ sau bú?,"Bà mẹ sau bú cần xử trí nứt núm vú bằng cách:

- Thay đổi vị trí cho con bú, không sử dụng vú như một núm vú giả.
- Cho trẻ bú từng bên một, nếu trẻ bú không hết phải vắt bỏ sữa thừa, tránh ứ đọng sữa.
- Thay đổi chế độ ăn uống lành mạnh, cân đối và nghỉ ngơi nhiều.
- Nếu sau khi thử các biện pháp trong vòng 24 giờ, các triệu chứng không cải thiện, phải được khám và điều trị.","['nghi được với việc bú mẹ. - Hướng dẫn bà mẹ và gia đình về nhu cầu ăn uống trong trường hợp sinh đôi. 6. Trường hợp mẹ bị giang mai và viêm gan đang tiến triển: Không cho con bú khi mẹ có tổn thương núm vú (nứt núm vú..) và con đang có tổn thương ở miệng: tưa miệng, viêm lợi...Cần vắt bỏ sữa đến khi điều trị ổn định tiếp tục cho con bú mẹ trở lại 7. Tư vấn về việc nuôi con bằng sữa mẹ ở trẻ có mẹ nhiễm HIV: Đối với bà mẹ bị nhiễm HIV cần: - Tư vấn để nguời mẹ chọn cách nuôi dưỡng phù hợp: - Tư vấn về lợi ích của sữa mẹ và nguy cơ lây truyền HIV sang con. - Tư vấn về dùng sữa thay thế và các nguy cơ mắc bệnh nếu dùng sữa thay thế không đúng cách - Tư vấn khuyến cáo chung về nuôi dưỡng trẻ theo tuổi * Nếu người mẹ nhiễm HIV chọn cách nuôi con bằng sữa mẹ cần: - Nuôi bằng sữa mẹ hoàn toàn, tuyệt đối không nuôi hỗn hợp. - Tư vấn: tư thế bú, cách ngậm bắt vú đúng, xử trí nứt núm vú, viêm vú.', '41 - Có thể sốt, đau đầu, mệt mỏi. Xử trí – Chăm sóc - Nghỉ ngơi nhiều và có một chế độ ăn uống lành mạnh, cân đối - Tránh để cho ngực lúc nào cũng trong tình trạng căng, tắc sữa. - Cho trẻ bú từng bên m ột, nếu trẻ bú không h ết phải vắt bỏ sữa thừa, tránh ứ đọng sữa. - Thay đổi vị trí cho con bú, không sử dụng vú như một núm vú giả. - Nếu sau khi th ử các biện pháp trong vòng 24 gi ờ, các triệu chứng không cải thiện, phải được khám và điều trị. Áp xe vú Nguyên nhân - Bà mẹ cho con bú không đúng cách có thể gây nứt núm vú hoặc răng của bé cắn vào núm vú. .. tạo điều kiện cho vi khuẩn xâm nhập vào vú. - Bà mẹ để sữa bị ứ đọng trong tuyến vú dễ gây áp xe vú. - Tắc tia sữa: bà mẹ đang cho con bú không thực hiện thông tia sữa sau đẻ, không vắt bỏ sữa thừa khi con bú', 'Nuôi con nhỏ khi bà mẹ gặp khó khăn về tình trạng vú Tình trạng khó khăn về vú thường gặp • Núm vú phẳng và tụt vào trong, • Cương tức vú • Tắc ống dẫn sữa và viêm vú, • Đau núm vú và nứt núm vú.', 'Viêm vú ở bà mẹ nhiễm HIV Các bà mẹ nhiễm HIV nếu bị viêm vú hoặc nứt núm vú cần được tư vấn để lựa chọn cách nuôi con phù hợp nhất với hoàn cảnh của họ. • Cán bộ y tế thảo luận với bà mẹ các lựa chọn nuôi dưỡng trẻ trong thời gian điều trị viêm vú hoặc nứt núm vú – Nếu bà mẹ có điều kiện có thể dùng sữa công thức thay thế sữa mẹ trong thời gian điều trị viêm và tiếp tục vắt sữa để duy trì sự tiết sữa cho con bú lại khi đã khỏi bệnh – Đối với bà mẹ chọn NCBSM : • Nếu chỉ bị viêm 1 bên vú: cho trẻ bú bên vú lành thường xuyên và kéo dài hơn để tăng tạo sữa và vắt bỏ sữa ở bên vú bệnh giúp cải thiện tình trạng và duy trì nguồn sữa. • Nếu bị viêm cả hai bên vú: Hướng dẫn bà mẹ vắt sữa và xử lý sữa đúng trước khi cho trẻ ăn bằng cốc và thìa . • Cho trẻ bú lại khi viêm vú đã khỏi hẳn', 'Xử trí các trường hợp núm vú phẳng và tụt vào trong (1) • Cải thiện tình trạng vú thời điểm trước và sau sinh • Xây dựng niềm tin cho bà mẹ • Giúp bà mẹ đặt trẻ vào vú mẹ • Nếu trẻ bú không hiệu quả trong tuần đầu hoặc tuần thứ hai, hãy giúp bà mẹ những việc cần làm sau:']","Sau mỗi lần trẻ bú hãy vắt một ít sữa bôi xung quanh núm và đầu vú. Điều này sẽ giúp chóng lành vết thương. Không nên rửa đầu vú bằng xà phòng hoặc khắc khô ráp, làm mất đi chất dầu tự nhiên có ở da núm vú càng gây khô nứt hơn hoặc dùng các loại thuốc hoặc dầu bôi sẽ gây kích ứng da núm vú và chưa có bằng chứng nói rằng các loại thuốc này có tác dụng.",5,1.0,0.571,0.931,1.0,True,done,
50,kb1,Triệu chứng khi núm vú bị nhiễm nấm Candida?,"Triệu chứng khi núm vú bị nhiễm nấm Candida bao gồm:

- Núm vú của bà mẹ rất đau và ngứa.
- Da bầu vú có thể đỏ, căng bóng và bong ra từng mảng.
- Núm vú và quầng vú có thể mất đi một số sắc tố.

Điều này được mô tả trong tài liệu với id ""1"".","['Núm vú nhiễm nấm Candida Triệu chứng • Núm vú của bà mẹ rất đau và ngứa. Đau phải bỏng như có kim châm vào. • Da bầu vú có thể đỏ, căng bóng và bong ra từng mảng. Núm vú và quầng vú có thể mất đi một số sắc tố. • Thường xảy ra sau khi điều trị viêm vú hoặc nhiễm khuẩn khác. • Kiểm tra xem trẻ có bị tưa, đốm trắng ở miệng hoặc đốm nốt ở mông. Điều trị • Điều trị nhiễm nấm Candida một cách triệt để cho cả 2 mẹ con Phòng bệnh • Không cho trẻ dùng núm vú ngậm giả, chắn núm vú. • Đối với các bà mẹ nhiễm HIV điều đặc biệt quan trọng là phải điều trị sớm các tổn thương ở vú và miệng trẻ.', 'Chủ đề: Disease. Tiêu đề: Triệu chứng của nhiễm nấm Candida miệng - Trẻ sơ sinh và trẻ nhỏ1. Từ khoá: Nấm miệng. Câu hỏi: Tên của căn bệnh trong văn bản là gì?. Trả lời: Tên của căn bệnh là Nấm miệng.. Ngữ cảnh: Dấu hiệu nhiễm nấm Candida ở trẻ nhỏ và trẻ sơ sinh là xuất hiện lớp giả mạc màu trắng tựa như phô mai ở đầu lưỡi. Lớp giả mạc này thường khó cạo ra. Khi cạo ra có thể gây chảy máu.', 'Chủ đề: Disease. Tiêu đề: Triệu chứng của nhiễm nấm Candida miệng - Trẻ sơ sinh và trẻ nhỏ1. Từ khoá: Nấm miệng. Câu hỏi: Ở trẻ nhỏ và trẻ sơ sinh, nhiễm nấm Candida thường biểu hiện như thế nào?. Trả lời: Ở trẻ nhỏ và trẻ sơ sinh, nhiễm nấm Candida thường biểu hiện bằng lớp giả mạc trắng trông giống như phô mai ở đầu lưỡi.. Ngữ cảnh: Dấu hiệu nhiễm nấm Candida ở trẻ nhỏ và trẻ sơ sinh là xuất hiện lớp giả mạc màu trắng tựa như phô mai ở đầu lưỡi. Lớp giả mạc này thường khó cạo ra. Khi cạo ra có thể gây chảy máu.', 'Nấm miệng (tưa miệng) ở trẻ nhỏ\nHình ảnh của nấm miệng là các mảng trắng hoặc vàng xuất hiện bên trong miệng, đặc biệt là ở lưỡi, môi và vòm. Nhiễm trùng này sẽ không ảnh hưởng đến sức khỏe và cũng không gây đau đớn\nCăn nguyên gây bệnh là nấm Candida Albicans. Sự phát triển quá mức của loại nấm này là lý do gây ra bệnh nấm miệng ở trẻ sơ sinh. Một số yếu tố nguy cơ gây nấm miệng ở trẻ:\nBệnh nấm miệng xảy ra khi trẻ tiếp xúc với nấm trong khi sinh\nDo sự thay đổi nội tiết tố ở trẻ\nThuốc kháng sinh của người mẹ, đặc biệt là khi mẹ đang cho con bú có thể thúc đẩy bệnh nấm miệng\nKhử trùng và vệ sinh bình sữa hoặc ti giả không đúng cách có thể gây ra bệnh nấm miệng ở trẻ nhỏ\nTrước khi bắt đầu điều trị, bạn phải đảm bảo rằng đó là nấm miệng. Nếu bạn nhận thấy một mảng trắng tương tự trên lưỡi của bé và bạn có thể làm sạch nó, đó có thể là cặn sữa. Nhưng nếu những mảng này được nhìn thấy ở những điểm khác trong miệng của nó và bạn không thể chà xát nó và làm sạch thì đó có thể là nấm miệng. Ngoài ra trẻ có thể khóc trong khi bú hoặc trong khi sử dụng ti giả.\nBệnh tưa miệng ở trẻ nhỏ thường không gây đau đớn nhưng có thể làm trẻ khó chịu. Em bé của bạn có thể ăn kém đi hoặc ăn không liên tụ', 'Chủ đề: Disease. Tiêu đề: Những nguyên nhân gây viêm phụ khoa khi mang thai và nguy cơ thai kỳ - Do nấm Candida. Từ khoá: Viêm phụ khoa khi mang thai. Câu hỏi: Nếu thai phụ bị nhiễm nấm Candida, trẻ có thể gặp phải những nguy cơ nào?. Trả lời: Trẻ có thể bị đẹn miệng, viêm da do nấm, suy dinh dưỡng trong tử cung, tăng nguy cơ sinh non, suy giảm kháng thể và dễ bị viêm phổi do nấm nếu mẹ bị nhiễm nấm Candida và sinh con qua đường âm đạo.. Ngữ cảnh: Nấm Candida thường cư trú bên trong âm đạo. Nó hoàn toàn vô hại khi môi trường âm đạo được cân bằng. Tuy nhiên, trong lúc mang thai, nội tiết tố tăng giảm đột ngột làm thay đổi độ pH vùng âm đạo. Tình trạng đó tạo điều kiện thuận lợi cho nấm Candida phát triển và gây bệnh. Việc điều trị viêm phụ khoa khi mang thai do nấm Candida không quá phức tạp. Tuy nhiên, bệnh hay tái diễn. Vì vậy, mẹ bầu nên được điều trị thật khỏi bệnh trước khi sinh con. Nhằm tránh lây bệnh cho bé trong quá trình chuyển dạ. Trường hợp thai phụ vẫn bị nhiễm nấm Candida. Nếu sinh con qua đường âm đạo, nấm có thể bám vào niêm mạc miệng của trẻ gây đẹn miệng hoặc gây bệnh viêm da do nấm. Nguy hiểm hơn, bé có thể bị bị suy dinh dưỡng trong tử cung. Hoặc tăng nguy cơ sin']","Triệu chứng
• Núm vú của bà mẹ rất đau và ngứa. Đau phải bỏng như có kim châm vào.
• Da bầu vú có thể đỏ, căng bóng và bong ra từng mảng. Núm vú và quầng vú
có thể mất đi một số sắc tố.
• Thường xảy ra sau khi điều trị viêm vú hoặc nhiễm khuẩn khác.
• Kiểm tra xem trẻ có bị tưa, đốm trắng ở miệng hoặc đốm nốt ở mông.",5,1.0,1.0,0.983,0.7,True,done,
51,kb1,Trẻ sinh thấp cân được định nghĩa là gì?,"Trẻ sinh thấp cân được định nghĩa là trẻ sinh ra có cân nặng dưới 2500 gram, bao gồm cả trẻ sinh non và trẻ sinh đủ tháng.","['+\xa0\xa0\xa0\xa0\xa0 12,5cm≤ MUAC <13,5cm: Báo động suy dinh dưỡng\n+\xa0\xa0\xa0\xa0\xa0 11,5cm ≤ MUAC <12,5cm: Suy dinh dưỡng cấp tính mức độ vừa\n+\xa0\xa0\xa0\xa0\xa0 MUAC <11,5cm: Suy dinh dưỡng cấp tính mức độ nặng\n\xa0 \xa0 \xa0−\xa0\xa0\xa0\xa0\xa0 Theo khuyến nghị của Tổ chức Y tế Thế giới năm 2006:\n+\xa0\xa0\xa0\xa0\xa0 Suy dinh dưỡng cấp tính nặng: MUAC <11,5cm (tương đương Z-scores CN/CC < -3 so với chuẩn tăng trưởng của WHO).\n+\xa0\xa0\xa0\xa0\xa0 Suy dinh dưỡng cấp tính vừa: 11,5cm ≤ MUAC <12,5cm (tương đương -3 ≤ Z-scores CN/CC < -2 so với chuẩn tăng trưởng của WHO).\nBảng 6: Sử dụng kết hợp các chỉ số nhân trắc trong đánh giá tình trạng dinh dưỡng (WHO 1983) [3]\nBảng 7: Các ngưỡng đánh giá mức độ nặng của SDD có ý nghĩa cộng đồng ở trẻ em dưới 5 tuổi theo tỷ lệ SDD thể gầy còm, thấp còi và thừa cân [4]\nBảng 7: Các ngưỡng đánh giá mức độ nặng của SDD có ý nghĩa cộng đồng ở trẻ em dưới 5 tuổi theo tỷ lệ SDD thể gầy còm, thấp còi và thừa cân [4]\na.\xa0\xa0\xa0\xa0 Với trẻ từ 5 đến dưới 10 tuổi: \nTrẻ từ 5 đến dưới 10 tuổi có thể sử dụng cách đánh giá tình trạng dinh dưỡng theo quần thể tham chiếu của WHO thông qua 3 chỉ số nhân trắc thường được sử dụng là cân nặng theo tuổi (WAZ), chiều cao theo tuổi (HAZ) và BMI theo tuổi (BAZ), với cách tính chỉ số Z-score tương tự như ở trẻ dướ', 'Nuôi trẻ sinh thấp cân không thể bú mẹ Lựa chọn 1 - Sữa mẹ vắt ra. • Tốt nhất cho trẻ ăn sữa mẹ vắt ra bằng cốc và thìa • Nếu trẻ yếu không nuốt được thì cho trẻ ăn sữa mẹ qua ống thông và kết hợp tập phản xạ mút, nuốt của trẻ qua việc cho ăn bằng cốc, thìa Lựa chọn 2 - Sữa thay thế sữa mẹ vì. • Trẻ có mẹ bị bệnh nặng không thể cho trẻ bú sữa hoặc vắt sữa được. • Mẹ đang bị chiếu tia xạ hoặc phải dùng thuốc chống chỉ định cho con bú • Trẻ có mẹ bị nhiễm HIV đang bị viêm tuyến vú hoặc chọn cách nuôi bộ • Trẻ mắc các bệnh chuyển hóa không dung nạp sữa mẹ. Nuôi dưỡng trẻ sinh thấp cân (2)', 'Đặc điểm chung của trẻ sinh thấp cân • Trẻ sinh thấp cân là trẻ sinh ra có cân nặng dưới 2500 gram, bao gồm cả trẻ sinh non và trẻ sinh đủ tháng. • Trẻ sinh thấp cân có nguy cơ bị nhiễm khuẩn cao hơn nên càng cần cho trẻ bú sữa mẹ nhiều hơn. • Trẻ sinh thấp cân sinh đủ tháng thường có thể bú mẹ dễ dàng và mút vú hiệu quả. • Trẻ sinh thấp cân thiếu tháng có thể gặp khó khăn khi bú mẹ nhưng trẻ vẫn có thể nhận sữa mẹ bằng cách ăn qua ống thông, ăn bằng cốc, thìa kết hợp tập cho trẻ bú mẹ.', 'Chủ đề: Body Part. Tiêu đề: Thay đổi nồng độ progesterone ảnh hưởng như thế nào đến cơ thể? - Khi nồng độ của progesterone thấp hơn bình thường. Từ khoá: Hormone Progesterone. Câu hỏi: Làm thế nào để theo dõi sức khỏe sinh sản và phát hiện những thay đổi quan trọng?. Trả lời: Theo dõi chu kỳ kinh nguyệt có thể giúp bạn theo dõi được sức khỏe sinh sản của mình, biết được thời gian rụng trứng và nhận biết được những thay đổi, điển hình như là trễ kinh hoặc chu kỳ bất thường.. Ngữ cảnh: Mức progesterone thấp có thể ảnh hưởng đến cả kinh nguyệt và khả năng sinh sản. Progesterone giúp thúc đẩy một môi trường tốt cho trứng thụ tinh. Khi nồng độ thấp, trứng đã thụ tinh sẽ khó phát triển và lớn lên. Lượng progesterone thấp cũng có thể góp phần vào một số tình trạng, bao gồm: - Kinh nguyệt không đều hoặc là chảy máu nhiều trong chu kì kinh.\n- Sẩy thai và chuyển dạ sớm. Những bà mẹ có nguy cơ sinh non có thể được cung cấp một dạng progesterone tổng hợp để trì hoãn việc bắt đầu chuyển dạ.\n- Thiếu progesterone trong máu có thể có nghĩa là buồng trứng đã không thể phóng thích trứng vào thời điểm rụng trứng. Như vậy, tình trạng này có thể xảy ra ở phụ nữ mắc hội chứng buồng trứng đa nang. Theo d']","Là trẻ sinh ra có cân nặng dưới 2500 gram, bao gồm cả trẻ sinh non và sinh đủ tháng.",4,1.0,1.0,0.831,0.333,True,done,
52,kb1,Lượng sữa cần cho trẻ từ khi sinh đến 1 tháng tuổi là bao nhiêu mỗi ngày?,"Trẻ từ khi sinh đến 1 tháng tuổi cần lượng sữa 60 ml mỗi bữa, và có 8 bữa ăn/ngày, tổng lượng sữa cần là 480 ml mỗi ngày.","['Số bữa ăn dặm trong ngày của trẻ từ 6 tháng - 24 tháng\nCho trẻ ăn dặm mấy bữa mỗi ngày, mỗi bữa ăn dặm cách nhau bao lâu chắc hẳn đều khiến nhiều người mẹ đang có con trong giai đoạn ăn dặm phải đau đầu. Vậy trẻ từ 6 - 24 tháng cần ăn dặm bao nhiêu bữa?\nSữa mẹ là nguồn dinh dưỡng quý giá cho sự phát triển của trẻ trong 2 năm đầu đời, đặc biệt là 6 tháng đầu sau khi sinh. Trẻ dưới 6 tháng tuổi cần được bú sữa mẹ hoàn toàn để có thể hoạt động, khỏe mạnh và phát triển.\nTuy nhiên, từ 6 tháng tuổi, trẻ cần được ăn dặm bổ sung ngoài nguồn sữa mẹ vì lúc này nhu cầu dinh dưỡng của trẻ tăng lên, nếu chỉ cho trẻ bú sữa mẹ hoàn toàn sẽ không đáp ứng đủ nhu cầu của trẻ. Vì vậy, cần quan tâm cho trẻ từ 6 tháng tuổi ăn dặm mấy bữa mỗi ngày để đảm bảo không thiếu hụt dưỡng chất và năng lượng cho trẻ hoạt động và phát triển.\nTrên thực tế, nguồn sữa mẹ vẫn đóng vai trò quan trọng, chiếm hơn 1⁄2 nhu cầu dinh dưỡng hàng ngày của trẻ từ 6 - 12 tháng tuổi và khoảng 1⁄3 khi trẻ từ 12 - 24 tháng tuổi. Do đó, thức ăn dặm bổ sung không phải là nguồn dinh dưỡng thay thế cho sữa mẹ.\nCần quan tâm ăn dặm mấy bữa mỗi ngày, loại thực phẩm và cách chế biến như thế nào là phù hợp với sự phát triển của trẻ trong từ', 'Ước tính lượng sữa cần cho trẻ mỗi ngày Tuổi của trẻ Số bữa ăn/ngày Lượng sữa/bữa Tổng lượng sữa/ngày Từ khi sinh – 1 tháng 8 60 ml 480 ml Từ 1 tháng – 2 tháng 7 90 ml 630 ml Từ 2 tháng – 4 tháng 6 120 ml 720 ml Từ 4 tháng – 6 tháng 6 150 ml 900 ml', 'Bên cạnh đó, số bữa ăn dặm cũng cần được cân bằng với nguồn sữa mẹ để trẻ dần thích nghi với các loại thực phẩm, tránh ăn quá nhiều có thể khiến trẻ từ chối sữa mẹ, làm giảm lượng sữa mẹ sản xuất để đáp ứng nhu cầu của trẻ.\nĂn dặm mấy bữa mỗi ngày là thắc mắc của nhiều bậc cha mẹ \nHiện nay, có nhiều kiểu ăn dặm mẹ có thể lựa chọn để tập cho trẻ như ăn dặm kiểu truyền thống, ăn dặm kiểu Nhật, hoặc ăn dặm kiểu bé chỉ huy. Với phương pháp ăn dặm truyền thống và kiểu Nhật, thức ăn của trẻ cần được chế biến với độ đặc tăng dần và ăn dặm mấy bữa mỗi ngày mẹ có thể tham khảo như sau:\n6 - 7 tháng tuổi: 1 bữa/ngày, kết hợp bú sữa mẹ. Lượng thức ăn từ 100 - 200ml/bữa. Bắt đầu từ bột, cháo nấu loãng cùng thức ăn xay, nghiền, sau đó tăng dần độ sệt, đặc.\n8 - 9 tháng tuổi: 2 bữa/ngày, kết hợp bú sữa mẹ. Lượng thức ăn khoảng 200ml/bữa. Cho trẻ ăn cháo hoặc bột nấu đặc cùng thức ăn nghiền hoặc thái nhỏ.\n10 - 12 tuổi: 3 bữa/ngày, kết hợp bú sữa mẹ. Lượng thức ăn tăng lên khoảng từ 200 - 250ml/bữa. Cho trẻ ăn cháo hoặc bột nấu đặc cùng thức ăn thái nhỏ. Ngoài ra, cần tập cho trẻ cầm nắm thức ăn cắt khúc đã được hấp, luộc, nấu chín.\n12 - 24 tháng: 3 bữa/ngày, kết hợp bú sữa mẹ. Lượng thức ăn tăng lê']","Tổng cộng khoảng 480 ml/ngày, chia làm 8 bữa, mỗi bữa 60 ml.",3,1.0,1.0,0.972,0.5,True,done,
53,kb1,Tổng lượng sữa cần thiết cho trẻ từ 4 đến 6 tháng tuổi mỗi ngày?,"Trẻ từ 4 đến 6 tháng tuổi cần lượng sữa 150 ml mỗi bữa, mỗi bữa cách nhau khoảng 3-4 giờ, tổng lượng sữa cần cho trẻ trong ngày là 900 ml.","['Số bữa ăn dặm trong ngày của trẻ từ 6 tháng - 24 tháng\nCho trẻ ăn dặm mấy bữa mỗi ngày, mỗi bữa ăn dặm cách nhau bao lâu chắc hẳn đều khiến nhiều người mẹ đang có con trong giai đoạn ăn dặm phải đau đầu. Vậy trẻ từ 6 - 24 tháng cần ăn dặm bao nhiêu bữa?\nSữa mẹ là nguồn dinh dưỡng quý giá cho sự phát triển của trẻ trong 2 năm đầu đời, đặc biệt là 6 tháng đầu sau khi sinh. Trẻ dưới 6 tháng tuổi cần được bú sữa mẹ hoàn toàn để có thể hoạt động, khỏe mạnh và phát triển.\nTuy nhiên, từ 6 tháng tuổi, trẻ cần được ăn dặm bổ sung ngoài nguồn sữa mẹ vì lúc này nhu cầu dinh dưỡng của trẻ tăng lên, nếu chỉ cho trẻ bú sữa mẹ hoàn toàn sẽ không đáp ứng đủ nhu cầu của trẻ. Vì vậy, cần quan tâm cho trẻ từ 6 tháng tuổi ăn dặm mấy bữa mỗi ngày để đảm bảo không thiếu hụt dưỡng chất và năng lượng cho trẻ hoạt động và phát triển.\nTrên thực tế, nguồn sữa mẹ vẫn đóng vai trò quan trọng, chiếm hơn 1⁄2 nhu cầu dinh dưỡng hàng ngày của trẻ từ 6 - 12 tháng tuổi và khoảng 1⁄3 khi trẻ từ 12 - 24 tháng tuổi. Do đó, thức ăn dặm bổ sung không phải là nguồn dinh dưỡng thay thế cho sữa mẹ.\nCần quan tâm ăn dặm mấy bữa mỗi ngày, loại thực phẩm và cách chế biến như thế nào là phù hợp với sự phát triển của trẻ trong từ', 'Ước tính lượng sữa cần cho trẻ mỗi ngày Tuổi của trẻ Số bữa ăn/ngày Lượng sữa/bữa Tổng lượng sữa/ngày Từ khi sinh – 1 tháng 8 60 ml 480 ml Từ 1 tháng – 2 tháng 7 90 ml 630 ml Từ 2 tháng – 4 tháng 6 120 ml 720 ml Từ 4 tháng – 6 tháng 6 150 ml 900 ml', 'Chủ đề: Drug. Tiêu đề: Hướng dẫn dùng viên uống arginin - Liều dùng. Từ khoá: Arginin. Câu hỏi: Đối với bệnh thiếu carbamylphosphate synthetase hoặc thiếu ornithine carbamyl transferase, liều dùng của arginin dành cho trẻ từ 1 tháng đến 18 tuổi là bao nhiêu?. Trả lời: 100 - 175mg/kg mỗi lần, dùng 3 – 4 lần mỗi ngày cùng thức ăn, hiệu chỉnh liều theo đáp ứng của trẻ.. Ngữ cảnh: Liều lượng của thuốc cần được điều chỉnh phù hợp với độ tuổi và triệu chứng bệnh của từng bệnh nhân. Tùy theo từng đối tượng sử dụng mà liều dùng của thuốc sẽ khác nhau. Bạn nên lưu ý rằng, liều trình bày dưới đây chỉ mang tính chất tham khảo. Do đó, bạn không được tự ý dùng mà phải tuân thủ chính xác liều lượng mà bác sĩ hướng dẫn. Điều trị duy trì tăng amoniac máu ở bệnh nhân thiếu carbamylphosphate synthetase, thiếu ornithine carbamyl transferase: - Trẻ sơ sinh: 100mg/kg mỗi ngày, chia làm 3 – 4 lần\n- Trẻ từ 1 tháng đến 18 tuổi: 100mg/kg mỗi ngày, chia làm 3 – 4 lần Điều trị duy trì cho bệnh nhân tăng amoniac máu bị citrulin máu, arginosuccinic niệu: - Trẻ sơ sinh: 100-175mg/kg/lần, dùng 3 – 4 lần mỗi ngày cùng thức ăn, hiệu chỉnh liều tùy theo đáp ứng của trẻ.\n- Trẻ từ 1 tháng đến 18 tuổi: 100-175mg/kg/lầ']","Khoảng 900 ml/ngày, chia làm 6 bữa, mỗi bữa 150 ml.",3,0.667,1.0,0.939,0.5,True,done,
54,kb1,Kỹ thuật cho trẻ ăn bằng cốc đúng cách là gì?,"Trẻ ăn bằng cốc đúng cách như sau:

- Rửa tay sạch.
- Chuẩn bị lượng sữa đủ một bữa ăn của trẻ.
- Bế trẻ ngồi thẳng hoặc nghiêng trong lòng mẹ.
- Đặt cốc vào môi trẻ, nghiêng cốc sao cho sữa vừa chạm vào môi trẻ giúp trẻ cảm nhận được và dùng lưỡi liếm, mút sữa vào miệng.
- Không rót sữa vào miệng trẻ để tập phản xạ mút cho trẻ.
- Khi nhận đủ sữa trẻ sẽ ngậm miệng lại không ăn nữa.
- Đo lượng sữa trẻ ăn được theo ngày (không tính theo bữa) để đảm bảo trẻ nhận đủ sữa cần thiết.","['Nuôi trẻ sinh thấp cân không thể bú mẹ Lựa chọn 1 - Sữa mẹ vắt ra. • Tốt nhất cho trẻ ăn sữa mẹ vắt ra bằng cốc và thìa • Nếu trẻ yếu không nuốt được thì cho trẻ ăn sữa mẹ qua ống thông và kết hợp tập phản xạ mút, nuốt của trẻ qua việc cho ăn bằng cốc, thìa Lựa chọn 2 - Sữa thay thế sữa mẹ vì. • Trẻ có mẹ bị bệnh nặng không thể cho trẻ bú sữa hoặc vắt sữa được. • Mẹ đang bị chiếu tia xạ hoặc phải dùng thuốc chống chỉ định cho con bú • Trẻ có mẹ bị nhiễm HIV đang bị viêm tuyến vú hoặc chọn cách nuôi bộ • Trẻ mắc các bệnh chuyển hóa không dung nạp sữa mẹ. Nuôi dưỡng trẻ sinh thấp cân (2)', 'Hướng dẫn bà mẹ cho trẻ ăn bằng cốc • Rửa tay sạch. • Chuẩn bị lượng sữa đủ một bữa ăn của trẻ • Bế trẻ ngồi thẳng hoặc nghiêng trong lòng mẹ • Đặt cốc vào môi trẻ, nghiêng cốc sao cho sữa vừa chạm vào môi trẻ giúp trẻ cảm nhận được và dùng lưỡi liếm, mút sữa vào miệng • Không rót sữa vào miệng trẻ để tập phản xạ mút cho trẻ • Khi nhận đủ sữa trẻ sẽ ngậm miệng lại không ăn nữa. • Đo lượng sữa trẻ ăn được theo ngày (không tính theo bữa) để đảm bảo trẻ nhận đủ sữa cần thiết.', 'Câu hỏi: Duy trì cân nặng như thế nào trước khi mang thai?. Trả lời: Một số cách điều chỉnh chế độ ăn để hỗ trợ giảm cân và duy trì cân nặng khỏe mạnh:\n- Ăn khẩu phần nhỏ hơn, có kiểm soát\n- Tránh thực phẩm đóng gói sẵn và đồ ăn nhanh\n- Thay kẹo ngọt bằng trái cây tự nhiên\n- Ăn nhiều đạm nạc như cá, trứng, đậu hũ để no lâu hơn\n- Tăng cường chất xơ từ rau xanh và ngũ cốc nguyên hạt\n- Hạn chế đồ uống nhiều đường như nước ngọt, cà phê pha sữa, nước trái cây đóng hộp; thay thế bằng trà thảo mộc, cà phê đen hoặc nước lọc..', '33 Biếng ăn có thể có nguyên nhân do bệnh lý (hệ tiêu hóa, răng hàm mặt, tai mũi họng, dinh dưỡng, nhiễm ký sinh trùng, nhiễm khuẩn, sau chấn thương hoặc phẫu thuật, sau tiêm phòng, dùng thu ốc), do ch ế độ ăn (ăn b ổ sung sai đ ộ tuổi, chưa đúng lo ại thức ăn, chưa đúng lượng ăn hoặc cách chế biến không phù hợp), nhưng thường gặp nhất là biếng ăn tâm lý (do trẻ bị ép ăn, áp dụng hình thức thưởng phạt khi ăn). Dấu hiệu nhận biết: ăn chậm kéo dài trên 30 phút/bữa hoặc không ăn đủ trong mỗi bữa ăn; thay đổi thói quen ăn (không muốn ăn, ăn ít hơn, chỉ ăn một số món cụ thể); thay đổi thái độ ăn (trở nên khó chịu, ồn ào, hay gi ận dữ khi ăn); chậm phát triển về thể chất; rối loạn tiêu hóa ; giảm sức đề kháng, hay b ị bệnh; mất tập trung, khó ng ủ, cáu g ắt, khó chịu hoặc buồn bã, thay đổi cảm xúc, vô cảm hoặc không hứng thú với các hoạt động. Khi xét nghiệm có thể có thiếu máu dinh dưỡng, thiếu kẽm, sắt… Chăm sóc dinh dưỡng cần thiết: - Cho trẻ bú mẹ nhiều lần hơn nếu thời gian mỗi lần bú ít hơn bình thường. Nếu trẻ không bú mẹ trực tiếp thì mẹ vắt sữa vào cốc rồi cho uống bằng thìa. - Cho trẻ ăn bổ sung các thức ăn mềm, đa dạng, dễ tiêu hóa và chia nhiều bữa nhỏ. Chế biến ngon, phù hợp']","Hướng dẫn bà mẹ cho trẻ ăn bằng cốc
• Rửa tay sạch.
• Chuẩn bị lượng sữa đủ một bữa ăn của trẻ
• Bế trẻ ngồi thẳng hoặc nghiêng trong lòng mẹ
• Đặt cốc vào môi trẻ, nghiêng cốc sao cho sữa vừa chạm vào môi trẻ giúp trẻ cảm nhận được và dùng lưỡi liếm, mút sữa vào miệng.
• Không rót sữa vào miệng trẻ để tập phản xạ mút cho trẻ.
• Khi nhận đủ sữa trẻ sẽ ngậm miệng lại không ăn nữa.
• Đo lượng sữa trẻ ăn được theo ngày (không tính theo bữa) để đảm bảo trẻ nhận đủ sữa cần thiết.",4,,,,,True,eval_error,Không chấm đủ 4 metrics sau retry
55,kb1,Hậu quả của thiếu dinh dưỡng trong 3 tháng cuối thai kỳ là gì?,"Hậu quả của thiếu dinh dưỡng trong 3 tháng cuối thai kỳ là nguy cơ đẻ nhẹ cân và bị tiểu đường về sau.

*Lưu ý: Mẹ nên đưa bé đến cơ sở y tế để được thăm khám trực tiếp.*","['của của thai nhi. Thiếu Lipit trong bữa ăn làm giảm sự hấp thu các chất dinh dưỡng, ảnh hưởng đến sức khỏe bà mẹ và dự trữ mỡ cho tạo sữa sau sinh. Bà mẹ mang thai ăn thiếu lipit có thể dẫn đến hậu quả là không đạt mức tăng cân trong thai kỳ, không bài tiết đủ lượng sữa và thiếu dinh dưỡng do thiếu protein năng lượng. Ngược lại, tiêu thụ quá nhiều lipid có thể dẫn đến thừa cân, béo phì, ảnh hưởng đến phát triển của thai cũng như một số bệnh mạn tính không lây và hội chứng rối loạn chuyển hoá cho mẹ. Bảng 3. Nhu cầu khuyến nghị lipid Nhóm tuổi/ Tình trạng sinh lý % năng lượng khẩu phần (kcal) Nhu cầu khuyến nghị lipid (g/ngày) 20-29 tuổi 20-25 46- 57 30 - 49 tuổi 20-25 45- 56 Phụ nữ có thai 20-30 3 tháng đầu - + 1,5 g 3 tháng giữa - + 7,5 g 3 tháng cuối - + 15 g Bà mẹ cho con bú 20-30 + 10 g', 'Tầm quan trọng của chăm sóc dinh dưỡng bà mẹ thời kỳ mang thai và NCBSM Tình trạng sức khỏe và dinh dưỡng bà mẹ thời kỳ mang thai có mối liên hệ mật thiết với tình trạng dinh dưỡng của trẻ sơ sinh. 1. Đáp ứng được những nhu cầu và thay đổi về cơ thể , sinh lý của bà mẹ nhằm đảm bảo sự phát triển tốt của bào thai và sự tạo sữa 2. Hậu quả của dinh dưỡng không đúng khi người mẹ mang thai ảnh hưởng lớn tới phát triển của con như sau: • Thiếu dinh dưỡng thời kỳ đầu bào thai: con đẻ ra có nguy cơ bị béo phì và mắc bệnh tim mạch khi trưởng thành • Thiếu dinh dưỡng trong ba tháng giữa: con có nguy cơ thấp còi • Thiếu dinh dưỡng thời kỳ cuối: nguy cơ đẻ nhẹ cân và bị tiểu đường về sau', '2 này cần rất nhiều dưỡng chất như axit folic, vitamin B6, B12, mangan, đồng, iod, vitamin D, cholin, sắt và kẽm. Giai đoạn 3 tháng cuối thai kỳ là giai đoạn não bộ tăng trưởng và trưởng thành nhanh nhất. Vì vậy, cần cung cấp đủ nhu cầu tăng lên về năng lượng và các chất dinh dưỡng của người mẹ khi mang thai. Chế độ ăn của người mẹ đủ acid béo không no cần thiết, đủ DHA (Decosahexaenoic Acid) sẽ giúp trẻ trí thông minh, thị giác tốt và có hệ tim mạch khỏe mạnh. Nghiên cứu ảnh hưởng của trẻ sinh nhẹ cân do người mẹ thiếu dinh dưỡng trong thai kỳ lên chỉ số IQ cho thấy với mỗi 1kg nhẹ hơn khi sinh ra (so với anh/chị em sinh đôi) IQ ngôn ngữ về sau sẽ thấp hơn 13 điểm. Chất béo chuỗi dài DHA có vai trò rất quan trọng trong hình thành tế bào não và thị giác, cụ thể là: - Tham gia hình thành tế bào não, DHA: \uf02b Là thành phần chủ yếu của các acid béo tham gia cấu tạo não. \uf02b Cần thiết cho quá trình Myelin hóa tế bào thần kinh. \uf02b Tác động đến màng xináp – bộ phận điều khiển sự phóng thích và tiếp nhận chất dẫn truyền thần kinh, giúp sự truyền tín hiệu giữa các tế bào não hiệu quả hơn. - Tham gia hình thành tế bào thị giác, DHA là: \uf02b Thành phần quan trọng cấu tạo tế bào võng mạc mắt. \uf02b Thành', '4 kỳ, người mẹ sẽ không đ ủ khả năng để tạo đủ số lượng sữa và đ ảm bảo chất lượng sữa cho sự phát triển toàn diện của bé. 2.4. Dinh dưỡng hợp lý trong thai kỳ giảm nguy cơ mắc một số bệnh cho mẹ - Dinh dưỡng đủ sẽ giảm nguy cơ thiếu folate (vitamin B9), là một thành phần tham gia vào quá trình tạo máu. Thiếu folate thường gây bệnh thiếu máu hồng cầu khổng lồ, nguy cơ sẩy thai cao, sinh non, sinh con nhẹ cân. - Dinh dưỡng không đầy đủ trong thai kỳ sẽ làm suy giảm miễn dịch của cả mẹ và thai nhi. Thiếu vi chất dinh dưỡng, đặc biệt là kẽm sẽ ảnh hưởng xấu tới sự phát triển và chức năng của hầu hết các tế bào miễn dịch, tế bào T, tế bào B và đại thực bào làm giảm sản xuất globulin miễn dịch, IgA, IgM và IgG.. - Chế độ ăn nghèo dinh dưỡng hoặc không cân đối trong thời kỳ mang thai có thể dẫn đến một số bệnh lý như thiếu máu do thiếu sắt, thiếu kẽm, tiểu đường thai kỳ, tăng huyết áp thai kỳ. 2.5. Dinh dưỡng hợp lý trong thai kỳ giảm một số vấn đề thường gặp khi mang thai Khi mang thai, ph ụ nữ có thể bị chán ăn một hoặc nhiều món ăn, bu ồn nôn, nôn, ợ nóng, táo bón thường do một số nguyên nhân liên quan đ ến dinh dưỡng như: - Buồn nôn, nôn thường liên quan đến thiếu vitamin B6 - Rối lo']",Con đẻ ra có nguy cơ bị nhẹ cân và mắc bệnh tiểu đường về sau.,4,0.333,1.0,0.882,1.0,False,done,
56,kb1,Phụ nữ Châu Á mang thai nên tăng bao nhiêu kg là hợp lý?,"Theo tiêu chuẩn quốc tế, mức tăng cân trung bình của phụ nữ Châu Á nên là 10-12kg.","['Khuyến nghị tăng cân hợp lý khi mang thai Khuyến nghị mức tăng cân dựa trên tình trạng dinh dưỡng (chỉ số khối cơ thể: BMI) bà mẹ trước khi có thai • Tình trạng dinh dưỡng tốt (BMI: 18.5 - 24.9): Mức tăng cân nên đạt là 20% cân nặng trước khi có thai. • Tình trạng dinh dưỡng gầy (BMI <18,5): Mức tăng cân nên đạt là 25% cân nặng trước khi có thai. • Tình trạng dinh dưỡng thừa cân,béo phì (BMI>=25): Mức tăng cân nên đạt là 15% cân nặng trước khi có thai. Nguồn: Tổ chức Y tế thế giới năm 1998 Theo tiêu chuẩn quốc tế mức tăng cân trung bình của phụ nữ Châu Á nên là 10-12kg', 'Chủ đề: Disease. Tiêu đề: Nguyên tắc phòng ngừa - Tăng cân lành mạnh khi mang thai. Từ khoá: Thai to. Câu hỏi: Theo khuyến cáo của Tổ chức Y tế Thế giới (WHO), bạn sẽ tăng khoảng bao nhiêu kg trong thai kỳ?. Trả lời: Khoảng 10 – 12,5 kg.. Ngữ cảnh: Tăng cân nhiều trong lúc mang thai cũng là yếu tố thúc đẩy gây sinh con to. Theo Tổ chức Y tế Thế giới (WHO), bạn sẽ tăng khoảng 10 – 12,5 kg trong thai kỳ. Việc quản lý cân nặng sẽ bắt đầu vào tháng thứ tư thai kỳ. Kể từ tháng thứ tư, trung bình mỗi tháng bạn sẽ tăng khoảng 1,5 – 2 kg. WHO cũng khuyến cáo rằng bạn nên kiểm tra cân nặng định kỳ và tham khảo ý kiến bác sỹ nếu cân nặng tăng ít hơn 1kg hoặc tăng hơn 3 kg mỗi tháng. Tăng cân quá ít hoặc quá nhiều đều ảnh hưởng đến sức khỏe của bạn và em bé. Vì vậy, hãy đảm bảo bạn và con bạn nhận đủ năng lượng là tốt nhất. Hãy nhớ rằng, ăn đủ cho cả hai chứ không phải là ăn nhiều gấp hai lần bình thường. Vậy nên, đừng ăn quá nhiều, nhất là đồ ăn ngọt và có nhiều chất béo. Tuy nhiên, ăn kiêng để giảm cân cũng là một khuyến cáo không nên làm. Vì đây không phải là thời điểm tốt để thực hiện điều đó. Nếu tăng cân không đủ, thai sẽ chậm phát triển, trẻ nhẹ cân lúc sinh. Khi sinh ra trẻ không được', 'Chủ đề: Disease. Tiêu đề: Đối tượng nguy cơ cao bị tiểu đường thai kì. Từ khoá: Tiểu đường thai kỳ. Câu hỏi: Những yếu tố nào làm tăng nguy cơ mắc bệnh tiểu đường thai kỳ?. Trả lời: Những yếu tố làm tăng nguy cơ mắc bệnh tiểu đường thai kỳ bao gồm: béo phì, tiền sử sinh con nặng hơn 4 kg, tiền sử mắc bệnh tiểu đường thai kỳ, tuổi mẹ khi mang thai hơn 40 tuổi, có người thân bị bệnh tiểu đường tuýp 2, rối loạn dung nạp glucose, rối loạn đường huyết lúc đói, tiền căn bị thai lưu 3 tháng cuối thai kỳ không rõ nguyên nhân, tiền căn sinh con bị dị tật trước đây, tăng cân quá nhiều trong thai kỳ, rối loạn phóng noãn kiểu buồng trứng đa nang, sử dụng thuốc corticosteroids, thuốc kháng virus hoặc nhiễm HIV, yếu tố chủng tộc như người Phi, người Ấn, người châu Á, người gốc Tây Ban Nha, người ở các đảo thuộc Thái Bình Dương.. Ngữ cảnh: Bất kì phụ nữ nào cũng có thể mắc bệnh, nhưng bạn có nguy cơ mắc cao hơn người khác nếu: - Béo phì.\n- Trước đây bạn đã từng sinh một em bé năng trên 4 kg.\n- Bạn bị đái tháo đường thai kỳ trong lần mang thai trước.\n- Tuổi mẹ khi mang thai > 40 tuổi.\n- Có người thân (cha, mẹ, anh chị em ruột …) bị đái tháo đường tuýp 2.\n- Bị rối loạn dung nạp glucose, rối loạn đư']",Mức tăng cân trung bình nên đạt từ 10 - 12 kg.,3,1.0,0.562,0.789,1.0,True,done,
57,kb1,Nhu cầu năng lượng bổ sung hàng ngày cho bà mẹ nuôi con bú 6 tháng đầu?,"MomCare tìm thấy thông tin về nhu cầu dinh dưỡng theo độ tuổi, nhưng chưa có đủ căn cứ trong tài liệu để khẳng định trẻ cần dùng chế phẩm bổ sung cụ thể.","['Số bữa ăn dặm trong ngày của trẻ từ 6 tháng - 24 tháng\nCho trẻ ăn dặm mấy bữa mỗi ngày, mỗi bữa ăn dặm cách nhau bao lâu chắc hẳn đều khiến nhiều người mẹ đang có con trong giai đoạn ăn dặm phải đau đầu. Vậy trẻ từ 6 - 24 tháng cần ăn dặm bao nhiêu bữa?\nSữa mẹ là nguồn dinh dưỡng quý giá cho sự phát triển của trẻ trong 2 năm đầu đời, đặc biệt là 6 tháng đầu sau khi sinh. Trẻ dưới 6 tháng tuổi cần được bú sữa mẹ hoàn toàn để có thể hoạt động, khỏe mạnh và phát triển.\nTuy nhiên, từ 6 tháng tuổi, trẻ cần được ăn dặm bổ sung ngoài nguồn sữa mẹ vì lúc này nhu cầu dinh dưỡng của trẻ tăng lên, nếu chỉ cho trẻ bú sữa mẹ hoàn toàn sẽ không đáp ứng đủ nhu cầu của trẻ. Vì vậy, cần quan tâm cho trẻ từ 6 tháng tuổi ăn dặm mấy bữa mỗi ngày để đảm bảo không thiếu hụt dưỡng chất và năng lượng cho trẻ hoạt động và phát triển.\nTrên thực tế, nguồn sữa mẹ vẫn đóng vai trò quan trọng, chiếm hơn 1⁄2 nhu cầu dinh dưỡng hàng ngày của trẻ từ 6 - 12 tháng tuổi và khoảng 1⁄3 khi trẻ từ 12 - 24 tháng tuổi. Do đó, thức ăn dặm bổ sung không phải là nguồn dinh dưỡng thay thế cho sữa mẹ.\nCần quan tâm ăn dặm mấy bữa mỗi ngày, loại thực phẩm và cách chế biến như thế nào là phù hợp với sự phát triển của trẻ trong từ', '2 Tuy nhiên, ở hầu hết mọi nơi trên thế giới, các gia đình phải đối mặt với các rào cản kinh tế, chính trị, thị trường, xã hội hoặc văn hóa trong vi ệc cung cấp chế độ ăn bổ sung đủ thành phần dinh dưỡng, an toàn, giá c ả hợp lý và bền vững cho trẻ nhỏ. Những thách thức này trở nên trầm trọng hơn trong các tình huống khẩn cấp, nơi khả năng tiếp cận thực phẩm dinh dưỡng, nước uống sạch và dịch vụ chăm sóc sức khỏe chất lượng tốt bị hạn chế, các nguồn lực và năng l ực của người chăm sóc b ị giới hạn. Trẻ nhỏ và người chăm sóc đang tiếp xúc ngày càng nhiều hơn với các loại thực phẩm có giá trị dinh dưỡng thấp, bao gồm thực phẩm chế biến có nhiều đường, muối, chất béo bão hòa và chất béo chuyển hóa, dễ tiếp cận và dễ cho trẻ nhỏ ăn. Do đó, việc đẩy nhanh tiến độ cải thiện chất lượng thức ăn bổ sung và thực hành nuôi dưỡng trẻ nhỏ là rất quan trọng, góp phần giúp trẻ tăng trưởng tối ưu trong giai đoạn 1000 ngày đầu đời. 3. Độ tuổi thích hợp bắt đầu cho trẻ ăn bổ sung 4 Trẻ cần được nuôi hoàn toàn b ằng sữa mẹ trong 6 tháng đ ầu. Từ khi tròn 6 tháng tuổi (180 ngày sau sinh) , trẻ nhỏ vẫn cần tiếp tục được nuôi bằng sữa mẹ do sữa mẹ vẫn cung cấp hơn một nửa nhu cầu dinh dưỡng của trẻ 6-11', 'KHUYẾN NGHỊ VỀ NCBSM (2) Cho trẻ bú kéo dài đến 24 tháng hoặc lâu hơn • Từ 6 tháng trở đi và đến 24 tháng, sữa mẹ vẫn là nguồn quan trọng cung cấp năng lượng và các chất dinh dưỡng cần thiết cho sự phát triển toàn diện của trẻ. • Cần cho trẻ bú kéo dài đến 24 tháng hoặc lâu hơn cùng với chế độ ăn bổ sung hợp lý.']",Cần bổ sung thêm khoảng 505 - 675 kcal mỗi ngày so với bình thường(tương đương 3 bát cơm).,3,0.333,1.0,0.0,1.0,True,done,
58,kb1,Những loại đồ uống nào bà mẹ mang thai nên hạn chế?,"Bà mẹ mang thai nên hạn chế uống các loại đồ uống kích thích như rượu, cà phê, thuốc lá, nước chè đặc.","['Những đồ ăn thức uống nên hạn chế Khi mang thai • Không nên dùng các loại đồ uống kích thích như rượu, cà phê, thuốc lá, nước chè đặc... • Giảm ăn các loại gia vị như ớt, hạt tiêu, tỏi • Giảm ăn mặn nhất là những người mẹ bị phù để giảm phù và tránh tai biến khi đẻ • Không kiêng khem', '29 trong các qu ả chín. Rau xanh có nhi ều vitamin C nhưng b ị hao hụt nhiều trong quá trình nấu nướng. 1.3. Một số lưu ý khi có thai 1.3.1. Đồ ăn, thức uống nên hạn chế - Không nên dùng các lo ại đ ồ uống ch ứa ch ất kích thích như rư ợu, cà phê, thuốc lá, nước chè đặc.. - Giảm ăn các loại gia vị như ớt, hạt tiêu, tỏi. - Giảm ăn mặn nhất là đối với những người mẹ có phù, tăng huy ết áp hoặc bị nhiễm độc thai nghén để tránh tai biến khi đẻ. 1.3.2. Không nên quá kiêng khem: Phụ nữ có thai không nên chỉ ăn một vài loại thức ăn hoặc ăn quá nhiều thức ăn chua hoặc cay…, vì dễ gây thiếu dinh dưỡng cho cả mẹ và thai nhi. Bữa ăn cần đa dạng với nhiều loại thực phẩm khác nhau (nên có ít nh ất 10 loại thực phẩm/1 bữa chính). Trong trường hợp bị nghén nhẹ như buồn nôn, nôn hay s ợ ăn một số thức ăn, người mẹ cố gắng thay thế sang một số thức ăn khác ho ặc đồ uống khác để đáp ứng được nhu c ầu dinh dư ỡng khi có thai. Ph ụ nữ có thai không nên quá kiêng khem, ít ăn rau, củ, quả, cá hay mỡ… gây bất lợi cho sức khỏe, ảnh hưởng đến tình trạng dinh dưỡng của mẹ và thai nhi, giảm lượng sữa sau sinh. Những thực phẩm sẵn có như cua, ốc, tôm, tép, tr ứng, rau xanh, qu ả chín nên được ưu tiên lựa chọn', 'Chủ đề: Drug. Tiêu đề: Đối tượng chống chỉ định và nên thận trọng khi dùng Beatil - Phụ nữ có thai và mẹ cho con bú có uống được Beatil?. Từ khoá: Beatil. Câu hỏi: Phụ nữ mang thai trong giai đoạn nào được khuyến cáo không nên dùng Beatil?. Trả lời: 3 tháng giữa và 3 tháng cuối thai kỳ.. Ngữ cảnh: Nhà sản xuất không khuyến cáo sử dụng Beatil trên phụ nữ mang thai trong 3 tháng đầu thai kỳ. Nếu bạn đang dự định mang thai hoặc đã mang thai, cần liên hệ chuyên gia y tế để chuyển sang liệu pháp điều trị thay thế. Beatil chống chỉ định sử dụng trên đối tượng là phụ nữ mang thai trong 3 tháng giữa và 3 tháng cuối thai kỳ. Đối với phụ nữ đang cho con bú, nên cân nhắc giữa lợi ích mà Beatil có thể mang lại cho người mẹ và ảnh hướng đến đứa bé. Cần cân nhắc ngừng cho con bú hoặc ngừng sử dụng Beatil khi đã xem xét các nguy cơ và lợi ích khi dùng thuốc cho đối tượng này.', 'Chủ đề: Disease. Tiêu đề: Điều mẹ bầu cần làm để hạn chế tình trạng viêm nhiễm phụ khoa. Từ khoá: Viêm phụ khoa khi mang thai. Câu hỏi: Viêm phụ khoa là tình trạng khá thường gặp khi mang thai. Mẹ bầu cần chú trọng vệ dinh như thể có. Vậy vệ định như tế có được hiểu là?. Trả lời: Vệ dinh như tế có được hiểu là vệ dinh một cánh sạch sẻ và đúng cách khi mang thai.. Ngữ cảnh: Để hạn chế tình trạng viêm nhiễm phụ khoa, mẹ bầu nên: - Vệ sinh sạch sẽ và đúng cách ở vùng kín. Không thụt rửa quá sâu vào bên trong âm đạo.\n- Chọn đồ lót làm được sản xuất chất liệu thoáng mát, có tính thấm hút tốt.\n- Không nên mặc quần áo lót quá chật.\n- Hạn chế dùng các dung dịch, xà phòng có tính tẩy rửa mạnh.\n- Ăn uống đầy đủ chất dinh dưỡng để khỏe mạnh, nâng cao sức đề kháng.\n- Tăng cường các loại vitamin cần thiết cho bà bầu như: vitamin A, C, D, B1, B6, B12, axit folic.\n- Bổ sung thêm chất khoáng theo chỉ định của bác sĩ. Chẳng hạn như Magie, Canxi, Kali, kẽm, sắt.\n- Hạn chế ăn nhiều thực phẩm ngọt, nhiều đường vì chúng làm tăng bài tiết dịch ở âm đạo.\n- Khi bị viêm nhiễm phụ khoa thì không nên quan hệ vợ chồng. Với những thông tin mà bài viết đã cung cấp, hy vọng chị em phụ nữ sẽ hiểu rõ hơn về viêm p']","Không nên dùng các loại đồ uống kích thích như rượu, cà phê, thuốc lá, nước chè đặc...",4,1.0,1.0,0.873,1.0,True,done,
59,kb1,Khuyến nghị về số lần khám thai tối thiểu trong thai kỳ?,Số lần khám thai tối thiểu trong thai kỳ là 4 lần.,"['42 | QUẢN LÝ THAI Quản lý thai là các biện pháp giúp cán bộ y tế xã nắm chắc số người có thai trong từng thôn xóm, trong đó ai có thai bình thư ờng, ai có nguy cơ cao, vi ệc khám thai c ủa thai phụ thế nào; hàng tháng sẽ có bao nhiêu ngư ời đẻ tại trạm hoặc phải đẻ ở tuyến trên; theo dõi, chăm sóc bà mẹ khi sinh đẻ và sau đẻ cho tới hết thời kỳ hậu sản. Quản lý thai là một trong những công việc quan trọng nhất góp phần bảo vệ SKSS cho mọi gia đình, giảm tỷ lệ tử vong bà mẹ của y tế tuyến xã, phường. Bốn công cụ dùng để thực hành công tác quản lý thai là: - Sổ khám thai. - Sổ theo dõi sức khỏe bà mẹ và trẻ em hoặc phiếu khám thai. - Bảng Quản lý thai sản (hay bảng con tôm). - Hộp (hay túi) luân chuyển phiếu hẹn. 1. Sổ khám thai. - Sổ khám thai là sổ ghi tên, tuổi, địa chỉ … và các dữ kiện phát hiện được trong mỗi lần khám thai cho thai phụ. Sổ khám thai cũng đồng thời là sổ đăng ký thai nghén khi người phụ nữ được khám thai lần đầu. - Sổ khám thai giúp cán bộ y tế nắm bắt được diễn b iến quá trình thai nghén và tình hình cụ thể của mỗi lần khám trong suốt quá trình mang thai của thai phụ. - Sổ khám thai theo mẫu của Bộ Y tế hiện nay có tất cả 30 cột dọc. - Trong lần khám đầu tiên (l', 'năm tùy qui định của mỗi địa phương). - Sau lần khám đầu tiên, cho mỗi thai phụ, dành ra 5-10 dòng (hoặc nhiều hơn tùy cơ sở) để ghi các dữ kiện cho các lần khám sau. Như vậy lần khám sau không phải ghi lại các mục tên, tuổi, tiền sử… (vì đã ghi từ lần khám đầu) và chỉ ghi những tình hình, số liệu thu nhận được khi khám thai mỗi lần đó. - Đếm số dòng ngang sẽ biết được số lần khám thai của mỗi thai phụ. - Sổ khám thai phải được ghi chép đầy đủ, trung thực, giữ gìn sạch sẽ, đảm bảo bí mật đối với khách hàng. - Mẫu sổ khám thai (Ban hành theo thông tư số 27/TT_BYT ngày 14/8/2014): Sổ A3/YTCS 1 2 3 4 5 6 7 8 9 10 11 12 13 14 Trọng lượng mẹ Địa chỉ Nghề nghiệp Dân tộc Tiền sử sức khoẻ và sinh đẻ Ngày kinh cuối cùng Tuần thai Dự kiến ngày sinh SỔ KHÁM THAI Lần có thai thứ mấy TT Họ và tên Ngày khám thai Tuổi Thẻ BHYT', '| 33 CHĂM SÓC TRƯỚC SINH Mỗi phụ nữ mang thai phải được quản lý thai và khám thai ít nhất 4 lần trong thai kỳ (1 lần trong 3 tháng đầu, 1 lần trong 3 tháng giữa, 2 lần trong 3 tháng cuối). Chăm sóc trước sinh cần được thực hiện theo 9 bước sau: 1. Hỏi. 1.1. Bản thân. - Họ và tên. - Tuổi. - Nghề nghiệp, điều kiện lao động: tư thế làm việc ngồi hay đứng, chế độ nghỉ ngơi, có tiếp xúc độc hại không. - Địa chỉ (chú ý vùng sâu, xa). - Dân tộc (chú ý dân tộc thiểu số). - Trình độ học vấn. - Điều kiện sống, kinh tế (chú ý hoàn cảnh đói nghèo...). 1.2. Sức khỏe. 1.2.1. Hiện tại. Hiện mắc có dấu hiệu gì bất thường, nếu có, mắc từ bao giờ, diễn biến thế nào, đã điều trị gì, kết quả điều trị, có ảnh hưởng gì đến sức khỏe, đang dùng thuốc gì. Chú ý các b ệnh nhiễm khuẩn đang lưu hành ở địa phương và các bệnh mãn tính. 1.2.2. Tiền sử bệnh. Mắc những bệnh gì? Lưu ý những bệnh phải nằm viện, phải phẫu thuật, phải truyền máu, các tai nạn, dị ứng, nghiện rượu, thuốc lá, ma túy, các bệnh đái tháo đường, tim mạch, tâm thần, nội tiết, bệnh về máu, gan, thận. 1.2.3. Tiền sử sản khoa (PARA). - Đã có thai bao nhiêu lần, ghi theo 4 số (không kể lần có thai này): \uf02b Số thứ nhất là số lần đẻ đủ tháng. \uf02b Số t']","Nên đi khám thai ít nhất 3 lần, mỗi quý khám thai một lần.",3,1.0,0.0,0.975,1.0,True,done,
60,kb1,Đặc tính của sữa non là gì?,"Sữa non có các đặc tính sau:

- Sữa non sánh đặc có màu vàng nhạt hoặc trong.
- Nhiều năng lượng, chất đạm, nhiều vitamin A, kháng thể và tế bào bạch cầu.
- Có tác dụng xổ nhẹ giúp trẻ thải phân su.
- Là thức ăn tốt nhất cho trẻ trong tuần đầu, đã có sẵn ở vú mẹ ngay khi sinh.","['ĐẶC TÍNH CỦA SỮA NON \uf0fc Bài tiết trong vài ngày đầu sau đẻ. \uf0fc Sữa non sánh đặc có màu vàng nhạt hoặc trong \uf0fc Nhiều năng lượng, chất đạm, nhiều vitamin A, kháng thể và tế bào bạch cầu \uf0fc Có tác dụng xổ nhẹ giúp trẻ thải phân su \uf0fc Là thức ăn tốt nhất cho trẻ trong tuần đầu, đã có sẵn ở vú mẹ ngay khi sinh • Tại sao phải cho trẻ bú mẹ sớm sau đẻ? Không nên cho ăn thức ăn khác trước khi bú mẹ bữa đầu tiên?', 'ĐẶC TÍNH CỦA SỮA NON Đặc điểm Tầm quan trọng Giàu kháng thể \uf0b7 Giúp phòng chống dị ứng và nhiễm khuẩn Nhiều tế bào bạch cầu \uf0b7 Giúp phòng chống nhiễm khuẩn Có tác dụng xổ nhẹ \uf0b7 Đào thải phân su \uf0b7 Giảm mức độ vàng da sơ sinh Có yếu tố tăng trưởng biểu bì ruột \uf0b7 Giúp cho ruột trưởng thành \uf0b7 Phòng chống dị ứng không dung nạp thức ăn khác Giàu vitamin A \uf0b7 Giảm mức độ nặng khi bị nhiễm', '44 Sữa tăng trưởng (growing up milk): Sản phẩm sữa được tiếp thị cho trẻ em từ 1 đến 3 tuổi. Các sản phẩm này hỗ trợ bổ sung dinh dưỡng cho trẻ em nhưng không bắt buộc. Sữa động vật là chất lỏng màu trắng được tiết ra từ tuyến vú của động vật có vú cái (bò, dê, cừu, lạc đà…) sau khi sinh con, có chức năng nuôi dưỡng con non trong giai đoạn đầu đời. Sữa ít béo (low-fat milk): Sữa được giảm bớt một phần chất béo so với sữa nguyên chất (sữa bò ho ặc sữa động vật khác). S ữa tách béo có hàm lư ợng chất béo 1 -2% nhưng vẫn giữ lại phần lớn các chất dinh dưỡng khác. Sữa tách béo (skim milk): Sữa được loại bỏ hoàn toàn hoặc gần như toàn bộ chất béo so với sữa nguyên chất (sữa bò hoặc sữa động vật khác). Sữa tách béo có hàm lư ợng chất béo giảm xuống dưới 0,5% nhưng vẫn giữ lại phần lớn các chất dinh dưỡng khác. Sữa thực vật (plant-based milk): Được chế biến từ nguyên liệu có nguồn gốc thực vật như hạt, ngũ cốc, đậu đỗ, thông qua quá trình ngâm, xay, l ọc để tạo thành chất lỏng có màu trắng đục, tương tự sữa động vật. Thức ăn bổ sung tăng cường dinh dưỡng: Thức ăn bổ sung được thiết kế đặc biệt để cung cấp thêm năng lượng và/hoặc các chất dinh dưỡng. Những thức ăn này có thể được sản xuất ', 'SỨC KHOẺ Sữa non (‘sữa đầu’) là món quà quý giá nhất cho em bé mới sinh. Sữa non giúp bảo vệ bé khỏi bệnh tật và giúp bé thải ra phân su. • Đừng bỏ sữa non đi, hãy cho em bé bú sữa non • Trẻ phải được bú mẹ trong vòng 1 giờ đầu sau sinh dù được sinh tại nhà hay cơ sở y tế • Cho bé bú thường xuyên sẽ giúp mẹ ""tăng tiết sữa"" và đảm bảo mẹ có nhiều sữa cho bé bú Sữa mẹ là thực phẩm tốt nhất và đầy đủ nhất cho bé. Sữa mẹ cung cấp tất cả những chất dinh dưỡng mà bé cần trong 6 tháng đầu đời. Bà mẹ nào cũng đều có thể tạo ra đủ sữa mẹ cho con bú. CHO BÉ ĂN: GIAI ĐOẠN 0 - 6 THÁNG TUỔI Đặc điểm của sữa mẹ: • Dễ tiêu hoá • Là thực phẩm phù hợp nhất cho cơ thể của bé • Bảo vệ bé khỏi bệnh tật và nhiễm trùng • Không mất tiền và luôn có sẵn khi bạn cần đến • Tốt nhất là cho bú thường xuyên theo nhu cầu của bé, nghĩa là tùy theo lượng mà bé muốn. Sữa mẹ là thực phẩm tốt nhất và đầy đủ nhất cho em bé từ 0 đến 6 tháng tuổi. Ngoài sữa mẹ, trẻ không cần bất cứ các loại thực phẩm nào khác, kể cả nước 10', 'Chủ đề: Medicine. Tiêu đề: Cây Dây gân là gì? - Mô tả dược liệu. Từ khoá: Dây gân. Câu hỏi: Lá của cây Dây gân có những đặc điểm gì nổi bật?. Trả lời: Lá của cây Dây gân mọc so le, phiến lá hình bầu dục, gốc tròn hoặc hình tim, đầu thuôn nhọn, ở mép có khía răng. Lá non ở ngọn cành biến thành tua cuốn, hai mặt nhẵn, mặt dưới có màu rất nhạt, có gân nổi rõ.. Ngữ cảnh: Cây Dây gân là dạng cây bụi leo, kích thước dài, có khi dài tới hàng mét. Cây có cành non nhẵn, ban đầu có màu nâu, khi già chuyển sang màu xám nhạt. Lá mọc so le, phiến lá hình bầu dục, gốc tròn hoặc hình tim, đầu thuôn nhọn, ở mép có khía răng. Lá non ở ngọn cành biến thành tua cuốn, hai mặt nhẵn, mặt dưới có màu rất nhạt, có gân nổi rõ. Cụm hoa mọc thành chùy ở kẽ lá hoặc đầu cành, dài 10 – 20cm. Hoa nhỏ, đơn tính, có màu trắng lục. Lá bấc có hình tam giác nhọn. Quả khô, có màu nâu bóng và 3 cánh mềm. Dây gân thường ra hoa vào tháng 7 – 9 hằng năm và quả vào tháng 9 – 12.']","• Bài tiết trong vài ngày đầu sau đẻ.
• Sữa non sánh đặc có màu vàng nhạt hoặc trong.
• Nhiều năng lượng, chất đạm, Nhiều vitamin A, kháng thể và tế bào bạch cầu.
• có tác dụng xổ nhẹ giúp trẻ thải phân su.
• Là thức ăn tốt nhất cho trẻ trong tuần đầu, đã có sẵn ở vú mẹ ngay khi sinh.",5,1.0,1.0,0.857,0.917,True,done,
61,kb1,Sự khác biệt về hàm lượng Protein giữa sữa mẹ và sữa bò?,"Sữa mẹ và sữa bò có hàm lượng protein khác nhau. Sữa mẹ có lượng protein nước sữa, trong khi sữa bò có protein khó tiêu hóa.","['• Calo: 1 lít sữa mẹ có 600 - 700 kcal. • Protein: lượng protein ở sữa mẹ ít hơn trong sữa bò, là protein nước sữa • Lipid: lipid trong sữa mẹ nhiều hơn sữa bò. Sữa mẹ có acid béo linoleic cần thiết cho sự phát triển của não, mắt và sự bền vững các thành mạch của trẻ • Glucid và đường: trong sữa mẹ có nhiều lactose hơn sữa bò • Vitamin: trong sữa mẹ có nhiều vitamin A, vitamin D, vitamin C • Trong sữa mẹ có ít calci hơn sữa bò nhưng dễ hấp thu • Sắt trong sữa mẹ cao hơn sữa bò và dễ hấp thu CÁC CHẤT DINH DƯỠNG SỮA MẸ SỮA BÒ SỮA CÔNG THỨC Nước Đủ cho nhu cầu trẻ Cần bổ sung Cần bổ sung Năng lượng Tương đương Tương đương Tương đương Protein Lượng chính xác và dễ tiêu hóa Khó tiêu hóa Gần tương tự sữa mẹ Carbonhydrat Lactose- Nhiều Oligosaccharides Lactose- Ít Oligosaccharides Lactose- Sucrose thiếu Lipase Chất béo Có EFA và lipase giúp hỗ trợ tiêu hóa Không có Không có lipase Ít EFA Không có lipase Vitamin và khoáng chất Thích hợp nếu bà mẹ đủ Ít vitamin C, A, sắt Được bổ sung thêm vitamin và chất khoáng Kháng thể, các yếu tố chống nhiễm khuẩn IgA, Lactoferrin, Lysozyme, tế bào bạch cầu Không Không Các yếu tố phát triển Có Không Không SO SÁNH SỮA MẸ VỚI CÁC LOẠI SỮA KHÁC', 'Câu hỏi: Tác hại của việc uống quá nhiều sữa là gì?. Trả lời: Mặc dù sữa tươi và sữa bột có hàm lượng dinh dưỡng cao, nhưng cha mẹ nên cho bé sử dụng với hàm lượng phù hợp, vì sử dụng quá nhiều sữa tươi có thể sẽ gây ra các hệ lụy về sau:\n- Nếu bé uống quá nhiều sữa kể cả sữa bột hay sữa tươi thì rất dễ dẫn đến tình trạng táo bón, đặc biệt là khi trẻ không được bổ sung đủ chất xơ trong khẩu phần dinh dưỡng hằng ngày\n- Uống quá nhiều sữa cũng dẫn đến tình trạng chán ăn và ăn không ngon miệng ở trẻ. Vì sữa chứa nhiều protein và calo nên có thể làm cho bé no rất lâu dẫn đến tình trạng chán ăn.\n- Thành phần dinh dưỡng trong sữa tươi có chứa rất ít sắt, nên nếu trẻ uống quá nhiều sẽ có nguy cơ thiếu sắt và thiếu máu.\n- Trẻ uống nhiều sữa sẽ có nguy cơ mắc bệnh ruột mất protein. Dấu hiệu chủ yếu của bệnh này là bàn chân, mặt bị sưng to, trẻ hay bị chuột rút hoặc yếu cơ, dịch màng phổi tràn....\n- Vấn đề rất đáng lo ngại đó là khi cho trẻ uống quá nhiều sữa, chúng ta ta vô tình đã đặt bé vào nguy cơ mắc bệnh béo phì rất cao vì trong sữa chứa rất nhiều calo.\nNhìn chung, sữa đóng vai trò quan trọng đối với sự phát triển của trẻ. Việc bé 2 tuổi nên uống sữa bột hay sữa tươi còn tùy thuộc vào ', 'Chế độ dinh dưỡng cho người mẹ trầm cảm sau khi sinh con\nBài viết được viết bởi ThS.Bác sĩ Nguyễn Thành Long - Chuyên gia tư vấn tâm lý, Bệnh viện Đa khoa Quốc tế Vinmec Times City.\nPhụ nữ sau sinh có nhu cầu năng lượng và dinh dưỡng cao hơn bình thường để cung cấp dưỡng chất cho mẹ, đồng thời chuyển hóa dinh dưỡng thành sữa cho con bú. Với sản phụ bị trầm cảm sau sinh, một chế độ dinh dưỡng lành mạnh rất quan trọng trong điều trị và phòng tránh các rối loạn tâm thần khác.\nTrước hết sản phụ sau sinh cần ăn nhiều thức ăn có giá trị dinh dưỡng cao, chứa nhiều protein, canxi, sắt như: thịt bò, trứng, sữa, gan và thận động vật. Các sản phẩm từ đậu có thể là những thức ăn có hàm lượng canxi rất cao... Bên cạnh đó, cần ăn uống đa dạng, không thể ăn theo ý thích của mình, cũng không phải ăn nhiều quá một loại thực phẩm. Dưới đây là những thành phần dinh dưỡng phụ nữ bị bệnh trầm cảm sau sinh nên bổ sung:\nProtein là thành phần dinh dưỡng quan trọng trong chế độ ăn hàng ngày của người bị bệnh trầm cảm vì protein kích thích sản xuất nội tiết tố cho bà mẹ mang thai hoặc mới sinh. Các thực phẩm như : thịt nạc, thịt gia cầm, chân giò, hải sâm cá, đậu Hà Lan, các loại hạt khác,...\nMột số nguồn c', 'Sự khác nhau về chất lượng protein trong các loại sữa Sữa bòSữa người Whey protein Sữa đông Dễ tiêu hóa Khó tiêu hóa']",• Lượng protein trong sữa mẹ: Lượng chính xác và dễ tiêu hóa.                                                                • Lượng protein trong sữa bò: khó tiêu hóa.,4,1.0,1.0,0.983,1.0,True,done,
62,kb1,Lợi ích của việc cho trẻ tiếp xúc da kề da ngay sau sinh?,"Trẻ tiếp xúc da kề da ngay sau sinh mang lại lợi ích như sau:

- Cải thiện hành vi của mẹ, giúp mẹ tự tin hơn trong chăm sóc bé và cho bé bú mẹ lâu dài hơn.
- Bảo vệ bé khỏi những ảnh hưởng tiêu cực đã được ghi nhận khi tách bé.
- Hỗ trợ phát triển trí não tối ưu và tạo thuận lợi cho sự gắn bó, thúc đẩy sự tự điều chỉnh của trẻ sơ sinh qua thời gian.
- Giảm căng thẳng và giảm khóc đáng kể cho thấy giảm căng thẳng.","['4 Tiếp xúc da kề da ngay • Những bà mẹ cho trẻ tiếp xúc da kề da ngay sau sinh sẽ cải thiện hành vi của mẹ, mẹ tự tin hơn trong chăm sóc bé và cho bé bú mẹ lâu dài hơn • Tiếp xúc da kề da với mẹ bảo vệ bé khỏi những ảnh hưởng tiêu cực đã được ghi nhận khi tách bé, hỗ trợ phát triển trí não tối ưu và tạo thuận lợi cho sự gắn bó, thúc đẩy sự tự điều chỉnh của trẻ sơ sinh qua thời gian • Trẻ bình thường sinh ra có bản năng bú mẹ và có thể tìm vú, tự nắm bắt vú mà không cần sự hỗ trợ khi tiếp xúc da kề da Chăm sóc bổ sung trong những giờ đầu (mẹ) • Điều quan trọng là người phụ nữ phải được theo dõi sát ngay sau sinh vì đây là lúc nguy cơ băng huyết cao nhất và những biến chứng khác. • Đánh giá và ghi nhận các dấu hiệu sinh tồn 15 phút 1 lần trong giờ đầu sau sinh, sau đó 30 phút 1 lần trong giờ tiếp theo nếu các thông số đạt yêu cầu. • Bề cao tử cung • Sản dịch • Tầng sinh môn • Nhiệt độ - ngay sau sinh và mỗi 4 giờ sau nếu cần – lặp lại nếu trên 38 °C • Lượng nước tiểu – theo dõi cho đến khi đi tiểu được lần đầu tiên, khuyến khích sản phụ tiểu nếu sờ thấy bàng quang hoặc đáy tử cung bị đẩy lệch hay bị đẩy lên cao', 'Giúp các bà mẹ cho con bú ngay sau sinh trong vòng 1 giờ đầu. • Đặt trẻ tiếp xúc da kề da với mẹ ngay sau sinh nhằm kích thích hành vi bản năng của trẻ để tìm vú mẹ và tự ngậm bắt vú bú bữa bú đầu tiên • Giúp các bà mẹ có HIV dương tính quyết định nuôi con bằng sữa mẹ thực hiện da-kề-da ngay sau khi sinh theo cách thông thường. • Bà mẹ sinh mổ – Hỗ trợ để có thể bắt đầu cho con bú càng sớm càng tốt. – Các bà mẹ được gây tê ngoài màng cứng hoặc tủy sống đều có thể cho trẻ tiếp xúc da kề da tương tự như các bà mẹ sinh thường. – Các bà mẹ gây mê toàn bộ có thể cho trẻ tiếp xúc da kề da ngay sau khi bà mẹ đáp ứng được. Điều kiện 4', '3 Chăm sóc ngay sau sinh • Bú mẹ đầu tiên được khuyến khích càng sớm càng tốt ngay sau sinh, lý tưởng nhất là trong vòng 1 giờ đầu. • Tách mẹ và bé trong giờ đầu sau sinh vì các thủ tục thông thường sau sinh, ví dụ cân, đo và tắm bé, nên được tránh trừ khi mẹ yêu cầu, hoặc cần thiết phải chăm sóc bé ngay sau sinh. Tiếp xúc da kề da ngay • Có bằng chứng rõ rằng bé bình thường đủ tháng được đặt tiếp xúc da kề da với mẹ ngay sau sinh giúp việc chuyển tiếp từ bào thai ra cuộc sống mới sẽ tốt hơn về hô hấp, nhiệt độ, ổn định đường huyết, và giảm khóc đáng kể cho thấy giảm căng thẳng.', '| 221 - Đối với bà mẹ: \uf02b Thành thạo cách thực hiện tiếp xúc da-kề-da tiếp tục cho trẻ tại nhà. \uf02b Biết cách điều chỉnh theo nhu c ầu của trẻ như tăng thời gian tiếp xúc da-kề-da nếu trẻ lạnh tay, chân hoặc nhiệt độ môi trường thấp về ban đêm. \uf02b Biết cách chăm sóc, theo dõi tại nhà và nhận biết các dấu hiệu nguy hiểm đưa trẻ đến khám kịp thời. \uf02b Biết nơi khám chăm sóc sức khỏe định kì, thời gian khám lại và nội dung khám. - Hướng dẫn khi ra viện: cấp tờ rơi, hướng dẫn thực hiện phương pháp Kangaroo ngo ại trú và hẹn khám lại. 3. Thực hiện phương pháp Kangaroo cho trẻ phải chuyển viện. - Nếu trẻ có chỉ định chuyển viện: giải thích, động viên và giú p đỡ người mẹ hoặc người đi cùng với trẻ, đảm bảo cho trẻ vẫn được chăm sóc tiếp xúc da-kề-da trên đường chuyển. - Để trẻ ở vị trí Kangaroo khi thực hiện các chăm sóc khác trên đường vận chuyển (thở oxygen, cho ăn sữa mẹ qua ống thông hoặc nhỏ giọt...).', '2 Chăm sóc lấy người mẹ và em bé làm trung tâm • Chăm sóc lấy người mẹ làm trung tâm là thuật ngữ được dùng để mô tả một triết lý chăm sóc thai sản nhằm thúc đẩy 1 cách tiếp cận toàn diện bằng cách nhận ra nhu cầu xã hội, cảm xúc, thể chất, tinh thần và văn hóa của mỗi người phụ nữ • Sự mong đợi và bối cảnh xã hội được xác định bởi chính bản thân người phụ nữ • Phụ nữ và gia đình của họ được thừa nhận là những cá nhân khác biệt về nhu cầu, giá trị và sở thích, và luôn được tôn trọng trong mọi vấn đề liên quan đến chăm sóc mẹ và bé • Thái độ chăm sóc nhẹ nhàng, bao gồm cả gia đình (kể cả cha và ông bà) sẽ tăng cường sự hồi phục và giao tiếp Chăm sóc ngay sau sinh • Khi thích hợp, tất cả phụ nữ nên được khuyến khích tiếp xúc da kề da với bé càng sớm càng tốt ngay sau sinh. • Để giữ ấm bé, bé phải được giữ khô và được bao phủ bởi chăn hay khăn lông khô và ấm khi duy trì tiếp xúc da kề da với mẹ.']","Đặt trẻ tiếp xúc da kề da với mẹ ngay sau sinh nhằm kích thích hành vi
bản năng của trẻ để tìm vú mẹ và tự ngậm bắt vú bú bữa bú đầu tiên.",5,1.0,1.0,0.871,0.95,True,done,
63,kb1,Sữa đầu bữa bú và sữa cuối bữa bú khác nhau như thế nào?,"Sữa đầu bữa bú và sữa cuối bữa bú của trẻ khác nhau về màu sắc và thành phần. Sữa đầu bữa bú thường loãng, màu hơi xanh, chủ yếu cung cấp đạm, đường lactose, nước và các chất dinh dưỡng khác. Sữa cuối bữa bú có màu trắng đục vì chứa nhiều chất béo, chất béo này cung cấp nhiều năng lượng.","['SỮA TRƯỞNG THÀNH \uf0fc Bài tiết từ ngày 2, hiện tượng căng sữa \uf0fc Số lượng nhiều, đủ nhu cầu của trẻ, TB 1 bà mẹ 800-1200ml/ ngày \uf0fc Sữa đầu bữa bú: bài tiết ở đầu bữa bú của trẻ, thường loãng, màu hơi xanh, số lượng nhiều, chủ yếu cung cấp đạm, đường lactose, nước và các chất dinh dưỡng khác \uf0fc Sữa cuối bữa bú: bài tiết cuối bữa bú của trẻ. Sữa cuối bữa mầu trắng đục vì chứa nhiều chất béo, chất béo này cung cấp nhiều năng lượng • Tại sao cần cho bú mẹ hết bên vú này mới chuyển sang bế vú đối diện?', 'ĐẶC TÍNH CỦA SỮA NON \uf0fc Bài tiết trong vài ngày đầu sau đẻ. \uf0fc Sữa non sánh đặc có màu vàng nhạt hoặc trong \uf0fc Nhiều năng lượng, chất đạm, nhiều vitamin A, kháng thể và tế bào bạch cầu \uf0fc Có tác dụng xổ nhẹ giúp trẻ thải phân su \uf0fc Là thức ăn tốt nhất cho trẻ trong tuần đầu, đã có sẵn ở vú mẹ ngay khi sinh • Tại sao phải cho trẻ bú mẹ sớm sau đẻ? Không nên cho ăn thức ăn khác trước khi bú mẹ bữa đầu tiên?', 'Số bữa ăn dặm trong ngày của trẻ từ 6 tháng - 24 tháng\nCho trẻ ăn dặm mấy bữa mỗi ngày, mỗi bữa ăn dặm cách nhau bao lâu chắc hẳn đều khiến nhiều người mẹ đang có con trong giai đoạn ăn dặm phải đau đầu. Vậy trẻ từ 6 - 24 tháng cần ăn dặm bao nhiêu bữa?\nSữa mẹ là nguồn dinh dưỡng quý giá cho sự phát triển của trẻ trong 2 năm đầu đời, đặc biệt là 6 tháng đầu sau khi sinh. Trẻ dưới 6 tháng tuổi cần được bú sữa mẹ hoàn toàn để có thể hoạt động, khỏe mạnh và phát triển.\nTuy nhiên, từ 6 tháng tuổi, trẻ cần được ăn dặm bổ sung ngoài nguồn sữa mẹ vì lúc này nhu cầu dinh dưỡng của trẻ tăng lên, nếu chỉ cho trẻ bú sữa mẹ hoàn toàn sẽ không đáp ứng đủ nhu cầu của trẻ. Vì vậy, cần quan tâm cho trẻ từ 6 tháng tuổi ăn dặm mấy bữa mỗi ngày để đảm bảo không thiếu hụt dưỡng chất và năng lượng cho trẻ hoạt động và phát triển.\nTrên thực tế, nguồn sữa mẹ vẫn đóng vai trò quan trọng, chiếm hơn 1⁄2 nhu cầu dinh dưỡng hàng ngày của trẻ từ 6 - 12 tháng tuổi và khoảng 1⁄3 khi trẻ từ 12 - 24 tháng tuổi. Do đó, thức ăn dặm bổ sung không phải là nguồn dinh dưỡng thay thế cho sữa mẹ.\nCần quan tâm ăn dặm mấy bữa mỗi ngày, loại thực phẩm và cách chế biến như thế nào là phù hợp với sự phát triển của trẻ trong từ', '16 3.2.2. Tần suất ăn bổ sung Người chăm sóc nên tăng dần số lượng bữa ăn cho trẻ trong một ngày theo độ tuổi của trẻ. Số lần cho ăn phù h ợp phụ thuộc vào đậm độ năng lượng của thức ăn và lư ợng thức ăn tiêu thụ trong mỗi lần cho ăn. Tần suất ăn tối thiểu cho một trẻ khỏe mạnh trung bình như sau 1: - Trẻ bú mẹ từ 6-8 tháng tuổi: Cho bú theo nhịp hiện tại cùng với cho ăn từ 01 bữa ăn (6 tháng) đến 02 bữa ăn (7-8 tháng) một ngày gồm thức ăn mềm hoặc đặc. - Trẻ bú mẹ từ 9-11 tháng tuổi: Cho bú theo nhịp hiện tại cùng với cho ăn 03 bữa ăn một ngày gồm thức ăn đặc hoặc rắn; có thể thêm 1 bữa phụ. - Trẻ bú mẹ từ 12-23 tháng tuổi: Cho trẻ ăn 03 bữa ăn một ngày gồm thức ăn đặc hoặc rắn, thêm 2 bữa phụ, tiếp tục cho bú mẹ. - Trẻ không bú sữa mẹ từ 6-23 tháng tuổi: ngoài số bữa ăn trên, cho trẻ uống thêm 2-3 cốc sữa/ngày và ăn thêm 1-2 bữa/ngày. Số bữa ăn trong ngày c ủa trẻ còn phụ thuộc vào đậm độ năng lượng của loại thức ăn bổ sung và lượng sữa mẹ tiêu thụ. Nếu thức ăn bổ sung của trẻ ít năng lượng và/hoặc trẻ bú mẹ ít thì cần tăng số bữa ăn bổ sung để đáp ứng đủ nhu cầu của trẻ. Tuy nhiên không nên ăn quá nhiều bữa không cần thiết, đặc biệt ở những trẻ còn bú mẹ vì có thể làm giảm số lầ']","• Sữa đầu bữa bú: bài tiết ở đầu bữa bú của trẻ, thường loãng, màu hơi xanh, số lượng nhiều, chủ yếu cung cấp đạm, đường lactose, nước và các chất dinh dưỡng khác
• Sữa cuối bữa bú: bài tiết cuối bữa bú của trẻ. Sữa cuối bữa mầu trắng đục vì chứa nhiều chất béo, chất béo này cung cấp nhiều năng lượng.",4,,,,,True,eval_error,Không chấm đủ 4 metrics sau retry
64,kb1,Vitamin nào có hàm lượng cao trong sữa non giúp giảm mức độ nhiễm khuẩn?,Vitamin A có hàm lượng cao trong sữa non giúp giảm mức độ nhiễm khuẩn ở trẻ.,"['ĐẶC TÍNH CỦA SỮA NON Đặc điểm Tầm quan trọng Giàu kháng thể \uf0b7 Giúp phòng chống dị ứng và nhiễm khuẩn Nhiều tế bào bạch cầu \uf0b7 Giúp phòng chống nhiễm khuẩn Có tác dụng xổ nhẹ \uf0b7 Đào thải phân su \uf0b7 Giảm mức độ vàng da sơ sinh Có yếu tố tăng trưởng biểu bì ruột \uf0b7 Giúp cho ruột trưởng thành \uf0b7 Phòng chống dị ứng không dung nạp thức ăn khác Giàu vitamin A \uf0b7 Giảm mức độ nặng khi bị nhiễm', '21 - Là dung môi hòa tan và tăng kh ả năng hấp thu các vitamin vitamin A, D, E, K. - Chất khoáng: Sữa có nhi ều ch ất khoáng khác nhau như can xi , đ ồng, s ắt, kẽm, magie, kali, selen… Đ ặc biệt, sữa có hàm lư ợng can xi cao, 100ml sữa cung cấp 100-120mg can xi. - Can xi trong sữa ở dạng kết hợp với casein, t ỷ số can xi/phospho thích h ợp nên dễ hấp thu. - Vitamin:Sữa chứa rất nhiều loại vitamin như vitamin nhóm B (vitamin B1, B3, B5, B6 và B9…), vitamin C, vitamin D, vitamin E và vitamin K. Đ ặc biệt có hàm lượng cao vitamin A, vitamin B2 và vitamin B12. 1.2. Sữa chua: Là chế phẩm từ sữa nên có đầy đủ thành phần các chất dinh dưỡng của sữa [3]. Ngoài ra có 1 s ố điểm nổi trội sau: - Ít đường lactose: Trong sữa chua, đường lactose được lên men chuyển thành acid lactic, giúp cơ th ể hấp thu các ch ất dinh dư ỡng dễ dàng hơn, thích h ợp cho người không dung nạp đường lactose. - Vi khuẩn có ích: Sữa chua cung c ấp cho cơ t hể một lượng lớn các vi khu ẩn có lợi giúp cân bằng hệ vi khuẩn đường ruột, bảo vệ hệ tiêu hóa, tăng cường hấp thu các chất dinh dưỡng. 1.3. Phô mai : Là ch ế phẩm t ừ sữa nên phô mai có đ ầy đ ủ thành phần các ch ất dinh dư ỡng c ủa sữa [4-5]. - Đậm độ dinh dưỡng', 'Câu hỏi: Độ tuổi nào thì nên cho bé dùng sữa tươi?. Trả lời: Sữa tươi chứa nhiều chất dinh dưỡng thiết yếu như protein, chất béo, kali, vitamin D và canxi, do đó nó trở thành lựa chọn phù hợp để cha mẹ có thể bổ sung vào chế độ ăn hằng ngày cho con.\nTuy nhiên, theo các nhà nghiên cứu đánh giá thì chúng ta không nên sử dụng sữa tươi cho bé dưới 1 tuổi. Vì ở giai đoạn dưới 1 tuổi, thận của bé chưa phát triển hoàn thiện nên lượng đạm, canxi và phốt pho trong sữa tươi sẽ làm cho thận trở nên quá tải. Bên cạnh đó, mặc dù chứa hàm lượng dinh dưỡng cao nhưng sữa tươi lại chứa rất ít sắt và vi lượng nên nếu sử dụng có thể gây ra tình trạng thiếu máu do thiếu sắt.\nTùy thuộc vào độ tuổi để chúng ta bổ sung thêm sữa cho trẻ. Đối với những trẻ từ 1 đến 2 tuổi thì nên bổ sung từ 200- 300ml sữa trong một ngày. Tuy nhiên, nên cho bé uống trước bữa ăn chính 2 giờ hoặc sau bữa ăn chính từ 1 đến 2 giờ. Vì sữa tươi cũng không thể cung cấp đầy đủ các chất dinh dưỡng và khoáng chất cho bé, Do đó cha mẹ nên xen kẽ dùng cả sữa tươi và sữa bột cho bé cùng với chế độ ăn đầy đủ dinh dưỡng.\nBé 2 tuổi nên chọn loại sữa tươi dạng nguyên kem, nếu bé có cân nặng phù hợp với độ tuổi thì nên cho bé uống loại sữa k']",Vitamin A.,3,0.25,1.0,0.79,1.0,True,done,
65,kb1,Tại sao mẹ nên cho trẻ bú hết một bên vú rồi mới chuyển sang vú kia?,"Trẻ cần bú hết một bên vú trước khi chuyển sang vú kia vì sữa cuối bữa bú chứa nhiều chất béo, cung cấp nhiều năng lượng.","['Điều kiện 8 Khuyến khích cho trẻ bú mẹ theo nhu cầu. Bú theo nhu cầu là cho trẻ bú bất cứ khi nào trẻ hoặc bà mẹ muốn, không hạn chế thời gian và số lần bú. • Giúp bà mẹ biết cách nhận biết các dấu hiệu muốn bú của trẻ để cho trẻ bú ngay không nên chờ đến khi trẻ khóc hay mệt mới cho trẻ bú • Hãy để trẻ bú bao lâu tuỳ thích và giúp trẻ ngậm bắt vú đúng. • Cho trẻ bú hết từng bên vú để nhận được sữa cuối có nhiều chất béo. Sau đó chuyển sang vú bên kia nếu trẻ còn muốn bú.', '218 | 3. Cho con bú trong những ngày đầu. - Giải thích những thay đổi về vú trong những ngày đầu. - Không hạn chế số lần cho trẻ bú, cho bú theo nhu cầu, ít nhất là 8 lần/ngày, cả ngày và đêm. - Bú hết sữa một bên vú mới chuyển sang bên kia. - Không dứt vú khi bé chưa muốn thôi bú. - Chỉ cho bú sữa mẹ, không cho trẻ ăn hay uống bất cứ thức ăn, nước uống nào khác. - Nếu vú cương đau hoặc trẻ khó bắt vú giai đoạn đầu: hướng dẫn bà mẹ vắt sữa và giải thích cho bà mẹ yên tâm là vấn đề này sẽ được giải quyết, trẻ sẽ bú lại được bình thường. 4. Cho trẻ non tháng, nhẹ cân bú mẹ. - Nhấn mạnh tầm quan trọng của việc nuôi con bằng sữa mẹ. - Giúp bà mẹ yên tâm là có thể nuôi con bằng sữa mẹ. - Khuyến khích bà mẹ vắt sữa từ ngày đầu. - Để giúp sữa chảy tốt, nhắc người mẹ vắt ít sữa trước lúc cho bé bắt vú. - Nếu trẻ không bú được, cần vắt sữa, cho ăn bằng thìa và cốc sạch, tốt nhất là luộc các dụng cụ trước khi cho trẻ ăn. - Giải thích cho bà mẹ là trẻ sẽ lớn dần và bú tốt hơn. 5. Cho trẻ sinh đôi bú. - Giúp bà mẹ yên tâm là với 2 bầu vú, bà mẹ có thể nuôi cả 2 con. - Có thể cho cả 2 trẻ bú cùng một lúc hoặc 1 trẻ bú trước, 1 trẻ bú sau. - Nếu cả 2 trẻ cùng bú: \uf02b Đặt 1 gối bên dưới để đỡ hai t', 'MẪU QUAN SÁT MỘT BỮA BÚ (3) Ngậm bắt vú của trẻ □ Quầng vú phía trên miệng trẻ còn nhiều hơn □ Miệng trẻ mở rộng □ Môi dưới hướng ra ngoài □ Cằm trẻ chạm vào vú mẹ □ Quầng vú phía dưới miệng trẻ còn nhiều hơn □ Miệng trẻ không mở rộng □ Môi hướng ra trước hoặc mím vào trong □ Cằm trẻ không chạm vào vú mẹ Động tác bú của trẻ □ Bú chậm, sâu, có lúc ngừng nghỉ □ Má căng phồng khi bú □ Trẻ tự nhả vú khi bú xong □ Có một số dấu hiệu của phản xạ oxytocin: sữa chảy ra ở vú bên kia, sữa chảy thành tia nếu trẻ nhả vú ra trong bữa bú □ Bú nhanh, nông □ Má lõm khi bú □ Bà mẹ dứt trẻ ra khỏi vú □ Không có dấu hiệu của phản xạ oxytocin', '49 - Trước khi vắt sữa, bà mẹ cần rửa tay sạch sẽ và dùng khăn mềm, sạch lau qua b ầu vú; sau đó nên ng ồi hoặc đứng một cách thoải mái và giữ cốc hoặc bình sữa ở gần vú. - Đặt ngón tay cái lên phía trên núm vú và qu ầng vú, ngón tay trỏ ở phía dưới, đối diện với ngón tay cái thành hình chữ C, đỡ vú bằng các ngón tay khác. Ấn ngón cái và ngón trỏ một cách nh ẹ nhàng v ề phía trong và vào thành ng ực (không nên ấn quá m ạnh vì s ẽ làm tắc ống sữa), ấn vào r ồi thả ra, lúc đ ầu sữa có th ể chưa xuống nhưng sau khi ấn vài lần, sữa sẽ bắt đầu xuống và chảy ra. - Nên vắt mỗi bên tối thiểu từ 3-5 phút cho t ới khi thấy sữa chảy chậm lại thì chuy ển sang bên kia. Sau khi m ẹ vắt sữa xong hãy cho tr ẻ bú tiếp để bé nhận đư ợc sữa cuối mà mẹ không thể vắt ra được. Cách vắt sữa bằng máy hút sữa - Chọn ph ễu ch ụp vú v ừa v ới b ầu vú. Ph ễu ch ụp vú phải khít với đầu vú, nhưng cũng v ẫn đủ khoảng không đ ể đầu vú không bị chèn vào thành của phễu. - Đầu núm vú ph ải ằm gi ữa tâm c ủa ống ph ễu ch ụp vú. Trước khi hút s ữa, cũng c ần rửa sạch tay, ph ễu chụp vú và bình đựng sữa.', 'SỮA TRƯỞNG THÀNH \uf0fc Bài tiết từ ngày 2, hiện tượng căng sữa \uf0fc Số lượng nhiều, đủ nhu cầu của trẻ, TB 1 bà mẹ 800-1200ml/ ngày \uf0fc Sữa đầu bữa bú: bài tiết ở đầu bữa bú của trẻ, thường loãng, màu hơi xanh, số lượng nhiều, chủ yếu cung cấp đạm, đường lactose, nước và các chất dinh dưỡng khác \uf0fc Sữa cuối bữa bú: bài tiết cuối bữa bú của trẻ. Sữa cuối bữa mầu trắng đục vì chứa nhiều chất béo, chất béo này cung cấp nhiều năng lượng • Tại sao cần cho bú mẹ hết bên vú này mới chuyển sang bế vú đối diện?']",Cho trẻ bú hết từng bên vú để nhận được sữa cuối có nhiều chất béo. Sau đó chuyển sang vú bên kia nếu trẻ còn muốn bú.,5,1.0,1.0,0.694,1.0,True,done,
66,kb1,Lợi ích của việc nuôi con bằng sữa mẹ đối với tử cung của mẹ sau sinh?,"Lợi ích của việc nuôi con bằng sữa mẹ đối với tử cung của mẹ sau sinh là giúp chậm có thai trở lại.

Lưu ý: Thông tin này được rút ra từ tài liệu ""Lợi ích của nuôi con bằng sữa mẹ"" (id=""3"").","['15 Nuôi con bằng sữa mẹ - Lợi ích của việc nuôi con bằng sữa mẹ + Lợi ích đối với mẹ + Lợi ích đối với con - Hướng dẫn cho bú đúng cách, theo nhu cầu - Cách duy trì nguồn sữa Nguồn: Ảnh của Freepik tải từ Freepik https://www.freepik.com/free-vector/beautiful-woman-with- her-baby-breastfeeding- illustrated_21250170.htm#query=breast%20feeding&positio =18&from_view=search&track=sph""', '| 217 TƯ VẤN NUÔI CON BẰNG SỮA MẸ Sữa mẹ là nguồn dinh dưỡng quý giá nh ất giúp cho tr ẻ sơ sinh chống lại bệnh tật đồng thời tăng cường sức khỏe và sự phát triển của trẻ. Theo ước tính của Tổ chức Y tế Thế giới: 22% các trường hợp tử vong ở trẻ sơ sinh có thể phòng tránh được nếu được bú sữa mẹ sớm trong vòng 1 gi ờ đầu sau sinh, 13% tr ẻ dưới 5 tuổi bị tử vong có thể ngăn chặn được nếu được bú sữa mẹ hoàn toàn. 1. Khi mang thai. - Giải thích: lợi ích của bú mẹ; Giải thích: thế nào là bú sữa mẹ sớm và bú sữa mẹ hoàn toàn và lợi ích của nó - Hỏi kinh nghiệm nuôi con bằng sữa mẹ. - Giải thích tầm quan trọng của việc chăm sóc vú và núm vú, xin phép khám. - Tạo niềm tin là tất cả bà mẹ đều có thể nuôi con bằng sữa mẹ. 2. Ngay sau đẻ. - Thực hiện tiếp xúc da kề da ngay sau đẻ để giúp trẻ được bú sữa mẹ sớm (trong vòng 90 phút sau đẻ). Cho con nằm cạnh mẹ: \uf02b Mẹ dễ chăm sóc,theo dõi con. \uf02b Trẻ ít khóc hơn. \uf02b Thời gian bú mẹ được lâu hơn. - Tư vấn về lợi ích của việc cho bú sớm: \uf02b Lợi ích của sữa non. \uf02b Sữa về sớm hơn. \uf02b Trẻ tăng cân tốt hơn. \uf02b Ít bị cương tắc sữa. \uf02b Không vắt bỏ sữa non, cần cho con bú cả sữa non. - Hướng dẫn bà mẹ cho con bú đúng: Trẻ ngậm bắt vú đúng (Miệng trẻ mở rộng', 'Lợi ích của nuôi con bằng sữa mẹ NCBSM • Giúp tăng cường tình cảm mẹ con, bảo đảm sự phát triển của trẻ • Giúp chậm có thai trở lại • Bảo vệ sức khỏe bà mẹ \uf06c Chi phí thấp hơn so với nuôi nhân tạo Sữa mẹ • Là nguồn dinh dưỡng hoàn hảo • Dễ tiêu hóa, sử dụng hiệu quả • Phòng ngừa các bệnh nhiễm khuẩn', 'nghi được với việc bú mẹ. - Hướng dẫn bà mẹ và gia đình về nhu cầu ăn uống trong trường hợp sinh đôi. 6. Trường hợp mẹ bị giang mai và viêm gan đang tiến triển: Không cho con bú khi mẹ có tổn thương núm vú (nứt núm vú..) và con đang có tổn thương ở miệng: tưa miệng, viêm lợi...Cần vắt bỏ sữa đến khi điều trị ổn định tiếp tục cho con bú mẹ trở lại 7. Tư vấn về việc nuôi con bằng sữa mẹ ở trẻ có mẹ nhiễm HIV: Đối với bà mẹ bị nhiễm HIV cần: - Tư vấn để nguời mẹ chọn cách nuôi dưỡng phù hợp: - Tư vấn về lợi ích của sữa mẹ và nguy cơ lây truyền HIV sang con. - Tư vấn về dùng sữa thay thế và các nguy cơ mắc bệnh nếu dùng sữa thay thế không đúng cách - Tư vấn khuyến cáo chung về nuôi dưỡng trẻ theo tuổi * Nếu người mẹ nhiễm HIV chọn cách nuôi con bằng sữa mẹ cần: - Nuôi bằng sữa mẹ hoàn toàn, tuyệt đối không nuôi hỗn hợp. - Tư vấn: tư thế bú, cách ngậm bắt vú đúng, xử trí nứt núm vú, viêm vú.']",Giúp tử cung co hồi tốt và cầm máu sau sinh.,4,0.5,1.0,0.825,1.0,True,done,
67,kb1,Nuôi con bằng sữa mẹ giúp giảm nguy cơ mắc bệnh gì cho mẹ sau này?,MomCare chưa tìm thấy đủ thông tin trong kho tài liệu để trả lời câu hỏi này.,"['nghi được với việc bú mẹ. - Hướng dẫn bà mẹ và gia đình về nhu cầu ăn uống trong trường hợp sinh đôi. 6. Trường hợp mẹ bị giang mai và viêm gan đang tiến triển: Không cho con bú khi mẹ có tổn thương núm vú (nứt núm vú..) và con đang có tổn thương ở miệng: tưa miệng, viêm lợi...Cần vắt bỏ sữa đến khi điều trị ổn định tiếp tục cho con bú mẹ trở lại 7. Tư vấn về việc nuôi con bằng sữa mẹ ở trẻ có mẹ nhiễm HIV: Đối với bà mẹ bị nhiễm HIV cần: - Tư vấn để nguời mẹ chọn cách nuôi dưỡng phù hợp: - Tư vấn về lợi ích của sữa mẹ và nguy cơ lây truyền HIV sang con. - Tư vấn về dùng sữa thay thế và các nguy cơ mắc bệnh nếu dùng sữa thay thế không đúng cách - Tư vấn khuyến cáo chung về nuôi dưỡng trẻ theo tuổi * Nếu người mẹ nhiễm HIV chọn cách nuôi con bằng sữa mẹ cần: - Nuôi bằng sữa mẹ hoàn toàn, tuyệt đối không nuôi hỗn hợp. - Tư vấn: tư thế bú, cách ngậm bắt vú đúng, xử trí nứt núm vú, viêm vú.', '10 điều kiện NCBSM thành công Các cơ sở y tế có nhiệm vụ chăm sóc sức khoẻ bà mẹ và trẻ em cần 1. Có bản qui định về nuôi con bằng sữa mẹ và được phổ biến thường xuyên cho cán bộ y tế. 2. Đào tạo cho tất cả cán bộ y tế những kỹ năng cần thiết để thực hiện quy định này. 3. Thông tin cho tất cả phụ nữ có thai về lợi ích và cách thực hiện nuôi con bằng sữa mẹ. 4. Giúp các bà mẹ bắt đầu cho con bú trong vòng 1 giờ đầu sau đẻ. 5. Chỉ dẫn cho các bà mẹ cách cho con bú và duy trì nguồn sữa ngay cả khi phải xa con. 6. Không cho trẻ sơ sinh bất cứ đồ ăn thức uống gì ngoài sữa mẹ, trừ khi có chỉ định của y tế. 7. Thực hiện mẹ con ở cùng phòng để con gần mẹ suốt 24 giờ trong ngày. 8. Khuyến khích cho trẻ bú theo nhu cầu. 9. Không cho trẻ nhỏ đang bú mẹ ngậm bất cứ loại vú giả hoặc đầu vú cao su nào. 10. Khuyến khích thành lập các nhóm hỗ trợ nuôi con bằng sữa mẹ và giới thiệu các bà mẹ tới đó sau khi họ ra viện.', 'Điều kiện 1 Có bản qui định về nuôi con bằng sữa mẹ và được phổ biến thường xuyên cho cán bộ y tế - Nội dung Bản qui định này phải bao gồm: • 10 điều kiện để nuôi con bằng sữa mẹ thành công. • Cấm việc cho không hoặc bán rẻ các loại sản phẩm thay thế sữa mẹ. • Giúp các bà mẹ nhiễm HIV dương tính lựa chọn cách nuôi dưỡng trẻ phù hợp với hoàn cảnh của mình và hỗ trợ họ thực hiện cách nuôi con mà họ đã chọn.', '| 217 TƯ VẤN NUÔI CON BẰNG SỮA MẸ Sữa mẹ là nguồn dinh dưỡng quý giá nh ất giúp cho tr ẻ sơ sinh chống lại bệnh tật đồng thời tăng cường sức khỏe và sự phát triển của trẻ. Theo ước tính của Tổ chức Y tế Thế giới: 22% các trường hợp tử vong ở trẻ sơ sinh có thể phòng tránh được nếu được bú sữa mẹ sớm trong vòng 1 gi ờ đầu sau sinh, 13% tr ẻ dưới 5 tuổi bị tử vong có thể ngăn chặn được nếu được bú sữa mẹ hoàn toàn. 1. Khi mang thai. - Giải thích: lợi ích của bú mẹ; Giải thích: thế nào là bú sữa mẹ sớm và bú sữa mẹ hoàn toàn và lợi ích của nó - Hỏi kinh nghiệm nuôi con bằng sữa mẹ. - Giải thích tầm quan trọng của việc chăm sóc vú và núm vú, xin phép khám. - Tạo niềm tin là tất cả bà mẹ đều có thể nuôi con bằng sữa mẹ. 2. Ngay sau đẻ. - Thực hiện tiếp xúc da kề da ngay sau đẻ để giúp trẻ được bú sữa mẹ sớm (trong vòng 90 phút sau đẻ). Cho con nằm cạnh mẹ: \uf02b Mẹ dễ chăm sóc,theo dõi con. \uf02b Trẻ ít khóc hơn. \uf02b Thời gian bú mẹ được lâu hơn. - Tư vấn về lợi ích của việc cho bú sớm: \uf02b Lợi ích của sữa non. \uf02b Sữa về sớm hơn. \uf02b Trẻ tăng cân tốt hơn. \uf02b Ít bị cương tắc sữa. \uf02b Không vắt bỏ sữa non, cần cho con bú cả sữa non. - Hướng dẫn bà mẹ cho con bú đúng: Trẻ ngậm bắt vú đúng (Miệng trẻ mở rộng']","Giảm nguy cơ ung thư vú, ung thư tử cung và giảm thiếu máu.",4,0.333,0.5,0.0,0.917,True,done,
68,kb1,Trẻ nhận sữa mẹ hoàn toàn có cần uống thêm nước trắng không?,Không.,"['KHUYẾN NGHỊ VỀ NCBSM Cho trẻ bú mẹ sớm trong vòng 1 giờ đầu sau khi sinh • Không cho trẻ uống các loại nước uống trước bữa bú đầu tiên như cam thảo, mật ong, nước đường hoặc sữa công thức để tránh ảnh hưởng đến việc tạo sữa sau này của bà mẹ. Cho trẻ bú mẹ hoàn toàn trong 6 tháng đầu • Chỉ cho trẻ bú mẹ mà không cho ăn, uống bất cứ thức ăn, đồ uống nào khác kể cả nước trắng, trừ các trường hợp phải uống bổ sung các vitamin, khoáng chất hoặc thuốc. • Sữa mẹ có chứa 88% nước nên bà mẹ không cần cho trẻ uống thêm nước khi trẻ được bú mẹ hoàn toàn.', 'Tại sao chúng ta không cần cho trẻ sơ sinh dưới 6 tháng tuổi uống nước?\nNhiều gia đình có thói quen cho bé uống thêm nước khi bú, hoặc bổ sung nước cho bé sau các cữ bú để bé đỡ khát hoặc để tráng miệng cho bé. Điều này nghe có vẻ hợp lý, nhưng sự thật đây là điều không tốt cho bé sơ sinh dưới 6 tháng tuổi.\nCho trẻ sơ sinh uống nước khiến bé có nguy cơ bị tiêu chảy và suy dinh dưỡng\nNguồn nước có thể không sạch và khiến bé bị nhiễm trùng.\nBên cạnh đó, dạ dày của trẻ sơ sinh có dung tích nhỏ, việc cho bé uống thêm nước sẽ làm cho bé bị no và bú mẹ ít đi, hoặc ngưng bú sữa mẹ, từ đó bé kém hấp thu chất dinh dưỡng dẫn đến tình trạng suy dinh dưỡng. Cho bé uống thêm nước sau mỗi cử bú dễ khiến bé bị ọc hay bị sặc. Mặt khác, nếu các bà mẹ cho con uống nước thay vì bú cũng sẽ khiến mẹ dần ít sữa trong tương lai.\nSữa mẹ có hơn 80% là nước:\nSữa mẹ chứa hơn 80% là nước, đặc biệt là sữa đầu dòng (sữa đầu mỗi cử bú). Do đó, bất cứ khi nào người mẹ cảm thấy con mình khát, mẹ có thể cho con bú. Điều này sẽ thỏa mãn “cơn khát” của bé và tiếp tục bảo vệ bé khỏi nguy cơ nhiễm trùng. Bé không cần nước trước khi được 6 tháng tuổi, ngay cả trong điều kiện khí hậu nóng. Đây cũng là một trong những lý ', '15 Tùy thuộc trẻ còn bú mẹ hay không mà cung cấp lượng nước cho phù h ợp. Dùng nước sạch đun sôi để nguội. Tránh nước ngọt, nước có đường, trà, nước ép trái cây nguyên chất nhất là trẻ dưới 1 tuổi. Trẻ 6-11 tháng: Khi bắt đầu ăn bổ sung, có thể cho uống thêm nước đun sôi để nguội. Với số lượng khoảng từ 50-100 ml/ngày (trẻ 6-8 tháng), từ 120-180 ml/ngày (trẻ 9-11 tháng), chia vài lần nhỏ (sau bữa ăn), không tính nước trong sữa mẹ và thức ăn. Nước không thay thế sữa mẹ; vẫn tiếp tục bú theo nhu cầu. Lưu ý cho uống theo nhu cầu, không ép trẻ uống. Trẻ 12-23 tháng: Nhu cầu nước tăng theo ăn uống và vận động. Lượng tham khảo: khoảng 250-350 ml/ngày từ nước uống, chưa tính nước trong sữa mẹ và thức ăn. Tiếp tục bú mẹ đến 24 tháng hoặc lâu hơn. Cho trẻ uống nước từng ngụm nhỏ nhiều lần trong ngày, nhất là sau bữa ăn hoặc khi trời nóng, vận động nhiều. Trẻ bị bệnh (sốt, tiêu chảy) cần tăng nước uống, có thể dùng các dung dịch bù điện giải theo đúng hướng dẫn. Theo dõi dấu hiệu đủ nước: nước tiểu nhạt màu, đi tiểu ≥ 3-4 lần/ngày, trẻ tỉnh táo. Đảm bảo vệ sinh nguồn nước và dụng cụ uống để phòng tiêu chảy. 3.2. Cách cho trẻ ăn bổ sung 3.2.1. Thời điểm ăn bổ sung Trẻ nhỏ cần được bú mẹ hoàn ']","Không, vì sữa mẹ đã chứa đủ nước (88%) nên bà mẹ không cần cho trẻ uống
thêm nước khi trẻ được bú mẹ hoàn toàn.",3,,,,,False,invalid_rag,Câu trả lời hoặc ngữ cảnh không hợp lệ
69,kb1,Các loại nước uống nào tuyệt đối không cho trẻ uống trước bữa bú đầu tiên?,"Trẻ chưa bú đầu tiên nên tránh uống các loại nước như cam thảo, mật ong, nước đường hoặc sữa công thức để tránh ảnh hưởng đến việc tạo sữa sau này của bà mẹ.","['KHUYẾN NGHỊ VỀ NCBSM Cho trẻ bú mẹ sớm trong vòng 1 giờ đầu sau khi sinh • Không cho trẻ uống các loại nước uống trước bữa bú đầu tiên như cam thảo, mật ong, nước đường hoặc sữa công thức để tránh ảnh hưởng đến việc tạo sữa sau này của bà mẹ. Cho trẻ bú mẹ hoàn toàn trong 6 tháng đầu • Chỉ cho trẻ bú mẹ mà không cho ăn, uống bất cứ thức ăn, đồ uống nào khác kể cả nước trắng, trừ các trường hợp phải uống bổ sung các vitamin, khoáng chất hoặc thuốc. • Sữa mẹ có chứa 88% nước nên bà mẹ không cần cho trẻ uống thêm nước khi trẻ được bú mẹ hoàn toàn.', 'Hướng dẫn chăm sóc bà mẹ sau sinh mổ\nTrong tuần đầu tiên sau sinh mổ, vết mổ vẫn chưa khô nên các bác sĩ sản khoa và nữ hộ sinh sẽ chăm sóc cho mẹ, vệ sinh vết mổ, cho các thuốc giảm đau, kháng sinh, co hồi tử cung để tránh các biến chứng, nhiễm trùng có thể xảy ra đối với mẹ. Những thuốc này không ảnh hưởng tới sữa non. Ngày thứ 3 có thể mở băng, để khô. Mẹ lưu ý không để nước thấm ướt vùng vết mổ. Sang tuần thứ 2, bác sĩ sẽ chỉ định cắt chỉ sau 5 ngày nếu sinh mổ lần đầu tiên, sau 7 - 8 ngày nếu mổ lại lần 2 trở lên. Nếu các bà mẹ khâu vết mổ bằng chỉ tự tiêu thì không cần cắt chỉ. Thời gian này nên lau người bằng nước ấm, hoặc tắm nhanh chóng, tránh việc ngâm cơ thể trong bồn tắm khiến vết mổ bị ướt. Không nên thoa các loại thuốc kháng sinh lên vết mổ.\nCác bà mẹ không được ăn gì trong vòng 6h sau mổ. Chỉ uống nước lọc, nước đường, ăn cháo loãng, cho tới khi bắt đầu “xì hơi” được mới ăn thức ăn đặc. Không nên dùng nhiều đường, bột hay các sản phẩm từ đậu tương vì các sản phẩm này dễ gây đầy hơi. Tình trạng táo bón, đầy hơi thường vẫn tồn tại sau mổ 3 - 5 ngày do ảnh hưởng của thuốc tê, vì thế nên uống nhiều nước.\nTừ ngày thứ 2 trở đi, các bà mẹ ăn uống như bình thường, tăng cường', 'Chủ đề: Medicine. Tiêu đề: Lưu ý và kiêng kỵ khi dùng Trà tiên. Từ khoá: Trà tiên. Câu hỏi: Có thể uống Trà tiên chung với các loại cây nào?. Trả lời: Trà tiên có thể uống chung với các loại cây tươi khác có tinh dầu.. Ngữ cảnh: Tùy thuộc vào mục đích sử dụng và từng bài thuốc mà có thể dùng dược liệu Trà tiên với nhiều cách khác nhau. Liều dùng: 10 – 15g hãm uống (cành lá phơi khô) hoặc nấu nước uống với nhiều loại cây tươi khác có tinh dầu. Kiêng kỵ: Những người dị ứng với bất kỳ thành phần của vị thuốc. Hạt Trà tiên có tính hút nước mạnh, vì vậy nên uống chung với nhiều nước. Không dùng cho người bị tiêu chảy, có vấn đề về đường ruột. Đặc biệt, phụ nữ có thai không nên sử dụng Trà tiên.', 'Tại sao chúng ta không cần cho trẻ sơ sinh dưới 6 tháng tuổi uống nước?\nNhiều gia đình có thói quen cho bé uống thêm nước khi bú, hoặc bổ sung nước cho bé sau các cữ bú để bé đỡ khát hoặc để tráng miệng cho bé. Điều này nghe có vẻ hợp lý, nhưng sự thật đây là điều không tốt cho bé sơ sinh dưới 6 tháng tuổi.\nCho trẻ sơ sinh uống nước khiến bé có nguy cơ bị tiêu chảy và suy dinh dưỡng\nNguồn nước có thể không sạch và khiến bé bị nhiễm trùng.\nBên cạnh đó, dạ dày của trẻ sơ sinh có dung tích nhỏ, việc cho bé uống thêm nước sẽ làm cho bé bị no và bú mẹ ít đi, hoặc ngưng bú sữa mẹ, từ đó bé kém hấp thu chất dinh dưỡng dẫn đến tình trạng suy dinh dưỡng. Cho bé uống thêm nước sau mỗi cử bú dễ khiến bé bị ọc hay bị sặc. Mặt khác, nếu các bà mẹ cho con uống nước thay vì bú cũng sẽ khiến mẹ dần ít sữa trong tương lai.\nSữa mẹ có hơn 80% là nước:\nSữa mẹ chứa hơn 80% là nước, đặc biệt là sữa đầu dòng (sữa đầu mỗi cử bú). Do đó, bất cứ khi nào người mẹ cảm thấy con mình khát, mẹ có thể cho con bú. Điều này sẽ thỏa mãn “cơn khát” của bé và tiếp tục bảo vệ bé khỏi nguy cơ nhiễm trùng. Bé không cần nước trước khi được 6 tháng tuổi, ngay cả trong điều kiện khí hậu nóng. Đây cũng là một trong những lý ']","Không cho trẻ uống các loại nước uống trước bữa bú đầu tiên như cam thảo, mật ong, nước đường hoặc sữa công thức để tránh ảnh hưởng đến việc tạo sữa sau này của bà mẹ.",4,1.0,0.5,0.54,0.75,True,done,
70,kb1,Dấu hiệu cho thấy trẻ đang bú hiệu quả?,Trẻ đang bú hiệu quả có dấu hiệu là nằm yên và thoải mái.,"['Chủ đề: Disease. Tiêu đề: Triệu chứng của viêm não. Từ khoá: Viêm não. Câu hỏi: Ở trẻ sơ sinh, triệu chứng viêm não có gì khác biệt so với trẻ lớn?. Trả lời: Bỏ bú, đau bụng, tiêu chảy, nổi ban, đây cũng có thể là dấu hiệu rối loạn tri giác ở trẻ sơ sinh.. Ngữ cảnh: Là một hội chứng nên viêm não bao gồm nhiều triệu chứng. Thay đổi tri giác (lừ đừ, ngủ mê, thậm chí là hôn mê). Đây là triệu chứng chủ yếu và nổi bật nhất. Những biểu hiện khác có thể xảy ra hoặc không: - Sốt cao.\n- Co giật.\n- Dấu thần kinh khu trú. Mỗi một vùng não bị tổn thương thường sẽ gây ra một dấu hiệu riêng. Bác sĩ khi thăm khám có thể xác định vị trí tổn thương não nhờ các dấu hiệu này. Thông thường khoảng 65 – 90% các triệu chứng diễn ra mãnh liệt, tình trạng bệnh nhân xấu đi nhanh chóng. Ở trẻ nhỏ có thể xuất hiện dấu hiệu “thóp phồng”. Ngoài ra, ở trẻ sơ sinh (< 1 tháng tuổi), triệu chứng viêm não có thể rất khác biệt. Cụ thể: - Bỏ bú. Đôi khi chỉ cần trẻ bỏ bú ta cũng nên đưa bé đến bệnh viện. Vì đây có thể là dấu hiệu rối loạn tri giác ở trẻ sơ sinh.\n- Đau bụng, tiêu chảy.\n- Nổi ban. Các dấu hiệu trên xét nghiệm: Hội chứng viêm não còn bao gồm các dấu hiệu trên xét nghiệm, cụ thể: - Dịch não tuỷ.\n- Hình ản', 'Chủ đề: Disease. Tiêu đề: Tiêu chảy ở trẻ bú mẹ là như thế nào? - Khi nào phân của trẻ là bất thường?. Từ khoá: Tiêu chảy do kháng sinh. Câu hỏi: Trẻ bú mẹ bị tiêu chảy có những dấu hiệu gì ngoài việc thay đổi số lần và lượng phân trẻ đi ngoài?. Trả lời: Bên cạnh sự thay đổi đột ngột về số lần và lượng phân đi ra, trẻ bú mẹ bị tiêu chảy có thể kèm theo những dấu hiệu như trẻ bú giảm, lừ đừ hay sốt.. Ngữ cảnh: Một số trẻ có thể tiêu phân màu vàng hoặc xanh. Phân của trẻ sơ sinh được bú sữa mẹ được xem là bất thường khi có chất nhầy hoặc máu, mùi hôi tanh. Số lần đi tiêu không giúp ích nhiều trong việc chẩn đoán liệu một trẻ bú mẹ có bị tiêu chảy hay không. Trẻ sơ sinh bú mẹ trong những tháng đầu tiên, thường đi tiêu phân sệt nhiều lần trong ngày. Tuy nhiên, nếu số lần đi tiêu hoặc lượng phân của trẻ tăng đột ngột, có thể con bạn bị tiêu chảy. Những dấu hiệu khác có thể gợi ý là trẻ bú giảm, lừ đừ và sốt.', '35 Thời gian cho trẻ bú - Cho trẻ bú ngay trong vòng 1 gi ờ đầu sau sinh đ ể tận dụng sữa non - Cho tr ẻ bú theo nhu c ầu, Bú m ẹ hoàn toàn trong 6 tháng đầu. - Bắt đầu cho trẻ ăn dặm từ tháng thứ 6 và tiếp tục cho bú sữa mẹ đến 24 tháng. - Nếu trẻ ốm không bú đư ợc thì vắt sữa và cho ăn bằng thìa hoặc cốc. Cách bế trẻ khi cho bú - Toàn thân trẻ đối diện và áp sát vào mẹ ( da kề da ) - Mặt trẻ gần với vú, cằm trẻ chạm vào vào vú mẹ.', 'MẪU QUAN SÁT MỘT BỮA BÚ (1) Tên bà mẹ ............................. Ngày quan sát ................................ Tên trẻ .................................. Tuổi của trẻ ...................................... Các dấu hiệu bú tốt Các dấu hiệu bú khó khăn Tình trạng chung Mẹ □ Bà mẹ cho con bú ở tư thế thoải mái □ Những dấu hiệu gắn bó giữa mẹ và con □ Bà mẹ cho con bú ở tư thế không thoải mái □ Không có giao tiếp bằng mắt giữa mẹ và con Trẻ □ Bình thường □ Nằm yên và thoải mái □ Tìm vú mẹ khi đói □ Ốm yếu, thờ ơ □ Quấy khóc □ Không tìm vú mẹ', 'Chủ đề: Disease. Tiêu đề: Tiêu chảy ở trẻ bú mẹ là như thế nào? - Khi nào phân của trẻ là bất thường?. Từ khoá: Tiêu chảy do kháng sinh. Câu hỏi: Trẻ sơ sinh bú mẹ được xem là phân bất thường khi xuất hiện những dấu hiệu gì?. Trả lời: Phân của trẻ sơ sinh bú mẹ được xem là bất thường khi có chất nhầy hoặc máu hoặc có mùi hôi tanh.. Ngữ cảnh: Một số trẻ có thể tiêu phân màu vàng hoặc xanh. Phân của trẻ sơ sinh được bú sữa mẹ được xem là bất thường khi có chất nhầy hoặc máu, mùi hôi tanh. Số lần đi tiêu không giúp ích nhiều trong việc chẩn đoán liệu một trẻ bú mẹ có bị tiêu chảy hay không. Trẻ sơ sinh bú mẹ trong những tháng đầu tiên, thường đi tiêu phân sệt nhiều lần trong ngày. Tuy nhiên, nếu số lần đi tiêu hoặc lượng phân của trẻ tăng đột ngột, có thể con bạn bị tiêu chảy. Những dấu hiệu khác có thể gợi ý là trẻ bú giảm, lừ đừ và sốt.']","Tình trạng bú tốt, trẻ không đau, không khó chiu, các ngón tay đặt cách xa núm vú để đỡ vú, đầu và thân trẻ nằm trên một đường thẳng, bụng trẻ áp sát vào bụng mẹ, trẻ được đỡ đầu và cổ, trẻ sơ sinh được đỡ mông, mặt trẻ quay vào vào vú mẹ, mũi trẻ đối diện với núm vú, quầng vú phía trên miệng trẻ còn nhiều hơn, miệng trẻ mở rộng, môi dưới hướng ra ngoài, cằm trẻ chạm vào vú mẹ, bú chậm, sâu, có lúc ngừng nghỉ, má căng phồng khi bú, trẻ tự nhả vú khi bú xong, Có một số dấu hiệu của phản xạ oxytocin: sữa chảy ra ở vú bên kia, sữa chảy thành tia nếu trẻ nhả vú ra trong bữa bú.",5,0.0,0.111,0.444,0.417,True,done,
71,kb1,Ưu điểm của việc cho trẻ ăn bằng thìa và cốc so với bú bình?,"Ưu điểm của việc cho trẻ ăn bằng thìa và cốc so với bú bình là:

- Dễ dàng vệ sinh sạch sẽ sau mỗi lần ăn.
- Tránh cho trẻ thích bú bình mà bỏ bú mẹ.
- Tránh hiện tượng dị ứng do vú cao su không đảm bảo chất lượng.","['Cho trẻ ăn sữa mẹ đã vắt ra • Rã đông sữa: Đưa sữa lên ngăn mát tủ lạnh cho đỡ đông sau đó để ở nhiệt độ thường cho tan hết đá, lắc đều sữa rồi làm nóng sữa. • Làm nóng sữa: Ngâm bình sữa trong nước nóng vài phút khi sữa ấm lên là được. Không đun sôi sữa, không làm nóng sữa bằng lò vi sóng . • Cho trẻ ăn bằng cốc và thìa sẽ tốt hơn cho trẻ bú bằng bình và núm vú giả. Ưu điểm của việc cho trẻ ăn bằng thìa và cốc là: – Dễ dàng vệ sinh sạch sẽ sau mỗi lần ăn; – Tránh cho trẻ thích bú bình mà bỏ bú mẹ; – Tránh hiện tượng dị ứng do vú cao su không đảm bảo chất lượng', 'Điều kiện 9 Không cho trẻ nhỏ ngậm đầu vú cao su hoặc vú ngậm giả • Đầu vú cao su, đầu vú giả rất dễ nhiễm khuẩn và không cần thiết, kể cả đối với trẻ không bú mẹ. • Nên cho trẻ ăn bằng cốc hoặc thìa: dễ cọ rửa, trẻ sẽ dễ được người cho ăn quan tâm hơn trong khi cho ăn; ăn bằng cốc hoặc thìa cũng không tốn thời gian hơn ăn bằng bình. • Nếu mỗi khi trẻ đói mà cho trẻ ngậm vú giả sẽ làm cho trẻ bú ít hơn, không nhận được đủ sữa sẽ làm trẻ chậm lớn.', 'Nuôi trẻ sinh thấp cân không thể bú mẹ Lựa chọn 1 - Sữa mẹ vắt ra. • Tốt nhất cho trẻ ăn sữa mẹ vắt ra bằng cốc và thìa • Nếu trẻ yếu không nuốt được thì cho trẻ ăn sữa mẹ qua ống thông và kết hợp tập phản xạ mút, nuốt của trẻ qua việc cho ăn bằng cốc, thìa Lựa chọn 2 - Sữa thay thế sữa mẹ vì. • Trẻ có mẹ bị bệnh nặng không thể cho trẻ bú sữa hoặc vắt sữa được. • Mẹ đang bị chiếu tia xạ hoặc phải dùng thuốc chống chỉ định cho con bú • Trẻ có mẹ bị nhiễm HIV đang bị viêm tuyến vú hoặc chọn cách nuôi bộ • Trẻ mắc các bệnh chuyển hóa không dung nạp sữa mẹ. Nuôi dưỡng trẻ sinh thấp cân (2)', 'Nuôi dưỡng trẻ sinh thấp cân (1) Nuôi con bằng sữa mẹ cho trẻ sinh thấp cân có thể bú mẹ • Cho trẻ bú mẹ ngay sau sinh càng sớm càng tốt. • Trẻ sinh thấp cân thường bú yếu nên mỗi lần trẻ chỉ bú được ít sữa, vì vậy cần cho trẻ bú theo nhu cầu và thường xuyên hơn. • Trong những ngày đầu sau sinh, bà mẹ cho trẻ tập bú nhưng vẫn kết hợp vắt sữa và cho trẻ ăn bằng cốc, thìa để giúp trẻ tập phản xạ mút, nuốt sữa vừa đảm bảo trẻ nhận đủ lượng sữa cần thiết. • Tuyệt đối không nên cho trẻ bú bằng bình với núm vú giả vì sẽ làm cho trẻ quen bú vú giả bỏ bú mẹ sau này. • Cán bộ y tế cần hướng dẫn bà mẹ kỹ năng vắt sữa và cho trẻ ăn bằng cốc.', 'Đặc điểm chung của trẻ sinh thấp cân • Trẻ sinh thấp cân là trẻ sinh ra có cân nặng dưới 2500 gram, bao gồm cả trẻ sinh non và trẻ sinh đủ tháng. • Trẻ sinh thấp cân có nguy cơ bị nhiễm khuẩn cao hơn nên càng cần cho trẻ bú sữa mẹ nhiều hơn. • Trẻ sinh thấp cân sinh đủ tháng thường có thể bú mẹ dễ dàng và mút vú hiệu quả. • Trẻ sinh thấp cân thiếu tháng có thể gặp khó khăn khi bú mẹ nhưng trẻ vẫn có thể nhận sữa mẹ bằng cách ăn qua ống thông, ăn bằng cốc, thìa kết hợp tập cho trẻ bú mẹ.']","• Dễ dàng vệ sinh sạch sẽ sau mỗi lần ăn.
• Tránh cho trẻ thích bú bình mà bỏ bú mẹ.
• Tránh hiện tượng dị ứng do vú cao su không đảm bảo chất lượng.",5,,,,,True,eval_error,Không chấm đủ 4 metrics sau retry
72,kb1,Những thực phẩm nào mẹ mang thai nên dùng để cung cấp năng lượng?,MomCare chưa tìm thấy đủ thông tin trong kho tài liệu để trả lời câu hỏi này.,"['12 3. Chế độ ăn bổ sung cho trẻ từ 6 tháng tuổi đến 23 tháng tuổi 3.1. Thức ăn bổ sung 3.1.1. Chế độ ăn đa dạng Chế độ ăn đa dạng là các b ữa ăn có các th ực phẩm đến từ nhiều nhóm thực phẩm khác nhau mỗi ngày. Mỗi bữa ăn nên có đủ 4 nhóm thực phẩm chính, bao gồm: - Nhóm thực phẩm cung cấp chất bột đường: gạo, ngô, khoai, s ắn... được chế biến phù hợp cho trẻ nhỏ. - Nhóm thực phẩm cung cấp chất đạm: thịt các loại, cá và hải sản, trứng, sữa và các chế phẩm từ sữa, đậu, đỗ... - Nhóm thực phẩm cung cấp chất béo: dầu ăn/mỡ, lạc, vừng, các loạt hạt... - Nhóm rau và trái cây: rau lá, rau củ, trái cây. Ưu tiên chọn rau lá tươi màu xanh thẫm, củ quả có màu vàng, màu đỏ. Thay đổi món ăn thường xuyên, phối hợp giữa thức ăn nguồn động vật và thực vật, tránh lặp lại một loại thực phẩm trong nhiều ngày, đảm bảo đa dạng theo mùa và tận dụng thực phẩm tại địa phương. Trẻ nhỏ cần được tiêu thụ nhiều loại thực phẩm khác nhau đ ể đáp ứng nhu cầu dinh dưỡng, vi chất dinh dưỡng và tiếp cận với nhiều loại hương vị và kết cấu thực phẩm khác nhau. 3.1.2. Đậm độ năng lượng Đậm độ năng lượng (energy density) là lượng năng lượng (kcal) có trong m ột đơn vị khối lượng hoặc thể tích thực phẩm, thường tính the', '3 - Tăng nguy cơ m ắc tiêu ch ảy do thức ăn bổ sung chế biến không đảm bảo hay không tiêu hóa dễ như sữa mẹ. - Tăng nguy cơ dị ứng vì trẻ chưa thể tiêu hoá được một số chất có trong thức ăn. - Tăng nguy cơ mang thai của bà mẹ nếu không cho con bú hoàn toàn. Các nguy cơ khi bắt đầu cho trẻ ăn thức ăn bổ sung muộn (sau 8 tháng): - Trẻ không nhận được các thức ăn thêm để đáp ứng nhu cầu phát triển của trẻ. - Trẻ không nhận đủ các chất dinh dưỡng và các vi chất dinh dưỡng dẫn tới tăng nguy cơ bị suy dinh dưỡng, còi xương, thiếu canxi, thiếu máu do thiếu sắt... II. NỘI DUNG 1. Nguyên tắc cho trẻ ăn bổ sung Bắt đầu ăn bổ sung đúng thời điểm và tiếp tục bú mẹ: Trẻ cần được bắt đầu ăn bổ sung từ khi trẻ tròn 6 tháng tuổi và tiếp tục bú mẹ đến 2 tuổi hoặc lâu hơn, nhằm đảm bảo cung cấp tối ưu các chất dinh dưỡng và tăng cường miễn dịch cho trẻ. Đảm bảo đủ số bữa, lượng ăn và đậm độ năng lượng: Thức ăn bổ sung cần được cung cấp với tần suất, số lượng và độ đặc phù hợp với lứa tuổi, tăng dần theo sự phát triển của trẻ. Do dung tích dạ dày của trẻ còn nhỏ, khẩu phần ăn cần có đậm độ năng lượng cao, tránh thức ăn quá loãng hoặc nghèo dinh dưỡng. Đảm bảo đa dạng thực phẩm, ưu tiên thực phẩm giàu']","Gạo, mì, ngô, khoai, sắn và các chế phẩm từ nó.",2,0.0,0.0,0.0,0.0,True,done,
73,kb1,Mẹ nhiễm HIV nên nuôi con như thế nào trong thời gian điều trị viêm vú 2 bên?,"Mẹ nhiễm HIV đang điều trị viêm vú nên nuôi con bằng sữa mẹ hoàn toàn, tuyệt đối không nuôi hỗn hợp. Trong trường hợp này, mẹ cần vắt bỏ sữa đến khi điều trị ổn định và tiếp tục cho con bú mẹ trở lại.","['nghi được với việc bú mẹ. - Hướng dẫn bà mẹ và gia đình về nhu cầu ăn uống trong trường hợp sinh đôi. 6. Trường hợp mẹ bị giang mai và viêm gan đang tiến triển: Không cho con bú khi mẹ có tổn thương núm vú (nứt núm vú..) và con đang có tổn thương ở miệng: tưa miệng, viêm lợi...Cần vắt bỏ sữa đến khi điều trị ổn định tiếp tục cho con bú mẹ trở lại 7. Tư vấn về việc nuôi con bằng sữa mẹ ở trẻ có mẹ nhiễm HIV: Đối với bà mẹ bị nhiễm HIV cần: - Tư vấn để nguời mẹ chọn cách nuôi dưỡng phù hợp: - Tư vấn về lợi ích của sữa mẹ và nguy cơ lây truyền HIV sang con. - Tư vấn về dùng sữa thay thế và các nguy cơ mắc bệnh nếu dùng sữa thay thế không đúng cách - Tư vấn khuyến cáo chung về nuôi dưỡng trẻ theo tuổi * Nếu người mẹ nhiễm HIV chọn cách nuôi con bằng sữa mẹ cần: - Nuôi bằng sữa mẹ hoàn toàn, tuyệt đối không nuôi hỗn hợp. - Tư vấn: tư thế bú, cách ngậm bắt vú đúng, xử trí nứt núm vú, viêm vú.', 'Viêm vú ở bà mẹ nhiễm HIV Các bà mẹ nhiễm HIV nếu bị viêm vú hoặc nứt núm vú cần được tư vấn để lựa chọn cách nuôi con phù hợp nhất với hoàn cảnh của họ. • Cán bộ y tế thảo luận với bà mẹ các lựa chọn nuôi dưỡng trẻ trong thời gian điều trị viêm vú hoặc nứt núm vú – Nếu bà mẹ có điều kiện có thể dùng sữa công thức thay thế sữa mẹ trong thời gian điều trị viêm và tiếp tục vắt sữa để duy trì sự tiết sữa cho con bú lại khi đã khỏi bệnh – Đối với bà mẹ chọn NCBSM : • Nếu chỉ bị viêm 1 bên vú: cho trẻ bú bên vú lành thường xuyên và kéo dài hơn để tăng tạo sữa và vắt bỏ sữa ở bên vú bệnh giúp cải thiện tình trạng và duy trì nguồn sữa. • Nếu bị viêm cả hai bên vú: Hướng dẫn bà mẹ vắt sữa và xử lý sữa đúng trước khi cho trẻ ăn bằng cốc và thìa . • Cho trẻ bú lại khi viêm vú đã khỏi hẳn', '66 - Cần tư vấn bà mẹ tiếp tục sử dụng thuốc kháng virus theo phác đồ hiện hành của Bộ Y tế; - Tư vấn các biện pháp tránh thai cho bà mẹ nhiễm HIV, biện pháp tốt nhất là dùng bao cao su; - Khuyến khích các bà mẹ bộc lộ tình trạng nhiễm HIV với bạn tình và khuyến khích các bà mẹ đưa bạn tình làm xét nghiệm HIV; - Tư vấn cho bà mẹ tham gia vào các nhóm tổ chức xã hội, nhóm đồng đẳng... Chăm sóc trẻ sơ sinh, sinh ra từ mẹ nhiễm HIV - Đối với trẻ sinh ra từ mẹ nhiễm HIV được xem là trẻ phơi nhiễm HIV chỉ chọn một trong hai cách nuôi trẻ là bằng sữa mẹ hoàn toàn hoặc bằng sữa thay thế hoàn toàn. - Nếu nuôi con bằng sữa mẹ, nên cho bú mẹ hoàn toàn, không cho ăn, uống bất cứ thức ăn đồ uống nào kể cả nước trắng, trừ trường hợp phải uống bổ sung vitamin, khoán g chất hoặc thuốc; cần tư vấn các nguy cơ cho trẻ khi nuôi dưỡng bằng sữa mẹ. - Trường hợp nuôi trẻ bằng sữa thay thế là quá trình nuôi trẻ không bằng sữa mẹ, hoàn toàn thay bằng chế độ ăn cung cấp đủ năng lượng và chất dinh dưỡng, đáp ứng nhu', 'Nuôi trẻ sinh thấp cân không thể bú mẹ Lựa chọn 1 - Sữa mẹ vắt ra. • Tốt nhất cho trẻ ăn sữa mẹ vắt ra bằng cốc và thìa • Nếu trẻ yếu không nuốt được thì cho trẻ ăn sữa mẹ qua ống thông và kết hợp tập phản xạ mút, nuốt của trẻ qua việc cho ăn bằng cốc, thìa Lựa chọn 2 - Sữa thay thế sữa mẹ vì. • Trẻ có mẹ bị bệnh nặng không thể cho trẻ bú sữa hoặc vắt sữa được. • Mẹ đang bị chiếu tia xạ hoặc phải dùng thuốc chống chỉ định cho con bú • Trẻ có mẹ bị nhiễm HIV đang bị viêm tuyến vú hoặc chọn cách nuôi bộ • Trẻ mắc các bệnh chuyển hóa không dung nạp sữa mẹ. Nuôi dưỡng trẻ sinh thấp cân (2)']",Hướng dẫn bà mẹ vắt sữa và xử lý sữa đúng trước khi cho trẻ ăn bằng cốc và thìa .,4,0.75,1.0,0.78,0.5,True,done,
74,kb1,Tại sao phụ nữ mang thai bị phù (cân) phải giảm ăn mặn?,Phụ nữ mang thai bị phù (cân) phải giảm ăn mặn để giảm phù và tránh tai biến khi đẻ.,"['Những đồ ăn thức uống nên hạn chế Khi mang thai • Không nên dùng các loại đồ uống kích thích như rượu, cà phê, thuốc lá, nước chè đặc... • Giảm ăn các loại gia vị như ớt, hạt tiêu, tỏi • Giảm ăn mặn nhất là những người mẹ bị phù để giảm phù và tránh tai biến khi đẻ • Không kiêng khem', 'Chủ đề: Disease. Tiêu đề: Nguyên tắc phòng ngừa - Tăng cân lành mạnh khi mang thai. Từ khoá: Thai to. Câu hỏi: Kể từ tháng thứ tư, trung bình mỗi tháng bạn sẽ tăng bao nhiêu kg?. Trả lời: Khoảng 1,5 – 2 kg.. Ngữ cảnh: Tăng cân nhiều trong lúc mang thai cũng là yếu tố thúc đẩy gây sinh con to. Theo Tổ chức Y tế Thế giới (WHO), bạn sẽ tăng khoảng 10 – 12,5 kg trong thai kỳ. Việc quản lý cân nặng sẽ bắt đầu vào tháng thứ tư thai kỳ. Kể từ tháng thứ tư, trung bình mỗi tháng bạn sẽ tăng khoảng 1,5 – 2 kg. WHO cũng khuyến cáo rằng bạn nên kiểm tra cân nặng định kỳ và tham khảo ý kiến bác sỹ nếu cân nặng tăng ít hơn 1kg hoặc tăng hơn 3 kg mỗi tháng. Tăng cân quá ít hoặc quá nhiều đều ảnh hưởng đến sức khỏe của bạn và em bé. Vì vậy, hãy đảm bảo bạn và con bạn nhận đủ năng lượng là tốt nhất. Hãy nhớ rằng, ăn đủ cho cả hai chứ không phải là ăn nhiều gấp hai lần bình thường. Vậy nên, đừng ăn quá nhiều, nhất là đồ ăn ngọt và có nhiều chất béo. Tuy nhiên, ăn kiêng để giảm cân cũng là một khuyến cáo không nên làm. Vì đây không phải là thời điểm tốt để thực hiện điều đó. Nếu tăng cân không đủ, thai sẽ chậm phát triển, trẻ nhẹ cân lúc sinh. Khi sinh ra trẻ không được khỏe mạnh như những bé bình th', 'Chủ đề: Drug. Tiêu đề: Phụ nữ có thai và phụ nữ cho con bú - Phụ nữ mang thai. Từ khoá: Cataflam. Câu hỏi: Phụ nữ dự định mang thai có nên dùng thuốc Cataflam hay không?. Trả lời: Phụ nữ dự định mang thai không nên dùng vì ức chế phôi bào làm tổ.. Ngữ cảnh: - Phụ nữ dự định mang thai không nên dùng vì ức chế phôi bào làm tổ.\n- Chỉ dùng diclofenac cho người mang thai khi cân nhắc kĩ giữa lợi ích và nguy cơ khi không dùng được các thuốc chống viêm thuộc các nhóm khác. Lưu ý chỉ dùng thuốc với liều cần thiết thấp nhất.\n- Không nên dùng thuốc trong 3 tháng cuối thai kỳ vì thuốc làm xuất hiện nguy cơ ức chế tử cung co bóp và làm ống động mạch đóng sớm, gây tăng áp lực tiểu tuần hoàn không hồi phục, suy thận ở thai.', 'Chủ đề: Disease. Tiêu đề: Nguyên tắc phòng ngừa - Tăng cân lành mạnh khi mang thai. Từ khoá: Thai to. Câu hỏi: Theo khuyến cáo của Tổ chức Y tế Thế giới (WHO), bạn sẽ tăng khoảng bao nhiêu kg trong thai kỳ?. Trả lời: Khoảng 10 – 12,5 kg.. Ngữ cảnh: Tăng cân nhiều trong lúc mang thai cũng là yếu tố thúc đẩy gây sinh con to. Theo Tổ chức Y tế Thế giới (WHO), bạn sẽ tăng khoảng 10 – 12,5 kg trong thai kỳ. Việc quản lý cân nặng sẽ bắt đầu vào tháng thứ tư thai kỳ. Kể từ tháng thứ tư, trung bình mỗi tháng bạn sẽ tăng khoảng 1,5 – 2 kg. WHO cũng khuyến cáo rằng bạn nên kiểm tra cân nặng định kỳ và tham khảo ý kiến bác sỹ nếu cân nặng tăng ít hơn 1kg hoặc tăng hơn 3 kg mỗi tháng. Tăng cân quá ít hoặc quá nhiều đều ảnh hưởng đến sức khỏe của bạn và em bé. Vì vậy, hãy đảm bảo bạn và con bạn nhận đủ năng lượng là tốt nhất. Hãy nhớ rằng, ăn đủ cho cả hai chứ không phải là ăn nhiều gấp hai lần bình thường. Vậy nên, đừng ăn quá nhiều, nhất là đồ ăn ngọt và có nhiều chất béo. Tuy nhiên, ăn kiêng để giảm cân cũng là một khuyến cáo không nên làm. Vì đây không phải là thời điểm tốt để thực hiện điều đó. Nếu tăng cân không đủ, thai sẽ chậm phát triển, trẻ nhẹ cân lúc sinh. Khi sinh ra trẻ không được']",Để giảm tình trạng phù nề và tránh các tai biến khi đẻ.,4,0.667,1.0,0.713,1.0,True,done,
75,kb1,Băng huyết sau sinh được định nghĩa như thế nào?,"⚠️ Nội dung câu hỏi có dấu hiệu cần được đánh giá y tế trực tiếp. Mẹ không nên tự xử lý tại nhà. Vui lòng liên hệ cơ sở y tế, bác sĩ hoặc gọi 115 nếu tình trạng khẩn cấp.","['CHẨN ĐOÁN VÀ XỬ TRÍ BĂNG HUYẾT SAU SINH I. GIỚI THIỆU 1.1. Định nghĩa Băng huyết sau sinh (BHSS) là tình trạng máu mất ≥ 500 ml khi sinh ngả âm đạo hoặc mất máu ≥ 1.000 ml khi mổ lấy thai Hiện nay, băng huuyết sau sinh còn được định nghĩa là khi chảy máu từ đường sinh dục với số lượng từ 500ml trở lên trong vòng 24 giờ sau khi sổ thai hoặc mổ sinh VÀ có ảnh hưởng đến tổng trạng, tri giác và sinh hiệu của sản phụ. Băng huyết sau sinh là một cấp cứu sản khoa, được phân loại thành : • Băng huyết sau sinh sớm (hay nguyên phát): xảy ra trong vòng 24 giờ đầu. • Băng huyết sau sinh muộn (hay thứ phát): xảy ra từ 24 giờ đến 6 tuần sau sinh. 1.2. Tần suất Băng huyết sau sinh nguyên phát chiếm 4- 6% tổng số ca sinh, trong đó đờ tử cung là nguyên nhân thường gặp nhất chiếm khoảng 80% Ước tính mỗi năm trên thế giới có khoảng 140.000 trường hợp tử vong vì băng huyết sau sinh nặng. II. TRIỆU CHỨNG 2.1. Về mặt sinh lý, chảy máu sau sinh được kiểm soát một cách tự nhiên Sau khi nhau bong sự cầm máu được thực hiện nhờ sự co rút của sợi cơ tử cung và cơ chế đông máu bình thường. Tử cung sẽ co lại thành một khối cứng gọi là khối cầu an toàn. 2.2 Nguyên nhân- yếu tố nguy cơ Nguyên nhân Yếu tố nguy cơ ', 'VI. DỰ PHÒNG 6.1 Xác định nguy cơ Không phải ""Đa số"" sản phụ được có nguy cơ đều bị băng huyết sau sinh, chỉ có một số ít bị băng huyết sau sinh (ngoại trừ nhau bất thường). Ngược lại, ""Nhiều"" trường hợp không có yếu tố nguy cơ băng huyết sau sinh nhưng lại bị băng huyết sau sinh. 6.2 Xử trí tích cực giai đoạn 3 vẫn là thực hành tốt nhất hiện nay • Sử dụng thuốc co hồi tử cung là thành tố thiết yếu nhất • Giảm thời gian giai đoạn 3 chuyển dạ và nguy cơ băng huyết sau sinh • Oxytocin là thuốc đầu tay được lựa chọn • Nếu không có sẵn oxytocin thì nên sử dụng ergometrine hoặc misoprostol. 6.3 Dùng Carbetocin để đề phòng băng huyết khi bệnh nhân có các yếu tố nguy cơ. TÀI LIỆU KHAM KHẢO 1. Chảy máu sau sinh, Hướng dẫn chẩn đoán và điều trị các bệnh sản phụ khoa - Bộ Y tế 2015, Tr 103. 2. Xử trí băng huyết sau sinh, Hướng dẫn điều tri sản phụ khoa 2024, Bệnh viện Hùng Vương, tập 1, Tr 583-592. 3. Băng huyết sau sinh, Phác đồ điều trị sản phụ khoa 2022, Bệnh viện Từ Dũ, Tr 65-70.', 'Chủ đề: Medicine. Tiêu đề: Công dụng của vị thuốc Bách thảo sương. Từ khoá: Bách thảo sương. Câu hỏi: Theo Lý Thời Trân nhận xét thì Bách thảo sương có tác dụng như thế nào?. Trả lời: Theo Lý Thời Trân nhận xét thì Bách thảo sương có tác dụng cầm được cả mọi chứng thất huyết, dưới cũng như trên, nhất là người đàn bà bị chứng băng huyết, chứng đới hạ, không cứ rằng thai tiền hay sản hậu mọi chứng huyết đều trị được cả.. Ngữ cảnh: Bách thảo sương là vị thuốc cay, tính ôn. Vị thuốc này giúp cầm máu, sinh ra da thịt, nên nó chữa những chứng: - Ho ra máu\n- Chảy máu cam\n- Nôn ra máu\n- Chảy máu chân răng\n- Phụ nữ bị rong kinh\n- Băng huyết\n- Cầm máu những vết thương bị đâm chém Bên cạnh đó, vị thuốc này còn chữa những chứng như: - Trẻ con lở đầu\n- Hói đầu\n- Rụng tóc\n- Chữa những bệnh do trùng độc\n- Phụ nữ sanh con đẻ khó bị ra máu\n- Chữa thai chết lưu trong bụng mẹ\n- Những bệnh kiết lỵ, tả lỵ Nói tóm lại, nó chữa rất hay những chứng về huyết, như Lý Thời Trân đã từng nhận xét về vị thuốc này:“Bách thảo sương cầm được cả mọi chứng thất huyết, dưới cũng như trên, nhất là người đàn bà bị chứng băng huyết, chứng đới hạ, không cứ rằng thai tiền hay sản hậu mọi chứng huyết đều trị được cả”.']","Băng huyết sau sinh (BHSS) là tình trạng máu mất ≥ 500 ml khi sinh ngả âm đạo hoặc
mất máu ≥ 1.000 ml khi mổ lấy thai.",3,0.2,1.0,0.223,1.0,True,done,
76,kb1,Băng huyết sau sinh sớm và muộn khác nhau ra sao?,"⚠️ Nội dung câu hỏi có dấu hiệu cần được đánh giá y tế trực tiếp. Mẹ không nên tự xử lý tại nhà. Vui lòng liên hệ cơ sở y tế, bác sĩ hoặc gọi 115 nếu tình trạng khẩn cấp.","['CHẨN ĐOÁN VÀ XỬ TRÍ BĂNG HUYẾT SAU SINH I. GIỚI THIỆU 1.1. Định nghĩa Băng huyết sau sinh (BHSS) là tình trạng máu mất ≥ 500 ml khi sinh ngả âm đạo hoặc mất máu ≥ 1.000 ml khi mổ lấy thai Hiện nay, băng huuyết sau sinh còn được định nghĩa là khi chảy máu từ đường sinh dục với số lượng từ 500ml trở lên trong vòng 24 giờ sau khi sổ thai hoặc mổ sinh VÀ có ảnh hưởng đến tổng trạng, tri giác và sinh hiệu của sản phụ. Băng huyết sau sinh là một cấp cứu sản khoa, được phân loại thành : • Băng huyết sau sinh sớm (hay nguyên phát): xảy ra trong vòng 24 giờ đầu. • Băng huyết sau sinh muộn (hay thứ phát): xảy ra từ 24 giờ đến 6 tuần sau sinh. 1.2. Tần suất Băng huyết sau sinh nguyên phát chiếm 4- 6% tổng số ca sinh, trong đó đờ tử cung là nguyên nhân thường gặp nhất chiếm khoảng 80% Ước tính mỗi năm trên thế giới có khoảng 140.000 trường hợp tử vong vì băng huyết sau sinh nặng. II. TRIỆU CHỨNG 2.1. Về mặt sinh lý, chảy máu sau sinh được kiểm soát một cách tự nhiên Sau khi nhau bong sự cầm máu được thực hiện nhờ sự co rút của sợi cơ tử cung và cơ chế đông máu bình thường. Tử cung sẽ co lại thành một khối cứng gọi là khối cầu an toàn. 2.2 Nguyên nhân- yếu tố nguy cơ Nguyên nhân Yếu tố nguy cơ ', 'VI. DỰ PHÒNG 6.1 Xác định nguy cơ Không phải ""Đa số"" sản phụ được có nguy cơ đều bị băng huyết sau sinh, chỉ có một số ít bị băng huyết sau sinh (ngoại trừ nhau bất thường). Ngược lại, ""Nhiều"" trường hợp không có yếu tố nguy cơ băng huyết sau sinh nhưng lại bị băng huyết sau sinh. 6.2 Xử trí tích cực giai đoạn 3 vẫn là thực hành tốt nhất hiện nay • Sử dụng thuốc co hồi tử cung là thành tố thiết yếu nhất • Giảm thời gian giai đoạn 3 chuyển dạ và nguy cơ băng huyết sau sinh • Oxytocin là thuốc đầu tay được lựa chọn • Nếu không có sẵn oxytocin thì nên sử dụng ergometrine hoặc misoprostol. 6.3 Dùng Carbetocin để đề phòng băng huyết khi bệnh nhân có các yếu tố nguy cơ. TÀI LIỆU KHAM KHẢO 1. Chảy máu sau sinh, Hướng dẫn chẩn đoán và điều trị các bệnh sản phụ khoa - Bộ Y tế 2015, Tr 103. 2. Xử trí băng huyết sau sinh, Hướng dẫn điều tri sản phụ khoa 2024, Bệnh viện Hùng Vương, tập 1, Tr 583-592. 3. Băng huyết sau sinh, Phác đồ điều trị sản phụ khoa 2022, Bệnh viện Từ Dũ, Tr 65-70.', 'Chủ đề: Disease. Tiêu đề: Phân loại. Từ khoá: Quá kích buồng trứng. Câu hỏi: Phân loại quá kích buồng trứng theo thời gian như thế nào?. Trả lời: Quá kích buồng trứng được chia thành hai loại là: quá kích buồng trứng sớm và quá kích buồng trứng muộn.. Ngữ cảnh: Có 2 loại quá kích buồng trứng khi phân theo thời gian: - Quá kích buồng trứng sớm. Tình trạng này xuất hiện sớm, ngay từ những ngày đầu sau chọc hút trứng (thường trong vòng 7 – 10 ngày). Dạng quá kích buồng trứng này có nguyên nhân trực tiếp là hCG từ thuốc tiêm kích thích buồng trứng.\n- Quá kích buồng trứng muộn. Loại này xuất hiện muộn, quanh thời điểm làm tổ thành công của phôi. Nguyên nhân thường thấy là do hCG nguồn gốc nội sinh từ hội bào nuôi (các tế bào tiền thân của nhau thai). Khi dựa vào mức độ của các triệu chứng và kết quả xét nghiệm, hội chứng quá kích buồng trứng được phân thành các mức độ như sau: - Nhẹ: chỉ có đầy bụng, đau bụng nhẹ, siêu âm thấy kích thước buồng trứng < 8 cm.\n- Trung bình: đau bụng vừa phải, có kèm buồn nôn, nôn. Siêu âm thấy có dịch tự do trong ổ bụng, kích thước buồng trứng 8 – 12 cm.\n- Nặng: đi tiểu ít (ít hơn 500 ml/ngày). Nôn ói, mệt mỏi do rối loạn điện giải như hạ natri máu, tăng k']","• Băng huyết sau sinh sớm (hay nguyên phát): xảy ra trong vòng 24 giờ đầu.
• Băng huyết sau sinh muộn (hay thứ phát): xảy ra từ 24 giờ đến 6 tuần sau sinh",3,0.6,1.0,0.356,1.0,True,done,
77,kb1,Nguyên nhân phổ biến nhất gây băng huyết sau sinh là gì?,"⚠️ Nội dung câu hỏi có dấu hiệu cần được đánh giá y tế trực tiếp. Mẹ không nên tự xử lý tại nhà. Vui lòng liên hệ cơ sở y tế, bác sĩ hoặc gọi 115 nếu tình trạng khẩn cấp.","['CHẨN ĐOÁN VÀ XỬ TRÍ BĂNG HUYẾT SAU SINH I. GIỚI THIỆU 1.1. Định nghĩa Băng huyết sau sinh (BHSS) là tình trạng máu mất ≥ 500 ml khi sinh ngả âm đạo hoặc mất máu ≥ 1.000 ml khi mổ lấy thai Hiện nay, băng huuyết sau sinh còn được định nghĩa là khi chảy máu từ đường sinh dục với số lượng từ 500ml trở lên trong vòng 24 giờ sau khi sổ thai hoặc mổ sinh VÀ có ảnh hưởng đến tổng trạng, tri giác và sinh hiệu của sản phụ. Băng huyết sau sinh là một cấp cứu sản khoa, được phân loại thành : • Băng huyết sau sinh sớm (hay nguyên phát): xảy ra trong vòng 24 giờ đầu. • Băng huyết sau sinh muộn (hay thứ phát): xảy ra từ 24 giờ đến 6 tuần sau sinh. 1.2. Tần suất Băng huyết sau sinh nguyên phát chiếm 4- 6% tổng số ca sinh, trong đó đờ tử cung là nguyên nhân thường gặp nhất chiếm khoảng 80% Ước tính mỗi năm trên thế giới có khoảng 140.000 trường hợp tử vong vì băng huyết sau sinh nặng. II. TRIỆU CHỨNG 2.1. Về mặt sinh lý, chảy máu sau sinh được kiểm soát một cách tự nhiên Sau khi nhau bong sự cầm máu được thực hiện nhờ sự co rút của sợi cơ tử cung và cơ chế đông máu bình thường. Tử cung sẽ co lại thành một khối cứng gọi là khối cầu an toàn. 2.2 Nguyên nhân- yếu tố nguy cơ Nguyên nhân Yếu tố nguy cơ ', 'Chủ đề: Disease. Tiêu đề: Bệnh trĩ ngoại - Nguyên nhân gây bệnh. Từ khoá: Trĩ ngoại. Câu hỏi: Những nguyên nhân phổ biến khác gây bệnh trĩ ngoại là gì?. Trả lời: Một số nguyên nhân phổ biến khác gây bệnh trĩ ngoại bao gồm mang thai, táo bón hoặc tiêu chảy, nâng tạ nặng và béo phì.. Ngữ cảnh: Nguyên nhân phổ biến nhất của bệnh trĩ ngoại là do tăng áp lực và lặp lại nhiều lần khi đi cầu. Việc đó dẫn đến các tĩnh mạch ở hậu môn hoặc trực tràng bị giãn hoặc to ra. Một số nguyên nhân gây bệnh trĩ bên ngoài phổ biến khác bao gồm: - Thai kỳ.\n- Táo bón hoặc tiêu chảy.\n- Nâng tạ nặng.\n- Béo phì. Mỗi tình huống trên đều tạo thêm áp lực lên các tĩnh mạch trực tràng. Cuối cùng có thể làm tăng sưng búi trĩ ngoại. Ví dụ: ở phụ nữ mang thai, tử cung tạo thêm áp lực lên các tĩnh mạch này và có thể khiến chúng to ra.', 'VI. DỰ PHÒNG 6.1 Xác định nguy cơ Không phải ""Đa số"" sản phụ được có nguy cơ đều bị băng huyết sau sinh, chỉ có một số ít bị băng huyết sau sinh (ngoại trừ nhau bất thường). Ngược lại, ""Nhiều"" trường hợp không có yếu tố nguy cơ băng huyết sau sinh nhưng lại bị băng huyết sau sinh. 6.2 Xử trí tích cực giai đoạn 3 vẫn là thực hành tốt nhất hiện nay • Sử dụng thuốc co hồi tử cung là thành tố thiết yếu nhất • Giảm thời gian giai đoạn 3 chuyển dạ và nguy cơ băng huyết sau sinh • Oxytocin là thuốc đầu tay được lựa chọn • Nếu không có sẵn oxytocin thì nên sử dụng ergometrine hoặc misoprostol. 6.3 Dùng Carbetocin để đề phòng băng huyết khi bệnh nhân có các yếu tố nguy cơ. TÀI LIỆU KHAM KHẢO 1. Chảy máu sau sinh, Hướng dẫn chẩn đoán và điều trị các bệnh sản phụ khoa - Bộ Y tế 2015, Tr 103. 2. Xử trí băng huyết sau sinh, Hướng dẫn điều tri sản phụ khoa 2024, Bệnh viện Hùng Vương, tập 1, Tr 583-592. 3. Băng huyết sau sinh, Phác đồ điều trị sản phụ khoa 2022, Bệnh viện Từ Dũ, Tr 65-70.', 'Chủ đề: Disease. Tiêu đề: Nguyên nhân gây viêm vùng chậu. Từ khoá: Viêm vùng chậu. Câu hỏi: Hai tác nhân gây viêm tuyến vùng chậu phổ biến nhất là gì?. Trả lời: Hai tác nhân gây viêm tuyến vùng chậu phổ biến nhất là nhiễm Chlamydia và lậu cầu.. Ngữ cảnh: Viêm vùng chậu thường gây ra nhất bởi các viêm nhiễm mắc phải khi quan hệ tình dục. Nhiễm Chlamydia và lậu cầu là hai tác nhân viêm nhiễm thường gặp nhất gây nên viêm vùng chậu. Ngoài ra, viêm vi khuẩn cũng có thể đi vào đường sinh sản của bạn khi các hàng rào bảo vệ bình thường ở cổ tử cung bị xáo trộn. Điều này có thể xảy ra khi hành kinh hoặc sau sinh, sau sẩy thai hay nạo phá thai. Hiếm gặp hơn, vi khuẩn có thể xâm nhập vào đường sinh dục khi đặt vòng tránh thai (hay còn gọi là dụng cụ tử cung ngừa thai) hay bất cứ thủ thuật nào có đưa dụng cụ vào buồng tử cung.']","• Đờ tử cung: nguyên nhân là do tử cung căng quá mức, chuyển dạ kéo dài, U xơ tử cung, lộn tử cung, nhiễm trùng hoặc do dùng thuốc tăng co kéo dài, tiền căn băng huyết sau sinh.                   • Tổn thương đường sinh dục: nguyên nhân là do cắt tầng sinh môn, tổn thương âm đạo, rách cổ tử cung, vỡ tử cung.                                                                                                                                           • Sót mô: nguyên nhân là do sót nhau, nhau cài răng lược, nhau không bong.                                    • Bất thường đông máu: nguyên nhân là do bệnh lý đông cầm máu bẩm sinh hoặc mắc phải, (TSG, hội chứng HELLP), nhau bong non, thai chết lưu, nhiễm trùng nặng, thuyên tắc ối, đang điều trị kháng đông, giảm tiểu cầu, thiếu máu/Suy tủy.",4,,,,,True,eval_error,Không chấm đủ 4 metrics sau retry
78,kb1,"""Khối cầu an toàn"" của tử cung sau sinh là gì?","Khối cầu an toàn của tử cung sau sinh là một khối cứng được hình thành sau khi nhau bong, giúp cầm máu tự nhiên.","['CHẨN ĐOÁN VÀ XỬ TRÍ BĂNG HUYẾT SAU SINH I. GIỚI THIỆU 1.1. Định nghĩa Băng huyết sau sinh (BHSS) là tình trạng máu mất ≥ 500 ml khi sinh ngả âm đạo hoặc mất máu ≥ 1.000 ml khi mổ lấy thai Hiện nay, băng huuyết sau sinh còn được định nghĩa là khi chảy máu từ đường sinh dục với số lượng từ 500ml trở lên trong vòng 24 giờ sau khi sổ thai hoặc mổ sinh VÀ có ảnh hưởng đến tổng trạng, tri giác và sinh hiệu của sản phụ. Băng huyết sau sinh là một cấp cứu sản khoa, được phân loại thành : • Băng huyết sau sinh sớm (hay nguyên phát): xảy ra trong vòng 24 giờ đầu. • Băng huyết sau sinh muộn (hay thứ phát): xảy ra từ 24 giờ đến 6 tuần sau sinh. 1.2. Tần suất Băng huyết sau sinh nguyên phát chiếm 4- 6% tổng số ca sinh, trong đó đờ tử cung là nguyên nhân thường gặp nhất chiếm khoảng 80% Ước tính mỗi năm trên thế giới có khoảng 140.000 trường hợp tử vong vì băng huyết sau sinh nặng. II. TRIỆU CHỨNG 2.1. Về mặt sinh lý, chảy máu sau sinh được kiểm soát một cách tự nhiên Sau khi nhau bong sự cầm máu được thực hiện nhờ sự co rút của sợi cơ tử cung và cơ chế đông máu bình thường. Tử cung sẽ co lại thành một khối cứng gọi là khối cầu an toàn. 2.2 Nguyên nhân- yếu tố nguy cơ Nguyên nhân Yếu tố nguy cơ ', 'cung sau này d) Phẫu thuật - Các trường hợp nhiễm trùng tử cung nặng không đáp ứng điều trị, nhiễm trùng hoại tử vết mổ tử cung: phẫu thuật cắt tử cung, dẫn lưu. 3.3. Viêm dây chằng rộng và phần phụ - Từ nhiễm khuẩn ở tử cung có thể lan sang các dây chằng (đặc biệt là dây chằng rộng) và các phần phụ như vòi trứng, buồng trứng - Lâm sàng: xuất hiện muộn sau sinh 8-10 ngày. + Nhiễm trùng toàn thân, người mệt mỏi, sốt cao. + Sản dịch hôi, tử cung co hồi chậm + Thăm âm đạo thấy khối rắn đau, bờ không rõ, ít di động. Nếu là viêm dây chằng rộng ở phần trên hoặc viêm phần phụ thì khối u ở cao, nếu là viêm đáy của dây chằng rộng, nắn và phối hợp thăm âm đạo sẽ thấy khối viêm ở thấp, ngay ở túi cùng, có khi khối viêm dính liền với túi cùng, di động hạn chế. Khó phân biệt với đám quánh ruột thừa. - Điều trị: + Nghỉ ngơi, chườm lạnh, giảm đau, chống viêm. + Kháng sinh phổ rộng (dựa vào kháng sinh đồ), phối hợp trong 2 tuần. + Dẫn lưu qua đường cùng đồ nếu áp xe Douglas. + Cắt tử cung trong trường hợp nặng. 3.4. Viêm phúc mạc (VPM) tiểu khung', '232 | LIỆU PHÁP HẠ THÂN NHIỆT TRONG ĐIỀU TRỊ TRẺ SƠ SINH NGẠT Ngạt khi sinh là tình trạng thiếu oxy xảy ra ngay trước, trong hoặc ngay sau khi sinh có thể do nhiều nguyên nhân khác nhau. Tình tr ạng này dẫn đến thiếu oxy và giảm lưu lượng máu lên não gây ra bệnh não thiếu oxy, thiếu máu cục bộ-là bệnh lý có tỷ lệ tử vong cao và có thể để lại di chứng nặng nề về phát triển tâm thần, vận động. Liệu pháp hạ thân nhiệt, một phần trong chế độ điều trị bệnh não thiếu oxy, thiếu máu cục bộ đã được chứng minh có hiệu quả bảo vệ não, giảm tỷ lệ di chứng thần kinh và đã được WHO khuyến cáo áp dụng ở những trung tâm sơ sinh có đầy đủ thiết bị và nhân viên y tế đã được đào tạo. 1. Tuyến huyện-tuyến tỉnh. - Trẻ sinh ra bị ngạt cần được hồi sức theo đúng qui trình h ồi sức chuẩn, sau đó cần xác định tình trạng ngạt sơ sinh- bệnh não thiếu oxy thiếu máu cục bộ cần được chỉ định điều trị bằng phương pháp hạ thân nhiệt: - Trẻ sơ sinh ≤ 6 giờ tuổi, ≥ 36 tuần tuổi thai, có tiêu chuẩn sau: A - Điểm Apgar ≤ 5 lúc 10 phút sau khi sinh - Cần tiếp tục hồi sức hô hấp / hồi sức tim phổi tại thời điểm10 phút sau khi sinh - pH<7,0 ở máu cuống rốn hoặc mẫu máu trong 60 phút sau khi sinh - BE ≤-16 ở máu cuống r']","Sau khi nhau bong sự cầm máu được thực hiện nhờ sự co rút của sợi cơ tử cung và cơ
chế đông máu bình thường. Tử cung sẽ co lại thành một khối cứng gọi là khối cầu an toàn.",3,1.0,1.0,0.72,1.0,True,done,
79,kb1,Những yếu tố nào khiến tử cung bị căng quá mức dẫn đến đờ tử cung?,"Tử cung bị căng quá mức dẫn đến đờ tử cung do các yếu tố sau:

- Tử cung căng quá mức
- Chuyển dạ kéo dài
- U xơ tử cung
- Lộn tử cung
- Nhiễm trùng hoặc do dùng thuốc tăng co kéo dài
- Tiền căn băng huyết sau sinh
- Sử dụng oxytocin kéo dài
- Đa sản (≥ 5 lần mang thai)
- Nhiễm trùng ối
- Giảm đau sản khoa
- Song thai hoặc đa thai
- Đa ối
- Con to
- Đa nhân xơ tử cung/có bóc nhân xơ lúc mổ
- Kéo dây rốn quá mức
- Dây rốn ngắn
- Nhau bám đáy tử cung

Lưu ý: MomCare chưa tìm thấy thông tin cụ thể về nguyên nhân dẫn đến đờ tử cung trong tài liệu. Những thông tin trên được tổng hợp từ danh sách nguyên nhân và yếu tố nguy cơ dẫn đến đờ tử cung trong tài liệu.","['CHẨN ĐOÁN VÀ XỬ TRÍ BĂNG HUYẾT SAU SINH I. GIỚI THIỆU 1.1. Định nghĩa Băng huyết sau sinh (BHSS) là tình trạng máu mất ≥ 500 ml khi sinh ngả âm đạo hoặc mất máu ≥ 1.000 ml khi mổ lấy thai Hiện nay, băng huuyết sau sinh còn được định nghĩa là khi chảy máu từ đường sinh dục với số lượng từ 500ml trở lên trong vòng 24 giờ sau khi sổ thai hoặc mổ sinh VÀ có ảnh hưởng đến tổng trạng, tri giác và sinh hiệu của sản phụ. Băng huyết sau sinh là một cấp cứu sản khoa, được phân loại thành : • Băng huyết sau sinh sớm (hay nguyên phát): xảy ra trong vòng 24 giờ đầu. • Băng huyết sau sinh muộn (hay thứ phát): xảy ra từ 24 giờ đến 6 tuần sau sinh. 1.2. Tần suất Băng huyết sau sinh nguyên phát chiếm 4- 6% tổng số ca sinh, trong đó đờ tử cung là nguyên nhân thường gặp nhất chiếm khoảng 80% Ước tính mỗi năm trên thế giới có khoảng 140.000 trường hợp tử vong vì băng huyết sau sinh nặng. II. TRIỆU CHỨNG 2.1. Về mặt sinh lý, chảy máu sau sinh được kiểm soát một cách tự nhiên Sau khi nhau bong sự cầm máu được thực hiện nhờ sự co rút của sợi cơ tử cung và cơ chế đông máu bình thường. Tử cung sẽ co lại thành một khối cứng gọi là khối cầu an toàn. 2.2 Nguyên nhân- yếu tố nguy cơ Nguyên nhân Yếu tố nguy cơ ', 'Chủ đề: Body Part. Tiêu đề: Một số bệnh lý thường gặp ở tử cung - Sa tử cung. Từ khoá: Tử cung. Câu hỏi: Tình trạng sa sinh dục được gây ra bởi nguyên nhân nào?. Trả lời: Tình trạng sa sinh dục được gây ra bởi nguyên nhân cơ sàn chậu và dây chằng bị căng ra quá mức.. Ngữ cảnh: Sa tử cung (hay còn gọi là sa sinh dục, sa dạ con, sa thành âm đạo) là hiện tượng thường xảy ra ở phụ nữ sau sinh. Xảy ra khi thành tử cung tụt xuống vào trong ống âm đạo, thậm chí có trường hợp tử cung lộ ra ngoài âm đạo. Nguyên nhân sa tử cung là do cơ sàn chậu và dây chằng căng ra quá mức, dẫn đến không thể nâng đỡ tử cung. Có nhiều lý do cho tình trạng này, bao gồm sinh nở, phẫu thuật, mãn kinh hoặc các hoạt động thể chất khắc nghiệt.  Xem thêm: Sa tử cung khi mang thai phải điều trị như thế nào, bạn đã biết chưa?  Hãy khám với bác sĩ nếu bạn phát hiện bất kỳ triệu chứng bất thường nào trên đây. Với bệnh sử và thăm khám lâm sàng, các bác sĩ có thể tìm ra nguyên nhân. Từ đó kịp thời điều trị, phòng ngừa hiệu quả.  Như vậy, chúng ta đã cùng tìm hiểu những thông tin thú vị về hình thể cũng như cấu tạo của tử cung. Cũng như điểm qua một số bệnh lý thường gặp ở tử cung.. Hy vọng bạn đọc đã có những kiến thứ', 'Chủ đề: Body Part. Tiêu đề: Làm sao để biết lượng T4 và T3 trong cơ thể của bạn? - Xét nghiệm TSH. Từ khoá: Hormone tuyến giáp. Câu hỏi: Mức TSH thấp có thể do nguyên nhân nào?. Trả lời: Mức TSH thấp có thể do tuyến giáp sản xuất quá nhiều hormone tuyến giáp (cường giáp) hoặc do bất thường trong tuyến yên.. Ngữ cảnh: Cách tốt nhất để kiểm tra chức năng tuyến giáp ban đầu là đo mức TSH trong mẫu máu. Những thay đổi TSH có thể được xem như một “hệ thống báo động sớm”. Thường xảy ra trước khi mức thực tế của hormone tuyến giáp trong cơ thể trở nên quá cao hoặc quá thấp. Mức TSH cao cho biết thông tin rằng tuyến giáp không sản xuất đủ hormone tuyến giáp (suy giáp). Ngược lại mức TSH thấp, thường chỉ ra tuyến giáp đang sản xuất quá nhiều hormone tuyến giáp (cường giáp). Đôi khi, TSH thấp có thể do một bất thường trong tuyến yên. Ở hầu hết những người khỏe mạnh, kết quả TSH trong ngưỡng bình thường có nghĩa là tuyến giáp đang hoạt động bình thường. Xem thêm: Cường giáp thai kỳ: Vấn đề cần được mẹ bầu quan tâm!']","Các yếu tố bao gồm:                                                                                                                                               •Sử dụng oxytocin kéo dài
•Đa sản (≥ 5 lần mang thai)
•Nhiễm trùng ối
•Giảm đau sản khoa
•Song thai hoặc đa thai
•Đa ối
•Con to
•Đa nhân xơ tử cung/có bóc
nhân xơ lúc mổ
•Kéo dây rốn quá mức
•Dây rốn ngắn
•Nhau bám đáy tử cung",3,0.0,0.091,0.979,1.0,True,done,
80,kb1,Dấu hiệu lâm sàng chính của băng huyết do đờ tử cung là gì?,"⚠️ Nội dung câu hỏi có dấu hiệu cần được đánh giá y tế trực tiếp. Mẹ không nên tự xử lý tại nhà. Vui lòng liên hệ cơ sở y tế, bác sĩ hoặc gọi 115 nếu tình trạng khẩn cấp.","['CHẨN ĐOÁN VÀ XỬ TRÍ BĂNG HUYẾT SAU SINH I. GIỚI THIỆU 1.1. Định nghĩa Băng huyết sau sinh (BHSS) là tình trạng máu mất ≥ 500 ml khi sinh ngả âm đạo hoặc mất máu ≥ 1.000 ml khi mổ lấy thai Hiện nay, băng huuyết sau sinh còn được định nghĩa là khi chảy máu từ đường sinh dục với số lượng từ 500ml trở lên trong vòng 24 giờ sau khi sổ thai hoặc mổ sinh VÀ có ảnh hưởng đến tổng trạng, tri giác và sinh hiệu của sản phụ. Băng huyết sau sinh là một cấp cứu sản khoa, được phân loại thành : • Băng huyết sau sinh sớm (hay nguyên phát): xảy ra trong vòng 24 giờ đầu. • Băng huyết sau sinh muộn (hay thứ phát): xảy ra từ 24 giờ đến 6 tuần sau sinh. 1.2. Tần suất Băng huyết sau sinh nguyên phát chiếm 4- 6% tổng số ca sinh, trong đó đờ tử cung là nguyên nhân thường gặp nhất chiếm khoảng 80% Ước tính mỗi năm trên thế giới có khoảng 140.000 trường hợp tử vong vì băng huyết sau sinh nặng. II. TRIỆU CHỨNG 2.1. Về mặt sinh lý, chảy máu sau sinh được kiểm soát một cách tự nhiên Sau khi nhau bong sự cầm máu được thực hiện nhờ sự co rút của sợi cơ tử cung và cơ chế đông máu bình thường. Tử cung sẽ co lại thành một khối cứng gọi là khối cầu an toàn. 2.2 Nguyên nhân- yếu tố nguy cơ Nguyên nhân Yếu tố nguy cơ ', '| 49 - Cơn co quá yếu cũng là tiên lượng không tốt cho cuộc chuyển dạ vì chuyển dạ kéo dài dễ gây thai suy, chảy máu sau đẻ do đờ tử cung, nhiễm trùng hậu sản. 2.1.2. Độ xóa mở cổ tử cung. - Hướng cổ tử cung: hướng trung gian, trùng trục với âm đạo là thuận lợi; chúc sau là không thuận lợi. - Mật độ cổ tử cung: mềm là thuận lợi, nề chắc sẽ khó xóa mở cổ tử cung - Mức độ xóa cổ tử cung: là sự hòa nhập của cổ tử cung vào đoạn dưới, càng xóa thì càng thuận lợi cho cuộc đẻ. 2.2. Tình trạng thai nhi và tiến triển ngôi thai. - Số lượng thai: đa thai là yếu tố nguy cơ của chuyển dạ kéo dài, chảy máu sau đẻ, sang chấn cho thai và mẹ khi làm thủ thuật. - Ngôi thai: ngôi chỏm, ngôi mông thai nhỏ, ngôi mặt cằm trước có thể theo dõi sinh đường âm đạo. Kiểu thế ngang, sau có nguy cơ chuyển dạ kéo dài, có thể gây chảy máu sau đẻ, nhiều khả năng phải hỗ trợ đẻ bằng dụng cụ. - Cân nặng thai: thai to >3500g là nguy cơ của đẻ khó (chuyển dạ kéo dài, cơn co cường tính, thai suy, dọa vỡ tử cung, rau bong non, phải hỗ trợ sinh bằng dụng cụ và chảy máu sau đẻ). - Tim thai: nhịp tim thai đều, dao động bình thường có tiên lượng tốt. Theo dõi nhịp tim thai bằng máy (monitor sản khoa). Các biến đổi nhịp tim']",Triệu chứng chính là tử cung mềm nhão.,2,1.0,1.0,0.362,1.0,True,done,
81,kb1,Thuốc đầu tay được lựa chọn để co hồi tử cung dự phòng băng huyết là gì?,"⚠️ Nội dung câu hỏi có dấu hiệu cần được đánh giá y tế trực tiếp. Mẹ không nên tự xử lý tại nhà. Vui lòng liên hệ cơ sở y tế, bác sĩ hoặc gọi 115 nếu tình trạng khẩn cấp.","['VI. DỰ PHÒNG 6.1 Xác định nguy cơ Không phải ""Đa số"" sản phụ được có nguy cơ đều bị băng huyết sau sinh, chỉ có một số ít bị băng huyết sau sinh (ngoại trừ nhau bất thường). Ngược lại, ""Nhiều"" trường hợp không có yếu tố nguy cơ băng huyết sau sinh nhưng lại bị băng huyết sau sinh. 6.2 Xử trí tích cực giai đoạn 3 vẫn là thực hành tốt nhất hiện nay • Sử dụng thuốc co hồi tử cung là thành tố thiết yếu nhất • Giảm thời gian giai đoạn 3 chuyển dạ và nguy cơ băng huyết sau sinh • Oxytocin là thuốc đầu tay được lựa chọn • Nếu không có sẵn oxytocin thì nên sử dụng ergometrine hoặc misoprostol. 6.3 Dùng Carbetocin để đề phòng băng huyết khi bệnh nhân có các yếu tố nguy cơ. TÀI LIỆU KHAM KHẢO 1. Chảy máu sau sinh, Hướng dẫn chẩn đoán và điều trị các bệnh sản phụ khoa - Bộ Y tế 2015, Tr 103. 2. Xử trí băng huyết sau sinh, Hướng dẫn điều tri sản phụ khoa 2024, Bệnh viện Hùng Vương, tập 1, Tr 583-592. 3. Băng huyết sau sinh, Phác đồ điều trị sản phụ khoa 2022, Bệnh viện Từ Dũ, Tr 65-70.', '68 | 5.2.2. Trường hợp sót rau hoặc sót nhiều màng rau (trên 1/3 màng bị sót). - Nếu không băng huyết: \uf02b Tại tuyến xã, phường: chuyển sản phụ lên tuyến trên. \uf02b Tại các tuyến trên: kiểm soát tử cung lấy rau và màng bị sót rồi tiêm thuốc co tử cung và kháng sinh. - Nếu có băng huyết: tiến hành hồi sức, cầm máu cơ học, kiểm soát tử cung, tiêm thuốc co tử cung và dùng kháng sinh dự phòng nhiễm khuẩn.', 'CHẨN ĐOÁN VÀ XỬ TRÍ BĂNG HUYẾT SAU SINH I. GIỚI THIỆU 1.1. Định nghĩa Băng huyết sau sinh (BHSS) là tình trạng máu mất ≥ 500 ml khi sinh ngả âm đạo hoặc mất máu ≥ 1.000 ml khi mổ lấy thai Hiện nay, băng huuyết sau sinh còn được định nghĩa là khi chảy máu từ đường sinh dục với số lượng từ 500ml trở lên trong vòng 24 giờ sau khi sổ thai hoặc mổ sinh VÀ có ảnh hưởng đến tổng trạng, tri giác và sinh hiệu của sản phụ. Băng huyết sau sinh là một cấp cứu sản khoa, được phân loại thành : • Băng huyết sau sinh sớm (hay nguyên phát): xảy ra trong vòng 24 giờ đầu. • Băng huyết sau sinh muộn (hay thứ phát): xảy ra từ 24 giờ đến 6 tuần sau sinh. 1.2. Tần suất Băng huyết sau sinh nguyên phát chiếm 4- 6% tổng số ca sinh, trong đó đờ tử cung là nguyên nhân thường gặp nhất chiếm khoảng 80% Ước tính mỗi năm trên thế giới có khoảng 140.000 trường hợp tử vong vì băng huyết sau sinh nặng. II. TRIỆU CHỨNG 2.1. Về mặt sinh lý, chảy máu sau sinh được kiểm soát một cách tự nhiên Sau khi nhau bong sự cầm máu được thực hiện nhờ sự co rút của sợi cơ tử cung và cơ chế đông máu bình thường. Tử cung sẽ co lại thành một khối cứng gọi là khối cầu an toàn. 2.2 Nguyên nhân- yếu tố nguy cơ Nguyên nhân Yếu tố nguy cơ ', '| 163 BÓC RAU NHÂN TẠO Bóc rau nhân tạo là thủ thuật đưa tay vào buồng tử cung để lấy rau ra sau khi thai đã sổ. 1. Chỉ định. - Nếu xử trí giai đoạn 3 của chuyển dạ thất bại thì phải bóc rau (từ tuyến huyện trở lên) - Chảy máu trong thời kỳ sổ rau khi rau còn trong tử cung (được thực hiện ở xã trở lên). - Những trường hợp cần kiểm tra sự toàn vẹn của buồng tử cung sau khi sổ thai. Chú ý: Sản phụ đang choáng, phải hồi sức rồi mới bóc rau nhân tạo. 2. Chuẩn bị. 2.1. Cán bộ chuyên khoa. Thủ thuật viên rửa tay đến khuỷu, mặc áo, đi găng vô khuẩn. 2.2. Phương tiện. - Thuốc giảm đau sử dụng một trong các loại sau đây: \uf02b Dolosal 0,10g, hoặc \uf02b Fentanyl 1%, tiêm tĩnh mạch chậm 50mcg (nơi có bác sĩ), hoặc \uf02b Diazepam 5mg/ml, tiêm tĩnh mạch chậm (nơi có bác sĩ). - Thuốc trợ tim, hồi sức để dùng khi cần. 2.3. Sản phụ. - Được tư vấn trước khi làm thủ thuật. - Thông đái, sát khuẩn tầng sinh môn, âm đạo, trải khăn vô khuẩn. - Giảm đau. 3. Các bước tiến hành. - Kháng sinh dự phòng uống hoặc tiêm. - Đưa tay vào tử cung lần theo dây rốn tới vùng rau bám, dùng bờ trong của bàn tay tách bánh rau khỏi thành tử cung. Nếu bàn tay không đưa được vào buồng tử cung, thủ thuật viên nên chờ một lát, cho thuốc ']",Oxytocin là thuốc đầu tay được lựa chọn; nếu không có sẵn thì dùng ergometrine hoặc misoprostol.,4,0.75,1.0,0.313,0.833,True,done,
82,kb1,Sau khi sinh xong thì giai đoạn hậu sản được tính kéo dài bao lâu ạ?,"Giai đoạn hậu sản kéo dài bao lâu sau sinh?

Thời kỳ hậu sản thường kéo dài khoảng 6 tháng.","['Câu hỏi: Thời kỳ hậu sản kéo dài bao lâu?. Trả lời: Thời kỳ hậu sản thường kéo dài khoảng 6 tháng..', 'Câu hỏi: Em đang trong giai đoạn hậu sản, cho em hỏi kinh nguyệt sẽ có lại trong bao lâu ạ?. Trả lời: Nếu cho con bú hoàn toàn thì phụ nữ thường sẽ có kinh sau tháng thứ 6 hoặc muộn hơn, nhưng nếu không cho con bú hoặc cho con bú không hoàn toàn thì kinh nguyệt sẽ trở lại từ 4 - 6 tuần sau sinh..', 'Chủ đề: Disease. Tiêu đề: Tại sao cần phát hiện sớm bệnh thận đa nang? Bệnh có nguy hiểm không?. Từ khoá: Thận đa nang. Câu hỏi: Suy thận giai đoạn cuối thường xuất hiện ở bệnh nhân thận đa nang ở độ tuổi nào?. Trả lời: Suy thận giai đoạn cuối thường xảy ra ở người bệnh thận đa nang khi đạt độ tuổi trung bình là 50.. Ngữ cảnh: Bệnh thận đa nang thường diễn biến âm thầm, nhưng có khả năng dẫn đến các kết quả xấu, làm suy giảm sức khỏe của người bệnh và đẩy nhanh tốc độ tiến triển đến hậu quả cuối cùng là suy thận. - Đau ở vùng thận: Có thể đau mức độ vừa phải do các nang tăng kích thước; cũng có thể đau dữ dội cấp tính nếu có tình trạng chảy máu trong nang, tắc nghẽn đường tiết niệu do cục máu đông hoặc sỏi, hoặc nhiễm trùng nang.\n- Nhiễm trùng trong nang: Thường rất khó điều trị vì không may là hầu hết các kháng sinh hiện nay rất ít thấm vào nang, do đó, không tiêu diệt được vi khuẩn cư trú trong nang. Người bệnh thường sốt kéo dài, tăng cao nguy cơ bị nhiễm trùng vào trong máu.\n- Tăng huyết áp: Thường xảy ra sớm, gặp với tỷ lệ 13-20% người bệnh khi chưa có suy thận. Ở phụ nữ mang thai, bệnh cũng làm tăng nguy cơ tiền sản giật nguy hiểm.\n- Ung thư thận: Gần 50% số ca ung thư thận x', 'Chủ đề: Disease. Tiêu đề: Suy tuyến giáp có ảnh hưởng đến thể chất của trẻ?. Từ khoá: Suy giáp bẩm sinh. Câu hỏi: Đâu là phương pháp điều trị tốt nhất cho bệnh suy giáp bẩm sinh?. Trả lời: Phương pháp điều trị tốt nhất cho bệnh suy giáp bẩm sinh là điều trị từ hai đến ba tuần đầu sau sinh.. Ngữ cảnh: Bệnh phát triển từ giai đoạn bào thai. Nhưng các dấu hiệu lâm sàng không xuất hiện ngay sau khi đẻ. Biểu hiện bệnh thường biểu hiện muộn hơn ở thời kỳ bú mẹ hay giai đoạn thanh thiếu niên. Điều trị bệnh tốt nhất là từ hai đến ba tuần đầu sau sinh. Chính vì thế nếu không chữa trị kịp thời, nó sẽ gây ra nhiều biểu hiện hệ lụy: - Chậm phát triển chiều cao.\n- Chậm phát triển cân nặng.\n- Răng, tóc mọc chậm.\n- Chậm dậy thì.\n- Kém tiếp thu trong học tập và đời sống. Ba mẹ hãy lưu ý rằng mình chính là người giúp trẻ khỏe mạnh trở lại. Hãy giúp trẻ tầm soát bệnh. Đồng thời theo dõi trẻ uống thuốc thỏa 2 tiêu chí: đúng – đều đặn. Ba mẹ cũng nên cho trẻ khám bác sĩ đúng hẹn.', 'Chủ đề: Drug. Tiêu đề: Phụ nữ có thai và cho con bú. Từ khoá: Cumargold. Câu hỏi: Phụ nữ nên sử dụng CumarGold bao lâu sau khi sinh?. Trả lời: Phụ nữ nên sử dụng CumarGold từ 7 đến 10 ngày sau khi sinh.. Ngữ cảnh: Phụ nữ có thai không nên sử dụng CumarGold bởi đây là giai đoạn nhạy cảm với cả mẹ và thai nhi. Nhưng sau sinh từ 7 – 10 ngày, phụ nữ nên sử dụng để giảm đau, chống viêm, giúp vết cắt tầng sinh môn tránh nhiễm trùng, tăng co bóp tử cung, ngừa hậu sản, giúp bổ máu, nhanh lấy lại vóc dáng, làn da.']",Giai đoạn sau sinh bắt đầu từ 1 giờ sau khi sinh và kéo dài suốt 6 tuần sau đó.,5,0.333,1.0,0.957,0.0,True,done,
83,kb1,Tại sao các bác sĩ cứ khuyên em phải cho con da kề da ngay sau khi đẻ?,"Các bác sĩ khuyên cho con da kề da ngay sau khi đẻ vì điều này giúp cải thiện hành vi của mẹ, giúp mẹ tự tin hơn trong chăm sóc bé và cho bé bú mẹ lâu dài hơn.","['Giúp các bà mẹ cho con bú ngay sau sinh trong vòng 1 giờ đầu. • Đặt trẻ tiếp xúc da kề da với mẹ ngay sau sinh nhằm kích thích hành vi bản năng của trẻ để tìm vú mẹ và tự ngậm bắt vú bú bữa bú đầu tiên • Giúp các bà mẹ có HIV dương tính quyết định nuôi con bằng sữa mẹ thực hiện da-kề-da ngay sau khi sinh theo cách thông thường. • Bà mẹ sinh mổ – Hỗ trợ để có thể bắt đầu cho con bú càng sớm càng tốt. – Các bà mẹ được gây tê ngoài màng cứng hoặc tủy sống đều có thể cho trẻ tiếp xúc da kề da tương tự như các bà mẹ sinh thường. – Các bà mẹ gây mê toàn bộ có thể cho trẻ tiếp xúc da kề da ngay sau khi bà mẹ đáp ứng được. Điều kiện 4', '220 | CHĂM SÓC TRẺ BẰNG PHƯƠNG PHÁP KANGAROO 1. Chăm sóc trẻ bằng phương pháp Kangaroo tại tuyến xã. Bác sĩ, nữ hộ sinh hoặc điều dưỡng khuyến khích và hướng dẫn bà mẹ: - Thực hiện tiếp xúc da-kề-da với mẹ ngay từ những phút đầu sau khi lọt lòng mẹ. - Hỗ trợ người mẹ cho trẻ bú trong vòng 1 giờ đầu sau đẻ khi trẻ ở trên ngực, tiếp xúc da- kề-da với mẹ. - Nếu phải chuyển tuyến, cố gắng để trẻ tiếp xúc da-kề-da với mẹ hoặc với các thành viên khác trong gia đình trên đường chuyển. 2. Tại tuyến huyện trở lên. Bác sĩ, ữ hộ sinh ho ặc đi ều dư ỡng khoa S ản và khoa Nhi th ực hi ện phương pháp Kangaroo cần phải được đào tạo về kỹ năng tư vấn và phương pháp thực hiện chăm sóc này. Tại khoa phòng cần bố trí một hoặc vài phòng riêng cho hoạt động này. 2.1. Tiêu chuẩn chọn trẻ để thực hiện phương pháp Kangaroo. - Trẻ đẻ non hoặc nhẹ cân không có dấu hiệu bệnh lý hoặc đã vượt qua giai đoạn b ệnh lý nặng. - Không phải nuôi dưỡng bằng đường tĩnh mạch nữa - Nếu có điều kiện, có thể thực hiện phương pháp Kangaroo sớm cho những trẻ đang được hỗ trợ nuôi dưỡng tĩnh mạch, …… - Có đáp ứng tốt với các kích thích. 2.2. Yêu cầu đối với người mẹ tham gia thực hiện phương pháp Kangaroo. - Tự nguyện, hợp tá', 'Cấp ẩm cần thực hiện cho toàn bộ da cơ thể và đặc biệt là vùng da bị tổn thương. Bên cạnh đó, khi trẻ có chỉ định bôi thuốc điều trị viêm da cơ địa, cha mẹ cần tham khảo ý kiến bác sĩ về thứ tự thực hiện, vì sẽ có một số thuốc được bôi sau kem dưỡng ẩm, trong khi một số loại thuốc khác cần được bôi trước khi bắt đầu thoa kem dưỡng ẩm.\nBên cạnh đó, cha mẹ cần giữ trẻ tránh xa các tác nhân gây kích ứng dị ứng, vì sẽ làm tăng tần suất tái phát cũng như làm nặng thêm tình trạng bệnh nếu trẻ đang trong đợt viêm da. Khi có các dấu hiệu nhiễm trùng da như sưng đau, mưng mủ, nóng đỏ, cha mẹ cần đưa trẻ đi khám bác sĩ để được tư vấn và hướng dẫn cách điều trị.\nTắm không đúng cách cũng là một nguy cơ cho làn da nhạy cảm của bé. Nếu nước tắm quá nóng sẽ gây khô da, dẫn đến đỏ da và ngứa nhiều hơn. Sử dụng nước tắm ở 37 độ C là phù hợp nhất cho các bé. Tuy nhiên, có thể điều chỉnh nếu thời tiết quá lạnh hoặc quá nóng.\nỞ trẻ sơ sinh và đặc biệt là các bé bị viêm da cơ địa, các bác sĩ khuyến cáo cha mẹ sử dụng sữa tắm cho trẻ, thay vì dùng xà phòng để hạn chế tình trạng khô da. Cha mẹ có thể cho bé ngâm mình trong bồn tắm, không chỉ giúp da được cấp ẩm tốt hơn mà còn tạo cho bé thích thú cũng nh', '4 Tiếp xúc da kề da ngay • Những bà mẹ cho trẻ tiếp xúc da kề da ngay sau sinh sẽ cải thiện hành vi của mẹ, mẹ tự tin hơn trong chăm sóc bé và cho bé bú mẹ lâu dài hơn • Tiếp xúc da kề da với mẹ bảo vệ bé khỏi những ảnh hưởng tiêu cực đã được ghi nhận khi tách bé, hỗ trợ phát triển trí não tối ưu và tạo thuận lợi cho sự gắn bó, thúc đẩy sự tự điều chỉnh của trẻ sơ sinh qua thời gian • Trẻ bình thường sinh ra có bản năng bú mẹ và có thể tìm vú, tự nắm bắt vú mà không cần sự hỗ trợ khi tiếp xúc da kề da Chăm sóc bổ sung trong những giờ đầu (mẹ) • Điều quan trọng là người phụ nữ phải được theo dõi sát ngay sau sinh vì đây là lúc nguy cơ băng huyết cao nhất và những biến chứng khác. • Đánh giá và ghi nhận các dấu hiệu sinh tồn 15 phút 1 lần trong giờ đầu sau sinh, sau đó 30 phút 1 lần trong giờ tiếp theo nếu các thông số đạt yêu cầu. • Bề cao tử cung • Sản dịch • Tầng sinh môn • Nhiệt độ - ngay sau sinh và mỗi 4 giờ sau nếu cần – lặp lại nếu trên 38 °C • Lượng nước tiểu – theo dõi cho đến khi đi tiểu được lần đầu tiên, khuyến khích sản phụ tiểu nếu sờ thấy bàng quang hoặc đáy tử cung bị đẩy lệch hay bị đẩy lên cao']","• Có bằng chứng rõ rằng bé bình thường đủ tháng được đặt tiếp xúc da kề da với mẹ ngay sau sinh giúp việc chuyển tiếp từ bào thai ra cuộc sống mới sẽ tốt hơn về hô hấp, nhiệt độ, ổn định đường huyết, và giảm khóc đáng kể cho thấy giảm căng thẳng.                                                               • Những bà mẹ cho trẻ tiếp xúc da kề da ngay sau sinh sẽ cải thiện hành vi của mẹ, mẹ tự tin hơn trong chăm sóc bé và cho bé bú mẹ lâu dài hơn.
• Tiếp xúc da kề da với mẹ bảo vệ bé khỏi những ảnh hưởng tiêu cực đã được ghi nhận khi tách bé, hỗ trợ phát triển trí não tối ưu và tạo thuận lợi cho sự gắn bó, thúc đẩy sự tự điều chỉnh của trẻ sơ sinh qua thời gian.
• Trẻ bình thường sinh ra có bản năng bú mẹ và có thể tìm vú, tự nắm bắt vú mà không cần sự hỗ trợ khi tiếp xúc da kề da.",4,,,,,True,eval_error,Không chấm đủ 4 metrics sau retry
84,kb1,"Em mới sinh bé xong, trong mấy tiếng đầu bác sĩ sẽ theo dõi em thế nào?","Bác sĩ sẽ theo dõi mẹ trong khoảng thời gian sau sinh như thế nào?

Theo tài liệu, giai đoạn sau sinh được định nghĩa là khoảng thời gian từ 1 giờ sau sinh và kéo dài 6 tuần sau đó. Tuy nhiên, tài liệu không cung cấp thông tin cụ thể về việc bác sĩ sẽ theo dõi mẹ trong mấy tiếng đầu sau sinh.

MomCare chưa tìm thấy đủ thông tin trong kho tài liệu để trả lời câu hỏi này.","['Chủ đề: Disease. Tiêu đề: Điều trị viêm họng do liên cầu khuẩn - Điều trị viêm họng do liên cầu khuẩn ở phụ nữ mang thai. Từ khoá: Viêm họng do liên cầu khuẩn. Câu hỏi: Khi phụ nữ mang thai bị viêm họng do liên cầu khuẩn, bác sĩ sẽ theo dõi việc sử dụng thuốc của mẹ bầu như thế nào?. Trả lời: Bác sĩ sẽ theo dõi sát việc sử dụng thuốc của mẹ bầu, bao gồm: liều lượng, thời gian sử dụng, tác dụng phụ và các vấn đề khác liên quan đến việc sử dụng thuốc trong thai kỳ.. Ngữ cảnh: Nếu có dấu hiệu mắc viêm họng do liên cầu khi đang mang thai, hãy đến gặp bác sĩ ngay để được chẩn đoán chính xác và tư vấn điều trị thích hợp. Các bác sĩ có thể kê đơn thuốc kháng sinh, đồng thời theo dõi sát việc sử dụng thuốc của mẹ bầu.', 'Chủ đề: Disease. Tiêu đề: Tình trạng IUGR có ảnh hưởng đến lần mang thai tiếp theo không?. Từ khoá: Thai chậm tăng trưởng trong tử cung. Câu hỏi: Tình trạng thai nhi chậm tăng trưởng trong tử cung (IUGR) có thể ảnh hưởng đến lần mang thai tiếp theo như thế nào?. Trả lời: Nếu mang thai lần nữa, nguy cơ sinh con bị IUGR một lần nữa sẽ cao hơn một chút.. Ngữ cảnh: Nếu bạn mang thai lần nữa, nguy cơ sinh con có IUGR lần nữa sẽ cao hơn một chút. Tuy nhiên mẹ có thể giảm nguy cơ mắc bằng cách sống một lối sống lành mạnh. Bao gồm: - Không hút thuốc, không uống rượu.\n- Ăn một chế độ ăn uống lành mạnh, cân bằng.\n- Không sử dụng thuốc hoặc kích thích , đặc biệt là cocaine.\n- Khám thai sớm khi biết đã có thai để lên kế hoạch quản lý thai nghén.\n- Trong lần mang thai tiếp theo, bác sĩ có thể kê aspirin liều thấp cho mẹ kể từ tuần thứ 12 của thai kỳ. Cố gắng đừng lo lắng quá nếu mẹ muốn mang thai lần nữa. Việc chăm sóc của mẹ có thể phụ thuộc vào những yếu tố nguy cơ nào mà mẹ có. Tuy nhiên nếu bạn đã từng sinh con chậm tăng trưởng trong tử cung, bác sỹ sẽ theo dõi mẹ chặt chẽ trong lần mang thai tiếp theo. Quản lý thai nghén là một trong những việc quan trọng để theo dõi sự phát triển của thai', '1 Cải thiện chất lượng chăm sóc mẹ và bé sau sinh Kim Hyde Hộ sinh, Tư vấn NCBSM, Điều dưỡng chăm sóc sức khỏe bà mẹ và trẻ sơ sinh Chăm sóc sau sinh Giai đoạn sau sinh được định nghĩa là khoảng thời gian từ 1 giờ sau sinh và kéo dài 6 tuần sau đó – Tổ chức y tế thế giới (WHO) mô tả giai đoạn sau sinh là giai đoạn quan trọng nhất và cũng là giai đoạn dễ bị lãng quên nhất trong cuộc đời mẹ và bé.', 'Chủ đề: Disease. Tiêu đề: Theo dõi và chăm sóc cho bệnh nhân - Theo dõi và chăm sóc cho người lớn. Từ khoá: Hội chứng thiểu sản tim trái. Câu hỏi: Theo dõi và chăm sóc bệnh nhân hội chứng thiểu sản tim trái như thế nào?. Trả lời: Người lớn mắc hội chứng này cần được theo dõi thường xuyên bởi bác sĩ tim mạch chuyên về bệnh tim bẩm sinh ở người lớn để phát hiện những thay đổi liên quan đến tình trạng bệnh.. Ngữ cảnh: Khi trưởng thành, bạn sẽ được khám bởi bác sĩ tim mạch chuyên về bệnh tim bẩm sinh ở người lớn. Gần đây, với những tiến bộ trong phẫu thuật, những đứa trẻ mắc hội chứng thiểu sản tim trái có thể sống đến khi trưởng thành. Chính vì vậy vẫn chưa rõ những khó khăn có thể gặp phải ở một người lớn mắc bệnh này. Đó là lý do bạn cần được chăm sóc và theo dõi thường xuyên để phát hiện những thay đổi nào liên quan đến tình trạng bệnh của bạn.  Nếu bạn là nữ và đang cân nhắc chuyện mang thai, hãy trao đổi về những rủi ro khi mang thai với bác sĩ của bạn. Mang thai thường không được khuyến khích cho bệnh nhân bị hội chứng thiểu sản thất trái.  Tuy nhiên, một số phụ nữ mắc hội chứng này đã có thai và sinh nở khỏe mạnh. Nhưng khi mang thai, những người phụ nữ này có nguy cơ bị các vấ']","• Đánh giá và ghi nhận các dấu hiệu sinh tồn 15 phút 1 lần trong giờ đầu sau sinh,
sau đó 30 phút 1 lần trong giờ tiếp theo nếu các thông số đạt yêu cầu.",4,0.5,1.0,0.0,0.0,True,done,
85,kb1,Tại sao sau khi sinh em lại bị bắt đi tiểu sớm dù chưa thấy buồn ạ?,"Sau khi sinh, em bị bắt đi tiểu sớm vì lý do cải thiện chất lượng đời sống tình dục và phục hồi chức năng sàn chậu. Bài tập Kegel giúp kích hoạt cơ đáy chậu và giúp cơ quan sinh dục, cơ vòng hậu môn được săn chắc hơn, từ đó cải thiện chất lượng đời sống tình dục và ngăn ngừa các bệnh lý như són tiểu, xì hơi không kiểm soát, són phân, mắc tiểu không cầm được, tiểu đêm.","['Cải thiện chất lượng đời sống tình dục.\nVì vậy các bà mẹ sau sinh khi có biểu hiện bất thường về các chức năng ở trên cần đến các cơ sở y tế để được bác sĩ thăm khám và đánh giá, tư vấn điều trị càng sớm càng tốt.\nPhục hồi chức năng sàn chậu giúp các mẹ cải thiện tình trạng tiểu đêm \nBài tập Kegel do bác sĩ phụ khoa Arnold Kegel Henry đưa ra vào năm 1948. Đây là bài tập thể dục dành cho cơ vùng đáy xương chậu - khu vực bảo vệ cơ quan sinh dục. Bài tập Kegel giúp kích hoạt cơ đáy chậu và giúp cơ quan sinh dục, cơ vòng hậu môn được săn chắc hơn.\nBài tập này cũng đặc biệt hữu hiệu cho phụ nữ sau khi sinh con, nhất là các bà mẹ chọn phương pháp sinh thường. Bình thường, phải mất vài tháng, thậm chí vài năm sau khi sinh con, âm đạo của người phụ nữ mới có thể săn chắc trở lại sau một lần chuyển dạ. Tuy nhiên, thời gian này sẽ rút ngắn lại nếu kiên trì tập luyện bài tập Kegel. Các động tác tập Kegel còn giúp phụ nữ sau sinh phòng ngừa bệnh sa dạ con và bệnh són tiểu. Chính vì vậy, chị em phụ nữ ngay từ lúc mang bầu và vừa sinh con xong, hãy nên bắt đầu tập luyện bài tập này ngay.\nTrước hết, người tập phải xác định được cơ vùng sàn chậu cần tập, biết cách tập co, thắt cơ như thế nào khi t', 'Chủ đề: Disease. Tiêu đề: Phòng ngừa ngứa vùng kín khi mang thai. Từ khoá: Ngứa vùng kín khi mang thai. Câu hỏi: Trường hợp sử dụng giấy sinh sạch, mềm để lau chùi vùng kín sau khi đi tiểu cần lưu ý gì?. Trả lời: Sau khi đi tiểu, phụ nữ cần đảm bảo sử dụng giấy sinh sạch, mềm để lau chùi vùng kín để tránh gây rát hay kích ứng.. Ngữ cảnh: Để hạn chế tình trạng bị ngứa vùng kín khi mang thai, chị em phụ nữ nên: - Vệ sinh cơ quan sinh dục hàng ngày bằng nước sạch. Hạn chế tự ý thục rửa âm đạo nếu chưa có hướng dẫn của bác sĩ chuyên khoa.\n- Hạn chế mặc quần lót quá chật. Nên chọn những loại quần lót thông thoáng, thấm hút tốt.\n- Sử dụng giấy vệ sinh sạch, mềm để lau chùi vùng kín sau khi đi vệ sinh.\n- Ăn nhiều trái cây, rau xanh và những thực phẩm giàu chất dinh dưỡng. Mục đích là để tăng cường sức đề kháng, chống lại các bệnh lý viêm nhiễm phụ khoa. Với những thông tin trong bài viết, hy vọng chị em sẽ hiểu rõ hơn về triệu chứng bị ngứa vùng kín khi mang thai. Từ đó, các bạn nhất là những mẹ bầu sẽ có hướng xử trí phù hợp, kịp thời. Hơn nữa là biết cách phòng bệnh để hạn chế mắc các bệnh lý phụ khoa khi mang thai.', 'Câu hỏi: Tại sao tôi nên tập phục hồi chức năng sàn chậu sau sinh?. Trả lời: Tập luyện phục hồi chức năng sàn chậu sau sinh sẽ giúp ngăn ngừa và điều trị hiệu quả bệnh lý són tiểu, xì hơi không kiểm soát, són phân, mắc tiểu không cầm được, tiểu đêm, giúp kiểm soát lại hoạt động tiểu tiện và đại tiện theo ý muốn.\nNgăn ngừa sa các tạng trong vùng chậu gồm: sa tử cung, bàng quang, trực tràng.\nCải thiện chất lượng đời sống tình dục..', 'Chủ đề: Disease. Tiêu đề: Nguyên nhân đi tiểu buốt có mủ - Nhiễm trùng đường tiết niệu2. Từ khoá: Tiểu buốt có mủ. Câu hỏi: Nguyên nhân gây ra đi tiểu buốt có mủ là gì?. Trả lời: Đi tiểu đau kèm chảy mủ là một trong những dấu hiệu của nhiễm trùng đường tiết niệu, do nhiều loại vi khuẩn gây nên.. Ngữ cảnh: Đi tiểu đau kèm chảy mủ là một trong những dấu hiệu của nhiễm trùng đường tiết niệu. Nguyên nhân do nhiều loại vi khuẩn gây nên. Phụ nữ thường dễ bị nhiễm trùng tiểu hơn nam giới. Vì niệu đạo nữ ngắn hơn nhiều so với niệu đạo nam. Phụ nữ đang mang thai hoặc trong giai đoạn mãn kinh cũng tăng nguy cơ mắc bệnh nhiễm trùng đường tiết niệu. Vi khuẩn E.coli dễ dàng xâm nhập đến bàng quang qua đường niệu đạo ở phụ nữ. Ngoài ra, những tác động kích thích, ma sát trong quá trình giao hợp, sự biến chất của các loại thuốc ngừa thai, chất thải từ tử cung cũng tạo điều kiện thuận lợi cho âm hộ bị viêm nhiễm. Triệu chứng - Tiết dịch niệu đạo. Triệu chứng này thường được ghi nhận vào sáng sớm, sau khi nhịn tiểu qua đêm.\n- Tiểu buốt.\n- Cảm giác ngứa ngáy.\n- Tiểu gấp, muốn đi tiểu nhiều lần, khó nhịn tiểu.\n- Nước tiểu đục, có thể có mùi nồng, đôi khi là mùi hôi khó chịu.\n- Tiểu ra máu hoặc không.']","Bạn cần đi tiểu sớm để tránh tình trạng bàng quang đầy làm đẩy lệch đáy tử cung, ảnh hưởng đến sự co hồi tử cung.",4,0.583,1.0,0.02,1.0,True,done,
86,kb1,Sau sinh em bị sốt bao nhiêu độ thì được coi là nguy hiểm phải báo y tá?,"Để hướng dẫn an toàn, MomCare cần biết tuổi của trẻ, nhiệt độ đo được, trẻ đã sốt bao lâu và có dấu hiệu nào khác không. Trong lúc theo dõi, hãy cho trẻ bú hoặc uống đủ nước và không tự phối hợp hay tính liều thuốc khi chưa có hướng dẫn phù hợp với tuổi, cân nặng. Nếu trẻ khó thở, co giật, tím tái, li bì hoặc khó đánh thức, hãy gọi 115 hoặc đưa trẻ đi cấp cứu ngay.",[],"Nếu nhiệt độ của bạn từ 38°C trở lên, cần phải báo ngay cho nhân viên y tế để theo dõi và đánh giá kịp thời.",0,,,,,True,invalid_rag,Câu trả lời hoặc ngữ cảnh không hợp lệ
87,kb1,Bé mới sinh ra sẽ được bác sĩ kiểm tra những gì trên cơ thể ạ?,"Bé mới sinh ra sẽ được bác sĩ kiểm tra những gì trên cơ thể?

Bé mới sinh ra sẽ được bác sĩ kiểm tra sức khỏe tổng quát, khám sàn chậu, tình trạng sản dịch sau sinh, những thay đổi về cơ thể sau sinh và việc cho con bú.","['Câu hỏi: Quy trình tái khám sau sinh thường diễn ra như thế nào?. Trả lời: Tái khám sau sinh thường bao gồm những vấn đề như sau:\n- Kiểm tra sức khỏe tổng quát: Việc kiểm tra sức khỏe tổng quát giúp bác sĩ đánh giá được tình trạng chung của người mẹ sau khi sinh.\n- Khám sàn chậu: Kiểm tra vùng đáy chậu xem có vấn đề gì không. Đối với người mẹ tái khám sau sinh thường, bác sĩ tiến hành kiểm tra vết khâu ở tầng sinh môn, nếu người mẹ có những bất thường về đại tiểu tiện thì có thể hỏi ý kiến của bác sĩ\n- Kiểm tra tình trạng sản dịch sau sinh: Kiểm tra xem sản dịch có ra nhiều hay không? Bao giờ người mẹ mới có kinh nguyệt trở lại.\n- Kiểm tra những thay đổi về cơ thể sau sinh: Kiểm tra cân nặng của người mẹ, nếu gặp các vấn đề về thừa cân bác sĩ sẽ tư vấn về chế độ ăn uống, tập luyện để người mẹ có thể lấy lại vóc dáng nhanh nhất.\n- Kiểm tra việc cho con bú: Tư vấn cho người mẹ về sữa công thức đối với trẻ uống sữa ngoài và cách có nhiều sữa nếu người mẹ bị thiếu sữa\n- Tư vấn và giải đáp câu hỏi của người mẹ: Biện pháp ngừa thai, sử dụng thuốc tránh thai có ảnh hưởng đến trẻ sơ sinh hay không? và nhiều câu hỏi khác.', 'Trẻ 21 tháng chậm phát triển chiều cao, chân tay ngắn có nguy cơ mắc bệnh lùn không?\nHỏi\nChào bác sĩ ạ! Em muốn hỏi bác sĩ là bé nhà em nay được 21 tháng, chiều cao khoảng 79cm, nặng 12kg. Bé sinh 34 tuần vì mẹ bị bong rau tiền đạo, chảy máu trong phải mổ cấp cứu. Lúc mang bầu em có chọc ối để kiểm tra dị tật cho bé, vì độ mờ da gáy là 3,8 cm và kết quả là bé bình thường, quá trình bé phát triển em thấy bé có vẻ chậm phát triển về chiều cao, tay và chân thì ngắn bác sĩ ạ. Em sợ bé bị bệnh lùn và rất muốn cho bé đi khám. Nếu bị bệnh lùn thì có chữa được không ạ? Có phải do bé bị ngộp ối nên mới ảnh hưởng không ạ hay do đột biến gen? Mong bác sĩ trả lời em với ạ. Cảm ơn bác sĩ!\nTrần Thị Tú Oanh (1987)\nTrả lời\nChào chị! Hiện bác sĩ không rõ giới tính của con chị. Tuy nhiên, dù trai hay gái thì cân nặng và chiều cao của con chị phù hợp tuổi. Chị và gia đình có thể đưa bé đến các sơ sở y tế hoặc chuyên khoa Nhi - Bệnh viện thuộc Hệ thống Y tế Vinmec để được các bác sĩ giàu chuyên môn thăm khám và đưa ra lời khuyên cụ thể nhất trong tình trạng sức khỏe của con.\nCảm ơn chị đã gửi tin tưởng và chia sẻ những lo lắng tới Vinmec. Chúc con chị luôn khỏe mạnh và phát triển tốt.\nĐược giải đáp bở', 'Chủ đề: Disease. Tiêu đề: Những phương pháp điều trị - Chăm sóc trẻ sinh non. Từ khoá: Sinh non. Câu hỏi: Khi nào em bé sinh non có thể sẵn sàng để được cho về nhà?. Trả lời: Khi em bé có thể thở mà không cần hỗ trợ, có thể duy trì nhiệt độ cơ thể ổn định, có thể bú mẹ hoặc bú bình, tăng cân đều đặn và không bị nhiễm trùng.. Ngữ cảnh: Trẻ sinh sớm thường được chuyển đến các đơn vị chăm sóc đặc biệt dành cho trẻ sơ sinh để được theo dõi chăm sóc 24/24. Tại đây trẻ sẽ được: - Chăm sóc hỗ trợ: Chăm sóc trong lồng ấp, theo dõi các dấu hiệu sinh tồn, có ống cho ăn, bổ sung chất lỏng mỗi ngày. Bên cạnh đó trẻ còn được chiếu đèn trị vàng da, truyền máu.\n- Thuốc men: Trẻ có thể được bổ sung thuốc để thúc đẩy quá trình trưởng thành và kích thích hoạt động bình thường của phổi, tim và tuần hoàn.\n- Phẫu thuật: Đôi khi phẫu thuật là cần thiết để điều trị một số tình trạng liên quan đến sinh non. Em bé có thể sẵn sàng để cho về nhà khi: - Có thể thở mà không cần hỗ trợ.\n- Có thể duy trì nhiệt độ cơ thể ổn định.\n- Có thể bú mẹ hoặc bú bình.\n- Tăng cân đều đặn.\n- Không bị nhiễm trùng.']","Kiểm tra từ đầu đến chân
• Nhìn tổng thể bao gồm màu da, cử động, tư thế, giọng, tỉnh táo và
phản ứng dễ cáu kỉnh
• Đầu & cổ.
• Sọ, kích cỡ, đối xứng, đường khâu và phồng, tổn thương da đầu, chấn thương.
• Các đặc điểm trên mặt: chứng loạn dưỡng, mắt, mũi, lỗ mũi, miệng bao gồm
môi, vòm miệng, răng, nang, lưỡi
• Tai: hình dạng, vành tai, hố, ống tai ngoài
• Hàm/ cằm
• Cổ: bướu, u nang, da dư, tật vẹo cổ, đùn da6
Kiểm tra từ đầu đến chân
• Tay/Vai
• Cử động (bao gồm sự đối xứng), hình dạng, chiều dài, phạm vi cử động, khớp,
xương đòn, chỉ tay nằm ngang, số ngón tay/ móng tay/ tật dính ngón, hạch
nách và vùng da dư ở nách
• Ngực và bụng
•Nhịp thở, cử động ngực, sử dụng cơ thở cần thiết, thở bụng, hình dạng
và đối xứng
•Rốn, thoát vị
•Thở rên rỉ, ví dụ: thở nhanh nông có thể là dấu hiệu của suy hô hấp
Kiểm tra từ đầu đến chân
• Mông và bô phận sinh dục
• Giới tính
• Thoát vị
• Dương vật, da quy đầu/vị trí nước tiểu ra, bìu, tinh hoàn
• Âm hộ, âm môi, âm đạo, thịt dư
• Chi dưới
• Hình dạng chân, chiều dài, đối xứng, phạm vi cử động, khớp
• Bàn chân: tật khoèo chân, ngón chân/ móng chân/ webbing
• Lưng/mông/hậu môn
• Giải phẫu tủy sống và đối xứng, không có lỗ hậu môn, tiêu chảy xảy ra rất sớm và nặng,
• Chàm Mông Cổ màu xanh, hậu môn bị dãn rộng, trĩ, nứt hậu môn.
Hoàn tất ghi nhận trên hồ sơ về kiểm tra sức khỏe của bé. Thảo luận với nhân viên y tế về những yếu tố khác",3,1.0,0.0,0.845,1.0,True,done,
88,kb1,Em thấy bé có những vết xanh ở mông thì có phải bệnh gì không bác sĩ?,"Bé có những vết xanh ở mông thì có phải bệnh gì không?

Không. Vết xanh ở mông có thể là biểu hiện của hăm tã, một tình trạng phổ biến ở trẻ em. Hăm tã có thể gây đỏ da, ngứa và đau ở vùng da bị ảnh hưởng.

Hăm tã có thể do nhiều nguyên nhân, bao gồm:

- Da nhạy cảm
- Dị ứng
- Cọ xát
- Nhiễm trùng, nhiễm nấm
- Sử dụng quần lót bằng nhựa

Nếu bạn nghi ngờ bé bị hăm tã, hãy tham khảo ý kiến của bác sĩ để được tư vấn và điều trị phù hợp.","['Đặt tã sạch dưới mông của bé. Trên tã dùng một lần, các mấu dính sẽ ở phía sau và nằm ngang với rốn. Kéo phía trước lên giữa hai chân của bé. Đối với bé trai, hãy đảm bảo rằng dương vật của bé hướng xuống dưới để bé không tè ra phía trên tã.\nĐể mông của trẻ khô trong không khí, sau đó thoa kem chống hăm nếu cần bằng ngón tay sạch hoặc đeo găng.\nKéo tã sạch lên và buộc dán bằng các mấu dính hoặc khuy bấm. Thắt chặt đủ để tránh nước tiểu hoặc phân chảy ra ngoài, nhưng không quá chặt để nó để lại vết đỏ trên da của bé hoặc bóp vào bụng của bé. Điều chỉnh cho tã vừa khít nhưng nhớ đặt hai ngón tay vào giữa tã và eo của bé. Với trẻ sơ sinh, gấp phần trên của tã xuống để phần cuống rốn lộ ra ngoài. Hoặc sử dụng tã sơ sinh có đường cắt cho cuống rốn lộ ra ngoài.\nMặc lại áo liền quần và mặc lại quần cho bé. Vứt bỏ tã bẩn một cách thích hợp. Rửa hoặc vệ sinh tay của bạn và của con bạn, nếu bé thò tay xuống vùng quấn tã.\nHãy tận hưởng 2 giờ tiếp theo cho đến khi bạn phải làm lại điều này!\nHầu hết các bậc cha mẹ đều mắc phải những sai lầm phổ biến khi thay tã cho bé \nBan đầu, có thể khó để biết con bạn đã cần thay tã hay chưa. Với tã dùng một lần thường có vạch chỉ báo độ ẩm chuyển sang màu x', '78 nhu cầu, không cần giờ giấc thì chắc chắn trẻ sẽ sụt cân ít và phục hồi nhanh. Hăm tã Biểu hiện Trẻ bị đỏ da vùng qu ấn tã như h ậu môn ho ặc xung quanh bộ phận sinh dục, có thể kèm theo mùi khai. Các vết đỏ qua ngày sẽ lan dần đến phần bẹn và mông đùi. Từ các vết đỏ nhỏ, nhạt màu chuyển dần thành màu đ ỏ tươi. Sau đó thành loét đ ỏ, chảy nước, chảy máu th ậm chí là d ẫn tới nhiễm khuẩn. Trẻ kén ăn, mất ngủ hoặc quấy khóc thường xuyên vì bị đau ở vùng da bị tổn thương. Các tri ệu ch ứng hăm tã lúc ban đ ầu khá vô h ại nhưng ếu không được điều trị dứt điểm có thể gây nên nh ững bệnh cơ hội khác như nhiễm nấm và nhiễm trùng ở trẻ sơ sinh Nguyên nhân phổ biến - Da nhạy cảm - Dị ứng - Cọ xát + Nhiễm trùng, nhiễm nấm + Sử dụng quần lót bằng nhựa', 'Đặt em bé trên bề mặt an toàn, sạch sẽ. Đảm bảo rằng bạn có mọi thứ bạn cần trong tầm tay - bạn không bao giờ nên rời xa em bé trên bề mặt cao hơn sàn nhà.\nCởi quần của em bé hoặc cởi khóa trên áo liền quần và đẩy áo/ áo liền quần lên phía nách để nó không gây cản trở trong quá trình bạn thay tã cho bé.\nCởi tã bẩn: Sử dụng dây đai an toàn hoặc dùng một tay để giữ bé không lăn ra ngoài. Không bao giờ bỏ mặc bé một mình, dù chỉ trong vài giây. Nếu trẻ ngọ nguậy nhiều, hãy đánh lạc hướng trẻ bằng cách chuyển động hoặc đồ chơi có màu sắc rực rỡ. Cởi tã bẩn, giữ bé bằng một tay và dùng tay kia để kéo mặt trước của tã xuống.\nNếu có nhiều phân, bạn có thể dùng mặt trước của tã để lau xuống phía dưới và loại bỏ một ít phân ra khỏi người bé.\nGấp tã xuống để phần bên ngoài (không có chất bẩn) nằm dưới mông của bé.\nLau nhẹ nhàng từ trước ra sau, điều này rất quan trọng để ngăn ngừa nhiễm trùng tiết niệu ở trẻ em, đặc biệt là ở trẻ em gái, đảm bảo rằng bạn lau sạch mọi nếp nhăn. Quá trình này có thể cần nhiều lần lau nếu bé đại tiện nhiều. Đối với trẻ sơ sinh hoặc trẻ bị hăm tã, hãy dùng bông gòn hoặc gạc và nước ấm. Vỗ khô mông của bé. Nếu là bé trai, hãy giữ tã hoặc khăn sạch cho trẻ trong k']","Đó thường là chàm Mông Cổ màu xanh, một dấu hiệu bình thường cần được ghi nhận trong hồ sơ sức khỏe của bé.",3,0.7,1.0,0.769,0.0,True,done,
89,kb1,"Khi về khoa hậu sản, có những dấu hiệu nào em phải gọi cấp cứu ngay?","Khi về khoa hậu sản, có những dấu hiệu nào cần gọi cấp cứu ngay?

Dấu hiệu cần gọi cấp cứu ngay bao gồm:

- Sốc sản khoa
- Khó thở, suy hô hấp
- Trụy tim mạch, suy tim
- Chảy máu âm đạo
- Co giật
- Hôn mê
- Sốt cao
- Đau bụng dữ dội

MomCare chưa tìm thấy đủ thông tin trong kho tài liệu để cung cấp thêm thông tin chi tiết về các dấu hiệu này.","['7 Bàn giao việc chăm sóc đến khoa hậu sản • Nhân viên bàn giao việc chăm sóc khi chuyển từ phòng sanh: • Kiểm tra thông tin bé dựa vào thông tin mẹ với nhân viên nhận • Đánh giá và ghi hồ sơ theo dõi trẻ sơ sinh – như hướng dẫn • Kiểm tra giới tính bé (dựa vào tóm tắt lúc sinh), rốn (không rỉ máu) và những lý do tiếp tục theo dõi bé như: Strep nhóm B, ối lẫn phân su hoặc ối vỡ sớm • Hồ sơ bàn giao có ghi nhận sự theo dõi mẹ và biểu đồ kiểm tra trẻ sơ sinh với 2 chữ kí của nhân viên (ngày tháng, thời gian, tên, chữ kí) Đến khoa hậu sản Nhập và hướng dẫn tại khoa hậu sản • Thông báo cho sản phụ biết khi tiếp xúc lần đầu tiên tại khoa hậu sản về các dấu hiệu và triệu chứng chủ yếu đe dọa tính mạng • Hướng dẫn sản phụ cách liên hệ ngay với nữ hộ sinh hay gọi trợ giúp khẩn cấp nếu có bất kì các dấu hiệu và triệu chứng xuất hiện', '| 129 PHÁT HIỆN CÁC DẤU HIỆU NGUY HIỂM, XỬ TRÍ VÀ CHUYỂN TUYẾN CÁC CẤP CỨU SẢN KHOA Chuyển tuyến các cấp cứu sản khoa là công việc phải thực hiện của các tuyến cơ sở (xã và huyện) và cũng còn là việc của tuyến trên khi cần chi viện, chuyên chở người bệnh từ các tuyến dưới về bệnh viện. Các tình huống cấp cứu sản khoa có thể gặp trước, trong và sau sinh gồm: - Sốc sản khoa, - Khó thở, suy hô hấp - Trụy tim mạch, suy tim - Chảy máu âm đạo - Co giật - Hôn mê - Sốt cao - Đau bụng dữ dội Việc đánh giá nhanh, phân lo ại và chẩn đoán hợp lý nguyên nhân c ủa các cấp cứu trên là quan trọng nhất giúp có phương án xử trí hợp lý và kịp thời, góp phần cứu sống sản phụ. 1. Sốc sản khoa 1.1. Xác định sốc: - Xanh tái, mệt mỏi, vã mồ hôi ở môi, trán, có vẻ thờ ơ, chân tay lạnh, đôi khi có vật vã giãy giụa (co rút cơ do thiếu oxy tổ chức). - Thở nhanh, nông (hổn hển). - Mạch nhanh, nhỏ, khó bắt hoặc không có mạch quay nếu mất máu nặng (từ 1000ml trở lên). - Huyết áp hạ thấp, có khi không đo được (nếu mất máu nặng hoặc sang chấn nặng, hoặc sốc về thần kinh và tinh thần nặng nề...). Đây là những dấu hiệu lâm sàng ở tuyến nào cũng có thể thấy và cần có thái độ xử trí kịp thời, tích cực, đúng kỹ thuật. ', '| 99 SỐC TRONG SẢN KHOA Trong thực hành lâm sàng, sốc sản khoa là một tình trạng cấp cứu có thể ảnh hưởng đến tính mạng của sản phụ cần được phát hiện sớm và xử trí kịp thời. 1. Định nghĩa. Sốc là một tình trạng suy sụp tuần hoàn do nhiều nguyên nhân khác nhau, làm giảm hoặc ngừng cung cấp máu, oxy đ ến nuôi dưỡng các cơ quan đ ặc biệt là các cơ quan quan tr ọng như tim, phổi, não. Đây là tình trạng nguy hiểm đòi hỏi nhân viên y tế phải có thái độ xử trí kịp thời và tích cực mới có khả năng cứu sống người bệnh. Trong sản khoa s ốc thường gặp là s ốc do m ất máu (băng huyết sau đ ẻ, sẩy thai băng huyết, chửa ngoài tử cung vỡ...) hoặc do nhiễm khuẩn (nhiễm khuẩn hậu sản, phá thai nhiễm khuẩn...). 2. Biểu hiện lâm sàng. - Mạch nhanh nhỏ (mạch thường nhanh > 110 lần/phút), có khi không đều, mạch ngoại biên không bắt được. - Huyết áp tụt < 90/60 mmHg. - Da xanh tái (quanh môi, mi mắt và lòng bàn tay). - Vã mồ hôi. - Tay chân lạnh do co mạch ngoại vi. - Nhịp thở nhanh nông (nhịp thở thường trên 30 lần/phút). - Lơ mơ, vật vã hoặc hôn mê. - Thiểu niệu hoặc vô niệu. - Tùy từng nguyên nhân gây sốc mà có biểu hiện lâm sàng khác nhau. 3. Xử trí. 3.1 Xử trí ban đầu. Trước một trường hợp sốc, xử']","•  Máu ra đột ngột và lượng nhiều hoặc ra máu tăng đáng kể, mệt mỏi, chóng mặt hay đánh trống ngực/ nhịp tim nhanh.
•  Sốt, run rẩy, đau bụng và/ hoặc tổn thương âm đạo gây mất máu
•  Nhức đầu kèm theo 1 hay nhiều các triệu chứng trong vòng 72 giờ đầu sau sinh: rối
loạn thị giác, buồn nôn, nôn
•  Đau bắp chân đơn, đỏ hoặc phù Thở nông hoặc đau ngực",3,0.222,1.0,0.0,1.0,True,done,
90,kb1,Tầng sinh môn của em bị đau và rách thì chăm sóc tại nhà thế nào?,MomCare chưa tìm thấy đủ thông tin trong kho tài liệu để trả lời câu hỏi này.,"['Hướng Dẫn Chăm Sóc Vết May Tầng Sinh Môn Sau Sinh Thường\n21/05/2025\nViệc chăm sóc đúng cách vết may tầng sinh môn đóng vai trò vô cùng quan trọng trong quá trình phục hồi sau sinh. Một vết thương sạch, khô thoáng, không viêm nhiễm sẽ giúp mẹ hồi phục nhanh hơn, đi lại dễ dàng, chăm con thoải mái hơn và tự tin hơn trong sinh hoạt vợ chồng sau này.\nTầng sinh môn là gì? Vì sao cần khâu?\nTầng sinh môn là phần mô mềm giữa âm đạo và hậu môn, có vai trò nâng đỡ các cơ quan vùng chậu. Trong quá trình sinh, nếu đầu em bé quá lớn, tầng sinh môn không đủ giãn nở hoặc để tránh rách tự nhiên không kiểm soát, bác sĩ có thể phải thực hiện thủ thuật rạch tầng sinh môn để hỗ trợ cuộc sinh diễn ra an toàn hơn. Sau đó, tầng sinh môn sẽ được khâu lại bằng chỉ tự tiêu.\nSau khi sinh, tầng sinh môn sẽ được khâu lại. Vết khâu này dù không lớn nhưng nằm ở vùng nhạy cảm, dễ ẩm ướt, nhiều vi khuẩn nên rất dễ sưng, đau hoặc viêm nếu không được chăm sóc đúng cách.\nVết may tầng sinh môn bao lâu thì lành?\nTrong 24–48 giờ đầu: mẹ thường cảm thấy đau, căng tức vùng khâu, đặc biệt khi ngồi hoặc đi lại.\nSau 5–7 ngày: cảm giác đau giảm dần, mô bắt đầu liền lại.\nKhoảng 2–3 tuần sau sinh: vết khâu thường lành hẳn với đ', '21 - Tắm nước ấm - Massage nhẹ nhàng vú để sữa chảy ra Đau vết khâu tầng sinh môn Biểu hiện - Vết khâu bị đau, sưng trong khoảng 1 tuần sau sinh là bình thường vì đây là thời gian vết thương lành da. Tuy nhiên, việc này còn tùy thuộc vào cơ địa của mỗi người. - Chỉ khâu sẽ tự tiêu và việc này sẽ mất từ 2 – 12 tuần, tùy thuộc vào loại chỉ. - Bà mẹ bị đau sau khi c ắt và khâu t ầng sinh môn ( Chỉ không tiêu). - Một s ố vấn đ ề có thể xảy ra v ới v ết khâu t ầng sinh môn như v ết khâu t ầng sinh môn b ị hở, bị rách, đứt chỉ vết khâu tầng sinh môn, vết khâu bị mưng mủ hay có mùi hôi, bị ngứa. Xử trí - chăm sóc - Chườm lạnh: Là phương pháp có th ể giúp gi ảm đau và giảm viêm sưng. - Thuốc giảm đau: thuốc giảm đau theo chỉ định, không ảnh hưởng đến chất lượng sữa.', 'Vết khâu tầng sinh môn\nNếu bị rách hay cắt tầng sinh môn, thì vết khâu cần được kiểm tra xem có bị sưng nề, bầm tím, đỏ, đau, tụ máu mủ... hay không. Sản phụ cần bôi thuốc thuốc sát trùng 3 lần/ngày, vệ sinh khi tiêu tiểu, thường xuyên thay mới băng vệ sinh, tránh để ẩm ướt kéo dài sẽ khiến vết thương chậm lành và dễ nhiễm trùng, tập đi tiểu, ngồi dậy đi lại, tránh bị táo bón... Bác sĩ sẽ cho sử dụng kháng sinh trong 5 ngày, nếu ổn định và may bằng chỉ không tiêu thì sẽ được cắt chỉ vào ngày thứ 5 sau sinh.\nNếu bị rách hay cắt tầng sinh môn, thì vết khâu cần được kiểm tra xem có bị sưng nề, bầm tím, đỏ, đau, tụ máu mủ \nTáo bón\nBên cạnh sự suy giảm lớn hormone khiến mẹ rất mệt mỏi, thì táo bón cũng là triệu chứng thường gặp sau sinh. Để cải thiện, mẹ nên uống nhiều nước, bổ sung chất xơ - như ngũ cốc nguyên hạt, trái cây tươi và rau. Một số cách khác được khuyến nghị bao gồm: đi dạo, tập Kegel, hạn chế stress, sử dụng chất làm mềm phân hoặc nhai kẹo cao su để kích thích phản xạ tiêu hóa.\nBàng quang\nMẹ phải đi tiểu nhiều hơn trong những ngày đầu để thải đi nước dư tích lại trong thai kỳ. Tiểu tiện ban đầu sẽ rất khó khăn vì đau, tuy nhiên nên cố gắng tập đi tiểu sau sinh càng sớm càn']",Bạn nên vệ sinh sạch sẽ và được khuyến nghị tắm ngày 2 lần bằng nước muối ấm để hỗ trợ vết thương mau lành.,3,0.0,1.0,0.0,1.0,True,done,
91,kb1,Em nghe nói nếu không bú mẹ thì con dễ bị béo phì khi lớn lên phải không?,"Trẻ không bú mẹ có dễ bị béo phì khi lớn lên không?

Không.","['Chủ đề: Disease. Tiêu đề: Yếu tố nguy cơ khiến tim không có lỗ van ba lá. Từ khoá: Không lỗ van ba lá. Câu hỏi: Người mẹ bị béo phì có ảnh hưởng thế nào đến nguy cơ tật tim bẩm sinh ở thai nhi?. Trả lời: Khi người mẹ bị béo phì, nguy cơ sinh con mắc tật tim bẩm sinh tăng lên.. Ngữ cảnh: Trong hầu hết các trường hợp, nguyên nhân của dị tật tim bẩm sinh là không rõ. Tuy nhiên, vài yếu tố có thể làm tăng nguy cơ khiến trẻ mắc tật tim bẩm sinh, bao gồm:  - Người mẹ mắc Rubella hoặc bệnh khác do virus trong thời kỳ đầu khi mang thai.\n- Cha mẹ từng bị tật tim bẩm sinh.\n- Sinh con khi lớn tuổi.\n- Mẹ bị béo phì.\n- Uống rượu trong lúc mang thai.\n- Hút thuốc lá trước hoặc khi đang mang thai.\n- Mẹ bị đái tháo đường và kiểm soát đường huyết kém.\n- Sử dụng một số loại thuốc khi đang mang thai. Chẳng hạn như thuốc trị mụn trứng cá isotretinoin (Claravis, Amnesteem), một số loại thuốc chống động kinh và một số loại thuốc điều trị rối loạn lưỡng cực.\n- Bé mắc hội chứng Down, một bệnh di truyền do thừa một nhiễm sắc thể thứ 21.', 'Chủ đề: Disease. Tiêu đề: Yếu tố nguy cơ khiến tim không có lỗ van ba lá. Từ khoá: Không lỗ van ba lá. Câu hỏi: Các yếu tố nguy cơ dẫn đến tật tim bẩm sinh ở trẻ em là gì?. Trả lời: Các yếu tố nguy cơ dẫn tới tật tim bẩm sinh ở trẻ em có thể là do người mẹ mắc Rubella hoặc mắc các bệnh do virus khác trong thai kỳ đầu, cha mẹ từng bị tật tim bẩm sinh, mẹ mang thai khi ở độ tuổi lớn, mẹ bị bệnh béo phì, sử dụng thuốc khi mang thai (thuốc trị mụn trứng cá isotretinoin (Claravis, Amnesteem), một số loại thuốc chống co giật và thuốc trị rối loạn lưỡng cực...), hút thuốc lá và uống rượu trong khi mang thai, mẹ bị đái tháo đường và kiểm soát đường huyết không tốt hoặc có con mắc hội chứng Down.. Ngữ cảnh: Trong hầu hết các trường hợp, nguyên nhân của dị tật tim bẩm sinh là không rõ. Tuy nhiên, vài yếu tố có thể làm tăng nguy cơ khiến trẻ mắc tật tim bẩm sinh, bao gồm:  - Người mẹ mắc Rubella hoặc bệnh khác do virus trong thời kỳ đầu khi mang thai.\n- Cha mẹ từng bị tật tim bẩm sinh.\n- Sinh con khi lớn tuổi.\n- Mẹ bị béo phì.\n- Uống rượu trong lúc mang thai.\n- Hút thuốc lá trước hoặc khi đang mang thai.\n- Mẹ bị đái tháo đường và kiểm soát đường huyết kém.\n- Sử dụng một số loại thuốc khi đang', 'giúp trẻ sớm hồi phục sau khi khỏi bệnh. Bằng chứng cho thấy trẻ từ 6 đến 23 tháng tuổi không được bú sữa mẹ có nguy cơ tử vong do mọi nguyên nhân và tử vong liên quan đến nhiễm khuẩn cao hơn so với trẻ em được bú sữa mẹ 31. Các nghiên cứu ở các quốc gia có thu nhập cao đã chỉ ra rằng việc cho con bú sau 4 tháng tu ổi có liên quan đ ến việc giảm nguy cơ trẻ thừa cân và béo phì 32–34. Cho con bú cũng liên quan đến cải thiện sự phát triển nhận thức 35. Đối với trẻ không được bú mẹ Sữa có nguồn gốc động vật và các sản phẩm từ sữa là một phần trong chế độ ăn đa dạng và có thể giúp đảm bảo cung cấp đủ vi chất dinh dưỡng, đặc biệt cho trẻ không bú mẹ và khi nguồn thực phẩm từ động vật khác (thịt, cá, trứng) bị hạn chế. Bà mẹ cần lựa chọn các loại sữa phù hợp với tình trạng dinh dưỡng và sức khỏe của trẻ hoặc tham khảo ý kiến chuyên môn của cán bộ y tế. Các sản phẩm từ sữa như sữa thanh trùng, sữa hoàn nguyên, sữa lên men ho ặc sữa chua đều có thể sử dụng. Hạn chế dùng sữa có đư ờng, sữa đặc có đường hoặc sữa có hương vị nhân tạo (flavoured/sweetened milk). Cần đảm bảo vệ sinh an toàn thực phẩm khi bảo quản, pha chế và cho trẻ sử dụng sữa. 3.1.9. Cung cấp nước trong chế độ ăn bổ sung của ']","Đúng, không bú mẹ hoàn toàn làm tăng nguy cơ béo phì ở trẻ em và vị thành niên.",3,0.5,1.0,0.873,0.333,True,done,
92,kb1,Nuôi con bằng sữa mẹ thì người mẹ có lợi ích gì về lâu dài không?,"Người mẹ nuôi con bằng sữa mẹ có lợi ích về lâu dài bao gồm:

- Giúp tăng cường tình cảm mẹ con, bảo đảm sự phát triển của trẻ.
- Giúp chậm có thai trở lại.
- Bảo vệ sức khỏe bà mẹ.
- Chi phí thấp hơn so với nuôi nhân tạo.
- Là nguồn dinh dưỡng hoàn hảo.
- Dễ tiêu hóa, sử dụng hiệu quả.
- Phòng ngừa các bệnh nhiễm khuẩn.","['| 217 TƯ VẤN NUÔI CON BẰNG SỮA MẸ Sữa mẹ là nguồn dinh dưỡng quý giá nh ất giúp cho tr ẻ sơ sinh chống lại bệnh tật đồng thời tăng cường sức khỏe và sự phát triển của trẻ. Theo ước tính của Tổ chức Y tế Thế giới: 22% các trường hợp tử vong ở trẻ sơ sinh có thể phòng tránh được nếu được bú sữa mẹ sớm trong vòng 1 gi ờ đầu sau sinh, 13% tr ẻ dưới 5 tuổi bị tử vong có thể ngăn chặn được nếu được bú sữa mẹ hoàn toàn. 1. Khi mang thai. - Giải thích: lợi ích của bú mẹ; Giải thích: thế nào là bú sữa mẹ sớm và bú sữa mẹ hoàn toàn và lợi ích của nó - Hỏi kinh nghiệm nuôi con bằng sữa mẹ. - Giải thích tầm quan trọng của việc chăm sóc vú và núm vú, xin phép khám. - Tạo niềm tin là tất cả bà mẹ đều có thể nuôi con bằng sữa mẹ. 2. Ngay sau đẻ. - Thực hiện tiếp xúc da kề da ngay sau đẻ để giúp trẻ được bú sữa mẹ sớm (trong vòng 90 phút sau đẻ). Cho con nằm cạnh mẹ: \uf02b Mẹ dễ chăm sóc,theo dõi con. \uf02b Trẻ ít khóc hơn. \uf02b Thời gian bú mẹ được lâu hơn. - Tư vấn về lợi ích của việc cho bú sớm: \uf02b Lợi ích của sữa non. \uf02b Sữa về sớm hơn. \uf02b Trẻ tăng cân tốt hơn. \uf02b Ít bị cương tắc sữa. \uf02b Không vắt bỏ sữa non, cần cho con bú cả sữa non. - Hướng dẫn bà mẹ cho con bú đúng: Trẻ ngậm bắt vú đúng (Miệng trẻ mở rộng', 'nghi được với việc bú mẹ. - Hướng dẫn bà mẹ và gia đình về nhu cầu ăn uống trong trường hợp sinh đôi. 6. Trường hợp mẹ bị giang mai và viêm gan đang tiến triển: Không cho con bú khi mẹ có tổn thương núm vú (nứt núm vú..) và con đang có tổn thương ở miệng: tưa miệng, viêm lợi...Cần vắt bỏ sữa đến khi điều trị ổn định tiếp tục cho con bú mẹ trở lại 7. Tư vấn về việc nuôi con bằng sữa mẹ ở trẻ có mẹ nhiễm HIV: Đối với bà mẹ bị nhiễm HIV cần: - Tư vấn để nguời mẹ chọn cách nuôi dưỡng phù hợp: - Tư vấn về lợi ích của sữa mẹ và nguy cơ lây truyền HIV sang con. - Tư vấn về dùng sữa thay thế và các nguy cơ mắc bệnh nếu dùng sữa thay thế không đúng cách - Tư vấn khuyến cáo chung về nuôi dưỡng trẻ theo tuổi * Nếu người mẹ nhiễm HIV chọn cách nuôi con bằng sữa mẹ cần: - Nuôi bằng sữa mẹ hoàn toàn, tuyệt đối không nuôi hỗn hợp. - Tư vấn: tư thế bú, cách ngậm bắt vú đúng, xử trí nứt núm vú, viêm vú.', '15 Nuôi con bằng sữa mẹ - Lợi ích của việc nuôi con bằng sữa mẹ + Lợi ích đối với mẹ + Lợi ích đối với con - Hướng dẫn cho bú đúng cách, theo nhu cầu - Cách duy trì nguồn sữa Nguồn: Ảnh của Freepik tải từ Freepik https://www.freepik.com/free-vector/beautiful-woman-with- her-baby-breastfeeding- illustrated_21250170.htm#query=breast%20feeding&positio =18&from_view=search&track=sph""', '10 điều kiện NCBSM thành công Các cơ sở y tế có nhiệm vụ chăm sóc sức khoẻ bà mẹ và trẻ em cần 1. Có bản qui định về nuôi con bằng sữa mẹ và được phổ biến thường xuyên cho cán bộ y tế. 2. Đào tạo cho tất cả cán bộ y tế những kỹ năng cần thiết để thực hiện quy định này. 3. Thông tin cho tất cả phụ nữ có thai về lợi ích và cách thực hiện nuôi con bằng sữa mẹ. 4. Giúp các bà mẹ bắt đầu cho con bú trong vòng 1 giờ đầu sau đẻ. 5. Chỉ dẫn cho các bà mẹ cách cho con bú và duy trì nguồn sữa ngay cả khi phải xa con. 6. Không cho trẻ sơ sinh bất cứ đồ ăn thức uống gì ngoài sữa mẹ, trừ khi có chỉ định của y tế. 7. Thực hiện mẹ con ở cùng phòng để con gần mẹ suốt 24 giờ trong ngày. 8. Khuyến khích cho trẻ bú theo nhu cầu. 9. Không cho trẻ nhỏ đang bú mẹ ngậm bất cứ loại vú giả hoặc đầu vú cao su nào. 10. Khuyến khích thành lập các nhóm hỗ trợ nuôi con bằng sữa mẹ và giới thiệu các bà mẹ tới đó sau khi họ ra viện.', 'Lợi ích của nuôi con bằng sữa mẹ NCBSM • Giúp tăng cường tình cảm mẹ con, bảo đảm sự phát triển của trẻ • Giúp chậm có thai trở lại • Bảo vệ sức khỏe bà mẹ \uf06c Chi phí thấp hơn so với nuôi nhân tạo Sữa mẹ • Là nguồn dinh dưỡng hoàn hảo • Dễ tiêu hóa, sử dụng hiệu quả • Phòng ngừa các bệnh nhiễm khuẩn']","Giúp mẹ giảm nguy cơ ung thư vú trước và sau khi mãn kinh, ung thư buồng trứng, nội mạc tử cung, loãng xương và thiếu máu, trầm cảm sau sinh, viêm khớp dạng thấp và lấy lại cân nặng trước khi mang thai.",5,1.0,1.0,0.767,0.639,True,done,
93,kb1,Sữa non của em màu vàng và đặc thì có tốt cho bé không ạ?,"Sữa non màu vàng và đặc có tốt cho bé không?

Có. Sữa non có nhiều năng lượng, chất đạm, nhiều vitamin A, kháng thể và tế bào bạch cầu, giúp trẻ thải phân su và bảo vệ bé khỏi bệnh tật.","['ĐẶC TÍNH CỦA SỮA NON \uf0fc Bài tiết trong vài ngày đầu sau đẻ. \uf0fc Sữa non sánh đặc có màu vàng nhạt hoặc trong \uf0fc Nhiều năng lượng, chất đạm, nhiều vitamin A, kháng thể và tế bào bạch cầu \uf0fc Có tác dụng xổ nhẹ giúp trẻ thải phân su \uf0fc Là thức ăn tốt nhất cho trẻ trong tuần đầu, đã có sẵn ở vú mẹ ngay khi sinh • Tại sao phải cho trẻ bú mẹ sớm sau đẻ? Không nên cho ăn thức ăn khác trước khi bú mẹ bữa đầu tiên?', 'SỨC KHOẺ Sữa non (‘sữa đầu’) là món quà quý giá nhất cho em bé mới sinh. Sữa non giúp bảo vệ bé khỏi bệnh tật và giúp bé thải ra phân su. • Đừng bỏ sữa non đi, hãy cho em bé bú sữa non • Trẻ phải được bú mẹ trong vòng 1 giờ đầu sau sinh dù được sinh tại nhà hay cơ sở y tế • Cho bé bú thường xuyên sẽ giúp mẹ ""tăng tiết sữa"" và đảm bảo mẹ có nhiều sữa cho bé bú Sữa mẹ là thực phẩm tốt nhất và đầy đủ nhất cho bé. Sữa mẹ cung cấp tất cả những chất dinh dưỡng mà bé cần trong 6 tháng đầu đời. Bà mẹ nào cũng đều có thể tạo ra đủ sữa mẹ cho con bú. CHO BÉ ĂN: GIAI ĐOẠN 0 - 6 THÁNG TUỔI Đặc điểm của sữa mẹ: • Dễ tiêu hoá • Là thực phẩm phù hợp nhất cho cơ thể của bé • Bảo vệ bé khỏi bệnh tật và nhiễm trùng • Không mất tiền và luôn có sẵn khi bạn cần đến • Tốt nhất là cho bú thường xuyên theo nhu cầu của bé, nghĩa là tùy theo lượng mà bé muốn. Sữa mẹ là thực phẩm tốt nhất và đầy đủ nhất cho em bé từ 0 đến 6 tháng tuổi. Ngoài sữa mẹ, trẻ không cần bất cứ các loại thực phẩm nào khác, kể cả nước 10', '44 Sữa tăng trưởng (growing up milk): Sản phẩm sữa được tiếp thị cho trẻ em từ 1 đến 3 tuổi. Các sản phẩm này hỗ trợ bổ sung dinh dưỡng cho trẻ em nhưng không bắt buộc. Sữa động vật là chất lỏng màu trắng được tiết ra từ tuyến vú của động vật có vú cái (bò, dê, cừu, lạc đà…) sau khi sinh con, có chức năng nuôi dưỡng con non trong giai đoạn đầu đời. Sữa ít béo (low-fat milk): Sữa được giảm bớt một phần chất béo so với sữa nguyên chất (sữa bò ho ặc sữa động vật khác). S ữa tách béo có hàm lư ợng chất béo 1 -2% nhưng vẫn giữ lại phần lớn các chất dinh dưỡng khác. Sữa tách béo (skim milk): Sữa được loại bỏ hoàn toàn hoặc gần như toàn bộ chất béo so với sữa nguyên chất (sữa bò hoặc sữa động vật khác). Sữa tách béo có hàm lư ợng chất béo giảm xuống dưới 0,5% nhưng vẫn giữ lại phần lớn các chất dinh dưỡng khác. Sữa thực vật (plant-based milk): Được chế biến từ nguyên liệu có nguồn gốc thực vật như hạt, ngũ cốc, đậu đỗ, thông qua quá trình ngâm, xay, l ọc để tạo thành chất lỏng có màu trắng đục, tương tự sữa động vật. Thức ăn bổ sung tăng cường dinh dưỡng: Thức ăn bổ sung được thiết kế đặc biệt để cung cấp thêm năng lượng và/hoặc các chất dinh dưỡng. Những thức ăn này có thể được sản xuất ', '85 -Vàng da đậm xuất hiện sớm, trong vòng 1 -2 ngày sau sinh; - Vàng da không ch ỉ xuất hiện ở mặt, mắt mà còn lan đến bụng, cánh tay, chân; - Không hết vàng da sau 2 tu ần với trẻ sinh đủ tháng và 3 tuần đối với trẻ non tháng; - Vàng da kết hợp các triệu chứng bất thường khác như bỏ bú, nôn trớ, sốt, khóc nhiều, phân bạc màu… - Vàng da ở trẻ sinh non, đ ặc biệt trẻ sinh non dư ới 35 tuần tuổi thai - Có thể nguy hiểm cho bé, trư ờng hợp này c ần khám và điều trị ở bệnh viện. Phòng ngừa bệnh Vàng da bệnh lý - Chăm sóc s ức khỏe tốt khi mang thai, khám thai đ ầy đủ theo lịch hẹn để có thể phát hiện sớm và điều trị kịp thời các bệnh lý trong thai k ỳ. Nhờ đó tránh đư ợc sinh non, sinh nhẹ cân, quá cân, nhiễm trùng từ mẹ sang con. - Khi sinh cần đến cơ s ở y tế để được nhân viên y t ế theo dõi và đỡ sinh. - Cho trẻ bú sữa non ngay sau sinh, bú đ ủ (sữa mẹ hoặc sữa công thức nếu mẹ mắc phải các tình trạng bệnh lý không']","Rất tốt                                                                                                                                                                             • Chất lỏng dày dính màu vàng do các tế bào nang vú tiết ra trong suốt 3 tháng cuối của thai kì và kéo dài 1 thời gian sau sinh
• Số lượng ít, năng lượng cao
• Chứa ít đường lactose, vitamin tan trong chất béo, natri cao hơn, kẽm và tất cả các yếu tố bảo vệ
• Kháng thể bám vào thành ruột để tránh sự xâm nhập các mầm bệnh
• Các yếu tố tăng trưởng kích thích sự phát triển của tế bào niêm mạc, biểu mô, tổng hợp ADN, sự phát triển của các cơ quan và hệ thần kinh
• Thường sẽ chuyển sang sữa trưởng thành trong 30-40 giờ sau sinh",4,1.0,1.0,0.684,0.917,True,done,
94,kb1,"Em bị đau núm vú quá, có cách nào để bớt đau khi cho con bú không?","Mẹ đang cho con bú có thể giảm đau núm vú bằng các cách sau:

- Nhỏ vài giọt sữa mẹ lên cổ núm vú và massage nhẹ nhàng các vùng xung quanh. Mỗi ngày thực hiện 3-5 lần.
- Sử dụng thuốc bôi theo chỉ định cho cả mẹ và con.
- Đảm bảo mặc áo ngực phù hợp.

Thông tin này được dựa trên tài liệu ""43 - Cho con bú không đúng tư thế gây tổn thương đầu vú mẹ"" trong kho tài liệu.","['41 - Có thể sốt, đau đầu, mệt mỏi. Xử trí – Chăm sóc - Nghỉ ngơi nhiều và có một chế độ ăn uống lành mạnh, cân đối - Tránh để cho ngực lúc nào cũng trong tình trạng căng, tắc sữa. - Cho trẻ bú từng bên m ột, nếu trẻ bú không h ết phải vắt bỏ sữa thừa, tránh ứ đọng sữa. - Thay đổi vị trí cho con bú, không sử dụng vú như một núm vú giả. - Nếu sau khi th ử các biện pháp trong vòng 24 gi ờ, các triệu chứng không cải thiện, phải được khám và điều trị. Áp xe vú Nguyên nhân - Bà mẹ cho con bú không đúng cách có thể gây nứt núm vú hoặc răng của bé cắn vào núm vú. .. tạo điều kiện cho vi khuẩn xâm nhập vào vú. - Bà mẹ để sữa bị ứ đọng trong tuyến vú dễ gây áp xe vú. - Tắc tia sữa: bà mẹ đang cho con bú không thực hiện thông tia sữa sau đẻ, không vắt bỏ sữa thừa khi con bú', '39 - Nhiễm nấm, núm vú bị viêm Biểu hiện - Bà mẹ sẽ bị đau rát núm vú khi cho trẻ bú Xử trí – Chăm sóc - Cần xây dựng niềm tin cho bà mẹ. - Cải thiện sự ngậm bắt vú - Hướng dẫn cách sử dụng máy hút sữa - Điều trị nấm nếu có Tắc ống dẫn sữa Là tình tr ạng mà không ít bà m ẹ gặp phải. Hiện tượng này gây đau nh ức, mệt mỏi với m ẹ và ảnh hư ởng trực tiếp đến việc nuôi con bằng sữa mẹ Nguyên nhân - Mẹ quá nhiều sữa , trẻ bú không kịp lại không hút sữa - Trẻ bú không đúng cách - Mẹ không cho bú thường xuyên - Áo ngực quá chật quá bó chèn ép tia sữa và gây tắc Biểu hiện - Bầu ngực của bà mẹ căng cứng, đau nhức - Sữa cũng tiết ra ít hơn, thậm chí không tiết sữa nữa kể cả khi mẹ chủ động vắt sữa bằng tay hoặc dùng máy hút sữa', '43 - Cho con bú không đúng tư th ế gây tổn thương đầu vú mẹ - Sử dụng má y hút s ữa không đúng cách d ẫn đ ến t ổn thương núm vú. - Bà mẹ bị nhiễm trùng vú và núm vú. m ắc các b ệnh ngoài da ở núm vú - Trẻ bị nhiễm nấm men, tưa mi ệng có th ể vi khuẩn từ miệng trẻ truyền sang đầu vú của mẹ, từ đó gây ra một số tổn thương ở núm. Biểu hiện - Da khô nứt nẻ - Da bong tróc, có vảy trắng xung quanh - Núm vú mềm, biến dạng - Vết nứt có thể rỉ hoặc chảy máu. - Bà mẹ cảm thấy đau khi cho con bú. Xử tri – Chăm sóc - Cải thiện cách ngậm bắt vú đúng - Nhỏ vài giọt sữa mẹ lên cổ núm vú và massage nhẹ nhàng các vùng xung quanh. Mỗi ngày thực hiện 3-5 lần - Sử dụng thuốc bôi theo chỉ định cho cả mẹ và con - Đảm bảo mặc áo ngực phù hợp', 'nghi được với việc bú mẹ. - Hướng dẫn bà mẹ và gia đình về nhu cầu ăn uống trong trường hợp sinh đôi. 6. Trường hợp mẹ bị giang mai và viêm gan đang tiến triển: Không cho con bú khi mẹ có tổn thương núm vú (nứt núm vú..) và con đang có tổn thương ở miệng: tưa miệng, viêm lợi...Cần vắt bỏ sữa đến khi điều trị ổn định tiếp tục cho con bú mẹ trở lại 7. Tư vấn về việc nuôi con bằng sữa mẹ ở trẻ có mẹ nhiễm HIV: Đối với bà mẹ bị nhiễm HIV cần: - Tư vấn để nguời mẹ chọn cách nuôi dưỡng phù hợp: - Tư vấn về lợi ích của sữa mẹ và nguy cơ lây truyền HIV sang con. - Tư vấn về dùng sữa thay thế và các nguy cơ mắc bệnh nếu dùng sữa thay thế không đúng cách - Tư vấn khuyến cáo chung về nuôi dưỡng trẻ theo tuổi * Nếu người mẹ nhiễm HIV chọn cách nuôi con bằng sữa mẹ cần: - Nuôi bằng sữa mẹ hoàn toàn, tuyệt đối không nuôi hỗn hợp. - Tư vấn: tư thế bú, cách ngậm bắt vú đúng, xử trí nứt núm vú, viêm vú.', 'Núm vú nhiễm nấm Candida Triệu chứng • Núm vú của bà mẹ rất đau và ngứa. Đau phải bỏng như có kim châm vào. • Da bầu vú có thể đỏ, căng bóng và bong ra từng mảng. Núm vú và quầng vú có thể mất đi một số sắc tố. • Thường xảy ra sau khi điều trị viêm vú hoặc nhiễm khuẩn khác. • Kiểm tra xem trẻ có bị tưa, đốm trắng ở miệng hoặc đốm nốt ở mông. Điều trị • Điều trị nhiễm nấm Candida một cách triệt để cho cả 2 mẹ con Phòng bệnh • Không cho trẻ dùng núm vú ngậm giả, chắn núm vú. • Đối với các bà mẹ nhiễm HIV điều đặc biệt quan trọng là phải điều trị sớm các tổn thương ở vú và miệng trẻ.']","Tình trạng đau núm vú thường ổn định trong tuần thứ 2, bạn có thể dùng chính sữa mẹ bôi lên để làm dịu núm vú.",5,0.8,0.0,0.579,1.0,True,done,
95,kb1,Huyết trắng của em đóng mảng trắng đục như váng sữa kèm ngứa nóng rát là bị làm sao ạ?,"Huyết trắng của em có dấu hiệu gì bất thường?

Huyết trắng của em có thể có dấu hiệu bất thường như protein dư thừa trong nước tiểu, đau đầu dữ dội, những thay đổi về thị lực, đau bụng trên, buồn nôn hoặc nôn mửa, giảm lượng nước tiểu, giảm mức độ tiểu cầu trong máu, suy giảm chức năng gan, khó thở do chất lỏng trong phổi.","['Chủ đề: Disease. Tiêu đề: Dấu hiệu tiền sản giật. Từ khoá: Tiền sản giật. Câu hỏi: Bất kỳ dấu hiệu lâm sàng cụ thể có khả dự cho tiền eclampsia không?. Trả lời: Tiền eclampsia thường không có bất cứ dấu hiệu cụ thể trước khi phát bệnh. Các mẹ bầu khi mang mang thai thường có huyết áp tăng đột ngột, nhưng khi phát bệnh huyết áp vẫn ổn định.. Ngữ cảnh: Hiện tượng này có thể xuất hiện mà không có bất cứ triệu chứng cụ thể nào. Một số mẹ bầu bị tiền sản giật có huyết áp tăng đột ngột nhưng cũng có trường hợp huyết áp ổn định. Một số dấu hiệu tiền sản giật khác: - Protein dư thừa trong nước tiểu của bạn (protein niệu) hoặc các vấn đề về thận.\n- Đau đầu dữ dội.\n- Những thay đổi về thị lực, bao gồm mất thị lực tạm thời, mờ mắt hoặc nhạy cảm với ánh sáng.\n- Đau bụng trên, thường là dưới xương sườn của bạn ở bên phải.\n- Buồn nôn hoặc nôn mửa.\n- Giảm lượng nước tiểu.\n- Giảm mức độ tiểu cầu trong máu của bạn (giảm tiểu cầu).\n- Suy giảm chức năng gan.\n- Khó thở do chất lỏng trong phổi của bạn.1', 'Chủ đề: Disease. Tiêu đề: Triệu chứng của đái tháo đường thai kì. Từ khoá: Tiểu đường thai kỳ. Câu hỏi: Những triệu chứng nào không phải là dấu hiệu của bệnh tiểu đường thai kỳ?. Trả lời: Các triệu chứng: mệt mỏi, tiểu nhiều, khó lành vết thương, khô miệng là những triệu chứng khá phổ biến trong thai kỳ và không nhất thiết là dấu hiệu của bệnh.. Ngữ cảnh: Tiểu đường thai kỳ thường không có bất kì triệu chứng nào. Hầu hết các trường hợp được phát hiện sau khi kiểm tra đường huyết trong thai kì. Một số phụ nữ có thể xuất hiện một số dấu hiệu tiểu đường thai kỳ nếu như lượng đường trong máu tăng quá cao (tăng đường huyết) ví dụ như: - Tiểu nhiều và thường xuyên hơn.\n- Khát nước nhiều.\n- Mệt mỏi.\n- Khô miệng.\n- Nước tiểu có mùi khác thường, có kiến bu.\n- Sụt cân không rõ nguyên nhân.\n- Khó lành các vết trầy xước, vết thương. Các triệu chứng này khá phổ biến trong thai kì và không nhất thiết là dấu hiệu của bệnh. Nếu bạn cảm thấy lo lắng hoặc không biết làm gì khi bị tiểu đường thai kỳ, bạn nên đi khám và thực hiện các xét nghiệm.', 'Chủ đề: Drug. Tiêu đề: Chống chỉ định. Từ khoá: Crinone. Câu hỏi: Trong trường hợp nào thuốc Crinone được chống chỉ định?. Trả lời: Thuốc Crinone được chống chỉ định nếu bạn bị dị ứng với hoạt chất progesterone hoặc bất kỳ thành phần nào khác của thuốc.. Ngữ cảnh: - Nếu bạn bị dị ứng với hoạt chất progesterone hoặc bất kỳ các thành phần khác của thuốc.\n- Bị chảy máu âm đạo không rõ nguyên nhân.\n- Rối loạn chuyển hóa (không có khả năng phá vỡ một số chất trong máu do di truyền trong gia đình).\n- Trường hợp bệnh nhân có hoặc nghĩ rằng có thể bị ung thư vú hoặc cơ quan sinh dục.\n- Đã từng bị cục máu đông do sưng tĩnh mạch (huyết khối), tắc nghẽn mạch máu (rối loạn huyết khối) hoặc đột quỵ\n- Đang mang thai nhưng em bé đã mất.', 'Chủ đề: Disease. Tiêu đề: Nhiệt miệng là gì? - Dấu hiệu của bệnh nhiệt miệng. Từ khoá: Nhiệt miệng. Câu hỏi: Nhiệt miệng gây ra những triệu chứng gì?. Trả lời: Người bị nhiệt miệng có thể nhận thấy ngứa ran; hoặc bỏng rát một hoặc hai ngày trước khi vết loét thực sự xuất hiện. Dấu hiệu của nhiệt miệng bao gồm: Nốt nhiệt miệng nhỏ hình bầu dục màu trắng hoặc vàng trong miệng, một vùng bị đỏ và đau trong miệng với cảm giác ngứa ran, khó chịu.. Ngữ cảnh: Người bị nhiệt miệng có thể nhận thấy ngứa ran; hoặc bỏng rát một hoặc hai ngày trước khi vết loét thực sự xuất hiện. Các dấu hiệu của bệnh nhiệt miệng bao gồm: một vết loét nhỏ hình bầu dục màu trắng hoặc vàng trong miệng, một vùng bị đỏ và đau trong miệng với cảm giác ngứa ran, khó chịu. Xem thêm: Liệu bạn đã biết những triệu chứng nhiệt miệng sau đây? Có một số loại vết loét nhiệt miệng từ nhỏ đến lớn. Vài ngày sau tiến triển trở thành đốm đỏ hoặc vết sưng có hình bầu dục với kích thước 1-2mm. Nốt nhiệt miệng có thể to dần có khi tới 10mm, hơi mọng nước, sau khi vỡ ra tạo thành vết loét gây đau miệng. Vết loét của bệnh nhiệt miệng là vết loét vùng kín không lây. Chúng thường lành trong vòng một đến ba tuần mà không cần điều trị, cơ']",Đây là dấu hiệu của viêm âm đạo do nấm (thường là Candida albicans); bạn cần đi khám để được soi tươi chất tiết tìm chồi nấm hoặc sợi tơ nấm.,4,1.0,0.0,0.601,0.0,True,done,
96,kb1,Nếu em bị nhiễm nấm âm đạo thì bé sơ sinh có bị lây không?,"Bé sơ sinh có bị lây nhiễm nấm âm đạo từ mẹ không?

Có. Bé sơ sinh có thể bị lây nhiễm nấm âm đạo từ mẹ trong quá trình sinh ra, đặc biệt là nếu mẹ bị nhiễm nấm Candida và sinh con qua đường âm đạo. Điều này có thể gây ra các biến chứng như viêm niêm mạc miệng (đẹn), viêm da và viêm phổi.","['Chủ đề: Disease. Tiêu đề: Những nguyên nhân gây viêm phụ khoa khi mang thai và nguy cơ thai kỳ - Do nấm Candida. Từ khoá: Viêm phụ khoa khi mang thai. Câu hỏi: Việc điều trị viêm phụ khoa khi mang thai do nấm Candida có phức tạp không?. Trả lời: Việc điều trị viêm phụ khoa khi mang thai do nấm Candida không quá phức tạp. Tuy nhiên, bệnh hay tái diễn, do đó mẹ bầu nên được điều trị khỏi bệnh trước khi sinh con để tránh lây bệnh cho bé trong quá trình chuyển dạ.. Ngữ cảnh: Nấm Candida thường cư trú bên trong âm đạo. Nó hoàn toàn vô hại khi môi trường âm đạo được cân bằng. Tuy nhiên, trong lúc mang thai, nội tiết tố tăng giảm đột ngột làm thay đổi độ pH vùng âm đạo. Tình trạng đó tạo điều kiện thuận lợi cho nấm Candida phát triển và gây bệnh. Việc điều trị viêm phụ khoa khi mang thai do nấm Candida không quá phức tạp. Tuy nhiên, bệnh hay tái diễn. Vì vậy, mẹ bầu nên được điều trị thật khỏi bệnh trước khi sinh con. Nhằm tránh lây bệnh cho bé trong quá trình chuyển dạ. Trường hợp thai phụ vẫn bị nhiễm nấm Candida. Nếu sinh con qua đường âm đạo, nấm có thể bám vào niêm mạc miệng của trẻ gây đẹn miệng hoặc gây bệnh viêm da do nấm. Nguy hiểm hơn, bé có thể bị bị suy dinh dưỡng trong tử cun', 'Chủ đề: Disease. Tiêu đề: Nhiễm nấm Candida miệng có lây không?. Từ khoá: Nấm miệng. Câu hỏi: Ai có nguy cơ lây bệnh nấm miệng cao nhất?. Trả lời: Trẻ sơ sinh và ba mẹ trong thời gian cho con bú có nguy cơ lây bệnh nấm miệng cao nhất.. Ngữ cảnh: Nấm Candida ở miệng không lây ở người lớn. Tuy nhiên, bệnh có thể lây truyền ở trẻ sơ sinh và ba mẹ trong thời gian cho con bú.1', 'Chủ đề: Disease. Tiêu đề: Những nguyên nhân gây viêm phụ khoa khi mang thai và nguy cơ thai kỳ - Do nấm Candida. Từ khoá: Viêm phụ khoa khi mang thai. Câu hỏi: Nếu thai phụ bị nhiễm nấm Candida, trẻ có thể gặp phải những nguy cơ nào?. Trả lời: Trẻ có thể bị đẹn miệng, viêm da do nấm, suy dinh dưỡng trong tử cung, tăng nguy cơ sinh non, suy giảm kháng thể và dễ bị viêm phổi do nấm nếu mẹ bị nhiễm nấm Candida và sinh con qua đường âm đạo.. Ngữ cảnh: Nấm Candida thường cư trú bên trong âm đạo. Nó hoàn toàn vô hại khi môi trường âm đạo được cân bằng. Tuy nhiên, trong lúc mang thai, nội tiết tố tăng giảm đột ngột làm thay đổi độ pH vùng âm đạo. Tình trạng đó tạo điều kiện thuận lợi cho nấm Candida phát triển và gây bệnh. Việc điều trị viêm phụ khoa khi mang thai do nấm Candida không quá phức tạp. Tuy nhiên, bệnh hay tái diễn. Vì vậy, mẹ bầu nên được điều trị thật khỏi bệnh trước khi sinh con. Nhằm tránh lây bệnh cho bé trong quá trình chuyển dạ. Trường hợp thai phụ vẫn bị nhiễm nấm Candida. Nếu sinh con qua đường âm đạo, nấm có thể bám vào niêm mạc miệng của trẻ gây đẹn miệng hoặc gây bệnh viêm da do nấm. Nguy hiểm hơn, bé có thể bị bị suy dinh dưỡng trong tử cung. Hoặc tăng nguy cơ sin', 'Bình thường nấm có thể hiện diện trong ÂĐ nhưng không gây bệnh. Môi trường acid ở phụ nữ mang thai rất thích hợp cho sự phát tri ển của nấm (phụ nữ bình thường # 6%: phụ nữ mang thai có thể đến 30%) NC ở BV TD (tháng 07/2000) về nhiễm nấm trên 537 ph ụ nữ mang thai: - 3 tháng đầu của thai kỳ là 16,3% - 3 tháng giữa là 14,6% - 3 tháng cuối là 13,8% Trong thai kỳ các triệu chứng thường nặng hơn, gây khó ch ịu nhiều hơn - Mẹ: khó chịu, ngứa ÂH nhiều hơn, có thể gây s ẩy thai tự nhiên. - Bé sơ sinh: nhiễm trong lúc sổ thai ngang qua ÂĐ gây viêm niêm mạc miệng (đẹn), viêm da và viêm phổi. - Nếu bé bị viêm nặng hoặc sinh non tháng có thể nguy hiểm, đôi khi gây tử vong. Viêm ÂĐ do nấm trong khi mang thai có thể làm cho cân nặng sơ sinh thấp hơn bình thường. Các loại thuốc điều trị trên thị trường: Nystatin và thuốc nhóm “azole” (ketoconazole, clotrimazole…). Theo Tổ chức Y tế thế giới (1999), các loại thuốc “azole” hiệu nghiệm hơn trong điều trị viêm ÂĐ do nấm. Loại Clotrimazole đã được nghiên cứu qua nhiều năm, chứng tỏ: - Không gây ảnh hưởng lên thai nhi nếu điều trị trong thai kỳ. - Có thể giúp thai nhi và sơ sinh tránh được các biến chứng và nặng nếu bị lây truyền từ mẹ trong khi sinh']","Bé có thể bị lây nhiễm trong lúc sổ thai ngang qua ÂĐ gây viêm niêm mạc miệng (đẹn), viêm da và viêm phổi.",4,1.0,1.0,0.888,0.806,True,done,
97,kb1,"Em đang mang thai tháng cuối, có loại thuốc đặt âm đạo nào an toàn để dự phòng nấm không?","Thuốc đặt âm đạo an toàn để dự phòng nấm trong thai kỳ là Clotrimazole.

Clotrimazole được nghiên cứu qua nhiều năm và chứng tỏ không gây ảnh hưởng lên thai nhi nếu điều trị trong thai kỳ. Ngoài ra, Clotrimazole cũng có thể giúp thai nhi và sơ sinh tránh được các biến chứng và nặng nếu bị lây truyền từ mẹ trong khi sinh.

Liều lượng Clotrimazole thường dùng là viên 100mg Clotrimazole/ngày x 6 ngày đặt ÂĐ hoặc viên 500mg Clotriamazole liều duy nhất đặt ÂĐ.","['Bình thường nấm có thể hiện diện trong ÂĐ nhưng không gây bệnh. Môi trường acid ở phụ nữ mang thai rất thích hợp cho sự phát tri ển của nấm (phụ nữ bình thường # 6%: phụ nữ mang thai có thể đến 30%) NC ở BV TD (tháng 07/2000) về nhiễm nấm trên 537 ph ụ nữ mang thai: - 3 tháng đầu của thai kỳ là 16,3% - 3 tháng giữa là 14,6% - 3 tháng cuối là 13,8% Trong thai kỳ các triệu chứng thường nặng hơn, gây khó ch ịu nhiều hơn - Mẹ: khó chịu, ngứa ÂH nhiều hơn, có thể gây s ẩy thai tự nhiên. - Bé sơ sinh: nhiễm trong lúc sổ thai ngang qua ÂĐ gây viêm niêm mạc miệng (đẹn), viêm da và viêm phổi. - Nếu bé bị viêm nặng hoặc sinh non tháng có thể nguy hiểm, đôi khi gây tử vong. Viêm ÂĐ do nấm trong khi mang thai có thể làm cho cân nặng sơ sinh thấp hơn bình thường. Các loại thuốc điều trị trên thị trường: Nystatin và thuốc nhóm “azole” (ketoconazole, clotrimazole…). Theo Tổ chức Y tế thế giới (1999), các loại thuốc “azole” hiệu nghiệm hơn trong điều trị viêm ÂĐ do nấm. Loại Clotrimazole đã được nghiên cứu qua nhiều năm, chứng tỏ: - Không gây ảnh hưởng lên thai nhi nếu điều trị trong thai kỳ. - Có thể giúp thai nhi và sơ sinh tránh được các biến chứng và nặng nếu bị lây truyền từ mẹ trong khi sinh', '338 | 6.2. Phác đồ điều trị viêm âm đạo Điều trị đồng thời viêm âm đạo do trùng roi, viêm âm đạo do vi khuẩn và viêm âm đạo do nấm candida. 6.2.1. Điều trị viêm âm đạo do trùng roi và vi khuẩn: Dùng một trong các phác đồ sau đây: - Metronidazol 2g hoặc tinidazol 2g uống liều duy nhất, hoặc - Metronidazol 500mg uống 2 lần/ngày x 7 ngày. Với viêm âm đạo do trùng roi, điều trị cho bạn tình với liều tương tự. 6.2.2. Điều trị viêm âm đạo do nấm candida Dùng một trong các phác đồ sau đây: - Nystatin viên đặt âm đạo 100.000 đơn vị, 1viên/ngày trong 14 ngày, hoặc - Miconazole hoặc Clotrimazole viên đặt âm đạo 200mg, 1 viên/ngày trong 3 ngày, hoặc - Clotrimazole 500mg, viên đặt âm đạo, đặt 1 liều duy nhất, hoặc - Itraconazole (Sporal) 100mg uống 2 viên/ngày trong 3 ngày, hoặc - Fluconazole 150mg uống 1 viên duy nhất. Chú ý: - Không cần điều trị cho bạn tình. Tuy nhiên, các trường hợp bạn tình có viêm qui đầu và bao da qui đầu do nấm vẫn cần điều trị. 6.2.3 Chuyển tuyến khi - Không có sẵn các thuốc trên đây. - Các triệu chứng không giảm sau một đợt điều trị. - Nếu nghi có viêm tiểu khung thì phải điều trị tại tuyến huyện trở lên. 7. Thông tin và tư vấn Mọi trường hợp mắc hội chứng tiết dịch ', 'Chủ đề: Drug. Tiêu đề: Cách bảo quản. Từ khoá: Atidogrel. Câu hỏi: Atidogrel được dùng chỉ định cho những trường hợp nào?. Trả lời: Atidogrel được dùng chỉ định cho những trường hợp cần điều trị hoặc dự phòng huyết khối, chống kết tập tiểu cầu.. Ngữ cảnh: Bảo quản thuốc ở nhiệt độ phòng, tránh ẩm ướt hoặc nhiệt độ quá cao. Atidogrel được dùng chỉ định cho những trường hợp cần điều trị hoặc dự phòng huyết khối, chống kết tập tiểu cầu. Thuốc được dùng dưới sự chỉ định và giám sát của các bác sĩ, dược sĩ. Khi sử dụng thuốc xuất hiện những dấu hiệu bất thường cần thông báo ngay cho các bác sĩ, dược sĩ. Thuốc không sử dụng ở phụ nữ mang thai và cho con bú.']",Bạn có thể sử dụng Clotrimazole 500mg đặt một liều duy nhất trong 4 tuần cuối thai kỳ; thuốc này đã được nghiên cứu không gây ảnh hưởng lên thai nhi.,3,1.0,1.0,0.904,1.0,True,done,
98,kb1,Nhiễm khuẩn hậu sản là gì mà em nghe bảo nguy hiểm lắm phải không ạ?,Nhiễm khuẩn hậu sản là các nhiễm khuẩn xuất phát từ bộ phận sinh dục trong thời kỳ hậu sản.,"['NHIỄM KHUẨN HẬU SẢN I. ĐỊNH NGHĨA Nhiễm khuẩn hậu sản là các nhiễm khuẩn xuất phát từ bộ phận sinh dục trong thời kỳ hậu sản. Đây là một trong những tai biến sản khoa thường gặp và là một trong những nguyên nhân hàng đầu gây tử vong mẹ. II. NGUYÊN NHÂN VÀ YẾU TỐ NGUY CƠ - Cơ sở vật chất và trang thiết bị không đảm bảo vô khuẩn. - Các can thiệp làm không đúng chỉ định và điều kiện. Không đảm bảo qu y trình chăm sóc trước, trong và sau sinh. - Điều trị không tốt các nhiễm khuẩn đường sinh dục trước sinh. - Cơ địa kém, suy giảm miễn dịch, béo phì. - Bệnh lý tiền sản giật, thiếu máu, chuyển dạ kéo dài, ối vỡ non, vỡ sớm. - Sót nhau, rách âm đạo, rách cổ tử cung. - Mầm bệnh hiện diện sẵn: vi khuẩn (tụ cầu vàng, E. coli…), nấm Candida Albican… III. CÁC HÌNH THÁI NHIỄM KHUẨN 3.1. Nhiễm khuẩn tầng sinh môn, âm hộ, âm đạo - Do rách tầng sinh môn phức tạp, rách hoặc cắt tầng sinh môn mà không khâu hoặc khâu không đúng kỹ thuật, không đảm bảo vô khuẩn khi khâu tầng sinh môn, sót gạc trong âm đạo. - Triệu chứng: sốt nhẹ 380C-38,50C, vết khâu tầng sinh môn sưng tấy, đau, trường hợp nặng có mủ. Tử cung co hồi bình thường, sản dịch không hôi. - Điều trị: + Cắt chỉ tầng sinh môn nếu vết khâu tấy đ', '| 125 NHIỄM KHUẨN HẬU SẢN - Nhiễm khuẩn hậu sản là nhiễm khuẩn xảy ra ở sản phụ sau đẻ xuất phát từ đường sinh dục (âm đạo, cổ tử cung, tử cung) trong 6 tuần đầu sau đẻ. - Một số vi khuẩn gây bệnh thường gặp: tụ cầu, liên cầu, E. coli, các vi khuẩn kỵ khí như Clostridium, Bacteroides… - Đường lan truyền: từ âm đạo qua cổ tử cung, qua vòi tử cung vào phúc mạc. Vi khuẩn có thể qua diện rau bám vào máu gây nhiễm khuẩn máu. - Yếu tố thuận lợi: dinh dưỡng kém, thiếu máu, nhiễm độc thai nghén, ối vỡ non, ối vỡ sớm, chuyển dạ kéo dài, bế sản dịch, các thủ thuật như bóc rau, kiểm soát tử cung... Các hình thái nhiễm khuẩn hậu sản chính bao gồm: 1. Nhiễm khuẩn tầng sinh môn, âm hộ, âm đạo 1.1. Nguyên nhân: vết khâu tầng sinh môn không vô trùng, khâu phục hồi tầng sinh môn không đúng kỹ thuật hoặc không khâu, sót gạc trong âm đạo. 1.2. Triệu chứng - Sốt không cao. - Tại chỗ vết thương: Sưng, đỏ, đau, mưng mủ. - Sản dịch không hôi. 1.3. Điều trị Chăm sóc tại chỗ: rửa bằng thuốc sát khuẩn; cắt chỉ khi có mưng mủ, đóng khố vệ sinh, gạc vô khuẩn. 2. Viêm niêm mạc tử cung 2.1. Nguyên nhân: sót rau, sót màng, nhiễm khuẩn ối, thủ thuật kiểm soát tử cung, bóc rau nhân tạo không vô khuẩn. 2.2. Triệu c', 'cung, sẩy thai, trẻ đẻ thiếu cân, mù lòa, nhiễm khuẩn trẻ sơ sinh, viêm phổi và trì độn ở trẻ em... Ngoài ra, một số NKĐSS còn làm tăng nguy cơ nhiễm HIV. CÁC LOẠI NKLTQĐTD/NKĐSS Nguồn gốc Cách lây truyền Ví dụ hay gặp Nhiễm khuẩn lây truyền qua đường tình dục. Các bạn tình bị NKLTQĐTD. Quan hệ tình dục với người bị nhiễm bệnh. Lậu, Chlamydia, giang mai, h ạ cam, trùng roi, herpes sinh dục, sùi mào gà sinh d ục, HIV... Nhiễm khuẩn nội sinh. Vi sinh vật thường có ở âm đạo. Thường không lây từ người này sang ngư ời khác, nhưng s ự phát tri ển quá mức có th ể gây nên tri ệu chứng bệnh. Nhiễm ấm men, viêm âm đạo do vi khuẩn. Nhiễm khuẩn y sinh. Từ bên trong hay bên ngoài cơ thể: Các thủ thuật y t ế, sau khi khám b ệnh, các can thi ệp trong th ời k ỳ mang thai, Bệnh viêm tiểu khung sau hút thai ho ặc']",Nhiễm khuẩn hậu sản là các nhiễm khuẩn xuất phát từ bộ phận sinh dục trong thời kỳ hậu sản. Đây là một trong những tai biến sản khoa thường gặp và là một trong những nguyên nhân hàng đầu gây tử vong mẹ.,3,1.0,0.286,0.579,1.0,True,done,
99,kb1,"Vết khâu tầng sinh môn của em bị sưng tấy, đau và sốt nhẹ thì có phải bị nhiễm trùng không?","Có.

Vết khâu tầng sinh môn bị sưng tấy, đau và sốt nhẹ có thể là triệu chứng của nhiễm khuẩn hậu sản. Theo tài liệu, nhiễm khuẩn hậu sản có thể xảy ra do các nguyên nhân như cơ sở vật chất và trang thiết bị không đảm bảo vô khuẩn, các can thiệp làm không đúng chỉ định và điều kiện, không đảm bảo quy trình chăm sóc trước, trong và sau sinh, điều trị không tốt các nhiễm khuẩn đường sinh dục trước sinh, cơ địa kém, suy giảm miễn dịch, béo phì, bệnh lý tiền sản giật, thiếu máu, chuyển dạ kéo dài, ối vỡ non, vỡ sớm, sót nhau, rách âm đạo, rách cổ tử cung.

Vết khâu tầng sinh môn bị sưng tấy, đau và sốt nhẹ cũng có thể là triệu chứng của nhiễm khuẩn tầng sinh môn, âm hộ, âm đạo. Theo tài liệu, nhiễm khuẩn tầng sinh môn, âm hộ, âm đạo có thể xảy ra do rách tầng sinh môn phức tạp, rách hoặc cắt tầng sinh môn mà không khâu hoặc khâu không đúng kỹ thuật, không đảm bảo vô khuẩn khi khâu tầng sinh môn, sót gạc trong âm đạo.","['NHIỄM KHUẨN HẬU SẢN I. ĐỊNH NGHĨA Nhiễm khuẩn hậu sản là các nhiễm khuẩn xuất phát từ bộ phận sinh dục trong thời kỳ hậu sản. Đây là một trong những tai biến sản khoa thường gặp và là một trong những nguyên nhân hàng đầu gây tử vong mẹ. II. NGUYÊN NHÂN VÀ YẾU TỐ NGUY CƠ - Cơ sở vật chất và trang thiết bị không đảm bảo vô khuẩn. - Các can thiệp làm không đúng chỉ định và điều kiện. Không đảm bảo qu y trình chăm sóc trước, trong và sau sinh. - Điều trị không tốt các nhiễm khuẩn đường sinh dục trước sinh. - Cơ địa kém, suy giảm miễn dịch, béo phì. - Bệnh lý tiền sản giật, thiếu máu, chuyển dạ kéo dài, ối vỡ non, vỡ sớm. - Sót nhau, rách âm đạo, rách cổ tử cung. - Mầm bệnh hiện diện sẵn: vi khuẩn (tụ cầu vàng, E. coli…), nấm Candida Albican… III. CÁC HÌNH THÁI NHIỄM KHUẨN 3.1. Nhiễm khuẩn tầng sinh môn, âm hộ, âm đạo - Do rách tầng sinh môn phức tạp, rách hoặc cắt tầng sinh môn mà không khâu hoặc khâu không đúng kỹ thuật, không đảm bảo vô khuẩn khi khâu tầng sinh môn, sót gạc trong âm đạo. - Triệu chứng: sốt nhẹ 380C-38,50C, vết khâu tầng sinh môn sưng tấy, đau, trường hợp nặng có mủ. Tử cung co hồi bình thường, sản dịch không hôi. - Điều trị: + Cắt chỉ tầng sinh môn nếu vết khâu tấy đ', '21 - Tắm nước ấm - Massage nhẹ nhàng vú để sữa chảy ra Đau vết khâu tầng sinh môn Biểu hiện - Vết khâu bị đau, sưng trong khoảng 1 tuần sau sinh là bình thường vì đây là thời gian vết thương lành da. Tuy nhiên, việc này còn tùy thuộc vào cơ địa của mỗi người. - Chỉ khâu sẽ tự tiêu và việc này sẽ mất từ 2 – 12 tuần, tùy thuộc vào loại chỉ. - Bà mẹ bị đau sau khi c ắt và khâu t ầng sinh môn ( Chỉ không tiêu). - Một s ố vấn đ ề có thể xảy ra v ới v ết khâu t ầng sinh môn như v ết khâu t ầng sinh môn b ị hở, bị rách, đứt chỉ vết khâu tầng sinh môn, vết khâu bị mưng mủ hay có mùi hôi, bị ngứa. Xử trí - chăm sóc - Chườm lạnh: Là phương pháp có th ể giúp gi ảm đau và giảm viêm sưng. - Thuốc giảm đau: thuốc giảm đau theo chỉ định, không ảnh hưởng đến chất lượng sữa.', 'Chủ đề: Disease. Tiêu đề: Triệu chứng của viêm da tiết bã - Triệu chứng ở trẻ sơ sinh. Từ khoá: Viêm da tiết bã. Câu hỏi: Ban đỏ viêm của viêm da tiết bã ở trẻ sơ sinh có thể lan rộng đến những vùng nào?. Trả lời: Ban đỏ viêm của viêm da tiết bã ở trẻ sơ sinh có thể lan rộng ảnh hướng đến các vùng nếp gấp như nách và bẹn (một dạng của viêm da tã lót).. Ngữ cảnh: Ở trẻ sơ sinh có thể biểu hiện dưới dạng vảy trơn, nhờn, lan tỏa trên da đầu (cradle cap), dân gian thường gọi là “nắp nôi” hay “cứt trâu”. Ban đỏ viêm cũng có thể lan rộng ảnh hướng đến các vùng nếp gấp như nách và bẹn (một dạng của viêm da tã lót). Trên da đầu của trẻ có những mảng màu hồng như cá hồi có thể bong tróc, hay tróc vảy, chúng thường không quá ngứa da, vì vậy không gây khó chịu hay quấy rầy các bé, ngay cả khi ban đỏ chiếm nhiều vùng trên da.']","Đây có thể là dấu hiệu nhiễm khuẩn tầng sinh môn (sốt nhẹ 38 độ C - 38,5 độ C, vết khâu sưng tấy, đau hoặc trường hợp nặng có mủ. Tử cung co hồi bình thường, sản dịch không hôi). Bạn cần vệ sinh tại chỗ hàng ngày bằng oxy già (nếu vết khâu có mủ), hoặc Povidon iodin, kháng sinh(uống hoặc tiêm) hoặc cắt chỉ tầng sinh môn nếu vết khâu tấy đỏ có mủ.",3,1.0,1.0,0.605,1.0,True,done,
